<?xml version="1.0" encoding="UTF-8"?>
<kml xmlns="http://www.opengis.net/kml/2.2"><Document>
<name>도쿄 타베로그 백명점 2,088</name>
<Placemark><name>ソーワ</name>
<description><![CDATA[아이스·젤라토 백명점 2026<br/>타베로그 3.57 · 리뷰 269<br/>미나토구 · 神谷町駅<br/><a href="https://tabelog.com/tokyo/A1307/A130704/13259026/">타베로그</a>]]></description>
<Point><coordinates>139.746519,35.662571,0</coordinates></Point></Placemark>
<Placemark><name>スペールフルッタ</name>
<description><![CDATA[아이스·젤라토 백명점 2026<br/>타베로그 3.66 · 리뷰 369<br/>분쿄구 · 茗荷谷駅<br/><a href="https://tabelog.com/tokyo/A1323/A132302/13008466/">타베로그</a>]]></description>
<Point><coordinates>139.740082,35.72055,0</coordinates></Point></Placemark>
<Placemark><name>デイリーチコ</name>
<description><![CDATA[아이스·젤라토 백명점 2026<br/>타베로그 3.63 · 리뷰 1060<br/>나카노구 · 中野駅<br/><a href="https://tabelog.com/tokyo/A1319/A131902/13001083/">타베로그</a>]]></description>
<Point><coordinates>139.665661,35.709256,0</coordinates></Point></Placemark>
<Placemark><name>伊太利亜のじぇらぁとや</name>
<description><![CDATA[아이스·젤라토 백명점 2026<br/>타베로그 3.69 · 리뷰 936<br/>다이토구 · 浅草（東武・都営・メトロ）駅<br/><a href="https://tabelog.com/tokyo/A1311/A131102/13038982/">타베로그</a>]]></description>
<Point><coordinates>139.797159,35.711394,0</coordinates></Point></Placemark>
<Placemark><name>ジェラテリア アクオリーナ</name>
<description><![CDATA[아이스·젤라토 백명점 2026<br/>타베로그 3.97 · 리뷰 1723<br/>메구로구 · 祐天寺駅<br/><a href="https://tabelog.com/tokyo/A1317/A131701/13141364/">타베로그</a>]]></description>
<Point><coordinates>139.691051,35.638016,0</coordinates></Point></Placemark>
<Placemark><name>アテスウェイ グラスエショコラ</name>
<description><![CDATA[아이스·젤라토 백명점 2026<br/>타베로그 3.72 · 리뷰 434<br/>武蔵野구 · 西荻窪駅<br/><a href="https://tabelog.com/tokyo/A1320/A132001/13207906/">타베로그</a>]]></description>
<Point><coordinates>139.590835,35.708953,0</coordinates></Point></Placemark>
<Placemark><name>壽々喜園 浅草本店</name>
<description><![CDATA[아이스·젤라토 백명점 2026<br/>타베로그 3.69 · 리뷰 1431<br/>다이토구 · 浅草（つくばＥＸＰ）駅<br/><a href="https://tabelog.com/tokyo/A1311/A131102/13153620/">타베로그</a>]]></description>
<Point><coordinates>139.796948,35.716353,0</coordinates></Point></Placemark>
<Placemark><name>東毛酪農 63℃</name>
<description><![CDATA[아이스·젤라토 백명점 2026<br/>타베로그 3.69 · 리뷰 892<br/>스미다구 · 押上駅<br/><a href="https://tabelog.com/tokyo/A1312/A131203/13141281/">타베로그</a>]]></description>
<Point><coordinates>139.81189,35.71011,0</coordinates></Point></Placemark>
<Placemark><name>茶の池田や</name>
<description><![CDATA[아이스·젤라토 백명점 2026<br/>타베로그 3.7 · 리뷰 923<br/>신주쿠구 · 新宿駅<br/><a href="https://tabelog.com/tokyo/A1304/A130401/13049584/">타베로그</a>]]></description>
<Point><coordinates>139.698766,35.690419,0</coordinates></Point></Placemark>
<Placemark><name>ウッドベリーズ 本店</name>
<description><![CDATA[아이스·젤라토 백명점 2026<br/>타베로그 3.76 · 리뷰 1052<br/>武蔵野구 · 吉祥寺駅<br/><a href="https://tabelog.com/tokyo/A1320/A132001/13005904/">타베로그</a>]]></description>
<Point><coordinates>139.579382,35.702387,0</coordinates></Point></Placemark>
<Placemark><name>ダ ルチアーノ</name>
<description><![CDATA[아이스·젤라토 백명점 2026<br/>타베로그 3.63 · 리뷰 451<br/>八王子구 · 京王堀之内駅<br/><a href="https://tabelog.com/tokyo/A1329/A132904/13043497/">타베로그</a>]]></description>
<Point><coordinates>139.402988,35.630319,0</coordinates></Point></Placemark>
<Placemark><name>ジャパニーズアイス櫻花</name>
<description><![CDATA[아이스·젤라토 백명점 2026<br/>타베로그 3.75 · 리뷰 2324<br/>시부야구 · 恵比寿駅<br/><a href="https://tabelog.com/tokyo/A1303/A130302/13040777/">타베로그</a>]]></description>
<Point><coordinates>139.710854,35.64769,0</coordinates></Point></Placemark>
<Placemark><name>白一   渋谷店</name>
<description><![CDATA[아이스·젤라토 백명점 2026<br/>타베로그 3.69 · 리뷰 1293<br/>시부야구 · 渋谷駅<br/><a href="https://tabelog.com/tokyo/A1303/A130301/13049692/">타베로그</a>]]></description>
<Point><coordinates>139.699195,35.664133,0</coordinates></Point></Placemark>
<Placemark><name>ジェラテリア テオブロマ</name>
<description><![CDATA[아이스·젤라토 백명점 2026<br/>타베로그 3.74 · 리뷰 1398<br/>신주쿠구 · 神楽坂駅<br/><a href="https://tabelog.com/tokyo/A1309/A130905/13043391/">타베로그</a>]]></description>
<Point><coordinates>139.737848,35.703155,0</coordinates></Point></Placemark>
<Placemark><name>プレミアム マリオジェラテリア 新宿伊勢丹店</name>
<description><![CDATA[아이스·젤라토 백명점 2026<br/>타베로그 3.74 · 리뷰 1595<br/>신주쿠구 · 新宿三丁目駅<br/><a href="https://tabelog.com/tokyo/A1304/A130401/13012042/">타베로그</a>]]></description>
<Point><coordinates>139.704321,35.691363,0</coordinates></Point></Placemark>
<Placemark><name>ジェラテリア シンチェリータ</name>
<description><![CDATA[아이스·젤라토 백명점 2026<br/>타베로그 3.78 · 리뷰 1763<br/>스기나미구 · 阿佐ケ谷駅<br/><a href="https://tabelog.com/tokyo/A1319/A131905/13108556/">타베로그</a>]]></description>
<Point><coordinates>139.634677,35.709324,0</coordinates></Point></Placemark>
<Placemark><name>レティエ</name>
<description><![CDATA[아이스·젤라토 백명점 2026<br/>타베로그 3.7 · 리뷰 841<br/>시부야구 · 北参道駅<br/><a href="https://tabelog.com/tokyo/A1309/A130901/13188523/">타베로그</a>]]></description>
<Point><coordinates>139.708776,35.679142,0</coordinates></Point></Placemark>
<Placemark><name>リビスコ 銀座店</name>
<description><![CDATA[아이스·젤라토 백명점 2026<br/>타베로그 3.7 · 리뷰 1341<br/>주오구 · 東銀座駅<br/><a href="https://tabelog.com/tokyo/A1301/A130101/13212493/">타베로그</a>]]></description>
<Point><coordinates>139.766982,35.671484,0</coordinates></Point></Placemark>
<Placemark><name>kasiki</name>
<description><![CDATA[아이스·젤라토 백명점 2026<br/>타베로그 3.57 · 리뷰 396<br/>시부야구 · 幡ケ谷駅<br/><a href="https://tabelog.com/tokyo/A1318/A131807/13278143/">타베로그</a>]]></description>
<Point><coordinates>139.680293,35.674528,0</coordinates></Point></Placemark>
<Placemark><name>プレマルシェ・ジェラテリア 東京中目黒駅前店</name>
<description><![CDATA[아이스·젤라토 백명점 2026<br/>타베로그 3.83 · 리뷰 901<br/>메구로구 · 中目黒駅<br/><a href="https://tabelog.com/tokyo/A1317/A131701/13223646/">타베로그</a>]]></description>
<Point><coordinates>139.699471,35.643277,0</coordinates></Point></Placemark>
<Placemark><name>FLOTO</name>
<description><![CDATA[아이스·젤라토 백명점 2026<br/>타베로그 3.57 · 리뷰 359<br/>시부야구 · 参宮橋駅<br/><a href="https://tabelog.com/tokyo/A1318/A131810/13207001/">타베로그</a>]]></description>
<Point><coordinates>139.691899,35.679189,0</coordinates></Point></Placemark>
<Placemark><name>Giolitti Cafe 有楽町店</name>
<description><![CDATA[아이스·젤라토 백명점 2026<br/>타베로그 3.58 · 리뷰 513<br/>지요다구 · 有楽町駅<br/><a href="https://tabelog.com/tokyo/A1301/A130102/13262740/">타베로그</a>]]></description>
<Point><coordinates>139.763654,35.67438,0</coordinates></Point></Placemark>
<Placemark><name>森乃園</name>
<description><![CDATA[아이스·젤라토 / 화과자 백명점 2026<br/>타베로그 3.72 · 리뷰 1068<br/>주오구 · 人形町駅<br/><a href="https://tabelog.com/tokyo/A1302/A130204/13041947/">타베로그</a>]]></description>
<Point><coordinates>139.783643,35.685368,0</coordinates></Point></Placemark>
<Placemark><name>ウッドベリーズ マルシェ</name>
<description><![CDATA[아이스·젤라토 백명점 2026<br/>타베로그 3.7 · 리뷰 699<br/>武蔵野구 · 吉祥寺駅<br/><a href="https://tabelog.com/tokyo/A1320/A132001/13161095/">타베로그</a>]]></description>
<Point><coordinates>139.581953,35.705009,0</coordinates></Point></Placemark>
<Placemark><name>祇園辻利 東京スカイツリータウン・ソラマチ店</name>
<description><![CDATA[아이스·젤라토 백명점 2026<br/>타베로그 3.58 · 리뷰 977<br/>스미다구 · 押上駅<br/><a href="https://tabelog.com/tokyo/A1312/A131203/13141261/">타베로그</a>]]></description>
<Point><coordinates>139.812851,35.710358,0</coordinates></Point></Placemark>
<Placemark><name>入谷鬼子母神門前のだや</name>
<description><![CDATA[장어 백명점 2026<br/>타베로그 3.95 · 리뷰 1315<br/>다이토구 · 入谷駅<br/><a href="https://tabelog.com/tokyo/A1311/A131104/13152282/">타베로그</a>]]></description>
<Point><coordinates>139.783092,35.720296,0</coordinates></Point></Placemark>
<Placemark><name>参宮橋 あさや</name>
<description><![CDATA[장어 백명점 2026<br/>타베로그 4.33 · 리뷰 377<br/>시부야구 · 参宮橋駅<br/><a href="https://tabelog.com/tokyo/A1318/A131810/13289291/">타베로그</a>]]></description>
<Point><coordinates>139.693357,35.678525,0</coordinates></Point></Placemark>
<Placemark><name>うなぎ秋本</name>
<description><![CDATA[장어 백명점 2026<br/>타베로그 3.67 · 리뷰 699<br/>지요다구 · 麹町駅<br/><a href="https://tabelog.com/tokyo/A1308/A130803/13000415/">타베로그</a>]]></description>
<Point><coordinates>139.737474,35.684724,0</coordinates></Point></Placemark>
<Placemark><name>五代目 野田岩 麻布飯倉本店</name>
<description><![CDATA[장어 백명점 2026<br/>타베로그 3.68 · 리뷰 1530<br/>미나토구 · 赤羽橋駅<br/><a href="https://tabelog.com/tokyo/A1314/A131401/13002789/">타베로그</a>]]></description>
<Point><coordinates>139.74338,35.658132,0</coordinates></Point></Placemark>
<Placemark><name>活鰻の店 つぐみ庵</name>
<description><![CDATA[장어 백명점 2026<br/>타베로그 4.25 · 리뷰 225<br/>기타구 · 駒込駅<br/><a href="https://tabelog.com/tokyo/A1323/A132301/13080463/">타베로그</a>]]></description>
<Point><coordinates>139.752758,35.737917,0</coordinates></Point></Placemark>
<Placemark><name>うなぎ時任</name>
<description><![CDATA[장어 백명점 2026<br/>타베로그 3.71 · 리뷰 597<br/>미나토구 · 麻布十番駅<br/><a href="https://tabelog.com/tokyo/A1307/A130702/13224663/">타베로그</a>]]></description>
<Point><coordinates>139.733324,35.656238,0</coordinates></Point></Placemark>
<Placemark><name>うなぎ 目白ぞろ芽</name>
<description><![CDATA[장어 백명점 2026<br/>타베로그 3.68 · 리뷰 738<br/>도시마구 · 目白駅<br/><a href="https://tabelog.com/tokyo/A1305/A130502/13224277/">타베로그</a>]]></description>
<Point><coordinates>139.706392,35.721581,0</coordinates></Point></Placemark>
<Placemark><name>わたべ</name>
<description><![CDATA[장어 백명점 2026<br/>타베로그 4.06 · 리뷰 827<br/>분쿄구 · 春日駅<br/><a href="https://tabelog.com/tokyo/A1310/A131003/13042184/">타베로그</a>]]></description>
<Point><coordinates>139.752083,35.711328,0</coordinates></Point></Placemark>
<Placemark><name>尾花</name>
<description><![CDATA[장어 백명점 2026<br/>타베로그 3.76 · 리뷰 1577<br/>아라카와구 · 南千住駅<br/><a href="https://tabelog.com/tokyo/A1324/A132401/13003509/">타베로그</a>]]></description>
<Point><coordinates>139.796901,35.731637,0</coordinates></Point></Placemark>
<Placemark><name>鰻専門店 愛川</name>
<description><![CDATA[장어 백명점 2026<br/>타베로그 3.71 · 리뷰 1394<br/>신주쿠구 · 西早稲田駅<br/><a href="https://tabelog.com/tokyo/A1305/A130503/13029734/">타베로그</a>]]></description>
<Point><coordinates>139.707569,35.711352,0</coordinates></Point></Placemark>
<Placemark><name>銀座 四代目 高橋屋 銀座店</name>
<description><![CDATA[장어 백명점 2026<br/>타베로그 3.75 · 리뷰 508<br/>주오구 · 東銀座駅<br/><a href="https://tabelog.com/tokyo/A1301/A130101/13262334/">타베로그</a>]]></description>
<Point><coordinates>139.767935,35.670184,0</coordinates></Point></Placemark>
<Placemark><name>うなぎ 平八</name>
<description><![CDATA[장어 백명점 2026<br/>타베로그 3.69 · 리뷰 412<br/>오타구 · 田園調布駅<br/><a href="https://tabelog.com/tokyo/A1317/A131704/13017676/">타베로그</a>]]></description>
<Point><coordinates>139.667792,35.597104,0</coordinates></Point></Placemark>
<Placemark><name>やしま</name>
<description><![CDATA[장어 백명점 2026<br/>타베로그 3.69 · 리뷰 302<br/>다이토구 · 新御徒町駅<br/><a href="https://tabelog.com/tokyo/A1311/A131101/13024325/">타베로그</a>]]></description>
<Point><coordinates>139.784811,35.706631,0</coordinates></Point></Placemark>
<Placemark><name>明神下 神田川 本店</name>
<description><![CDATA[장어 백명점 2026<br/>타베로그 3.71 · 리뷰 523<br/>지요다구 · 末広町駅<br/><a href="https://tabelog.com/tokyo/A1310/A131002/13000346/">타베로그</a>]]></description>
<Point><coordinates>139.768992,35.700381,0</coordinates></Point></Placemark>
<Placemark><name>神泉いちのや</name>
<description><![CDATA[장어 백명점 2026<br/>타베로그 3.66 · 리뷰 773<br/>시부야구 · 神泉駅<br/><a href="https://tabelog.com/tokyo/A1303/A130301/13004659/">타베로그</a>]]></description>
<Point><coordinates>139.691433,35.657074,0</coordinates></Point></Placemark>
<Placemark><name>炭焼 うな富士 有楽町店</name>
<description><![CDATA[장어 백명점 2026<br/>타베로그 3.69 · 리뷰 2864<br/>주오구 · 内幸町駅<br/><a href="https://tabelog.com/tokyo/A1301/A130103/13250032/">타베로그</a>]]></description>
<Point><coordinates>139.759027,35.670337,0</coordinates></Point></Placemark>
<Placemark><name>八重洲鰻はし本</name>
<description><![CDATA[장어 백명점 2026<br/>타베로그 3.93 · 리뷰 298<br/>주오구 · 日本橋駅<br/><a href="https://tabelog.com/tokyo/A1302/A130202/13303042/">타베로그</a>]]></description>
<Point><coordinates>139.771288,35.681657,0</coordinates></Point></Placemark>
<Placemark><name>うなぎ 丸富</name>
<description><![CDATA[장어 백명점 2026<br/>타베로그 3.65 · 리뷰 670<br/>시나가와구 · 青物横丁駅<br/><a href="https://tabelog.com/tokyo/A1315/A131501/13026638/">타베로그</a>]]></description>
<Point><coordinates>139.744545,35.610697,0</coordinates></Point></Placemark>
<Placemark><name>鰻禅</name>
<description><![CDATA[장어 백명점 2026<br/>타베로그 3.76 · 리뷰 983<br/>스미다구 · 本所吾妻橋駅<br/><a href="https://tabelog.com/tokyo/A1312/A131203/13058979/">타베로그</a>]]></description>
<Point><coordinates>139.805722,35.708845,0</coordinates></Point></Placemark>
<Placemark><name>石ばし</name>
<description><![CDATA[장어 백명점 2026<br/>타베로그 3.77 · 리뷰 676<br/>분쿄구 · 江戸川橋駅<br/><a href="https://tabelog.com/tokyo/A1309/A130905/13003531/">타베로그</a>]]></description>
<Point><coordinates>139.738477,35.709281,0</coordinates></Point></Placemark>
<Placemark><name>かぶと</name>
<description><![CDATA[장어 백명점 2026<br/>타베로그 4.41 · 리뷰 1382<br/>도시마구 · 池袋駅<br/><a href="https://tabelog.com/tokyo/A1305/A130501/13016660/">타베로그</a>]]></description>
<Point><coordinates>139.709041,35.733764,0</coordinates></Point></Placemark>
<Placemark><name>鰻家</name>
<description><![CDATA[장어 백명점 2026<br/>타베로그 3.77 · 리뷰 1083<br/>도시마구 · 東長崎駅<br/><a href="https://tabelog.com/tokyo/A1321/A132101/13012445/">타베로그</a>]]></description>
<Point><coordinates>139.682273,35.728065,0</coordinates></Point></Placemark>
<Placemark><name>初小川</name>
<description><![CDATA[장어 백명점 2026<br/>타베로그 3.75 · 리뷰 797<br/>다이토구 · 浅草（東武・都営・メトロ）駅<br/><a href="https://tabelog.com/tokyo/A1311/A131102/13003702/">타베로그</a>]]></description>
<Point><coordinates>139.794536,35.709764,0</coordinates></Point></Placemark>
<Placemark><name>はし本</name>
<description><![CDATA[장어 백명점 2026<br/>타베로그 3.74 · 리뷰 933<br/>분쿄구 · 江戸川橋駅<br/><a href="https://tabelog.com/tokyo/A1309/A130905/13018616/">타베로그</a>]]></description>
<Point><coordinates>139.736354,35.709366,0</coordinates></Point></Placemark>
<Placemark><name>うなぎ 魚政</name>
<description><![CDATA[장어 백명점 2026<br/>타베로그 4.26 · 리뷰 1244<br/>가쓰시카구 · 四ツ木駅<br/><a href="https://tabelog.com/tokyo/A1324/A132403/13035339/">타베로그</a>]]></description>
<Point><coordinates>139.835555,35.732086,0</coordinates></Point></Placemark>
<Placemark><name>日本橋いづもや</name>
<description><![CDATA[장어 백명점 2026<br/>타베로그 3.67 · 리뷰 473<br/>주오구 · 新日本橋駅<br/><a href="https://tabelog.com/tokyo/A1302/A130202/13011198/">타베로그</a>]]></description>
<Point><coordinates>139.770964,35.68783,0</coordinates></Point></Placemark>
<Placemark><name>トロ コーヒーアンドベーカリー</name>
<description><![CDATA[빵 백명점 2026<br/>타베로그 3.71 · 리뷰 658<br/>세타가야구 · 世田谷代田駅<br/><a href="https://tabelog.com/tokyo/A1318/A131812/13118819/">타베로그</a>]]></description>
<Point><coordinates>139.662736,35.658958,0</coordinates></Point></Placemark>
<Placemark><name>ブーランジェリーブルディガラ 広尾本店</name>
<description><![CDATA[빵 백명점 2026<br/>타베로그 3.75 · 리뷰 1009<br/>미나토구 · 広尾駅<br/><a href="https://tabelog.com/tokyo/A1307/A130703/13000523/">타베로그</a>]]></description>
<Point><coordinates>139.723719,35.65109,0</coordinates></Point></Placemark>
<Placemark><name>エムサイズ</name>
<description><![CDATA[빵 백명점 2026<br/>타베로그 3.74 · 리뷰 664<br/>메구로구 · 学芸大学駅<br/><a href="https://tabelog.com/tokyo/A1317/A131702/13024601/">타베로그</a>]]></description>
<Point><coordinates>139.688775,35.6285,0</coordinates></Point></Placemark>
<Placemark><name>モンシェール 東陽町工場</name>
<description><![CDATA[빵 백명점 2026<br/>타베로그 3.72 · 리뷰 1071<br/>고토구 · 東陽町駅<br/><a href="https://tabelog.com/tokyo/A1313/A131303/13024396/">타베로그</a>]]></description>
<Point><coordinates>139.813953,35.671499,0</coordinates></Point></Placemark>
<Placemark><name>マニュファクチュア</name>
<description><![CDATA[빵 백명점 2026<br/>타베로그 3.71 · 리뷰 648<br/>다이토구 · 浅草（東武・都営・メトロ）駅<br/><a href="https://tabelog.com/tokyo/A1311/A131102/13180700/">타베로그</a>]]></description>
<Point><coordinates>139.799484,35.71236,0</coordinates></Point></Placemark>
<Placemark><name>テコナ　ベーグルワークス</name>
<description><![CDATA[빵 백명점 2026<br/>타베로그 3.78 · 리뷰 1374<br/>시부야구 · 代々木八幡駅<br/><a href="https://tabelog.com/tokyo/A1318/A131810/13061492/">타베로그</a>]]></description>
<Point><coordinates>139.689115,35.668739,0</coordinates></Point></Placemark>
<Placemark><name>下田流</name>
<description><![CDATA[빵 백명점 2026<br/>타베로그 3.86 · 리뷰 456<br/>이타바시구 · 新高島平駅<br/><a href="https://tabelog.com/tokyo/A1322/A132205/13263179/">타베로그</a>]]></description>
<Point><coordinates>139.658046,35.791124,0</coordinates></Point></Placemark>
<Placemark><name>リベルテ・パティスリー・ブーランジェリー 東京本店・吉祥寺</name>
<description><![CDATA[빵 백명점 2026<br/>타베로그 3.75 · 리뷰 1658<br/>武蔵野구 · 吉祥寺駅<br/><a href="https://tabelog.com/tokyo/A1320/A132001/13219660/">타베로그</a>]]></description>
<Point><coordinates>139.577325,35.705885,0</coordinates></Point></Placemark>
<Placemark><name>ル・グルニエ・ア・パン 麹町店</name>
<description><![CDATA[빵 백명점 2026<br/>타베로그 3.78 · 리뷰 1289<br/>지요다구 · 半蔵門駅<br/><a href="https://tabelog.com/tokyo/A1308/A130803/13011374/">타베로그</a>]]></description>
<Point><coordinates>139.74175,35.685647,0</coordinates></Point></Placemark>
<Placemark><name>ヒルサイドパントリー 代官山</name>
<description><![CDATA[빵 백명점 2026<br/>타베로그 3.75 · 리뷰 1044<br/>시부야구 · 代官山駅<br/><a href="https://tabelog.com/tokyo/A1303/A130303/13002071/">타베로그</a>]]></description>
<Point><coordinates>139.70012,35.648725,0</coordinates></Point></Placemark>
<Placemark><name>ブーランジェリー セイジアサクラ</name>
<description><![CDATA[빵 백명점 2026<br/>타베로그 3.81 · 리뷰 1305<br/>미나토구 · 高輪台駅<br/><a href="https://tabelog.com/tokyo/A1316/A131603/13055881/">타베로그</a>]]></description>
<Point><coordinates>139.733333,35.636013,0</coordinates></Point></Placemark>
<Placemark><name>Bread&amp;amp;Coffee IKEDAYAMA 本店</name>
<description><![CDATA[빵 백명점 2026<br/>타베로그 3.7 · 리뷰 1015<br/>시나가와구 · 五反田駅<br/><a href="https://tabelog.com/tokyo/A1316/A131603/13192503/">타베로그</a>]]></description>
<Point><coordinates>139.72522,35.628808,0</coordinates></Point></Placemark>
<Placemark><name>ジュウニブンベーカリー 新宿店</name>
<description><![CDATA[빵 백명점 2026<br/>타베로그 3.76 · 리뷰 1551<br/>신주쿠구 · 新宿駅<br/><a href="https://tabelog.com/tokyo/A1304/A130401/13220673/">타베로그</a>]]></description>
<Point><coordinates>139.699582,35.690783,0</coordinates></Point></Placemark>
<Placemark><name>みんなのぱんや</name>
<description><![CDATA[빵 백명점 2026<br/>타베로그 3.73 · 리뷰 1091<br/>지요다구 · 東京駅<br/><a href="https://tabelog.com/tokyo/A1302/A130201/13020387/">타베로그</a>]]></description>
<Point><coordinates>139.765062,35.678779,0</coordinates></Point></Placemark>
<Placemark><name>ル パン ドゥ ジョエル・ロブション 渋谷ヒカリエShinQs店</name>
<description><![CDATA[빵 백명점 2026<br/>타베로그 3.79 · 리뷰 1769<br/>시부야구 · 渋谷駅<br/><a href="https://tabelog.com/tokyo/A1303/A130301/13140263/">타베로그</a>]]></description>
<Point><coordinates>139.703326,35.659066,0</coordinates></Point></Placemark>
<Placemark><name>ブーランジェリー&amp;amp;カフェ マンマーノ</name>
<description><![CDATA[빵 백명점 2026<br/>타베로그 3.75 · 리뷰 1428<br/>시부야구 · 代々木上原駅<br/><a href="https://tabelog.com/tokyo/A1318/A131811/13059417/">타베로그</a>]]></description>
<Point><coordinates>139.681347,35.670209,0</coordinates></Point></Placemark>
<Placemark><name>パン工房 ブランジェリーケン</name>
<description><![CDATA[빵 백명점 2026<br/>타베로그 3.73 · 리뷰 941<br/>이타바시구 · 下赤塚駅<br/><a href="https://tabelog.com/tokyo/A1322/A132204/13046260/">타베로그</a>]]></description>
<Point><coordinates>139.645577,35.771161,0</coordinates></Point></Placemark>
<Placemark><name>ル パン ドゥ ジョエル･ロブション ニュウマン新宿店</name>
<description><![CDATA[빵 백명점 2026<br/>타베로그 3.78 · 리뷰 1959<br/>시부야구 · 新宿駅<br/><a href="https://tabelog.com/tokyo/A1304/A130401/13193559/">타베로그</a>]]></description>
<Point><coordinates>139.701911,35.689029,0</coordinates></Point></Placemark>
<Placemark><name>イトキト</name>
<description><![CDATA[빵 백명점 2026<br/>타베로그 3.76 · 리뷰 668<br/>오타구 · 大岡山駅<br/><a href="https://tabelog.com/tokyo/A1317/A131711/13048404/">타베로그</a>]]></description>
<Point><coordinates>139.685058,35.610117,0</coordinates></Point></Placemark>
<Placemark><name>グリオット</name>
<description><![CDATA[빵 백명점 2026<br/>타베로그 3.71 · 리뷰 553<br/>메구로구 · 駒沢大学駅<br/><a href="https://tabelog.com/tokyo/A1317/A131707/13149820/">타베로그</a>]]></description>
<Point><coordinates>139.663321,35.628758,0</coordinates></Point></Placemark>
<Placemark><name>DONSUKE BAKERY</name>
<description><![CDATA[빵 백명점 2026<br/>타베로그 3.74 · 리뷰 706<br/>신주쿠구 · 東新宿駅<br/><a href="https://tabelog.com/tokyo/A1304/A130401/13020179/">타베로그</a>]]></description>
<Point><coordinates>139.710945,35.698417,0</coordinates></Point></Placemark>
<Placemark><name>ショーマッカー</name>
<description><![CDATA[빵 백명점 2026<br/>타베로그 3.73 · 리뷰 523<br/>오타구 · 大岡山駅<br/><a href="https://tabelog.com/tokyo/A1317/A131711/13045113/">타베로그</a>]]></description>
<Point><coordinates>139.684607,35.611085,0</coordinates></Point></Placemark>
<Placemark><name>AOSAN 仙川店</name>
<description><![CDATA[빵 백명점 2026<br/>타베로그 3.77 · 리뷰 803<br/>調布구 · 仙川駅<br/><a href="https://tabelog.com/tokyo/A1326/A132601/13047751/">타베로그</a>]]></description>
<Point><coordinates>139.582984,35.660622,0</coordinates></Point></Placemark>
<Placemark><name>粉花</name>
<description><![CDATA[빵 백명점 2026<br/>타베로그 3.74 · 리뷰 641<br/>다이토구 · 浅草（つくばＥＸＰ）駅<br/><a href="https://tabelog.com/tokyo/A1311/A131102/13057726/">타베로그</a>]]></description>
<Point><coordinates>139.79778,35.716887,0</coordinates></Point></Placemark>
<Placemark><name>Boulangerie S.Igarashi</name>
<description><![CDATA[빵 백명점 2026<br/>타베로그 3.7 · 리뷰 596<br/>고토구 · 木場駅<br/><a href="https://tabelog.com/tokyo/A1313/A131303/13266760/">타베로그</a>]]></description>
<Point><coordinates>139.805354,35.673783,0</coordinates></Point></Placemark>
<Placemark><name>ポワンタージュ</name>
<description><![CDATA[빵 백명점 2026<br/>타베로그 3.79 · 리뷰 1637<br/>미나토구 · 麻布十番駅<br/><a href="https://tabelog.com/tokyo/A1307/A130702/13004566/">타베로그</a>]]></description>
<Point><coordinates>139.735635,35.653642,0</coordinates></Point></Placemark>
<Placemark><name>イエンセン</name>
<description><![CDATA[빵 백명점 2026<br/>타베로그 3.74 · 리뷰 684<br/>시부야구 · 代々木八幡駅<br/><a href="https://tabelog.com/tokyo/A1318/A131810/13007309/">타베로그</a>]]></description>
<Point><coordinates>139.687301,35.669972,0</coordinates></Point></Placemark>
<Placemark><name>365日</name>
<description><![CDATA[빵 백명점 2026<br/>타베로그 3.7 · 리뷰 911<br/>시부야구 · 代々木八幡駅<br/><a href="https://tabelog.com/tokyo/A1318/A131810/13263836/">타베로그</a>]]></description>
<Point><coordinates>139.68957,35.669783,0</coordinates></Point></Placemark>
<Placemark><name>VIRON 丸の内店</name>
<description><![CDATA[빵 백명점 2026<br/>타베로그 3.85 · 리뷰 2790<br/>지요다구 · 東京駅<br/><a href="https://tabelog.com/tokyo/A1302/A130201/13043904/">타베로그</a>]]></description>
<Point><coordinates>139.765118,35.678787,0</coordinates></Point></Placemark>
<Placemark><name>セントル ザ・ベーカリー 青山店</name>
<description><![CDATA[빵 백명점 2026<br/>타베로그 3.74 · 리뷰 613<br/>시부야구 · 表参道駅<br/><a href="https://tabelog.com/tokyo/A1306/A130602/13227934/">타베로그</a>]]></description>
<Point><coordinates>139.709254,35.662755,0</coordinates></Point></Placemark>
<Placemark><name>バゲットラビット 自由が丘店</name>
<description><![CDATA[빵 백명점 2026<br/>타베로그 3.74 · 리뷰 1081<br/>메구로구 · 自由が丘駅<br/><a href="https://tabelog.com/tokyo/A1317/A131703/13217782/">타베로그</a>]]></description>
<Point><coordinates>139.67007,35.61153,0</coordinates></Point></Placemark>
<Placemark><name>ポム・ド・テール</name>
<description><![CDATA[빵 백명점 2026<br/>타베로그 3.73 · 리뷰 561<br/>스기나미구 · 西荻窪駅<br/><a href="https://tabelog.com/tokyo/A1319/A131907/13009237/">타베로그</a>]]></description>
<Point><coordinates>139.595468,35.707337,0</coordinates></Point></Placemark>
<Placemark><name>ラトリエ ドゥ プレジール</name>
<description><![CDATA[빵 백명점 2026<br/>타베로그 3.89 · 리뷰 1279<br/>세타가야구 · 祖師ケ谷大蔵駅<br/><a href="https://tabelog.com/tokyo/A1318/A131814/13050412/">타베로그</a>]]></description>
<Point><coordinates>139.605707,35.64168,0</coordinates></Point></Placemark>
<Placemark><name>ブリコラージュ ブレッド アンド カンパニー ベーカリー</name>
<description><![CDATA[빵 백명점 2026<br/>타베로그 3.77 · 리뷰 1503<br/>미나토구 · 六本木駅<br/><a href="https://tabelog.com/tokyo/A1307/A130701/13222794/">타베로그</a>]]></description>
<Point><coordinates>139.728248,35.659195,0</coordinates></Point></Placemark>
<Placemark><name>ラ ブティック ドゥ ジョエル・ロブション 六本木ヒルズ店</name>
<description><![CDATA[빵 백명점 2026<br/>타베로그 3.78 · 리뷰 1284<br/>미나토구 · 六本木駅<br/><a href="https://tabelog.com/tokyo/A1307/A130701/13020237/">타베로그</a>]]></description>
<Point><coordinates>139.729386,35.660111,0</coordinates></Point></Placemark>
<Placemark><name>Zopfカレーパン専門店 グランスタ店</name>
<description><![CDATA[빵 백명점 2026<br/>타베로그 3.73 · 리뷰 2681<br/>지요다구 · 東京駅<br/><a href="https://tabelog.com/tokyo/A1302/A130201/13236598/">타베로그</a>]]></description>
<Point><coordinates>139.766606,35.681476,0</coordinates></Point></Placemark>
<Placemark><name>ル・ルソール</name>
<description><![CDATA[빵 백명점 2026<br/>타베로그 3.73 · 리뷰 629<br/>메구로구 · 駒場東大前駅<br/><a href="https://tabelog.com/tokyo/A1318/A131801/13268390/">타베로그</a>]]></description>
<Point><coordinates>139.682622,35.659183,0</coordinates></Point></Placemark>
<Placemark><name>リンデ 吉祥寺本店</name>
<description><![CDATA[빵 백명점 2026<br/>타베로그 3.74 · 리뷰 1410<br/>武蔵野구 · 吉祥寺駅<br/><a href="https://tabelog.com/tokyo/A1320/A132001/13005831/">타베로그</a>]]></description>
<Point><coordinates>139.580643,35.705558,0</coordinates></Point></Placemark>
<Placemark><name>満 曙橋本店</name>
<description><![CDATA[빵 백명점 2026<br/>타베로그 3.73 · 리뷰 823<br/>신주쿠구 · 曙橋駅<br/><a href="https://tabelog.com/tokyo/A1309/A130903/13023138/">타베로그</a>]]></description>
<Point><coordinates>139.722782,35.692893,0</coordinates></Point></Placemark>
<Placemark><name>えんツコ堂 製パン</name>
<description><![CDATA[빵 백명점 2026<br/>타베로그 3.72 · 리뷰 663<br/>스기나미구 · 西荻窪駅<br/><a href="https://tabelog.com/tokyo/A1319/A131907/13060088/">타베로그</a>]]></description>
<Point><coordinates>139.596106,35.706375,0</coordinates></Point></Placemark>
<Placemark><name>俺のBakery 恵比寿</name>
<description><![CDATA[빵 백명점 2026<br/>타베로그 3.71 · 리뷰 1443<br/>시부야구 · 恵比寿駅<br/><a href="https://tabelog.com/tokyo/A1303/A130302/13201307/">타베로그</a>]]></description>
<Point><coordinates>139.713205,35.643233,0</coordinates></Point></Placemark>
<Placemark><name>まちのパーラー</name>
<description><![CDATA[빵 백명점 2026<br/>타베로그 3.78 · 리뷰 1477<br/>네리마구 · 小竹向原駅<br/><a href="https://tabelog.com/tokyo/A1321/A132101/13126515/">타베로그</a>]]></description>
<Point><coordinates>139.675333,35.743529,0</coordinates></Point></Placemark>
<Placemark><name>ブーランジェリー ボネダンヌ</name>
<description><![CDATA[빵 백명점 2026<br/>타베로그 3.77 · 리뷰 730<br/>세타가야구 · 三軒茶屋駅<br/><a href="https://tabelog.com/tokyo/A1317/A131705/13158722/">타베로그</a>]]></description>
<Point><coordinates>139.674405,35.650118,0</coordinates></Point></Placemark>
<Placemark><name>パンのペリカン</name>
<description><![CDATA[빵 백명점 2026<br/>타베로그 3.79 · 리뷰 2275<br/>다이토구 · 田原町駅<br/><a href="https://tabelog.com/tokyo/A1311/A131102/13003662/">타베로그</a>]]></description>
<Point><coordinates>139.791355,35.708561,0</coordinates></Point></Placemark>
<Placemark><name>トラスパレンテ 学芸大学店</name>
<description><![CDATA[빵 백명점 2026<br/>타베로그 3.74 · 리뷰 820<br/>메구로구 · 学芸大学駅<br/><a href="https://tabelog.com/tokyo/A1317/A131702/13129736/">타베로그</a>]]></description>
<Point><coordinates>139.685146,35.629799,0</coordinates></Point></Placemark>
<Placemark><name>ジャンティーユ</name>
<description><![CDATA[빵 백명점 2026<br/>타베로그 3.73 · 리뷰 638<br/>메구로구 · 目黒駅<br/><a href="https://tabelog.com/tokyo/A1316/A131601/13044382/">타베로그</a>]]></description>
<Point><coordinates>139.706025,35.635941,0</coordinates></Point></Placemark>
<Placemark><name>VIRON 渋谷店</name>
<description><![CDATA[빵 백명점 2026<br/>타베로그 3.83 · 리뷰 3993<br/>시부야구 · 渋谷駅<br/><a href="https://tabelog.com/tokyo/A1303/A130301/13004626/">타베로그</a>]]></description>
<Point><coordinates>139.696785,35.660886,0</coordinates></Point></Placemark>
<Placemark><name>ぶーる・ぶーる・ぶらんじぇり</name>
<description><![CDATA[빵 백명점 2026<br/>타베로그 3.74 · 리뷰 735<br/>八王子구 · 八王子駅<br/><a href="https://tabelog.com/tokyo/A1329/A132904/13048885/">타베로그</a>]]></description>
<Point><coordinates>139.333856,35.66058,0</coordinates></Point></Placemark>
<Placemark><name>ヒンメル</name>
<description><![CDATA[빵 백명점 2026<br/>타베로그 3.75 · 리뷰 888<br/>오타구 · 大岡山駅<br/><a href="https://tabelog.com/tokyo/A1317/A131711/13048813/">타베로그</a>]]></description>
<Point><coordinates>139.686091,35.606711,0</coordinates></Point></Placemark>
<Placemark><name>Think</name>
<description><![CDATA[빵 백명점 2026<br/>타베로그 3.87 · 리뷰 793<br/>다이토구 · 鶯谷駅<br/><a href="https://tabelog.com/tokyo/A1311/A131105/13283557/">타베로그</a>]]></description>
<Point><coordinates>139.771068,35.722286,0</coordinates></Point></Placemark>
<Placemark><name>しかたらむかな</name>
<description><![CDATA[빵 백명점 2026<br/>타베로그 3.87 · 리뷰 744<br/>신주쿠구 · 牛込神楽坂駅<br/><a href="https://tabelog.com/tokyo/A1309/A130905/13287514/">타베로그</a>]]></description>
<Point><coordinates>139.739386,35.700225,0</coordinates></Point></Placemark>
<Placemark><name>チクテベーカリー</name>
<description><![CDATA[빵 백명점 2026<br/>타베로그 3.75 · 리뷰 644<br/>八王子구 · 南大沢駅<br/><a href="https://tabelog.com/tokyo/A1329/A132904/13153557/">타베로그</a>]]></description>
<Point><coordinates>139.378908,35.607707,0</coordinates></Point></Placemark>
<Placemark><name>ネモ・ベーカリー＆カフェ 武蔵小山 本店</name>
<description><![CDATA[빵 백명점 2026<br/>타베로그 3.73 · 리뷰 1060<br/>시나가와구 · 武蔵小山駅<br/><a href="https://tabelog.com/tokyo/A1317/A131710/13045550/">타베로그</a>]]></description>
<Point><coordinates>139.702866,35.61926,0</coordinates></Point></Placemark>
<Placemark><name>bricolage bread &amp;amp; co.</name>
<description><![CDATA[빵 백명점 2026<br/>타베로그 3.7 · 리뷰 570<br/>시부야구 · 渋谷駅<br/><a href="https://tabelog.com/tokyo/A1303/A130301/13261267/">타베로그</a>]]></description>
<Point><coordinates>139.700703,35.659225,0</coordinates></Point></Placemark>
<Placemark><name>根津のパン</name>
<description><![CDATA[빵 백명점 2026<br/>타베로그 3.67 · 리뷰 445<br/>분쿄구 · 根津駅<br/><a href="https://tabelog.com/tokyo/A1311/A131106/13225208/">타베로그</a>]]></description>
<Point><coordinates>139.765418,35.71829,0</coordinates></Point></Placemark>
<Placemark><name>BAKERY SASA</name>
<description><![CDATA[빵 백명점 2026<br/>타베로그 3.72 · 리뷰 710<br/>시부야구 · 笹塚駅<br/><a href="https://tabelog.com/tokyo/A1318/A131808/13036943/">타베로그</a>]]></description>
<Point><coordinates>139.668982,35.675132,0</coordinates></Point></Placemark>
<Placemark><name>ラトリエ･デュ･パン</name>
<description><![CDATA[빵 백명점 2026<br/>타베로그 3.78 · 리뷰 2186<br/>미나토구 · 六本木駅<br/><a href="https://tabelog.com/tokyo/A1307/A130701/13147689/">타베로그</a>]]></description>
<Point><coordinates>139.731527,35.662327,0</coordinates></Point></Placemark>
<Placemark><name>クニャーネの店 有楽町店</name>
<description><![CDATA[빵 백명점 2026<br/>타베로그 3.69 · 리뷰 1070<br/>지요다구 · 有楽町駅<br/><a href="https://tabelog.com/tokyo/A1301/A130102/13266003/">타베로그</a>]]></description>
<Point><coordinates>139.763012,35.674483,0</coordinates></Point></Placemark>
<Placemark><name>ブーランジェリー・イアナック</name>
<description><![CDATA[빵 백명점 2026<br/>타베로그 3.76 · 리뷰 1201<br/>아라카와구 · 西日暮里駅<br/><a href="https://tabelog.com/tokyo/A1311/A131105/13048516/">타베로그</a>]]></description>
<Point><coordinates>139.764538,35.731555,0</coordinates></Point></Placemark>
<Placemark><name>breadworks 表参道</name>
<description><![CDATA[빵 백명점 2026<br/>타베로그 3.76 · 리뷰 1510<br/>미나토구 · 表参道駅<br/><a href="https://tabelog.com/tokyo/A1306/A130602/13148002/">타베로그</a>]]></description>
<Point><coordinates>139.712393,35.66303,0</coordinates></Point></Placemark>
<Placemark><name>ベーカリー バンク</name>
<description><![CDATA[빵 백명점 2026<br/>타베로그 3.68 · 리뷰 1099<br/>주오구 · 茅場町駅<br/><a href="https://tabelog.com/tokyo/A1302/A130203/13279852/">타베로그</a>]]></description>
<Point><coordinates>139.778756,35.681849,0</coordinates></Point></Placemark>
<Placemark><name>ベッカライ・ブロートハイム</name>
<description><![CDATA[빵 백명점 2026<br/>타베로그 3.75 · 리뷰 890<br/>세타가야구 · 桜新町駅<br/><a href="https://tabelog.com/tokyo/A1317/A131707/13001529/">타베로그</a>]]></description>
<Point><coordinates>139.64474,35.634971,0</coordinates></Point></Placemark>
<Placemark><name>メゾン ランドゥメンヌ 麻布台</name>
<description><![CDATA[빵 백명점 2026<br/>타베로그 3.77 · 리뷰 1650<br/>미나토구 · 六本木一丁目駅<br/><a href="https://tabelog.com/tokyo/A1307/A130701/13180316/">타베로그</a>]]></description>
<Point><coordinates>139.73837,35.660862,0</coordinates></Point></Placemark>
<Placemark><name>小麦と酵母 濱田家 三軒茶屋本店</name>
<description><![CDATA[빵 백명점 2026<br/>타베로그 3.75 · 리뷰 1107<br/>세타가야구 · 西太子堂駅<br/><a href="https://tabelog.com/tokyo/A1317/A131706/13005398/">타베로그</a>]]></description>
<Point><coordinates>139.666832,35.642956,0</coordinates></Point></Placemark>
<Placemark><name>ブランジュリー パリの空の下</name>
<description><![CDATA[빵 백명점 2026<br/>타베로그 3.71 · 리뷰 340<br/>세타가야구 · 若林駅<br/><a href="https://tabelog.com/tokyo/A1317/A131709/13100024/">타베로그</a>]]></description>
<Point><coordinates>139.659954,35.642176,0</coordinates></Point></Placemark>
<Placemark><name>TOLO PAN TOKYO</name>
<description><![CDATA[빵 백명점 2026<br/>타베로그 3.76 · 리뷰 1277<br/>메구로구 · 池尻大橋駅<br/><a href="https://tabelog.com/tokyo/A1317/A131705/13093803/">타베로그</a>]]></description>
<Point><coordinates>139.685533,35.650132,0</coordinates></Point></Placemark>
<Placemark><name>カトレア</name>
<description><![CDATA[빵 백명점 2026<br/>타베로그 3.74 · 리뷰 1332<br/>고토구 · 森下駅<br/><a href="https://tabelog.com/tokyo/A1312/A131201/13002996/">타베로그</a>]]></description>
<Point><coordinates>139.798197,35.687057,0</coordinates></Point></Placemark>
<Placemark><name>ラ ブティック ドゥ ジョエル・ロブション 丸の内ブリックスクエア店</name>
<description><![CDATA[빵 백명점 2026<br/>타베로그 3.79 · 리뷰 2201<br/>지요다구 · 二重橋前駅<br/><a href="https://tabelog.com/tokyo/A1302/A130201/13096409/">타베로그</a>]]></description>
<Point><coordinates>139.762584,35.678384,0</coordinates></Point></Placemark>
<Placemark><name>パン焼き工房そーせーじ</name>
<description><![CDATA[빵 백명점 2026<br/>타베로그 3.71 · 리뷰 499<br/>스기나미구 · 西荻窪駅<br/><a href="https://tabelog.com/tokyo/A1319/A131907/13057538/">타베로그</a>]]></description>
<Point><coordinates>139.606855,35.703549,0</coordinates></Point></Placemark>
<Placemark><name>ミカヅキ堂</name>
<description><![CDATA[빵 백명점 2026<br/>타베로그 3.73 · 리뷰 947<br/>세타가야구 · 三軒茶屋駅<br/><a href="https://tabelog.com/tokyo/A1317/A131706/13197762/">타베로그</a>]]></description>
<Point><coordinates>139.669662,35.645236,0</coordinates></Point></Placemark>
<Placemark><name>ブーランジェリー スドウ</name>
<description><![CDATA[빵 백명점 2026<br/>타베로그 3.85 · 리뷰 1371<br/>세타가야구 · 松陰神社前駅<br/><a href="https://tabelog.com/tokyo/A1317/A131709/13098861/">타베로그</a>]]></description>
<Point><coordinates>139.654906,35.643787,0</coordinates></Point></Placemark>
<Placemark><name>ゴントラン シェリエ 東京青山店</name>
<description><![CDATA[빵 백명점 2026<br/>타베로그 3.74 · 리뷰 1146<br/>시부야구 · 表参道駅<br/><a href="https://tabelog.com/tokyo/A1306/A130602/13260920/">타베로그</a>]]></description>
<Point><coordinates>139.709485,35.662801,0</coordinates></Point></Placemark>
<Placemark><name>アルチザン・ブーランジェ・クピド</name>
<description><![CDATA[빵 백명점 2026<br/>타베로그 3.77 · 리뷰 857<br/>세타가야구 · 奥沢駅<br/><a href="https://tabelog.com/tokyo/A1317/A131711/13035704/">타베로그</a>]]></description>
<Point><coordinates>139.673889,35.60347,0</coordinates></Point></Placemark>
<Placemark><name>BURDIGALA TOKYO</name>
<description><![CDATA[빵 백명점 2026<br/>타베로그 3.75 · 리뷰 2891<br/>지요다구 · 東京駅<br/><a href="https://tabelog.com/tokyo/A1302/A130201/13044260/">타베로그</a>]]></description>
<Point><coordinates>139.76702,35.681232,0</coordinates></Point></Placemark>
<Placemark><name>セントル ザ・ベーカリー</name>
<description><![CDATA[빵 백명점 2026<br/>타베로그 3.86 · 리뷰 2872<br/>주오구 · 銀座一丁目駅<br/><a href="https://tabelog.com/tokyo/A1301/A130101/13157424/">타베로그</a>]]></description>
<Point><coordinates>139.766603,35.675543,0</coordinates></Point></Placemark>
<Placemark><name>Comme’N TOKYO 本店</name>
<description><![CDATA[빵 백명점 2026<br/>타베로그 3.77 · 리뷰 1402<br/>세타가야구 · 九品仏駅<br/><a href="https://tabelog.com/tokyo/A1317/A131715/13249511/">타베로그</a>]]></description>
<Point><coordinates>139.661877,35.605789,0</coordinates></Point></Placemark>
<Placemark><name>フォートナム・アンド・メイソン・コンセプトショップ 日本橋三越店</name>
<description><![CDATA[빵 백명점 2026<br/>타베로그 3.73 · 리뷰 827<br/>주오구 · 三越前駅<br/><a href="https://tabelog.com/tokyo/A1302/A130202/13059381/">타베로그</a>]]></description>
<Point><coordinates>139.774179,35.684959,0</coordinates></Point></Placemark>
<Placemark><name>ポワンエリーニュ</name>
<description><![CDATA[빵 백명점 2026<br/>타베로그 3.79 · 리뷰 3401<br/>지요다구 · 二重橋前駅<br/><a href="https://tabelog.com/tokyo/A1302/A130201/13038468/">타베로그</a>]]></description>
<Point><coordinates>139.763872,35.682335,0</coordinates></Point></Placemark>
<Placemark><name>ル・プチメック 日比谷店</name>
<description><![CDATA[빵 백명점 2026<br/>타베로그 3.74 · 리뷰 2732<br/>지요다구 · 日比谷駅<br/><a href="https://tabelog.com/tokyo/A1301/A130102/13219670/">타베로그</a>]]></description>
<Point><coordinates>139.760113,35.673333,0</coordinates></Point></Placemark>
<Placemark><name>トラスパレンテ 中目黒店</name>
<description><![CDATA[빵 백명점 2026<br/>타베로그 3.75 · 리뷰 1190<br/>메구로구 · 中目黒駅<br/><a href="https://tabelog.com/tokyo/A1317/A131701/13187231/">타베로그</a>]]></description>
<Point><coordinates>139.698473,35.642608,0</coordinates></Point></Placemark>
<Placemark><name>ラ ブティック ドゥ ジョエル・ロブション 恵比寿ガーデンプレイス店</name>
<description><![CDATA[빵 백명점 2026<br/>타베로그 3.78 · 리뷰 1145<br/>메구로구 · 恵比寿駅<br/><a href="https://tabelog.com/tokyo/A1303/A130302/13014064/">타베로그</a>]]></description>
<Point><coordinates>139.714538,35.641915,0</coordinates></Point></Placemark>
<Placemark><name>Comme’N TOKYO 麻布台ヒルズ店</name>
<description><![CDATA[빵 백명점 2026<br/>타베로그 3.7 · 리뷰 881<br/>미나토구 · 神谷町駅<br/><a href="https://tabelog.com/tokyo/A1307/A130701/13294775/">타베로그</a>]]></description>
<Point><coordinates>139.741661,35.66201,0</coordinates></Point></Placemark>
<Placemark><name>RITUEL LE GRAIN DE BLE 伊勢丹新宿店</name>
<description><![CDATA[빵 백명점 2026<br/>타베로그 3.68 · 리뷰 638<br/>신주쿠구 · 新宿三丁目駅<br/><a href="https://tabelog.com/tokyo/A1304/A130401/13212053/">타베로그</a>]]></description>
<Point><coordinates>139.704656,35.691582,0</coordinates></Point></Placemark>
<Placemark><name>パーラー江古田</name>
<description><![CDATA[빵 백명점 2026<br/>타베로그 3.83 · 리뷰 1378<br/>네리마구 · 新桜台駅<br/><a href="https://tabelog.com/tokyo/A1321/A132101/13185945/">타베로그</a>]]></description>
<Point><coordinates>139.67108,35.739868,0</coordinates></Point></Placemark>
<Placemark><name>ブーランジェリー・ジャンゴ</name>
<description><![CDATA[빵 백명점 2026<br/>타베로그 3.68 · 리뷰 534<br/>주오구 · 水天宮前駅<br/><a href="https://tabelog.com/tokyo/A1302/A130204/13234707/">타베로그</a>]]></description>
<Point><coordinates>139.789558,35.684315,0</coordinates></Point></Placemark>
<Placemark><name>しげくに屋55ベーカリー</name>
<description><![CDATA[빵 백명점 2026<br/>타베로그 3.73 · 리뷰 854<br/>스기나미구 · 高円寺駅<br/><a href="https://tabelog.com/tokyo/A1319/A131904/13172510/">타베로그</a>]]></description>
<Point><coordinates>139.648996,35.706139,0</coordinates></Point></Placemark>
<Placemark><name>ルヴァン 富ヶ谷店</name>
<description><![CDATA[빵 백명점 2026<br/>타베로그 3.77 · 리뷰 1098<br/>시부야구 · 代々木八幡駅<br/><a href="https://tabelog.com/tokyo/A1318/A131810/13001841/">타베로그</a>]]></description>
<Point><coordinates>139.685791,35.667753,0</coordinates></Point></Placemark>
<Placemark><name>365日と日本橋</name>
<description><![CDATA[빵 백명점 2026<br/>타베로그 3.78 · 리뷰 1871<br/>주오구 · 日本橋駅<br/><a href="https://tabelog.com/tokyo/A1302/A130202/13226439/">타베로그</a>]]></description>
<Point><coordinates>139.773404,35.681376,0</coordinates></Point></Placemark>
<Placemark><name>パン屋 塩見</name>
<description><![CDATA[빵 백명점 2026<br/>타베로그 3.69 · 리뷰 407<br/>시부야구 · 南新宿駅<br/><a href="https://tabelog.com/tokyo/A1304/A130401/13253527/">타베로그</a>]]></description>
<Point><coordinates>139.69593,35.6836,0</coordinates></Point></Placemark>
<Placemark><name>パン・デ・フィロゾフ</name>
<description><![CDATA[빵 백명점 2026<br/>타베로그 3.85 · 리뷰 1630<br/>신주쿠구 · 神楽坂駅<br/><a href="https://tabelog.com/tokyo/A1309/A130905/13213156/">타베로그</a>]]></description>
<Point><coordinates>139.737881,35.705134,0</coordinates></Point></Placemark>
<Placemark><name>パサージュ ア ニヴォ</name>
<description><![CDATA[빵 백명점 2026<br/>타베로그 3.72 · 리뷰 707<br/>武蔵野구 · 武蔵境駅<br/><a href="https://tabelog.com/tokyo/A1320/A132003/13056438/">타베로그</a>]]></description>
<Point><coordinates>139.546583,35.702002,0</coordinates></Point></Placemark>
<Placemark><name>レジニシエ</name>
<description><![CDATA[빵 백명점 2026<br/>타베로그 3.7 · 리뷰 428<br/>분쿄구 · 根津駅<br/><a href="https://tabelog.com/tokyo/A1311/A131106/13240670/">타베로그</a>]]></description>
<Point><coordinates>139.764227,35.720594,0</coordinates></Point></Placemark>
<Placemark><name>ビーバー ブレッド</name>
<description><![CDATA[빵 백명점 2026<br/>타베로그 3.74 · 리뷰 1406<br/>주오구 · 馬喰横山駅<br/><a href="https://tabelog.com/tokyo/A1302/A130204/13215647/">타베로그</a>]]></description>
<Point><coordinates>139.782381,35.690943,0</coordinates></Point></Placemark>
<Placemark><name>ジャン フランコ</name>
<description><![CDATA[빵 백명점 2026<br/>타베로그 3.73 · 리뷰 601<br/>세타가야구 · 用賀駅<br/><a href="https://tabelog.com/tokyo/A1317/A131707/13169306/">타베로그</a>]]></description>
<Point><coordinates>139.634863,35.6288,0</coordinates></Point></Placemark>
<Placemark><name>塩パン屋 パン・メゾン すみだ浅草通り店</name>
<description><![CDATA[빵 백명점 2026<br/>타베로그 3.67 · 리뷰 1132<br/>스미다구 · 本所吾妻橋駅<br/><a href="https://tabelog.com/tokyo/A1312/A131203/13218249/">타베로그</a>]]></description>
<Point><coordinates>139.802403,35.708726,0</coordinates></Point></Placemark>
<Placemark><name>カタネベーカリー</name>
<description><![CDATA[빵 백명점 2026<br/>타베로그 3.77 · 리뷰 1242<br/>시부야구 · 代々木上原駅<br/><a href="https://tabelog.com/tokyo/A1318/A131811/13020931/">타베로그</a>]]></description>
<Point><coordinates>139.682043,35.673538,0</coordinates></Point></Placemark>
<Placemark><name>ル・グルニエ・ア・パン アトレ恵比寿店</name>
<description><![CDATA[빵 백명점 2026<br/>타베로그 3.75 · 리뷰 1749<br/>시부야구 · 恵比寿駅<br/><a href="https://tabelog.com/tokyo/A1303/A130302/13194633/">타베로그</a>]]></description>
<Point><coordinates>139.70959,35.646653,0</coordinates></Point></Placemark>
<Placemark><name>amam dacotan 表参道店</name>
<description><![CDATA[빵 백명점 2026<br/>타베로그 3.73 · 리뷰 1629<br/>미나토구 · 表参道駅<br/><a href="https://tabelog.com/tokyo/A1306/A130602/13263952/">타베로그</a>]]></description>
<Point><coordinates>139.711065,35.664549,0</coordinates></Point></Placemark>
<Placemark><name>ファクトリー</name>
<description><![CDATA[빵 백명점 2026<br/>타베로그 3.77 · 리뷰 1569<br/>지요다구 · 九段下駅<br/><a href="https://tabelog.com/tokyo/A1309/A130904/13093265/">타베로그</a>]]></description>
<Point><coordinates>139.743545,35.693178,0</coordinates></Point></Placemark>
<Placemark><name>ダンディゾン</name>
<description><![CDATA[빵 백명점 2026<br/>타베로그 3.82 · 리뷰 1533<br/>武蔵野구 · 吉祥寺駅<br/><a href="https://tabelog.com/tokyo/A1320/A132001/13005834/">타베로그</a>]]></description>
<Point><coordinates>139.576085,35.706489,0</coordinates></Point></Placemark>
<Placemark><name>カフェ・トロワバグ</name>
<description><![CDATA[킷사텐 백명점 2026<br/>타베로그 3.73 · 리뷰 1194<br/>지요다구 · 神保町駅<br/><a href="https://tabelog.com/tokyo/A1310/A131003/13011637/">타베로그</a>]]></description>
<Point><coordinates>139.758211,35.696369,0</coordinates></Point></Placemark>
<Placemark><name>タイズ</name>
<description><![CDATA[킷사텐 백명점 2026<br/>타베로그 3.75 · 리뷰 807<br/>분쿄구 · 本郷三丁目駅<br/><a href="https://tabelog.com/tokyo/A1310/A131004/13018359/">타베로그</a>]]></description>
<Point><coordinates>139.764455,35.707572,0</coordinates></Point></Placemark>
<Placemark><name>珈琲道場 侍</name>
<description><![CDATA[킷사텐 백명점 2026<br/>타베로그 3.71 · 리뷰 1075<br/>고토구 · 亀戸駅<br/><a href="https://tabelog.com/tokyo/A1312/A131202/13018018/">타베로그</a>]]></description>
<Point><coordinates>139.828576,35.696968,0</coordinates></Point></Placemark>
<Placemark><name>自家焙煎珈琲庵</name>
<description><![CDATA[킷사텐 백명점 2026<br/>타베로그 3.64 · 리뷰 511<br/>분쿄구 · 春日駅<br/><a href="https://tabelog.com/tokyo/A1310/A131004/13058418/">타베로그</a>]]></description>
<Point><coordinates>139.75353,35.711202,0</coordinates></Point></Placemark>
<Placemark><name>ラドリオ</name>
<description><![CDATA[킷사텐 백명점 2026<br/>타베로그 3.71 · 리뷰 1200<br/>지요다구 · 神保町駅<br/><a href="https://tabelog.com/tokyo/A1310/A131003/13006555/">타베로그</a>]]></description>
<Point><coordinates>139.759808,35.695648,0</coordinates></Point></Placemark>
<Placemark><name>カフェ・アンセーニュ・ダングル 自由が丘店</name>
<description><![CDATA[킷사텐 백명점 2026<br/>타베로그 3.71 · 리뷰 1001<br/>메구로구 · 自由が丘駅<br/><a href="https://tabelog.com/tokyo/A1317/A131703/13017724/">타베로그</a>]]></description>
<Point><coordinates>139.67027,35.608054,0</coordinates></Point></Placemark>
<Placemark><name>コヒア アラビカ</name>
<description><![CDATA[킷사텐 백명점 2026<br/>타베로그 3.69 · 리뷰 632<br/>미나토구 · 赤坂見附駅<br/><a href="https://tabelog.com/tokyo/A1308/A130801/13013444/">타베로그</a>]]></description>
<Point><coordinates>139.736633,35.675499,0</coordinates></Point></Placemark>
<Placemark><name>ツェーンコーヒー</name>
<description><![CDATA[킷사텐 백명점 2026<br/>타베로그 3.71 · 리뷰 630<br/>분쿄구 · 湯島駅<br/><a href="https://tabelog.com/tokyo/A1311/A131101/13043953/">타베로그</a>]]></description>
<Point><coordinates>139.770107,35.70662,0</coordinates></Point></Placemark>
<Placemark><name>自家焙煎珈琲 凡</name>
<description><![CDATA[킷사텐 백명점 2026<br/>타베로그 3.71 · 리뷰 1152<br/>신주쿠구 · 新宿西口駅<br/><a href="https://tabelog.com/tokyo/A1304/A130401/13000735/">타베로그</a>]]></description>
<Point><coordinates>139.700778,35.692732,0</coordinates></Point></Placemark>
<Placemark><name>トゥジュール デビュテ</name>
<description><![CDATA[킷사텐 백명점 2026<br/>타베로그 3.72 · 리뷰 815<br/>시나가와구 · 五反田駅<br/><a href="https://tabelog.com/tokyo/A1316/A131603/13059498/">타베로그</a>]]></description>
<Point><coordinates>139.723316,35.627086,0</coordinates></Point></Placemark>
<Placemark><name>皇琲亭</name>
<description><![CDATA[킷사텐 백명점 2026<br/>타베로그 3.74 · 리뷰 2123<br/>도시마구 · 池袋駅<br/><a href="https://tabelog.com/tokyo/A1305/A130501/13003947/">타베로그</a>]]></description>
<Point><coordinates>139.713865,35.731256,0</coordinates></Point></Placemark>
<Placemark><name>Cafe Bach</name>
<description><![CDATA[킷사텐 백명점 2026<br/>타베로그 3.76 · 리뷰 980<br/>다이토구 · 南千住駅<br/><a href="https://tabelog.com/tokyo/A1324/A132401/13003759/">타베로그</a>]]></description>
<Point><coordinates>139.800405,35.726824,0</coordinates></Point></Placemark>
<Placemark><name>草枕</name>
<description><![CDATA[킷사텐 백명점 2026<br/>타베로그 3.76 · 리뷰 879<br/>미나토구 · 内幸町駅<br/><a href="https://tabelog.com/tokyo/A1301/A130103/13043012/">타베로그</a>]]></description>
<Point><coordinates>139.752887,35.669044,0</coordinates></Point></Placemark>
<Placemark><name>トロワ・シャンブル</name>
<description><![CDATA[킷사텐 백명점 2026<br/>타베로그 3.7 · 리뷰 820<br/>세타가야구 · 下北沢駅<br/><a href="https://tabelog.com/tokyo/A1318/A131802/13013091/">타베로그</a>]]></description>
<Point><coordinates>139.667355,35.659255,0</coordinates></Point></Placemark>
<Placemark><name>カフェ ウィーン 日本橋三越本店</name>
<description><![CDATA[킷사텐 백명점 2026<br/>타베로그 3.65 · 리뷰 604<br/>주오구 · 三越前駅<br/><a href="https://tabelog.com/tokyo/A1302/A130202/13011194/">타베로그</a>]]></description>
<Point><coordinates>139.773743,35.685904,0</coordinates></Point></Placemark>
<Placemark><name>カヤバ珈琲</name>
<description><![CDATA[킷사텐 백명점 2026<br/>타베로그 3.75 · 리뷰 1488<br/>다이토구 · 根津駅<br/><a href="https://tabelog.com/tokyo/A1311/A131104/13019585/">타베로그</a>]]></description>
<Point><coordinates>139.77073,35.721166,0</coordinates></Point></Placemark>
<Placemark><name>炭火焼珈琲 蔵</name>
<description><![CDATA[킷사텐 백명점 2026<br/>타베로그 3.7 · 리뷰 1143<br/>도시마구 · 池袋駅<br/><a href="https://tabelog.com/tokyo/A1305/A130501/13089625/">타베로그</a>]]></description>
<Point><coordinates>139.709807,35.732694,0</coordinates></Point></Placemark>
<Placemark><name>喫茶サテラ</name>
<description><![CDATA[킷사텐 백명점 2026<br/>타베로그 3.66 · 리뷰 850<br/>시부야구 · 渋谷駅<br/><a href="https://tabelog.com/tokyo/A1303/A130301/13253683/">타베로그</a>]]></description>
<Point><coordinates>139.706305,35.660735,0</coordinates></Point></Placemark>
<Placemark><name>十一房珈琲店</name>
<description><![CDATA[킷사텐 백명점 2026<br/>타베로그 3.77 · 리뷰 1373<br/>주오구 · 銀座一丁目駅<br/><a href="https://tabelog.com/tokyo/A1301/A130101/13007721/">타베로그</a>]]></description>
<Point><coordinates>139.765758,35.674896,0</coordinates></Point></Placemark>
<Placemark><name>カフェ香咲</name>
<description><![CDATA[킷사텐 백명점 2026<br/>타베로그 3.69 · 리뷰 1125<br/>시부야구 · 外苑前駅<br/><a href="https://tabelog.com/tokyo/A1306/A130601/13001955/">타베로그</a>]]></description>
<Point><coordinates>139.71368,35.67121,0</coordinates></Point></Placemark>
<Placemark><name>ワンモア</name>
<description><![CDATA[킷사텐 백명점 2026<br/>타베로그 3.67 · 리뷰 563<br/>에도가와구 · 平井駅<br/><a href="https://tabelog.com/tokyo/A1312/A131202/13002937/">타베로그</a>]]></description>
<Point><coordinates>139.842663,35.707784,0</coordinates></Point></Placemark>
<Placemark><name>ミロンガ ヌオーバ</name>
<description><![CDATA[킷사텐 백명점 2026<br/>타베로그 3.65 · 리뷰 533<br/>지요다구 · 神保町駅<br/><a href="https://tabelog.com/tokyo/A1310/A131003/13281958/">타베로그</a>]]></description>
<Point><coordinates>139.759694,35.695607,0</coordinates></Point></Placemark>
<Placemark><name>カフェ・ラパン</name>
<description><![CDATA[킷사텐 백명점 2026<br/>타베로그 3.65 · 리뷰 564<br/>다이토구 · 上野広小路駅<br/><a href="https://tabelog.com/tokyo/A1311/A131101/13016744/">타베로그</a>]]></description>
<Point><coordinates>139.772662,35.705673,0</coordinates></Point></Placemark>
<Placemark><name>アメリカン</name>
<description><![CDATA[킷사텐 백명점 2026<br/>타베로그 3.69 · 리뷰 2101<br/>주오구 · 東銀座駅<br/><a href="https://tabelog.com/tokyo/A1301/A130101/13051375/">타베로그</a>]]></description>
<Point><coordinates>139.768739,35.66979,0</coordinates></Point></Placemark>
<Placemark><name>ダフニ</name>
<description><![CDATA[킷사텐 백명점 2026<br/>타베로그 3.69 · 리뷰 438<br/>미나토구 · 三田駅<br/><a href="https://tabelog.com/tokyo/A1314/A131402/13056306/">타베로그</a>]]></description>
<Point><coordinates>139.746087,35.649055,0</coordinates></Point></Placemark>
<Placemark><name>天のや</name>
<description><![CDATA[킷사텐 백명점 2026<br/>타베로그 3.74 · 리뷰 881<br/>미나토구 · 麻布十番駅<br/><a href="https://tabelog.com/tokyo/A1307/A130702/13014306/">타베로그</a>]]></description>
<Point><coordinates>139.736374,35.653257,0</coordinates></Point></Placemark>
<Placemark><name>COFFEE HALL くぐつ草</name>
<description><![CDATA[킷사텐 백명점 2026<br/>타베로그 3.72 · 리뷰 1903<br/>武蔵野구 · 吉祥寺駅<br/><a href="https://tabelog.com/tokyo/A1320/A132001/13005791/">타베로그</a>]]></description>
<Point><coordinates>139.578292,35.704203,0</coordinates></Point></Placemark>
<Placemark><name>神田伯剌西爾</name>
<description><![CDATA[킷사텐 백명점 2026<br/>타베로그 3.71 · 리뷰 1205<br/>지요다구 · 神保町駅<br/><a href="https://tabelog.com/tokyo/A1310/A131003/13011590/">타베로그</a>]]></description>
<Point><coordinates>139.759561,35.69575,0</coordinates></Point></Placemark>
<Placemark><name>銀座ブラジル 浅草支店</name>
<description><![CDATA[킷사텐 백명점 2026<br/>타베로그 3.63 · 리뷰 478<br/>다이토구 · 浅草（つくばＥＸＰ）駅<br/><a href="https://tabelog.com/tokyo/A1311/A131102/13022134/">타베로그</a>]]></description>
<Point><coordinates>139.794564,35.712176,0</coordinates></Point></Placemark>
<Placemark><name>カフェテラス ポンヌフ</name>
<description><![CDATA[킷사텐 백명점 2026<br/>타베로그 3.64 · 리뷰 1528<br/>미나토구 · 新橋駅<br/><a href="https://tabelog.com/tokyo/A1301/A130103/13024964/">타베로그</a>]]></description>
<Point><coordinates>139.75957,35.666288,0</coordinates></Point></Placemark>
<Placemark><name>ヴェルデ</name>
<description><![CDATA[킷사텐 백명점 2026<br/>타베로그 3.71 · 리뷰 984<br/>시부야구 · 代官山駅<br/><a href="https://tabelog.com/tokyo/A1303/A130302/13050095/">타베로그</a>]]></description>
<Point><coordinates>139.706494,35.646387,0</coordinates></Point></Placemark>
<Placemark><name>アンセーニュダングル 原宿店</name>
<description><![CDATA[킷사텐 백명점 2026<br/>타베로그 3.72 · 리뷰 769<br/>시부야구 · 原宿駅<br/><a href="https://tabelog.com/tokyo/A1306/A130601/13007015/">타베로그</a>]]></description>
<Point><coordinates>139.704095,35.673712,0</coordinates></Point></Placemark>
<Placemark><name>一六珈琲店</name>
<description><![CDATA[킷사텐 백명점 2026<br/>타베로그 3.68 · 리뷰 598<br/>立川구 · 立川駅<br/><a href="https://tabelog.com/tokyo/A1329/A132901/13039610/">타베로그</a>]]></description>
<Point><coordinates>139.416763,35.695804,0</coordinates></Point></Placemark>
<Placemark><name>茶亭 羽當</name>
<description><![CDATA[킷사텐 백명점 2026<br/>타베로그 3.76 · 리뷰 2193<br/>시부야구 · 渋谷駅<br/><a href="https://tabelog.com/tokyo/A1303/A130301/13001169/">타베로그</a>]]></description>
<Point><coordinates>139.702785,35.66047,0</coordinates></Point></Placemark>
<Placemark><name>胡桃堂喫茶店</name>
<description><![CDATA[킷사텐 백명점 2026<br/>타베로그 3.7 · 리뷰 699<br/>国分寺구 · 国分寺駅<br/><a href="https://tabelog.com/tokyo/A1325/A132502/13206891/">타베로그</a>]]></description>
<Point><coordinates>139.48357,35.701597,0</coordinates></Point></Placemark>
<Placemark><name>茶房 武蔵野文庫</name>
<description><![CDATA[킷사텐 백명점 2026<br/>타베로그 3.7 · 리뷰 1132<br/>武蔵野구 · 吉祥寺駅<br/><a href="https://tabelog.com/tokyo/A1320/A132001/13005823/">타베로그</a>]]></description>
<Point><coordinates>139.576903,35.705142,0</coordinates></Point></Placemark>
<Placemark><name>珈琲 王城</name>
<description><![CDATA[킷사텐 백명점 2026<br/>타베로그 3.64 · 리뷰 1414<br/>다이토구 · 京成上野駅<br/><a href="https://tabelog.com/tokyo/A1311/A131101/13016735/">타베로그</a>]]></description>
<Point><coordinates>139.775869,35.710037,0</coordinates></Point></Placemark>
<Placemark><name>ヘッケルン</name>
<description><![CDATA[킷사텐 백명점 2026<br/>타베로그 3.68 · 리뷰 915<br/>미나토구 · 虎ノ門駅<br/><a href="https://tabelog.com/tokyo/A1308/A130802/13057178/">타베로그</a>]]></description>
<Point><coordinates>139.752181,35.667874,0</coordinates></Point></Placemark>
<Placemark><name>さぼうる</name>
<description><![CDATA[킷사텐 백명점 2026<br/>타베로그 3.7 · 리뷰 1754<br/>지요다구 · 神保町駅<br/><a href="https://tabelog.com/tokyo/A1310/A131003/13000609/">타베로그</a>]]></description>
<Point><coordinates>139.758603,35.69557,0</coordinates></Point></Placemark>
<Placemark><name>珈琲舎 蔵</name>
<description><![CDATA[킷사텐 백명점 2026<br/>타베로그 3.72 · 리뷰 755<br/>지요다구 · 神保町駅<br/><a href="https://tabelog.com/tokyo/A1310/A131003/13011597/">타베로그</a>]]></description>
<Point><coordinates>139.759347,35.697096,0</coordinates></Point></Placemark>
<Placemark><name>DEN</name>
<description><![CDATA[킷사텐 백명점 2026<br/>타베로그 3.68 · 리뷰 979<br/>다이토구 · 鶯谷駅<br/><a href="https://tabelog.com/tokyo/A1311/A131104/13041212/">타베로그</a>]]></description>
<Point><coordinates>139.781472,35.722175,0</coordinates></Point></Placemark>
<Placemark><name>ロッジ赤石</name>
<description><![CDATA[킷사텐 백명점 2026<br/>타베로그 3.7 · 리뷰 1203<br/>다이토구 · 浅草（つくばＥＸＰ）駅<br/><a href="https://tabelog.com/tokyo/A1311/A131102/13058004/">타베로그</a>]]></description>
<Point><coordinates>139.795121,35.71701,0</coordinates></Point></Placemark>
<Placemark><name>古瀬戸珈琲店</name>
<description><![CDATA[킷사텐 백명점 2026<br/>타베로그 3.73 · 리뷰 1071<br/>지요다구 · 神保町駅<br/><a href="https://tabelog.com/tokyo/A1310/A131002/13006272/">타베로그</a>]]></description>
<Point><coordinates>139.761327,35.696155,0</coordinates></Point></Placemark>
<Placemark><name>ローヤル珈琲店 本店</name>
<description><![CDATA[킷사텐 백명점 2026<br/>타베로그 3.68 · 리뷰 1053<br/>다이토구 · 浅草（つくばＥＸＰ）駅<br/><a href="https://tabelog.com/tokyo/A1311/A131102/13008614/">타베로그</a>]]></description>
<Point><coordinates>139.794395,35.71271,0</coordinates></Point></Placemark>
<Placemark><name>ピノキオ</name>
<description><![CDATA[킷사텐 백명점 2026<br/>타베로그 3.69 · 리뷰 1033<br/>이타바시구 · 大山駅<br/><a href="https://tabelog.com/tokyo/A1322/A132203/13088456/">타베로그</a>]]></description>
<Point><coordinates>139.706869,35.744781,0</coordinates></Point></Placemark>
<Placemark><name>YOU</name>
<description><![CDATA[킷사텐 백명점 2026<br/>타베로그 3.73 · 리뷰 3656<br/>주오구 · 東銀座駅<br/><a href="https://tabelog.com/tokyo/A1301/A130101/13002318/">타베로그</a>]]></description>
<Point><coordinates>139.768667,35.669473,0</coordinates></Point></Placemark>
<Placemark><name>珈琲 天国</name>
<description><![CDATA[킷사텐 백명점 2026<br/>타베로그 3.64 · 리뷰 1012<br/>다이토구 · 浅草（つくばＥＸＰ）駅<br/><a href="https://tabelog.com/tokyo/A1311/A131102/13025425/">타베로그</a>]]></description>
<Point><coordinates>139.794135,35.713046,0</coordinates></Point></Placemark>
<Placemark><name>珈琲専門店 トミィ</name>
<description><![CDATA[킷사텐 백명점 2026<br/>타베로그 3.67 · 리뷰 711<br/>스미다구 · 錦糸町駅<br/><a href="https://tabelog.com/tokyo/A1312/A131201/13007983/">타베로그</a>]]></description>
<Point><coordinates>139.812513,35.698805,0</coordinates></Point></Placemark>
<Placemark><name>トリコロール 本店</name>
<description><![CDATA[킷사텐 백명점 2026<br/>타베로그 3.75 · 리뷰 2190<br/>주오구 · 東銀座駅<br/><a href="https://tabelog.com/tokyo/A1301/A130101/13007761/">타베로그</a>]]></description>
<Point><coordinates>139.765069,35.670223,0</coordinates></Point></Placemark>
<Placemark><name>珈琲亭 ルアン</name>
<description><![CDATA[킷사텐 백명점 2026<br/>타베로그 3.71 · 리뷰 1047<br/>오타구 · 大森駅<br/><a href="https://tabelog.com/tokyo/A1315/A131502/13008294/">타베로그</a>]]></description>
<Point><coordinates>139.726797,35.586113,0</coordinates></Point></Placemark>
<Placemark><name>珈琲貴族エジンバラ</name>
<description><![CDATA[킷사텐 백명점 2026<br/>타베로그 3.72 · 리뷰 1810<br/>신주쿠구 · 新宿三丁目駅<br/><a href="https://tabelog.com/tokyo/A1304/A130401/13017217/">타베로그</a>]]></description>
<Point><coordinates>139.706297,35.69051,0</coordinates></Point></Placemark>
<Placemark><name>シビタス</name>
<description><![CDATA[킷사텐 백명점 2026<br/>타베로그 3.73 · 리뷰 1270<br/>오타구 · 蒲田駅<br/><a href="https://tabelog.com/tokyo/A1315/A131503/13045798/">타베로그</a>]]></description>
<Point><coordinates>139.715438,35.561849,0</coordinates></Point></Placemark>
<Placemark><name>カフェ・ド・ランブル</name>
<description><![CDATA[킷사텐 백명점 2026<br/>타베로그 3.77 · 리뷰 1275<br/>주오구 · 新橋駅<br/><a href="https://tabelog.com/tokyo/A1301/A130103/13002564/">타베로그</a>]]></description>
<Point><coordinates>139.762307,35.667931,0</coordinates></Point></Placemark>
<Placemark><name>みやざわ</name>
<description><![CDATA[킷사텐 백명점 2026<br/>타베로그 3.68 · 리뷰 1039<br/>주오구 · 新橋駅<br/><a href="https://tabelog.com/tokyo/A1301/A130103/13024142/">타베로그</a>]]></description>
<Point><coordinates>139.760489,35.669237,0</coordinates></Point></Placemark>
<Placemark><name>七つ森</name>
<description><![CDATA[킷사텐 백명점 2026<br/>타베로그 3.66 · 리뷰 650<br/>스기나미구 · 新高円寺駅<br/><a href="https://tabelog.com/tokyo/A1319/A131904/13000675/">타베로그</a>]]></description>
<Point><coordinates>139.64745,35.700147,0</coordinates></Point></Placemark>
<Placemark><name>高山珈琲</name>
<description><![CDATA[킷사텐 백명점 2026<br/>타베로그 3.76 · 리뷰 985<br/>지요다구 · 淡路町駅<br/><a href="https://tabelog.com/tokyo/A1310/A131002/13011257/">타베로그</a>]]></description>
<Point><coordinates>139.769695,35.695365,0</coordinates></Point></Placemark>
<Placemark><name>小野珈琲</name>
<description><![CDATA[킷사텐 백명점 2026<br/>타베로그 3.63 · 리뷰 793<br/>고토구 · 森下駅<br/><a href="https://tabelog.com/tokyo/A1312/A131201/13074345/">타베로그</a>]]></description>
<Point><coordinates>139.798624,35.687914,0</coordinates></Point></Placemark>
<Placemark><name>エピタフカレー</name>
<description><![CDATA[카레 백명점 2026<br/>타베로그 3.75 · 리뷰 1468<br/>신주쿠구 · 新宿三丁目駅<br/><a href="https://tabelog.com/tokyo/A1304/A130401/13246903/">타베로그</a>]]></description>
<Point><coordinates>139.706034,35.691068,0</coordinates></Point></Placemark>
<Placemark><name>けらら</name>
<description><![CDATA[카레 백명점 2026<br/>타베로그 3.74 · 리뷰 736<br/>신주쿠구 · 新宿御苑前駅<br/><a href="https://tabelog.com/tokyo/A1304/A130402/13006680/">타베로그</a>]]></description>
<Point><coordinates>139.712619,35.69173,0</coordinates></Point></Placemark>
<Placemark><name>スパイシーカリーハウス半月</name>
<description><![CDATA[카레 백명점 2026<br/>타베로그 3.79 · 리뷰 1607<br/>신주쿠구 · 西武新宿駅<br/><a href="https://tabelog.com/tokyo/A1304/A130401/13211678/">타베로그</a>]]></description>
<Point><coordinates>139.697932,35.697845,0</coordinates></Point></Placemark>
<Placemark><name>カレーノトリコ</name>
<description><![CDATA[카레 백명점 2026<br/>타베로그 3.76 · 리뷰 1737<br/>지요다구 · 神田駅<br/><a href="https://tabelog.com/tokyo/A1310/A131002/13224725/">타베로그</a>]]></description>
<Point><coordinates>139.76989,35.693909,0</coordinates></Point></Placemark>
<Placemark><name>みのりんご</name>
<description><![CDATA[카레 백명점 2026<br/>타베로그 3.73 · 리뷰 1930<br/>시부야구 · 原宿駅<br/><a href="https://tabelog.com/tokyo/A1306/A130601/13108716/">타베로그</a>]]></description>
<Point><coordinates>139.703539,35.672528,0</coordinates></Point></Placemark>
<Placemark><name>タケウチ 神保町本店</name>
<description><![CDATA[카레 백명점 2026<br/>타베로그 3.85 · 리뷰 1243<br/>지요다구 · 神保町駅<br/><a href="https://tabelog.com/tokyo/A1310/A131003/13160882/">타베로그</a>]]></description>
<Point><coordinates>139.759532,35.696803,0</coordinates></Point></Placemark>
<Placemark><name>スープカレー カムイ</name>
<description><![CDATA[카레 백명점 2026<br/>타베로그 3.74 · 리뷰 946<br/>지요다구 · 岩本町駅<br/><a href="https://tabelog.com/tokyo/A1310/A131002/13121713/">타베로그</a>]]></description>
<Point><coordinates>139.771694,35.69592,0</coordinates></Point></Placemark>
<Placemark><name>ガヴィアル</name>
<description><![CDATA[카레 백명점 2026<br/>타베로그 3.76 · 리뷰 3528<br/>지요다구 · 神保町駅<br/><a href="https://tabelog.com/tokyo/A1310/A131003/13000358/">타베로그</a>]]></description>
<Point><coordinates>139.758448,35.695749,0</coordinates></Point></Placemark>
<Placemark><name>エチオピアカリーキッチン 高田馬場店</name>
<description><![CDATA[카레 백명점 2026<br/>타베로그 3.75 · 리뷰 976<br/>신주쿠구 · 面影橋駅<br/><a href="https://tabelog.com/tokyo/A1305/A130503/13006165/">타베로그</a>]]></description>
<Point><coordinates>139.710446,35.711534,0</coordinates></Point></Placemark>
<Placemark><name>きんもち</name>
<description><![CDATA[카레 백명점 2026<br/>타베로그 3.74 · 리뷰 769<br/>신주쿠구 · 初台駅<br/><a href="https://tabelog.com/tokyo/A1318/A131807/13009223/">타베로그</a>]]></description>
<Point><coordinates>139.689768,35.685108,0</coordinates></Point></Placemark>
<Placemark><name>ホンカトリー</name>
<description><![CDATA[카레 백명점 2026<br/>타베로그 3.84 · 리뷰 932<br/>분쿄구 · 御茶ノ水駅<br/><a href="https://tabelog.com/tokyo/A1310/A131002/13210157/">타베로그</a>]]></description>
<Point><coordinates>139.765397,35.704166,0</coordinates></Point></Placemark>
<Placemark><name>月と亀</name>
<description><![CDATA[카레 백명점 2026<br/>타베로그 3.87 · 리뷰 862<br/>고토구 · 森下駅<br/><a href="https://tabelog.com/tokyo/A1312/A131201/13262828/">타베로그</a>]]></description>
<Point><coordinates>139.795661,35.687695,0</coordinates></Point></Placemark>
<Placemark><name>カレーの店 プーさん</name>
<description><![CDATA[카레 백명점 2026<br/>타베로그 3.73 · 리뷰 1495<br/>小金井구 · 武蔵小金井駅<br/><a href="https://tabelog.com/tokyo/A1325/A132501/13005962/">타베로그</a>]]></description>
<Point><coordinates>139.506176,35.698312,0</coordinates></Point></Placemark>
<Placemark><name>かれーの店 うどん</name>
<description><![CDATA[카레 백명점 2026<br/>타베로그 3.72 · 리뷰 1467<br/>시나가와구 · 大崎広小路駅<br/><a href="https://tabelog.com/tokyo/A1316/A131603/13004531/">타베로그</a>]]></description>
<Point><coordinates>139.719779,35.624862,0</coordinates></Point></Placemark>
<Placemark><name>&amp;amp;スリランカTOKYO</name>
<description><![CDATA[카레 백명점 2026<br/>타베로그 3.75 · 리뷰 1382<br/>지요다구 · 神保町駅<br/><a href="https://tabelog.com/tokyo/A1310/A131003/13276047/">타베로그</a>]]></description>
<Point><coordinates>139.757166,35.698223,0</coordinates></Point></Placemark>
<Placemark><name>ガネー舎</name>
<description><![CDATA[카레 백명점 2026<br/>타베로그 3.73 · 리뷰 1298<br/>미나토구 · 汐留駅<br/><a href="https://tabelog.com/tokyo/A1301/A130103/13001507/">타베로그</a>]]></description>
<Point><coordinates>139.756886,35.663198,0</coordinates></Point></Placemark>
<Placemark><name>トマト</name>
<description><![CDATA[카레 백명점 2026<br/>타베로그 4.25 · 리뷰 2805<br/>스기나미구 · 荻窪駅<br/><a href="https://tabelog.com/tokyo/A1319/A131906/13001113/">타베로그</a>]]></description>
<Point><coordinates>139.619742,35.702478,0</coordinates></Point></Placemark>
<Placemark><name>プネウマカレー</name>
<description><![CDATA[카레 백명점 2026<br/>타베로그 3.72 · 리뷰 735<br/>신주쿠구 · 高田馬場駅<br/><a href="https://tabelog.com/tokyo/A1305/A130503/13210644/">타베로그</a>]]></description>
<Point><coordinates>139.706717,35.71189,0</coordinates></Point></Placemark>
<Placemark><name>ジャパニーズスパイスカレー カリッシュ</name>
<description><![CDATA[카레 백명점 2026<br/>타베로그 3.74 · 리뷰 834<br/>주오구 · 茅場町駅<br/><a href="https://tabelog.com/tokyo/A1302/A130203/13020472/">타베로그</a>]]></description>
<Point><coordinates>139.782755,35.677261,0</coordinates></Point></Placemark>
<Placemark><name>BLAKES for JOURNEY</name>
<description><![CDATA[카레 백명점 2026<br/>타베로그 3.72 · 리뷰 556<br/>시부야구 · 北参道駅<br/><a href="https://tabelog.com/tokyo/A1306/A130601/13195491/">타베로그</a>]]></description>
<Point><coordinates>139.711239,35.674503,0</coordinates></Point></Placemark>
<Placemark><name>３丁目のカレー屋さん</name>
<description><![CDATA[카레 백명점 2026<br/>타베로그 3.77 · 리뷰 2191<br/>주오구 · 宝町駅<br/><a href="https://tabelog.com/tokyo/A1302/A130202/13025962/">타베로그</a>]]></description>
<Point><coordinates>139.77078,35.674919,0</coordinates></Point></Placemark>
<Placemark><name>スープカレー屋 鴻 神田駿河台店</name>
<description><![CDATA[카레 백명점 2026<br/>타베로그 3.78 · 리뷰 1954<br/>지요다구 · 神保町駅<br/><a href="https://tabelog.com/tokyo/A1310/A131003/13040204/">타베로그</a>]]></description>
<Point><coordinates>139.761372,35.696339,0</coordinates></Point></Placemark>
<Placemark><name>Curry Spice Gelateria KALPASI</name>
<description><![CDATA[카레 백명점 2026<br/>타베로그 3.83 · 리뷰 2045<br/>세타가야구 · 下北沢駅<br/><a href="https://tabelog.com/tokyo/A1318/A131802/13247887/">타베로그</a>]]></description>
<Point><coordinates>139.668101,35.660917,0</coordinates></Point></Placemark>
<Placemark><name>ホットスプーン 五反田店</name>
<description><![CDATA[카레 백명점 2026<br/>타베로그 3.76 · 리뷰 2704<br/>시나가와구 · 五反田駅<br/><a href="https://tabelog.com/tokyo/A1316/A131603/13024328/">타베로그</a>]]></description>
<Point><coordinates>139.725466,35.6259,0</coordinates></Point></Placemark>
<Placemark><name>ホットスプーン 西新宿店</name>
<description><![CDATA[카레 백명점 2026<br/>타베로그 3.71 · 리뷰 1400<br/>신주쿠구 · 新宿駅<br/><a href="https://tabelog.com/tokyo/A1304/A130401/13198942/">타베로그</a>]]></description>
<Point><coordinates>139.697151,35.689538,0</coordinates></Point></Placemark>
<Placemark><name>ヘンドリクス カリー バー</name>
<description><![CDATA[카레 백명점 2026<br/>타베로그 3.77 · 리뷰 1035<br/>시부야구 · 国立競技場駅<br/><a href="https://tabelog.com/tokyo/A1309/A130901/13007422/">타베로그</a>]]></description>
<Point><coordinates>139.71251,35.674855,0</coordinates></Point></Placemark>
<Placemark><name>イエローカンパニー 恵比寿本店</name>
<description><![CDATA[카레 백명점 2026<br/>타베로그 3.72 · 리뷰 1520<br/>시부야구 · 恵比寿駅<br/><a href="https://tabelog.com/tokyo/A1303/A130302/13014312/">타베로그</a>]]></description>
<Point><coordinates>139.709451,35.651384,0</coordinates></Point></Placemark>
<Placemark><name>ライスカレー まんてん</name>
<description><![CDATA[카레 백명점 2026<br/>타베로그 3.73 · 리뷰 2909<br/>지요다구 · 神保町駅<br/><a href="https://tabelog.com/tokyo/A1310/A131003/13000603/">타베로그</a>]]></description>
<Point><coordinates>139.757641,35.698314,0</coordinates></Point></Placemark>
<Placemark><name>スマトラカレー 共栄堂</name>
<description><![CDATA[카레 백명점 2026<br/>타베로그 3.72 · 리뷰 3597<br/>지요다구 · 神保町駅<br/><a href="https://tabelog.com/tokyo/A1310/A131003/13000596/">타베로그</a>]]></description>
<Point><coordinates>139.759367,35.69621,0</coordinates></Point></Placemark>
<Placemark><name>カリガリ 秋葉原</name>
<description><![CDATA[카레 백명점 2026<br/>타베로그 3.77 · 리뷰 2062<br/>지요다구 · 末広町駅<br/><a href="https://tabelog.com/tokyo/A1311/A131101/13178599/">타베로그</a>]]></description>
<Point><coordinates>139.77003,35.702839,0</coordinates></Point></Placemark>
<Placemark><name>東京らっきょブラザーズ</name>
<description><![CDATA[카레 백명점 2026<br/>타베로그 3.71 · 리뷰 1334<br/>신주쿠구 · 早稲田（メトロ）駅<br/><a href="https://tabelog.com/tokyo/A1305/A130504/13040401/">타베로그</a>]]></description>
<Point><coordinates>139.720295,35.706262,0</coordinates></Point></Placemark>
<Placemark><name>カレーショップ初恋</name>
<description><![CDATA[카레 백명점 2026<br/>타베로그 3.76 · 리뷰 1744<br/>시부야구 · 神泉駅<br/><a href="https://tabelog.com/tokyo/A1303/A130301/13240190/">타베로그</a>]]></description>
<Point><coordinates>139.69675,35.657108,0</coordinates></Point></Placemark>
<Placemark><name>ヒナタ屋</name>
<description><![CDATA[카레 백명점 2026<br/>타베로그 3.77 · 리뷰 875<br/>지요다구 · 神保町駅<br/><a href="https://tabelog.com/tokyo/A1310/A131002/13057210/">타베로그</a>]]></description>
<Point><coordinates>139.761454,35.696465,0</coordinates></Point></Placemark>
<Placemark><name>カレー屋ばんび</name>
<description><![CDATA[카레 백명점 2026<br/>타베로그 3.73 · 리뷰 978<br/>지요다구 · 神保町駅<br/><a href="https://tabelog.com/tokyo/A1310/A131003/13245356/">타베로그</a>]]></description>
<Point><coordinates>139.761259,35.696381,0</coordinates></Point></Placemark>
<Placemark><name>トプカ 神田本店</name>
<description><![CDATA[카레 백명점 2026<br/>타베로그 3.79 · 리뷰 2722<br/>지요다구 · 淡路町駅<br/><a href="https://tabelog.com/tokyo/A1310/A131002/13000377/">타베로그</a>]]></description>
<Point><coordinates>139.769191,35.69629,0</coordinates></Point></Placemark>
<Placemark><name>FISH 丸の内店</name>
<description><![CDATA[카레 백명점 2026<br/>타베로그 3.71 · 리뷰 1149<br/>지요다구 · 大手町駅<br/><a href="https://tabelog.com/tokyo/A1302/A130201/13248971/">타베로그</a>]]></description>
<Point><coordinates>139.766712,35.684073,0</coordinates></Point></Placemark>
<Placemark><name>とんかつ檍のカレー屋 いっぺこっぺ 蒲田本店</name>
<description><![CDATA[카레 백명점 2026<br/>타베로그 3.74 · 리뷰 2130<br/>오타구 · 蒲田駅<br/><a href="https://tabelog.com/tokyo/A1315/A131503/13178494/">타베로그</a>]]></description>
<Point><coordinates>139.717026,35.560464,0</coordinates></Point></Placemark>
<Placemark><name>ポークビンダルー食べる副大統領</name>
<description><![CDATA[카레 백명점 2026<br/>타베로그 3.77 · 리뷰 1117<br/>시부야구 · 神泉駅<br/><a href="https://tabelog.com/tokyo/A1303/A130301/13235448/">타베로그</a>]]></description>
<Point><coordinates>139.695327,35.662686,0</coordinates></Point></Placemark>
<Placemark><name>フレンチカレー スプーン</name>
<description><![CDATA[카레 백명점 2026<br/>타베로그 3.74 · 리뷰 1497<br/>스기나미구 · 西荻窪駅<br/><a href="https://tabelog.com/tokyo/A1319/A131907/13093699/">타베로그</a>]]></description>
<Point><coordinates>139.599692,35.70274,0</coordinates></Point></Placemark>
<Placemark><name>カリーライス専門店エチオピア 本店</name>
<description><![CDATA[카레 백명점 2026<br/>타베로그 3.75 · 리뷰 4768<br/>지요다구 · 神保町駅<br/><a href="https://tabelog.com/tokyo/A1310/A131003/13000638/">타베로그</a>]]></description>
<Point><coordinates>139.761413,35.696373,0</coordinates></Point></Placemark>
<Placemark><name>レインボウスパイス</name>
<description><![CDATA[카레 백명점 2026<br/>타베로그 3.76 · 리뷰 2100<br/>立川구 · 立川駅<br/><a href="https://tabelog.com/tokyo/A1329/A132901/13147181/">타베로그</a>]]></description>
<Point><coordinates>139.41425,35.696969,0</coordinates></Point></Placemark>
<Placemark><name>火星カレー</name>
<description><![CDATA[카레 백명점 2026<br/>타베로그 3.71 · 리뷰 1664<br/>도시마구 · 池袋駅<br/><a href="https://tabelog.com/tokyo/A1305/A130501/13170490/">타베로그</a>]]></description>
<Point><coordinates>139.707218,35.730649,0</coordinates></Point></Placemark>
<Placemark><name>本石亭</name>
<description><![CDATA[카레 백명점 2026<br/>타베로그 3.82 · 리뷰 1227<br/>주오구 · 新日本橋駅<br/><a href="https://tabelog.com/tokyo/A1302/A130202/13046781/">타베로그</a>]]></description>
<Point><coordinates>139.770981,35.688666,0</coordinates></Point></Placemark>
<Placemark><name>ロダン</name>
<description><![CDATA[카레 백명점 2026<br/>타베로그 3.78 · 리뷰 2601<br/>주오구 · 宝町駅<br/><a href="https://tabelog.com/tokyo/A1302/A130203/13048485/">타베로그</a>]]></description>
<Point><coordinates>139.774843,35.675643,0</coordinates></Point></Placemark>
<Placemark><name>カレーライス専門店 ブラザー</name>
<description><![CDATA[카레 백명점 2026<br/>타베로그 3.81 · 리뷰 1974<br/>신주쿠구 · 高田馬場駅<br/><a href="https://tabelog.com/tokyo/A1305/A130503/13212319/">타베로그</a>]]></description>
<Point><coordinates>139.704358,35.713888,0</coordinates></Point></Placemark>
<Placemark><name>ブラウニー</name>
<description><![CDATA[카레 백명점 2026<br/>타베로그 3.75 · 리뷰 973<br/>지요다구 · 末広町駅<br/><a href="https://tabelog.com/tokyo/A1311/A131101/13006343/">타베로그</a>]]></description>
<Point><coordinates>139.770496,35.702849,0</coordinates></Point></Placemark>
<Placemark><name>Kalpasi</name>
<description><![CDATA[카레 백명점 2026<br/>타베로그 3.89 · 리뷰 494<br/>세타가야구 · 千歳船橋駅<br/><a href="https://tabelog.com/tokyo/A1318/A131813/13202529/">타베로그</a>]]></description>
<Point><coordinates>139.628575,35.646861,0</coordinates></Point></Placemark>
<Placemark><name>プティフ・ア・ラ・カンパーニュ</name>
<description><![CDATA[카레 백명점 2026<br/>타베로그 3.74 · 리뷰 1357<br/>지요다구 · 半蔵門駅<br/><a href="https://tabelog.com/tokyo/A1308/A130803/13000254/">타베로그</a>]]></description>
<Point><coordinates>139.740642,35.68708,0</coordinates></Point></Placemark>
<Placemark><name>欧風カレー ソレイユ</name>
<description><![CDATA[카레 백명점 2026<br/>타베로그 3.73 · 리뷰 882<br/>지요다구 · 麹町駅<br/><a href="https://tabelog.com/tokyo/A1309/A130904/13164006/">타베로그</a>]]></description>
<Point><coordinates>139.738725,35.686028,0</coordinates></Point></Placemark>
<Placemark><name>創作カレー MANOS</name>
<description><![CDATA[카레 백명점 2026<br/>타베로그 3.82 · 리뷰 672<br/>세타가야구 · 西太子堂駅<br/><a href="https://tabelog.com/tokyo/A1317/A131706/13237789/">타베로그</a>]]></description>
<Point><coordinates>139.668632,35.64836,0</coordinates></Point></Placemark>
<Placemark><name>般゜若 PANNYA CAFE CURRY</name>
<description><![CDATA[카레 백명점 2026<br/>타베로그 3.72 · 리뷰 1443<br/>세타가야구 · 下北沢駅<br/><a href="https://tabelog.com/tokyo/A1318/A131802/13215255/">타베로그</a>]]></description>
<Point><coordinates>139.668836,35.663034,0</coordinates></Point></Placemark>
<Placemark><name>シターラ 青山店</name>
<description><![CDATA[카레 백명점 2026<br/>타베로그 3.72 · 리뷰 1398<br/>미나토구 · 表参道駅<br/><a href="https://tabelog.com/tokyo/A1306/A130602/13009705/">타베로그</a>]]></description>
<Point><coordinates>139.712853,35.662311,0</coordinates></Point></Placemark>
<Placemark><name>アッチャカーナ</name>
<description><![CDATA[카레 백명점 2026<br/>타베로그 3.72 · 리뷰 1412<br/>세타가야구 · 二子玉川駅<br/><a href="https://tabelog.com/tokyo/A1317/A131708/13003136/">타베로그</a>]]></description>
<Point><coordinates>139.626684,35.614765,0</coordinates></Point></Placemark>
<Placemark><name>カリカル 新橋本店</name>
<description><![CDATA[카레 백명점 2026<br/>타베로그 3.73 · 리뷰 3059<br/>미나토구 · 新橋駅<br/><a href="https://tabelog.com/tokyo/A1301/A130103/13013413/">타베로그</a>]]></description>
<Point><coordinates>139.75934,35.666466,0</coordinates></Point></Placemark>
<Placemark><name>葡萄舎</name>
<description><![CDATA[카레 백명점 2026<br/>타베로그 3.76 · 리뷰 1019<br/>지요다구 · 神田駅<br/><a href="https://tabelog.com/tokyo/A1310/A131002/13036906/">타베로그</a>]]></description>
<Point><coordinates>139.770801,35.689858,0</coordinates></Point></Placemark>
<Placemark><name>CURRY SHOP くじら 高円寺</name>
<description><![CDATA[카레 백명점 2026<br/>타베로그 3.76 · 리뷰 1445<br/>스기나미구 · 高円寺駅<br/><a href="https://tabelog.com/tokyo/A1319/A131904/13149528/">타베로그</a>]]></description>
<Point><coordinates>139.649165,35.706097,0</coordinates></Point></Placemark>
<Placemark><name>ラッフルズ カリー</name>
<description><![CDATA[카레 백명점 2026<br/>타베로그 3.74 · 리뷰 906<br/>다이토구 · 仲御徒町駅<br/><a href="https://tabelog.com/tokyo/A1311/A131101/13033116/">타베로그</a>]]></description>
<Point><coordinates>139.778295,35.707324,0</coordinates></Point></Placemark>
<Placemark><name>酒とスパイス マツコ</name>
<description><![CDATA[카레 백명점 2026<br/>타베로그 3.83 · 리뷰 422<br/>주오구 · 日本橋駅<br/><a href="https://tabelog.com/tokyo/A1302/A130202/13249791/">타베로그</a>]]></description>
<Point><coordinates>139.772507,35.681922,0</coordinates></Point></Placemark>
<Placemark><name>スパイスパレット</name>
<description><![CDATA[카레 백명점 2026<br/>타베로그 3.78 · 리뷰 1042<br/>지요다구 · 秋葉原駅<br/><a href="https://tabelog.com/tokyo/A1311/A131101/13240357/">타베로그</a>]]></description>
<Point><coordinates>139.775854,35.700885,0</coordinates></Point></Placemark>
<Placemark><name>ストーン</name>
<description><![CDATA[카레 백명점 2026<br/>타베로그 3.73 · 리뷰 1677<br/>다이토구 · 浅草橋駅<br/><a href="https://tabelog.com/tokyo/A1311/A131103/13031461/">타베로그</a>]]></description>
<Point><coordinates>139.78547,35.697133,0</coordinates></Point></Placemark>
<Placemark><name>まめ蔵</name>
<description><![CDATA[카레 백명점 2026<br/>타베로그 3.74 · 리뷰 2314<br/>武蔵野구 · 吉祥寺駅<br/><a href="https://tabelog.com/tokyo/A1320/A132001/13005789/">타베로그</a>]]></description>
<Point><coordinates>139.575886,35.704445,0</coordinates></Point></Placemark>
<Placemark><name>タイカリーピキヌー</name>
<description><![CDATA[카레 백명점 2026<br/>타베로그 3.71 · 리뷰 869<br/>세타가야구 · 駒沢大学駅<br/><a href="https://tabelog.com/tokyo/A1317/A131707/13001446/">타베로그</a>]]></description>
<Point><coordinates>139.660729,35.632384,0</coordinates></Point></Placemark>
<Placemark><name>チャントーヤ ココナッツカリー</name>
<description><![CDATA[카레 백명점 2026<br/>타베로그 3.78 · 리뷰 1467<br/>지요다구 · 新御茶ノ水駅<br/><a href="https://tabelog.com/tokyo/A1310/A131002/13131134/">타베로그</a>]]></description>
<Point><coordinates>139.762944,35.696203,0</coordinates></Point></Placemark>
<Placemark><name>ホールスパイスカレー青藍</name>
<description><![CDATA[카레 백명점 2026<br/>타베로그 3.78 · 리뷰 1468<br/>스기나미구 · 高円寺駅<br/><a href="https://tabelog.com/tokyo/A1319/A131904/13215450/">타베로그</a>]]></description>
<Point><coordinates>139.64993,35.70943,0</coordinates></Point></Placemark>
<Placemark><name>スパイシーカリーハウス 銀座半月</name>
<description><![CDATA[카레 백명점 2026<br/>타베로그 3.75 · 리뷰 2560<br/>주오구 · 銀座駅<br/><a href="https://tabelog.com/tokyo/A1301/A130101/13246897/">타베로그</a>]]></description>
<Point><coordinates>139.761262,35.671269,0</coordinates></Point></Placemark>
<Placemark><name>東京ボンベイ 恵比寿本店</name>
<description><![CDATA[카레 백명점 2026<br/>타베로그 3.76 · 리뷰 1374<br/>시부야구 · 恵比寿駅<br/><a href="https://tabelog.com/tokyo/A1303/A130302/13221284/">타베로그</a>]]></description>
<Point><coordinates>139.711673,35.6434,0</coordinates></Point></Placemark>
<Placemark><name>旧ヤム邸  シモキタ荘</name>
<description><![CDATA[카레 백명점 2026<br/>타베로그 3.81 · 리뷰 2226<br/>세타가야구 · 下北沢駅<br/><a href="https://tabelog.com/tokyo/A1318/A131802/13211142/">타베로그</a>]]></description>
<Point><coordinates>139.667074,35.658426,0</coordinates></Point></Placemark>
<Placemark><name>ムルギー</name>
<description><![CDATA[카레 백명점 2026<br/>타베로그 3.75 · 리뷰 2408<br/>시부야구 · 神泉駅<br/><a href="https://tabelog.com/tokyo/A1303/A130301/13001732/">타베로그</a>]]></description>
<Point><coordinates>139.69659,35.658979,0</coordinates></Point></Placemark>
<Placemark><name>ジャパニーズ スパイス カリー ワッカ</name>
<description><![CDATA[카레 백명점 2026<br/>타베로그 3.8 · 리뷰 1467<br/>주오구 · 八丁堀駅<br/><a href="https://tabelog.com/tokyo/A1302/A130203/13254664/">타베로그</a>]]></description>
<Point><coordinates>139.776253,35.675887,0</coordinates></Point></Placemark>
<Placemark><name>Spice Bar モンカリー</name>
<description><![CDATA[카레 백명점 2026<br/>타베로그 3.84 · 리뷰 440<br/>신주쿠구 · 大久保駅<br/><a href="https://tabelog.com/tokyo/A1304/A130404/13277319/">타베로그</a>]]></description>
<Point><coordinates>139.696112,35.69822,0</coordinates></Point></Placemark>
<Placemark><name>パンチマハル</name>
<description><![CDATA[카레 백명점 2026<br/>타베로그 3.78 · 리뷰 1082<br/>지요다구 · 神保町駅<br/><a href="https://tabelog.com/tokyo/A1310/A131003/13026681/">타베로그</a>]]></description>
<Point><coordinates>139.758267,35.698806,0</coordinates></Point></Placemark>
<Placemark><name>SPICECURRY KERAKU</name>
<description><![CDATA[카레 백명점 2026<br/>타베로그 3.71 · 리뷰 1028<br/>시나가와구 · 目黒駅<br/><a href="https://tabelog.com/tokyo/A1316/A131601/13247708/">타베로그</a>]]></description>
<Point><coordinates>139.717639,35.633802,0</coordinates></Point></Placemark>
<Placemark><name>東京ドミニカ</name>
<description><![CDATA[카레 백명점 2026<br/>타베로그 3.72 · 리뷰 2150<br/>신주쿠구 · 新宿三丁目駅<br/><a href="https://tabelog.com/tokyo/A1304/A130401/13124113/">타베로그</a>]]></description>
<Point><coordinates>139.704378,35.69053,0</coordinates></Point></Placemark>
<Placemark><name>キッチン アンド カリー</name>
<description><![CDATA[카레 백명점 2026<br/>타베로그 3.81 · 리뷰 626<br/>세타가야구 · 新代田駅<br/><a href="https://tabelog.com/tokyo/A1318/A131803/13224066/">타베로그</a>]]></description>
<Point><coordinates>139.658578,35.663907,0</coordinates></Point></Placemark>
<Placemark><name>negombo33 高円寺</name>
<description><![CDATA[카레 백명점 2026<br/>타베로그 3.77 · 리뷰 974<br/>스기나미구 · 高円寺駅<br/><a href="https://tabelog.com/tokyo/A1319/A131904/13228221/">타베로그</a>]]></description>
<Point><coordinates>139.650906,35.704678,0</coordinates></Point></Placemark>
<Placemark><name>かえる食堂</name>
<description><![CDATA[카레 백명점 2026<br/>타베로그 3.73 · 리뷰 1060<br/>도시마구 · 要町駅<br/><a href="https://tabelog.com/tokyo/A1322/A132202/13030312/">타베로그</a>]]></description>
<Point><coordinates>139.702954,35.733818,0</coordinates></Point></Placemark>
<Placemark><name>東新宿 サンラサー</name>
<description><![CDATA[카레 백명점 2026<br/>타베로그 3.72 · 리뷰 559<br/>신주쿠구 · 東新宿駅<br/><a href="https://tabelog.com/tokyo/A1304/A130401/13215551/">타베로그</a>]]></description>
<Point><coordinates>139.707511,35.69505,0</coordinates></Point></Placemark>
<Placemark><name>ジンコック</name>
<description><![CDATA[카레 백명점 2026<br/>타베로그 3.79 · 리뷰 1200<br/>지요다구 · 淡路町駅<br/><a href="https://tabelog.com/tokyo/A1310/A131002/13102075/">타베로그</a>]]></description>
<Point><coordinates>139.768135,35.695138,0</coordinates></Point></Placemark>
<Placemark><name>エチオピアカリーキッチン 御茶ノ水ソラシティ店</name>
<description><![CDATA[카레 백명점 2026<br/>타베로그 3.72 · 리뷰 1326<br/>지요다구 · 新御茶ノ水駅<br/><a href="https://tabelog.com/tokyo/A1310/A131002/13154753/">타베로그</a>]]></description>
<Point><coordinates>139.766073,35.698739,0</coordinates></Point></Placemark>
<Placemark><name>カレーショップ フェンネル</name>
<description><![CDATA[카레 백명점 2026<br/>타베로그 3.8 · 리뷰 768<br/>스기나미구 · 西荻窪駅<br/><a href="https://tabelog.com/tokyo/A1319/A131907/13273254/">타베로그</a>]]></description>
<Point><coordinates>139.599258,35.701799,0</coordinates></Point></Placemark>
<Placemark><name>吉田カレー</name>
<description><![CDATA[카레 백명점 2026<br/>타베로그 3.8 · 리뷰 1837<br/>스기나미구 · 荻窪駅<br/><a href="https://tabelog.com/tokyo/A1319/A131906/13132405/">타베로그</a>]]></description>
<Point><coordinates>139.61814,35.706481,0</coordinates></Point></Placemark>
<Placemark><name>フィッシュ 新宿店</name>
<description><![CDATA[카레 백명점 2026<br/>타베로그 3.79 · 리뷰 2708<br/>신주쿠구 · 西武新宿駅<br/><a href="https://tabelog.com/tokyo/A1304/A130401/13222551/">타베로그</a>]]></description>
<Point><coordinates>139.698306,35.696521,0</coordinates></Point></Placemark>
<Placemark><name>デリー 上野店</name>
<description><![CDATA[카레 백명점 2026<br/>타베로그 3.79 · 리뷰 3655<br/>분쿄구 · 上野広小路駅<br/><a href="https://tabelog.com/tokyo/A1311/A131101/13003605/">타베로그</a>]]></description>
<Point><coordinates>139.771255,35.708285,0</coordinates></Point></Placemark>
<Placemark><name>ザ・カリ</name>
<description><![CDATA[카레 백명점 2026<br/>타베로그 3.78 · 리뷰 1695<br/>미나토구 · 御成門駅<br/><a href="https://tabelog.com/tokyo/A1301/A130103/13007129/">타베로그</a>]]></description>
<Point><coordinates>139.75492,35.662329,0</coordinates></Point></Placemark>
<Placemark><name>マリーアイランガニー</name>
<description><![CDATA[카레 백명점 2026<br/>타베로그 3.76 · 리뷰 1002<br/>시부야구 · 神泉駅<br/><a href="https://tabelog.com/tokyo/A1303/A130301/13166471/">타베로그</a>]]></description>
<Point><coordinates>139.696392,35.661266,0</coordinates></Point></Placemark>
<Placemark><name>チキュウ マサラ</name>
<description><![CDATA[카레 백명점 2026<br/>타베로그 3.73 · 리뷰 995<br/>신주쿠구 · 新宿三丁目駅<br/><a href="https://tabelog.com/tokyo/A1304/A130401/13248884/">타베로그</a>]]></description>
<Point><coordinates>139.706754,35.691673,0</coordinates></Point></Placemark>
<Placemark><name>SPICY CURRY 魯珈</name>
<description><![CDATA[카레 백명점 2026<br/>타베로그 3.93 · 리뷰 888<br/>신주쿠구 · 大久保駅<br/><a href="https://tabelog.com/tokyo/A1304/A130404/13286023/">타베로그</a>]]></description>
<Point><coordinates>139.697733,35.6987,0</coordinates></Point></Placemark>
<Placemark><name>カレー食堂 リトルスパイス</name>
<description><![CDATA[카레 백명점 2026<br/>타베로그 3.73 · 리뷰 1258<br/>武蔵野구 · 吉祥寺駅<br/><a href="https://tabelog.com/tokyo/A1320/A132001/13009943/">타베로그</a>]]></description>
<Point><coordinates>139.577418,35.705795,0</coordinates></Point></Placemark>
<Placemark><name>カレーの店 ガン爺</name>
<description><![CDATA[카레 백명점 2026<br/>타베로그 3.75 · 리뷰 959<br/>미나토구 · 虎ノ門ヒルズ駅<br/><a href="https://tabelog.com/tokyo/A1308/A130802/13226045/">타베로그</a>]]></description>
<Point><coordinates>139.751661,35.667227,0</coordinates></Point></Placemark>
<Placemark><name>カリー＆ワイン ビストロべっぴん舎 お茶の水店</name>
<description><![CDATA[카레 백명점 2026<br/>타베로그 3.77 · 리뷰 1256<br/>지요다구 · 神保町駅<br/><a href="https://tabelog.com/tokyo/A1310/A131002/13198751/">타베로그</a>]]></description>
<Point><coordinates>139.761253,35.69592,0</coordinates></Point></Placemark>
<Placemark><name>札幌ドミニカ 銀座店</name>
<description><![CDATA[카레 백명점 2026<br/>타베로그 3.73 · 리뷰 1971<br/>주오구 · 銀座一丁目駅<br/><a href="https://tabelog.com/tokyo/A1302/A130202/13025381/">타베로그</a>]]></description>
<Point><coordinates>139.767916,35.675506,0</coordinates></Point></Placemark>
<Placemark><name>ヨゴロウ</name>
<description><![CDATA[카레 백명점 2026<br/>타베로그 3.79 · 리뷰 1831<br/>시부야구 · 北参道駅<br/><a href="https://tabelog.com/tokyo/A1306/A130601/13076645/">타베로그</a>]]></description>
<Point><coordinates>139.710956,35.674259,0</coordinates></Point></Placemark>
<Placemark><name>Cuit Bonne</name>
<description><![CDATA[카레 백명점 2026<br/>타베로그 3.75 · 리뷰 1106<br/>주오구 · 茅場町駅<br/><a href="https://tabelog.com/tokyo/A1302/A130203/13003029/">타베로그</a>]]></description>
<Point><coordinates>139.779916,35.680282,0</coordinates></Point></Placemark>
<Placemark><name>カリーアップ</name>
<description><![CDATA[카레 백명점 2026<br/>타베로그 3.75 · 리뷰 1267<br/>시부야구 · 北参道駅<br/><a href="https://tabelog.com/tokyo/A1306/A130601/13103835/">타베로그</a>]]></description>
<Point><coordinates>139.707763,35.674612,0</coordinates></Point></Placemark>
<Placemark><name>ガンジー</name>
<description><![CDATA[카레 백명점 2026<br/>타베로그 3.72 · 리뷰 4407<br/>신주쿠구 · 新宿三丁目駅<br/><a href="https://tabelog.com/tokyo/A1304/A130401/13000880/">타베로그</a>]]></description>
<Point><coordinates>139.703504,35.691912,0</coordinates></Point></Placemark>
<Placemark><name>牛すじカレー 小さなカレー家</name>
<description><![CDATA[카레 백명점 2026<br/>타베로그 3.75 · 리뷰 1205<br/>신주쿠구 · 大久保駅<br/><a href="https://tabelog.com/tokyo/A1304/A130404/13048031/">타베로그</a>]]></description>
<Point><coordinates>139.69769,35.699009,0</coordinates></Point></Placemark>
<Placemark><name>SPICE CURRY アルクロード 飯田橋店</name>
<description><![CDATA[카레 백명점 2026<br/>타베로그 3.71 · 리뷰 632<br/>지요다구 · 飯田橋駅<br/><a href="https://tabelog.com/tokyo/A1309/A130905/13264466/">타베로그</a>]]></description>
<Point><coordinates>139.745884,35.701494,0</coordinates></Point></Placemark>
<Placemark><name>ハブモアカレー</name>
<description><![CDATA[카레 백명점 2026<br/>타베로그 3.74 · 리뷰 783<br/>시부야구 · 代官山駅<br/><a href="https://tabelog.com/tokyo/A1303/A130301/13254583/">타베로그</a>]]></description>
<Point><coordinates>139.704768,35.653407,0</coordinates></Point></Placemark>
<Placemark><name>インド風カリーライス すぱいす</name>
<description><![CDATA[카레 백명점 2026<br/>타베로그 3.74 · 리뷰 1121<br/>스기나미구 · 荻窪駅<br/><a href="https://tabelog.com/tokyo/A1319/A131906/13004379/">타베로그</a>]]></description>
<Point><coordinates>139.618117,35.703918,0</coordinates></Point></Placemark>
<Placemark><name>BLOCK HOUSE 水曜カレー</name>
<description><![CDATA[카레 백명점 2026<br/>타베로그 3.85 · 리뷰 560<br/>시부야구 · 明治神宮前駅<br/><a href="https://tabelog.com/tokyo/A1306/A130601/13183182/">타베로그</a>]]></description>
<Point><coordinates>139.704409,35.666172,0</coordinates></Point></Placemark>
<Placemark><name>スリマンガラムA/C 祖師ヶ谷大蔵店</name>
<description><![CDATA[아시아·에스닉 백명점 2026<br/>타베로그 3.6 · 리뷰 396<br/>세타가야구 · 祖師ケ谷大蔵駅<br/><a href="https://tabelog.com/tokyo/A1318/A131814/13271579/">타베로그</a>]]></description>
<Point><coordinates>139.608466,35.643777,0</coordinates></Point></Placemark>
<Placemark><name>エリックサウス 高円寺カレー＆ビリヤニセンター</name>
<description><![CDATA[아시아·에스닉 백명점 2026<br/>타베로그 3.65 · 리뷰 801<br/>스기나미구 · 高円寺駅<br/><a href="https://tabelog.com/tokyo/A1319/A131904/13245273/">타베로그</a>]]></description>
<Point><coordinates>139.651584,35.705327,0</coordinates></Point></Placemark>
<Placemark><name>ヨヨナム</name>
<description><![CDATA[아시아·에스닉 백명점 2026<br/>타베로그 3.7 · 리뷰 600<br/>시부야구 · 代々木八幡駅<br/><a href="https://tabelog.com/tokyo/A1318/A131810/13204833/">타베로그</a>]]></description>
<Point><coordinates>139.690447,35.671389,0</coordinates></Point></Placemark>
<Placemark><name>獅天鶏飯</name>
<description><![CDATA[아시아·에스닉 백명점 2026<br/>타베로그 3.58 · 리뷰 1137<br/>시부야구 · 渋谷駅<br/><a href="https://tabelog.com/tokyo/A1303/A130301/13268755/">타베로그</a>]]></description>
<Point><coordinates>139.704007,35.656986,0</coordinates></Point></Placemark>
<Placemark><name>三燈舎</name>
<description><![CDATA[아시아·에스닉 백명점 2026<br/>타베로그 3.66 · 리뷰 1257<br/>지요다구 · 小川町駅<br/><a href="https://tabelog.com/tokyo/A1310/A131002/13234867/">타베로그</a>]]></description>
<Point><coordinates>139.762693,35.694793,0</coordinates></Point></Placemark>
<Placemark><name>スパイスバル コザブロ</name>
<description><![CDATA[아시아·에스닉 백명점 2026<br/>타베로그 3.69 · 리뷰 486<br/>분쿄구 · 本駒込駅<br/><a href="https://tabelog.com/tokyo/A1323/A132301/13207647/">타베로그</a>]]></description>
<Point><coordinates>139.756324,35.724035,0</coordinates></Point></Placemark>
<Placemark><name>キャラヴァンサライ包</name>
<description><![CDATA[아시아·에스닉 백명점 2026<br/>타베로그 3.59 · 리뷰 472<br/>나카노구 · 東中野駅<br/><a href="https://tabelog.com/tokyo/A1319/A131901/13006879/">타베로그</a>]]></description>
<Point><coordinates>139.682418,35.705858,0</coordinates></Point></Placemark>
<Placemark><name>マンゴツリー東京</name>
<description><![CDATA[아시아·에스닉 백명점 2026<br/>타베로그 3.66 · 리뷰 1465<br/>지요다구 · 二重橋前駅<br/><a href="https://tabelog.com/tokyo/A1302/A130201/13004078/">타베로그</a>]]></description>
<Point><coordinates>139.764,35.680936,0</coordinates></Point></Placemark>
<Placemark><name>すぱいし家 飯田橋店</name>
<description><![CDATA[아시아·에스닉 백명점 2026<br/>타베로그 3.56 · 리뷰 328<br/>지요다구 · 飯田橋駅<br/><a href="https://tabelog.com/tokyo/A1309/A130905/13295527/">타베로그</a>]]></description>
<Point><coordinates>139.747316,35.699879,0</coordinates></Point></Placemark>
<Placemark><name>アーンドラ・ダバ</name>
<description><![CDATA[아시아·에스닉 백명점 2026<br/>타베로그 3.56 · 리뷰 902<br/>지요다구 · 神田駅<br/><a href="https://tabelog.com/tokyo/A1310/A131002/13199412/">타베로그</a>]]></description>
<Point><coordinates>139.770199,35.69075,0</coordinates></Point></Placemark>
<Placemark><name>初台スパイス食堂 和魂印才たんどーる</name>
<description><![CDATA[아시아·에스닉 백명점 2026<br/>타베로그 3.66 · 리뷰 482<br/>신주쿠구 · 初台駅<br/><a href="https://tabelog.com/tokyo/A1318/A131807/13195398/">타베로그</a>]]></description>
<Point><coordinates>139.685463,35.684693,0</coordinates></Point></Placemark>
<Placemark><name>ADI</name>
<description><![CDATA[아시아·에스닉 백명점 2026<br/>타베로그 3.71 · 리뷰 192<br/>메구로구 · 中目黒駅<br/><a href="https://tabelog.com/tokyo/A1317/A131701/13248455/">타베로그</a>]]></description>
<Point><coordinates>139.695617,35.641756,0</coordinates></Point></Placemark>
<Placemark><name>ナイルレストラン</name>
<description><![CDATA[아시아·에스닉 백명점 2026<br/>타베로그 3.56 · 리뷰 3494<br/>주오구 · 東銀座駅<br/><a href="https://tabelog.com/tokyo/A1301/A130101/13002329/">타베로그</a>]]></description>
<Point><coordinates>139.767196,35.670112,0</coordinates></Point></Placemark>
<Placemark><name>ロス タコス アスーレス</name>
<description><![CDATA[아시아·에스닉 백명점 2026<br/>타베로그 3.77 · 리뷰 908<br/>세타가야구 · 三軒茶屋駅<br/><a href="https://tabelog.com/tokyo/A1317/A131706/13227066/">타베로그</a>]]></description>
<Point><coordinates>139.668126,35.638354,0</coordinates></Point></Placemark>
<Placemark><name>アーンドラ・キッチン</name>
<description><![CDATA[아시아·에스닉 백명점 2026<br/>타베로그 3.66 · 리뷰 1620<br/>다이토구 · 御徒町駅<br/><a href="https://tabelog.com/tokyo/A1311/A131101/13096305/">타베로그</a>]]></description>
<Point><coordinates>139.773931,35.705734,0</coordinates></Point></Placemark>
<Placemark><name>タンドールバル カマル2号</name>
<description><![CDATA[아시아·에스닉 백명점 2026<br/>타베로그 3.68 · 리뷰 832<br/>고토구 · 亀戸駅<br/><a href="https://tabelog.com/tokyo/A1312/A131202/13231356/">타베로그</a>]]></description>
<Point><coordinates>139.82651,35.695638,0</coordinates></Point></Placemark>
<Placemark><name>エリックサウス 八重洲店</name>
<description><![CDATA[아시아·에스닉 백명점 2026<br/>타베로그 3.66 · 리뷰 3578<br/>주오구 · 京橋駅<br/><a href="https://tabelog.com/tokyo/A1302/A130202/13130363/">타베로그</a>]]></description>
<Point><coordinates>139.770852,35.679495,0</coordinates></Point></Placemark>
<Placemark><name>タイ料理 ミャオミャオ</name>
<description><![CDATA[아시아·에스닉 백명점 2026<br/>타베로그 3.63 · 리뷰 539<br/>시부야구 · 幡ケ谷駅<br/><a href="https://tabelog.com/tokyo/A1318/A131807/13267611/">타베로그</a>]]></description>
<Point><coordinates>139.678553,35.67796,0</coordinates></Point></Placemark>
<Placemark><name>四次元食堂 南インドオステリア</name>
<description><![CDATA[아시아·에스닉 백명점 2026<br/>타베로그 3.59 · 리뷰 158<br/>신주쿠구 · 面影橋駅<br/><a href="https://tabelog.com/tokyo/A1305/A130504/13252062/">타베로그</a>]]></description>
<Point><coordinates>139.712395,35.710707,0</coordinates></Point></Placemark>
<Placemark><name>すぱいす暮らし</name>
<description><![CDATA[아시아·에스닉 백명점 2026<br/>타베로그 3.61 · 리뷰 241<br/>메구로구 · 学芸大学駅<br/><a href="https://tabelog.com/tokyo/A1317/A131702/13195314/">타베로그</a>]]></description>
<Point><coordinates>139.68622,35.629468,0</coordinates></Point></Placemark>
<Placemark><name>FUKUMEN Tequila &amp;amp; Modern Ethnic</name>
<description><![CDATA[아시아·에스닉 백명점 2026<br/>타베로그 3.58 · 리뷰 209<br/>다이토구 · 浅草（つくばＥＸＰ）駅<br/><a href="https://tabelog.com/tokyo/A1311/A131102/13248350/">타베로그</a>]]></description>
<Point><coordinates>139.793616,35.715554,0</coordinates></Point></Placemark>
<Placemark><name>KHAO</name>
<description><![CDATA[아시아·에스닉 백명점 2026<br/>타베로그 3.92 · 리뷰 185<br/>지요다구 · 神保町駅<br/><a href="https://tabelog.com/tokyo/A1310/A131003/13296304/">타베로그</a>]]></description>
<Point><coordinates>139.756962,35.696582,0</coordinates></Point></Placemark>
<Placemark><name>カッチャル バッチャル</name>
<description><![CDATA[아시아·에스닉 백명점 2026<br/>타베로그 3.83 · 리뷰 1733<br/>도시마구 · 新大塚駅<br/><a href="https://tabelog.com/tokyo/A1323/A132302/13120294/">타베로그</a>]]></description>
<Point><coordinates>139.729477,35.727318,0</coordinates></Point></Placemark>
<Placemark><name>グルガオン</name>
<description><![CDATA[아시아·에스닉 백명점 2026<br/>타베로그 3.69 · 리뷰 3303<br/>주오구 · 銀座一丁目駅<br/><a href="https://tabelog.com/tokyo/A1301/A130101/13002457/">타베로그</a>]]></description>
<Point><coordinates>139.767354,35.674534,0</coordinates></Point></Placemark>
<Placemark><name>Indian Street Food &amp;amp; Bar GOND</name>
<description><![CDATA[아시아·에스닉 백명점 2026<br/>타베로그 3.66 · 리뷰 727<br/>지요다구 · 新御茶ノ水駅<br/><a href="https://tabelog.com/tokyo/A1310/A131002/13284903/">타베로그</a>]]></description>
<Point><coordinates>139.763957,35.696096,0</coordinates></Point></Placemark>
<Placemark><name>アーンドラ・ダイニング 銀座</name>
<description><![CDATA[아시아·에스닉 백명점 2026<br/>타베로그 3.54 · 리뷰 1792<br/>주오구 · 銀座一丁目駅<br/><a href="https://tabelog.com/tokyo/A1301/A130101/13136701/">타베로그</a>]]></description>
<Point><coordinates>139.76903,35.674533,0</coordinates></Point></Placemark>
<Placemark><name>シモン</name>
<description><![CDATA[아시아·에스닉 백명점 2026<br/>타베로그 3.65 · 리뷰 661<br/>미나토구 · 麻布十番駅<br/><a href="https://tabelog.com/tokyo/A1307/A130702/13001860/">타베로그</a>]]></description>
<Point><coordinates>139.732907,35.657352,0</coordinates></Point></Placemark>
<Placemark><name>韓灯</name>
<description><![CDATA[아시아·에스닉 백명점 2026<br/>타베로그 3.6 · 리뷰 457<br/>주오구 · 月島駅<br/><a href="https://tabelog.com/tokyo/A1313/A131302/13019721/">타베로그</a>]]></description>
<Point><coordinates>139.784701,35.663348,0</coordinates></Point></Placemark>
<Placemark><name>カリ～ アンド スパイスバル カリ～ビト</name>
<description><![CDATA[아시아·에스닉 백명점 2026<br/>타베로그 3.68 · 리뷰 1061<br/>지요다구 · 飯田橋駅<br/><a href="https://tabelog.com/tokyo/A1309/A130905/13186472/">타베로그</a>]]></description>
<Point><coordinates>139.748276,35.700825,0</coordinates></Point></Placemark>
<Placemark><name>アラビックレストラン＆カフェ アブイサーム</name>
<description><![CDATA[아시아·에스닉 백명점 2026<br/>타베로그 3.56 · 리뷰 281<br/>신주쿠구 · 神楽坂駅<br/><a href="https://tabelog.com/tokyo/A1309/A130905/13258025/">타베로그</a>]]></description>
<Point><coordinates>139.732311,35.704204,0</coordinates></Point></Placemark>
<Placemark><name>MOMO Stand Tokyo</name>
<description><![CDATA[아시아·에스닉 백명점 2026<br/>타베로그 3.66 · 리뷰 221<br/>시부야구 · 広尾駅<br/><a href="https://tabelog.com/tokyo/A1307/A130703/13288199/">타베로그</a>]]></description>
<Point><coordinates>139.720523,35.649031,0</coordinates></Point></Placemark>
<Placemark><name>シバカリーワラ</name>
<description><![CDATA[아시아·에스닉 백명점 2026<br/>타베로그 3.74 · 리뷰 1551<br/>세타가야구 · 三軒茶屋駅<br/><a href="https://tabelog.com/tokyo/A1317/A131706/13151738/">타베로그</a>]]></description>
<Point><coordinates>139.669826,35.645992,0</coordinates></Point></Placemark>
<Placemark><name>マロロガ バワン</name>
<description><![CDATA[아시아·에스닉 백명점 2026<br/>타베로그 3.68 · 리뷰 364<br/>나카노구 · 新井薬師前駅<br/><a href="https://tabelog.com/tokyo/A1321/A132104/13242332/">타베로그</a>]]></description>
<Point><coordinates>139.668067,35.713036,0</coordinates></Point></Placemark>
<Placemark><name>ロス タコス アスーレス 恵比寿</name>
<description><![CDATA[아시아·에스닉 백명점 2026<br/>타베로그 3.65 · 리뷰 177<br/>시부야구 · 代官山駅<br/><a href="https://tabelog.com/tokyo/A1303/A130302/13293197/">타베로그</a>]]></description>
<Point><coordinates>139.707153,35.650414,0</coordinates></Point></Placemark>
<Placemark><name>ペルー料理 bepocah</name>
<description><![CDATA[아시아·에스닉 백명점 2026<br/>타베로그 3.75 · 리뷰 532<br/>시부야구 · 明治神宮前駅<br/><a href="https://tabelog.com/tokyo/A1306/A130601/13153983/">타베로그</a>]]></description>
<Point><coordinates>139.710143,35.672536,0</coordinates></Point></Placemark>
<Placemark><name>HOPPERS</name>
<description><![CDATA[아시아·에스닉 백명점 2026<br/>타베로그 3.74 · 리뷰 985<br/>주오구 · 茅場町駅<br/><a href="https://tabelog.com/tokyo/A1302/A130203/13266235/">타베로그</a>]]></description>
<Point><coordinates>139.778157,35.681214,0</coordinates></Point></Placemark>
<Placemark><name>松記鶏飯</name>
<description><![CDATA[아시아·에스닉 백명점 2026<br/>타베로그 3.66 · 리뷰 1028<br/>지요다구 · 小川町駅<br/><a href="https://tabelog.com/tokyo/A1310/A131002/13160030/">타베로그</a>]]></description>
<Point><coordinates>139.766758,35.693902,0</coordinates></Point></Placemark>
<Placemark><name>ペルー料理 DESTINO51</name>
<description><![CDATA[아시아·에스닉 백명점 2026<br/>타베로그 3.59 · 리뷰 556<br/>미나토구 · 表参道駅<br/><a href="https://tabelog.com/tokyo/A1306/A130602/13248957/">타베로그</a>]]></description>
<Point><coordinates>139.714198,35.661683,0</coordinates></Point></Placemark>
<Placemark><name>ガラムマサラ</name>
<description><![CDATA[아시아·에스닉 백명점 2026<br/>타베로그 3.69 · 리뷰 1077<br/>세타가야구 · 経堂駅<br/><a href="https://tabelog.com/tokyo/A1318/A131813/13013124/">타베로그</a>]]></description>
<Point><coordinates>139.63581,35.650776,0</coordinates></Point></Placemark>
<Placemark><name>ARALE</name>
<description><![CDATA[아시아·에스닉 백명점 2026<br/>타베로그 3.61 · 리뷰 141<br/>시부야구 · 渋谷駅<br/><a href="https://tabelog.com/tokyo/A1303/A130301/13237344/">타베로그</a>]]></description>
<Point><coordinates>139.702081,35.654112,0</coordinates></Point></Placemark>
<Placemark><name>韓国旬菜ハル</name>
<description><![CDATA[아시아·에스닉 백명점 2026<br/>타베로그 3.59 · 리뷰 220<br/>미나토구 · 外苑前駅<br/><a href="https://tabelog.com/tokyo/A1306/A130603/13171570/">타베로그</a>]]></description>
<Point><coordinates>139.717746,35.667621,0</coordinates></Point></Placemark>
<Placemark><name>やっぱりインディア</name>
<description><![CDATA[아시아·에스닉 백명점 2026<br/>타베로그 3.69 · 리뷰 1449<br/>도시마구 · 大塚駅<br/><a href="https://tabelog.com/tokyo/A1323/A132302/13207605/">타베로그</a>]]></description>
<Point><coordinates>139.728039,35.730239,0</coordinates></Point></Placemark>
<Placemark><name>ベトナムちゃん</name>
<description><![CDATA[아시아·에스닉 백명점 2026<br/>타베로그 3.6 · 리뷰 1424<br/>신주쿠구 · 大久保駅<br/><a href="https://tabelog.com/tokyo/A1304/A130404/13122530/">타베로그</a>]]></description>
<Point><coordinates>139.69639,35.701506,0</coordinates></Point></Placemark>
<Placemark><name>アンジュナ</name>
<description><![CDATA[아시아·에스닉 백명점 2026<br/>타베로그 3.59 · 리뷰 610<br/>日野구 · 高幡不動駅<br/><a href="https://tabelog.com/tokyo/A1329/A132903/13006010/">타베로그</a>]]></description>
<Point><coordinates>139.412342,35.662224,0</coordinates></Point></Placemark>
<Placemark><name>スパイスバザール アチャカナ</name>
<description><![CDATA[아시아·에스닉 백명점 2026<br/>타베로그 3.69 · 리뷰 1072<br/>신주쿠구 · 新宿西口駅<br/><a href="https://tabelog.com/tokyo/A1304/A130401/13233798/">타베로그</a>]]></description>
<Point><coordinates>139.697019,35.693881,0</coordinates></Point></Placemark>
<Placemark><name>コチン ニヴァース</name>
<description><![CDATA[아시아·에스닉 백명점 2026<br/>타베로그 3.68 · 리뷰 1100<br/>신주쿠구 · 西新宿五丁目駅<br/><a href="https://tabelog.com/tokyo/A1304/A130401/13056242/">타베로그</a>]]></description>
<Point><coordinates>139.685918,35.691749,0</coordinates></Point></Placemark>
<Placemark><name>セレンディッブ</name>
<description><![CDATA[아시아·에스닉 백명점 2026<br/>타베로그 3.66 · 리뷰 710<br/>다이토구 · 蔵前駅<br/><a href="https://tabelog.com/tokyo/A1311/A131103/13252301/">타베로그</a>]]></description>
<Point><coordinates>139.791004,35.706371,0</coordinates></Point></Placemark>
<Placemark><name>okudo 東京</name>
<description><![CDATA[아시아·에스닉 백명점 2026<br/>타베로그 3.61 · 리뷰 648<br/>신주쿠구 · 新宿御苑前駅<br/><a href="https://tabelog.com/tokyo/A1304/A130402/13174128/">타베로그</a>]]></description>
<Point><coordinates>139.710578,35.689892,0</coordinates></Point></Placemark>
<Placemark><name>韓流 安歡</name>
<description><![CDATA[아시아·에스닉 백명점 2026<br/>타베로그 3.6 · 리뷰 163<br/>주오구 · 銀座駅<br/><a href="https://tabelog.com/tokyo/A1301/A130101/13020927/">타베로그</a>]]></description>
<Point><coordinates>139.761453,35.671103,0</coordinates></Point></Placemark>
<Placemark><name>ビリヤニ大澤</name>
<description><![CDATA[아시아·에스닉 백명점 2026<br/>타베로그 3.96 · 리뷰 632<br/>지요다구 · 小川町駅<br/><a href="https://tabelog.com/tokyo/A1310/A131002/13262438/">타베로그</a>]]></description>
<Point><coordinates>139.766064,35.692228,0</coordinates></Point></Placemark>
<Placemark><name>ラヒ パンジャービー･キッチン</name>
<description><![CDATA[아시아·에스닉 백명점 2026<br/>타베로그 3.69 · 리뷰 381<br/>스기나미구 · 西荻窪駅<br/><a href="https://tabelog.com/tokyo/A1319/A131907/13051190/">타베로그</a>]]></description>
<Point><coordinates>139.601645,35.703171,0</coordinates></Point></Placemark>
<Placemark><name>NoruraDa</name>
<description><![CDATA[아시아·에스닉 백명점 2026<br/>타베로그 3.69 · 리뷰 264<br/>미나토구 · 六本木一丁目駅<br/><a href="https://tabelog.com/tokyo/A1307/A130701/13279173/">타베로그</a>]]></description>
<Point><coordinates>139.73905,35.668068,0</coordinates></Point></Placemark>
<Placemark><name>スパイスカフェ</name>
<description><![CDATA[아시아·에스닉 백명점 2026<br/>타베로그 3.71 · 리뷰 1380<br/>스미다구 · 押上駅<br/><a href="https://tabelog.com/tokyo/A1312/A131203/13002935/">타베로그</a>]]></description>
<Point><coordinates>139.820052,35.709771,0</coordinates></Point></Placemark>
<Placemark><name>砂の岬</name>
<description><![CDATA[아시아·에스닉 백명점 2026<br/>타베로그 3.66 · 리뷰 665<br/>세타가야구 · 桜新町駅<br/><a href="https://tabelog.com/tokyo/A1317/A131707/13120204/">타베로그</a>]]></description>
<Point><coordinates>139.6504,35.631133,0</coordinates></Point></Placemark>
<Placemark><name>アジャンタ</name>
<description><![CDATA[아시아·에스닉 백명점 2026<br/>타베로그 3.67 · 리뷰 2058<br/>지요다구 · 麹町駅<br/><a href="https://tabelog.com/tokyo/A1308/A130803/13000438/">타베로그</a>]]></description>
<Point><coordinates>139.736933,35.686149,0</coordinates></Point></Placemark>
<Placemark><name>スパイスボックス</name>
<description><![CDATA[아시아·에스닉 백명점 2026<br/>타베로그 3.65 · 리뷰 1208<br/>지요다구 · 小川町駅<br/><a href="https://tabelog.com/tokyo/A1310/A131002/13191118/">타베로그</a>]]></description>
<Point><coordinates>139.765903,35.692242,0</coordinates></Point></Placemark>
<Placemark><name>中目黒 若狭</name>
<description><![CDATA[아시아·에스닉 백명점 2026<br/>타베로그 3.75 · 리뷰 239<br/>메구로구 · 中目黒駅<br/><a href="https://tabelog.com/tokyo/A1317/A131701/13295672/">타베로그</a>]]></description>
<Point><coordinates>139.698267,35.64655,0</coordinates></Point></Placemark>
<Placemark><name>大岩食堂</name>
<description><![CDATA[아시아·에스닉 백명점 2026<br/>타베로그 3.59 · 리뷰 530<br/>스기나미구 · 西荻窪駅<br/><a href="https://tabelog.com/tokyo/A1319/A131907/13171369/">타베로그</a>]]></description>
<Point><coordinates>139.602276,35.703871,0</coordinates></Point></Placemark>
<Placemark><name>タンジャイミールス</name>
<description><![CDATA[아시아·에스닉 백명점 2026<br/>타베로그 3.58 · 리뷰 301<br/>시부야구 · 幡ケ谷駅<br/><a href="https://tabelog.com/tokyo/A1318/A131807/13280691/">타베로그</a>]]></description>
<Point><coordinates>139.677608,35.677915,0</coordinates></Point></Placemark>
<Placemark><name>ミ・レイ</name>
<description><![CDATA[아시아·에스닉 백명점 2026<br/>타베로그 3.69 · 리뷰 753<br/>오타구 · 蒲田駅<br/><a href="https://tabelog.com/tokyo/A1315/A131503/13003307/">타베로그</a>]]></description>
<Point><coordinates>139.717031,35.564205,0</coordinates></Point></Placemark>
<Placemark><name>Night Market</name>
<description><![CDATA[아시아·에스닉 백명점 2026<br/>타베로그 3.6 · 리뷰 197<br/>시부야구 · 渋谷駅<br/><a href="https://tabelog.com/tokyo/A1303/A130301/13310428/">타베로그</a>]]></description>
<Point><coordinates>139.707991,35.659752,0</coordinates></Point></Placemark>
<Placemark><name>HASUO</name>
<description><![CDATA[아시아·에스닉 백명점 2026<br/>타베로그 3.65 · 리뷰 539<br/>시부야구 · 広尾駅<br/><a href="https://tabelog.com/tokyo/A1307/A130703/13227361/">타베로그</a>]]></description>
<Point><coordinates>139.721056,35.649505,0</coordinates></Point></Placemark>
<Placemark><name>草原の料理 スヨリト</name>
<description><![CDATA[아시아·에스닉 백명점 2026<br/>타베로그 3.67 · 리뷰 413<br/>신주쿠구 · 牛込神楽坂駅<br/><a href="https://tabelog.com/tokyo/A1309/A130905/13281095/">타베로그</a>]]></description>
<Point><coordinates>139.732907,35.701014,0</coordinates></Point></Placemark>
<Placemark><name>TOKYO BHAVAN</name>
<description><![CDATA[아시아·에스닉 백명점 2026<br/>타베로그 3.68 · 리뷰 917<br/>지요다구 · 九段下駅<br/><a href="https://tabelog.com/tokyo/A1309/A130905/13284013/">타베로그</a>]]></description>
<Point><coordinates>139.748547,35.698914,0</coordinates></Point></Placemark>
<Placemark><name>馬来西亜マレー</name>
<description><![CDATA[아시아·에스닉 백명점 2026<br/>타베로그 3.63 · 리뷰 366<br/>세타가야구 · 祖師ケ谷大蔵駅<br/><a href="https://tabelog.com/tokyo/A1318/A131814/13091996/">타베로그</a>]]></description>
<Point><coordinates>139.606495,35.648295,0</coordinates></Point></Placemark>
<Placemark><name>サンサール 小岩店</name>
<description><![CDATA[아시아·에스닉 백명점 2026<br/>타베로그 3.58 · 리뷰 548<br/>에도가와구 · 小岩駅<br/><a href="https://tabelog.com/tokyo/A1312/A131204/13009589/">타베로그</a>]]></description>
<Point><coordinates>139.8826,35.726014,0</coordinates></Point></Placemark>
<Placemark><name>ゼロワンカレーA.o.D</name>
<description><![CDATA[아시아·에스닉 백명점 2026<br/>타베로그 3.71 · 리뷰 1734<br/>미나토구 · 田町駅<br/><a href="https://tabelog.com/tokyo/A1314/A131402/13239329/">타베로그</a>]]></description>
<Point><coordinates>139.743357,35.647408,0</coordinates></Point></Placemark>
<Placemark><name>ジョニーのビリヤニ 神田店</name>
<description><![CDATA[아시아·에스닉 백명점 2026<br/>타베로그 3.59 · 리뷰 331<br/>지요다구 · 神田駅<br/><a href="https://tabelog.com/tokyo/A1310/A131002/13298243/">타베로그</a>]]></description>
<Point><coordinates>139.76987,35.690864,0</coordinates></Point></Placemark>
<Placemark><name>スパイスバル猫六</name>
<description><![CDATA[아시아·에스닉 백명점 2026<br/>타베로그 3.67 · 리뷰 291<br/>스미다구 · 曳舟駅<br/><a href="https://tabelog.com/tokyo/A1312/A131203/13167391/">타베로그</a>]]></description>
<Point><coordinates>139.816007,35.717606,0</coordinates></Point></Placemark>
<Placemark><name>イズミル</name>
<description><![CDATA[아시아·에스닉 백명점 2026<br/>타베로그 3.55 · 리뷰 286<br/>스기나미구 · 阿佐ケ谷駅<br/><a href="https://tabelog.com/tokyo/A1319/A131905/13000663/">타베로그</a>]]></description>
<Point><coordinates>139.636099,35.705657,0</coordinates></Point></Placemark>
<Placemark><name>サンバレーホテル</name>
<description><![CDATA[아시아·에스닉 백명점 2026<br/>타베로그 3.66 · 리뷰 265<br/>세타가야구 · 三軒茶屋駅<br/><a href="https://tabelog.com/tokyo/A1317/A131706/13195313/">타베로그</a>]]></description>
<Point><coordinates>139.66742,35.638382,0</coordinates></Point></Placemark>
<Placemark><name>thalee ling</name>
<description><![CDATA[아시아·에스닉 백명점 2026<br/>타베로그 3.6 · 리뷰 268<br/>시부야구 · 代々木上原駅<br/><a href="https://tabelog.com/tokyo/A1318/A131811/13281551/">타베로그</a>]]></description>
<Point><coordinates>139.683962,35.671048,0</coordinates></Point></Placemark>
<Placemark><name>An Di</name>
<description><![CDATA[아시아·에스닉 백명점 2026<br/>타베로그 3.94 · 리뷰 710<br/>시부야구 · 外苑前駅<br/><a href="https://tabelog.com/tokyo/A1306/A130603/13209346/">타베로그</a>]]></description>
<Point><coordinates>139.713908,35.67192,0</coordinates></Point></Placemark>
<Placemark><name>プロカンジャンケジャン 赤坂店</name>
<description><![CDATA[아시아·에스닉 백명점 2026<br/>타베로그 3.53 · 리뷰 886<br/>미나토구 · 赤坂見附駅<br/><a href="https://tabelog.com/tokyo/A1308/A130801/13110628/">타베로그</a>]]></description>
<Point><coordinates>139.737549,35.674581,0</coordinates></Point></Placemark>
<Placemark><name>フォーティントーキョー</name>
<description><![CDATA[아시아·에스닉 백명점 2026<br/>타베로그 3.67 · 리뷰 2193<br/>도시마구 · 池袋駅<br/><a href="https://tabelog.com/tokyo/A1305/A130501/13232077/">타베로그</a>]]></description>
<Point><coordinates>139.714618,35.729412,0</coordinates></Point></Placemark>
<Placemark><name>デリー 銀座店</name>
<description><![CDATA[아시아·에스닉 백명점 2026<br/>타베로그 3.66 · 리뷰 2354<br/>주오구 · 銀座駅<br/><a href="https://tabelog.com/tokyo/A1301/A130101/13002616/">타베로그</a>]]></description>
<Point><coordinates>139.760852,35.671191,0</coordinates></Point></Placemark>
<Placemark><name>タンドールバル カマルプール 木場店</name>
<description><![CDATA[아시아·에스닉 백명점 2026<br/>타베로그 3.73 · 리뷰 2320<br/>고토구 · 木場駅<br/><a href="https://tabelog.com/tokyo/A1313/A131303/13128960/">타베로그</a>]]></description>
<Point><coordinates>139.810869,35.668887,0</coordinates></Point></Placemark>
<Placemark><name>チョンソル</name>
<description><![CDATA[아시아·에스닉 백명점 2026<br/>타베로그 3.56 · 리뷰 1658<br/>미나토구 · 赤坂駅<br/><a href="https://tabelog.com/tokyo/A1308/A130801/13035074/">타베로그</a>]]></description>
<Point><coordinates>139.738445,35.672142,0</coordinates></Point></Placemark>
<Placemark><name>Curry&amp;amp;Spice青い鳥</name>
<description><![CDATA[아시아·에스닉 백명점 2026<br/>타베로그 3.58 · 리뷰 618<br/>시부야구 · 幡ケ谷駅<br/><a href="https://tabelog.com/tokyo/A1318/A131807/13190512/">타베로그</a>]]></description>
<Point><coordinates>139.677099,35.679231,0</coordinates></Point></Placemark>
<Placemark><name>インド料理 想いの木</name>
<description><![CDATA[아시아·에스닉 백명점 2026<br/>타베로그 3.79 · 리뷰 1280<br/>신주쿠구 · 牛込神楽坂駅<br/><a href="https://tabelog.com/tokyo/A1309/A130905/13023967/">타베로그</a>]]></description>
<Point><coordinates>139.737823,35.702308,0</coordinates></Point></Placemark>
<Placemark><name>ネパール民族料理 アーガン</name>
<description><![CDATA[아시아·에스닉 백명점 2026<br/>타베로그 3.56 · 리뷰 1412<br/>신주쿠구 · 新大久保駅<br/><a href="https://tabelog.com/tokyo/A1304/A130404/13196997/">타베로그</a>]]></description>
<Point><coordinates>139.702478,35.701478,0</coordinates></Point></Placemark>
<Placemark><name>BIANCHI</name>
<description><![CDATA[아시아·에스닉 백명점 2026<br/>타베로그 3.9 · 리뷰 428<br/>미나토구 · 六本木駅<br/><a href="https://tabelog.com/tokyo/A1307/A130701/13301838/">타베로그</a>]]></description>
<Point><coordinates>139.729049,35.662458,0</coordinates></Point></Placemark>
<Placemark><name>南インド料理 なんどり</name>
<description><![CDATA[아시아·에스닉 백명점 2026<br/>타베로그 3.57 · 리뷰 229<br/>아라카와구 · 荒川遊園地前駅<br/><a href="https://tabelog.com/tokyo/A1323/A132303/13151371/">타베로그</a>]]></description>
<Point><coordinates>139.755598,35.750667,0</coordinates></Point></Placemark>
<Placemark><name>バンダラ ランカ</name>
<description><![CDATA[아시아·에스닉 백명점 2026<br/>타베로그 3.7 · 리뷰 946<br/>신주쿠구 · 四谷三丁目駅<br/><a href="https://tabelog.com/tokyo/A1309/A130903/13227101/">타베로그</a>]]></description>
<Point><coordinates>139.717922,35.684317,0</coordinates></Point></Placemark>
<Placemark><name>ケララの風モーニング</name>
<description><![CDATA[아시아·에스닉 백명점 2026<br/>타베로그 3.65 · 리뷰 321<br/>오타구 · 大森駅<br/><a href="https://tabelog.com/tokyo/A1315/A131502/13230241/">타베로그</a>]]></description>
<Point><coordinates>139.725586,35.58545,0</coordinates></Point></Placemark>
<Placemark><name>西インドスパイス ガヤバジ</name>
<description><![CDATA[아시아·에스닉 백명점 2026<br/>타베로그 3.58 · 리뷰 494<br/>다이토구 · 田原町駅<br/><a href="https://tabelog.com/tokyo/A1311/A131102/13255851/">타베로그</a>]]></description>
<Point><coordinates>139.790426,35.710802,0</coordinates></Point></Placemark>
<Placemark><name>SHE meguro</name>
<description><![CDATA[아시아·에스닉 백명점 2026<br/>타베로그 3.58 · 리뷰 466<br/>시나가와구 · 不動前駅<br/><a href="https://tabelog.com/tokyo/A1317/A131710/13248858/">타베로그</a>]]></description>
<Point><coordinates>139.716182,35.62906,0</coordinates></Point></Placemark>
<Placemark><name>アンコム</name>
<description><![CDATA[아시아·에스닉 백명점 2026<br/>타베로그 3.59 · 리뷰 270<br/>시부야구 · 広尾駅<br/><a href="https://tabelog.com/tokyo/A1307/A130703/13248715/">타베로그</a>]]></description>
<Point><coordinates>139.721922,35.650732,0</coordinates></Point></Placemark>
<Placemark><name>ソルティーモード</name>
<description><![CDATA[아시아·에스닉 백명점 2026<br/>타베로그 3.56 · 리뷰 326<br/>시부야구 · 代官山駅<br/><a href="https://tabelog.com/tokyo/A1303/A130302/13001747/">타베로그</a>]]></description>
<Point><coordinates>139.707587,35.649232,0</coordinates></Point></Placemark>
<Placemark><name>獅天鶏飯ハナレ</name>
<description><![CDATA[아시아·에스닉 백명점 2026<br/>타베로그 3.53 · 리뷰 345<br/>시부야구 · 渋谷駅<br/><a href="https://tabelog.com/tokyo/A1303/A130301/13294998/">타베로그</a>]]></description>
<Point><coordinates>139.702,35.660584,0</coordinates></Point></Placemark>
<Placemark><name>李南河 代官山店</name>
<description><![CDATA[아시아·에스닉 백명점 2026<br/>타베로그 3.59 · 리뷰 522<br/>시부야구 · 代官山駅<br/><a href="https://tabelog.com/tokyo/A1303/A130303/13004636/">타베로그</a>]]></description>
<Point><coordinates>139.702289,35.648069,0</coordinates></Point></Placemark>
<Placemark><name>BIANCHI mini me</name>
<description><![CDATA[아시아·에스닉 백명점 2026<br/>타베로그 3.65 · 리뷰 280<br/>미나토구 · 六本木駅<br/><a href="https://tabelog.com/tokyo/A1307/A130701/13301818/">타베로그</a>]]></description>
<Point><coordinates>139.729059,35.66246,0</coordinates></Point></Placemark>
<Placemark><name>ネパリコ 渋谷店</name>
<description><![CDATA[아시아·에스닉 백명점 2026<br/>타베로그 3.68 · 리뷰 953<br/>시부야구 · 渋谷駅<br/><a href="https://tabelog.com/tokyo/A1303/A130301/13116418/">타베로그</a>]]></description>
<Point><coordinates>139.698402,35.655846,0</coordinates></Point></Placemark>
<Placemark><name>ナンディニ 虎ノ門店</name>
<description><![CDATA[아시아·에스닉 백명점 2026<br/>타베로그 3.66 · 리뷰 1104<br/>미나토구 · 虎ノ門ヒルズ駅<br/><a href="https://tabelog.com/tokyo/A1301/A130103/13206264/">타베로그</a>]]></description>
<Point><coordinates>139.752691,35.665685,0</coordinates></Point></Placemark>
<Placemark><name>カーン・ケバブ・ビリヤニ</name>
<description><![CDATA[아시아·에스닉 백명점 2026<br/>타베로그 3.53 · 리뷰 3177<br/>주오구 · 新橋駅<br/><a href="https://tabelog.com/tokyo/A1301/A130103/13170211/">타베로그</a>]]></description>
<Point><coordinates>139.761008,35.667886,0</coordinates></Point></Placemark>
<Placemark><name>Modern Thai CIEL 北参道</name>
<description><![CDATA[아시아·에스닉 백명점 2026<br/>타베로그 3.65 · 리뷰 174<br/>시부야구 · 北参道駅<br/><a href="https://tabelog.com/tokyo/A1304/A130403/13294182/">타베로그</a>]]></description>
<Point><coordinates>139.705905,35.68024,0</coordinates></Point></Placemark>
<Placemark><name>ベンガル料理プージャー</name>
<description><![CDATA[아시아·에스닉 백명점 2026<br/>타베로그 3.6 · 리뷰 516<br/>아라카와구 · 町屋駅前駅<br/><a href="https://tabelog.com/tokyo/A1324/A132401/13036794/">타베로그</a>]]></description>
<Point><coordinates>139.78217,35.746032,0</coordinates></Point></Placemark>
<Placemark><name>ブルガズ アダ</name>
<description><![CDATA[아시아·에스닉 백명점 2026<br/>타베로그 3.84 · 리뷰 339<br/>미나토구 · 麻布十番駅<br/><a href="https://tabelog.com/tokyo/A1307/A130702/13055381/">타베로그</a>]]></description>
<Point><coordinates>139.735032,35.653739,0</coordinates></Point></Placemark>
<Placemark><name>タイ料理 みもっと</name>
<description><![CDATA[아시아·에스닉 백명점 2026<br/>타베로그 3.73 · 리뷰 164<br/>메구로구 · 目黒駅<br/><a href="https://tabelog.com/tokyo/A1316/A131601/13238530/">타베로그</a>]]></description>
<Point><coordinates>139.709994,35.635206,0</coordinates></Point></Placemark>
<Placemark><name>アロマズ オブ インディア</name>
<description><![CDATA[아시아·에스닉 백명점 2026<br/>타베로그 3.65 · 리뷰 843<br/>지요다구 · 淡路町駅<br/><a href="https://tabelog.com/tokyo/A1310/A131002/13193476/">타베로그</a>]]></description>
<Point><coordinates>139.769354,35.696823,0</coordinates></Point></Placemark>
<Placemark><name>COMEDOR MONRICO</name>
<description><![CDATA[스페인 백명점 2026<br/>타베로그 3.57 · 리뷰 604<br/>미나토구 · 三田駅<br/><a href="https://tabelog.com/tokyo/A1314/A131402/13077333/">타베로그</a>]]></description>
<Point><coordinates>139.746419,35.648386,0</coordinates></Point></Placemark>
<Placemark><name>コングスト</name>
<description><![CDATA[스페인 백명점 2026<br/>타베로그 3.7 · 리뷰 236<br/>주오구 · 人形町駅<br/><a href="https://tabelog.com/tokyo/A1302/A130204/13290035/">타베로그</a>]]></description>
<Point><coordinates>139.780474,35.684609,0</coordinates></Point></Placemark>
<Placemark><name>スペインバル・ジローナ</name>
<description><![CDATA[스페인 백명점 2026<br/>타베로그 3.55 · 리뷰 469<br/>시나가와구 · 大崎広小路駅<br/><a href="https://tabelog.com/tokyo/A1316/A131603/13011022/">타베로그</a>]]></description>
<Point><coordinates>139.72082,35.622916,0</coordinates></Point></Placemark>
<Placemark><name>エル・カステリャーノ</name>
<description><![CDATA[스페인 백명점 2026<br/>타베로그 3.58 · 리뷰 331<br/>시부야구 · 渋谷駅<br/><a href="https://tabelog.com/tokyo/A1303/A130301/13001313/">타베로그</a>]]></description>
<Point><coordinates>139.707508,35.660847,0</coordinates></Point></Placemark>
<Placemark><name>エスタシオン</name>
<description><![CDATA[스페인 백명점 2026<br/>타베로그 3.66 · 리뷰 310<br/>신주쿠구 · 飯田橋駅<br/><a href="https://tabelog.com/tokyo/A1309/A130905/13187660/">타베로그</a>]]></description>
<Point><coordinates>139.740568,35.700648,0</coordinates></Point></Placemark>
<Placemark><name>Tinc gana</name>
<description><![CDATA[스페인 백명점 2026<br/>타베로그 3.99 · 리뷰 363<br/>지요다구 · 市ケ谷駅<br/><a href="https://tabelog.com/tokyo/A1309/A130904/13275231/">타베로그</a>]]></description>
<Point><coordinates>139.735261,35.689169,0</coordinates></Point></Placemark>
<Placemark><name>カサ・ベリヤ</name>
<description><![CDATA[스페인 백명점 2026<br/>타베로그 3.6 · 리뷰 398<br/>신주쿠구 · 西武新宿駅<br/><a href="https://tabelog.com/tokyo/A1304/A130401/13000123/">타베로그</a>]]></description>
<Point><coordinates>139.701316,35.697915,0</coordinates></Point></Placemark>
<Placemark><name>eman</name>
<description><![CDATA[스페인 백명점 2026<br/>타베로그 4.1 · 리뷰 417<br/>고토구 · 清澄白河駅<br/><a href="https://tabelog.com/tokyo/A1313/A131303/13266919/">타베로그</a>]]></description>
<Point><coordinates>139.799441,35.681519,0</coordinates></Point></Placemark>
<Placemark><name>TOKi</name>
<description><![CDATA[스페인 백명점 2026<br/>타베로그 3.75 · 리뷰 577<br/>미나토구 · 新橋駅<br/><a href="https://tabelog.com/tokyo/A1301/A130103/13262451/">타베로그</a>]]></description>
<Point><coordinates>139.760533,35.667086,0</coordinates></Point></Placemark>
<Placemark><name>アカ</name>
<description><![CDATA[스페인 백명점 2026<br/>타베로그 4.64 · 리뷰 695<br/>주오구 · 三越前駅<br/><a href="https://tabelog.com/tokyo/A1302/A130202/13249117/">타베로그</a>]]></description>
<Point><coordinates>139.772353,35.686874,0</coordinates></Point></Placemark>
<Placemark><name>ENEKO Tokyo</name>
<description><![CDATA[스페인 백명점 2026<br/>타베로그 3.72 · 리뷰 391<br/>미나토구 · 広尾駅<br/><a href="https://tabelog.com/tokyo/A1307/A130701/13212953/">타베로그</a>]]></description>
<Point><coordinates>139.725739,35.658391,0</coordinates></Point></Placemark>
<Placemark><name>スリオラ</name>
<description><![CDATA[스페인 백명점 2026<br/>타베로그 4.08 · 리뷰 785<br/>주오구 · 銀座駅<br/><a href="https://tabelog.com/tokyo/A1301/A130101/13125046/">타베로그</a>]]></description>
<Point><coordinates>139.762867,35.670138,0</coordinates></Point></Placemark>
<Placemark><name>sardexka</name>
<description><![CDATA[스페인 백명점 2026<br/>타베로그 3.67 · 리뷰 153<br/>다이토구 · 鶯谷駅<br/><a href="https://tabelog.com/tokyo/A1311/A131104/13196197/">타베로그</a>]]></description>
<Point><coordinates>139.781055,35.719549,0</coordinates></Point></Placemark>
<Placemark><name>食堂 aca</name>
<description><![CDATA[스페인 백명점 2026<br/>타베로그 4.31 · 리뷰 323<br/>미나토구 · 神谷町駅<br/><a href="https://tabelog.com/tokyo/A1307/A130704/13296958/">타베로그</a>]]></description>
<Point><coordinates>139.743668,35.662396,0</coordinates></Point></Placemark>
<Placemark><name>MASIA</name>
<description><![CDATA[스페인 백명점 2026<br/>타베로그 3.69 · 리뷰 357<br/>주오구 · 銀座一丁目駅<br/><a href="https://tabelog.com/tokyo/A1301/A130101/13276770/">타베로그</a>]]></description>
<Point><coordinates>139.766456,35.674015,0</coordinates></Point></Placemark>
<Placemark><name>ティオ・ダンジョウ</name>
<description><![CDATA[스페인 백명점 2026<br/>타베로그 3.62 · 리뷰 160<br/>調布구 · 調布駅<br/><a href="https://tabelog.com/tokyo/A1326/A132601/13180094/">타베로그</a>]]></description>
<Point><coordinates>139.547158,35.651174,0</coordinates></Point></Placemark>
<Placemark><name>エル ブエイ</name>
<description><![CDATA[스페인 백명점 2026<br/>타베로그 3.55 · 리뷰 401<br/>신주쿠구 · 飯田橋駅<br/><a href="https://tabelog.com/tokyo/A1309/A130905/13115919/">타베로그</a>]]></description>
<Point><coordinates>139.741005,35.70076,0</coordinates></Point></Placemark>
<Placemark><name>白金Baru</name>
<description><![CDATA[스페인 백명점 2026<br/>타베로그 3.65 · 리뷰 602<br/>시부야구 · 広尾駅<br/><a href="https://tabelog.com/tokyo/A1307/A130703/13014058/">타베로그</a>]]></description>
<Point><coordinates>139.722006,35.644619,0</coordinates></Point></Placemark>
<Placemark><name>リストランテ バル ポルテーニョ</name>
<description><![CDATA[스페인 백명점 2026<br/>타베로그 3.58 · 리뷰 466<br/>스미다구 · 錦糸町駅<br/><a href="https://tabelog.com/tokyo/A1312/A131201/13157189/">타베로그</a>]]></description>
<Point><coordinates>139.817195,35.695432,0</coordinates></Point></Placemark>
<Placemark><name>Flowers&amp;amp;Spanish Sonrisa</name>
<description><![CDATA[스페인 백명점 2026<br/>타베로그 3.72 · 리뷰 380<br/>오타구 · 京急蒲田駅<br/><a href="https://tabelog.com/tokyo/A1315/A131503/13214735/">타베로그</a>]]></description>
<Point><coordinates>139.722636,35.562927,0</coordinates></Point></Placemark>
<Placemark><name>スペイン料理Pablo</name>
<description><![CDATA[스페인 백명점 2026<br/>타베로그 3.6 · 리뷰 470<br/>메구로구 · 中目黒駅<br/><a href="https://tabelog.com/tokyo/A1317/A131701/13221213/">타베로그</a>]]></description>
<Point><coordinates>139.696407,35.645853,0</coordinates></Point></Placemark>
<Placemark><name>サル イ アモール</name>
<description><![CDATA[스페인 백명점 2026<br/>타베로그 3.71 · 리뷰 962<br/>시부야구 · 代官山駅<br/><a href="https://tabelog.com/tokyo/A1303/A130303/13151425/">타베로그</a>]]></description>
<Point><coordinates>139.703488,35.650829,0</coordinates></Point></Placemark>
<Placemark><name>FERMINTXO</name>
<description><![CDATA[스페인 백명점 2026<br/>타베로그 3.57 · 리뷰 197<br/>미나토구 · 乃木坂駅<br/><a href="https://tabelog.com/tokyo/A1307/A130701/13130765/">타베로그</a>]]></description>
<Point><coordinates>139.7248,35.660817,0</coordinates></Point></Placemark>
<Placemark><name>スペインレストラン 銀座エスペロ</name>
<description><![CDATA[스페인 백명점 2026<br/>타베로그 3.56 · 리뷰 930<br/>주오구 · 銀座駅<br/><a href="https://tabelog.com/tokyo/A1301/A130101/13244977/">타베로그</a>]]></description>
<Point><coordinates>139.763581,35.670796,0</coordinates></Point></Placemark>
<Placemark><name>GinaGina</name>
<description><![CDATA[스페인 백명점 2026<br/>타베로그 3.33 · 리뷰 141<br/>미나토구 · 広尾駅<br/><a href="https://tabelog.com/tokyo/A1307/A130701/13264430/">타베로그</a>]]></description>
<Point><coordinates>139.720571,35.659839,0</coordinates></Point></Placemark>
<Placemark><name>ロス・レイエス・マーゴス</name>
<description><![CDATA[스페인 백명점 2026<br/>타베로그 3.56 · 리뷰 337<br/>시부야구 · 参宮橋駅<br/><a href="https://tabelog.com/tokyo/A1318/A131810/13001848/">타베로그</a>]]></description>
<Point><coordinates>139.692322,35.67784,0</coordinates></Point></Placemark>
<Placemark><name>Gracia</name>
<description><![CDATA[스페인 백명점 2026<br/>타베로그 3.72 · 리뷰 775<br/>시부야구 · 広尾駅<br/><a href="https://tabelog.com/tokyo/A1307/A130703/13248611/">타베로그</a>]]></description>
<Point><coordinates>139.721902,35.650736,0</coordinates></Point></Placemark>
<Placemark><name>エル・ペスカドール</name>
<description><![CDATA[스페인 백명점 2026<br/>타베로그 3.55 · 리뷰 611<br/>메구로구 · 自由が丘駅<br/><a href="https://tabelog.com/tokyo/A1317/A131703/13003271/">타베로그</a>]]></description>
<Point><coordinates>139.67045,35.608044,0</coordinates></Point></Placemark>
<Placemark><name>フォンダ サン ジョルディ</name>
<description><![CDATA[스페인 백명점 2026<br/>타베로그 3.53 · 리뷰 282<br/>시부야구 · 恵比寿駅<br/><a href="https://tabelog.com/tokyo/A1303/A130302/13174380/">타베로그</a>]]></description>
<Point><coordinates>139.712165,35.64676,0</coordinates></Point></Placemark>
<Placemark><name>小笠原伯爵邸</name>
<description><![CDATA[스페인 백명점 2026<br/>타베로그 3.7 · 리뷰 955<br/>신주쿠구 · 若松河田駅<br/><a href="https://tabelog.com/tokyo/A1305/A130504/13000998/">타베로그</a>]]></description>
<Point><coordinates>139.717521,35.698341,0</coordinates></Point></Placemark>
<Placemark><name>バル ポルティージョ</name>
<description><![CDATA[스페인 백명점 2026<br/>타베로그 3.59 · 리뷰 946<br/>메구로구 · 中目黒駅<br/><a href="https://tabelog.com/tokyo/A1317/A131701/13232995/">타베로그</a>]]></description>
<Point><coordinates>139.697692,35.647133,0</coordinates></Point></Placemark>
<Placemark><name>アロセリア ラ パンサ</name>
<description><![CDATA[스페인 백명점 2026<br/>타베로그 3.68 · 리뷰 779<br/>주오구 · 銀座一丁目駅<br/><a href="https://tabelog.com/tokyo/A1301/A130101/13205229/">타베로그</a>]]></description>
<Point><coordinates>139.770054,35.673415,0</coordinates></Point></Placemark>
<Placemark><name>中国料理 桃花林</name>
<description><![CDATA[중식 백명점 2026<br/>타베로그 3.68 · 리뷰 286<br/>미나토구 · 虎ノ門ヒルズ駅<br/><a href="https://tabelog.com/tokyo/A1308/A130802/13238558/">타베로그</a>]]></description>
<Point><coordinates>139.744012,35.667069,0</coordinates></Point></Placemark>
<Placemark><name>MUDAN JIANG</name>
<description><![CDATA[중식 백명점 2026<br/>타베로그 3.65 · 리뷰 258<br/>주오구 · 八丁堀駅<br/><a href="https://tabelog.com/tokyo/A1302/A130203/13265064/">타베로그</a>]]></description>
<Point><coordinates>139.777087,35.672853,0</coordinates></Point></Placemark>
<Placemark><name>乃木坂 結</name>
<description><![CDATA[중식 백명점 2026<br/>타베로그 3.66 · 리뷰 148<br/>미나토구 · 乃木坂駅<br/><a href="https://tabelog.com/tokyo/A1307/A130701/13256196/">타베로그</a>]]></description>
<Point><coordinates>139.72501,35.666653,0</coordinates></Point></Placemark>
<Placemark><name>新富町 湯浅</name>
<description><![CDATA[중식 백명점 2026<br/>타베로그 3.7 · 리뷰 107<br/>주오구 · 新富町駅<br/><a href="https://tabelog.com/tokyo/A1313/A131301/13231936/">타베로그</a>]]></description>
<Point><coordinates>139.773713,35.670886,0</coordinates></Point></Placemark>
<Placemark><name>蓮</name>
<description><![CDATA[중식 백명점 2026<br/>타베로그 3.67 · 리뷰 391<br/>미나토구 · 広尾駅<br/><a href="https://tabelog.com/tokyo/A1307/A130703/13251482/">타베로그</a>]]></description>
<Point><coordinates>139.723284,35.657003,0</coordinates></Point></Placemark>
<Placemark><name>銀座 やまの辺 江戸中華</name>
<description><![CDATA[중식 백명점 2026<br/>타베로그 3.81 · 리뷰 177<br/>주오구 · 銀座駅<br/><a href="https://tabelog.com/tokyo/A1301/A130101/13251366/">타베로그</a>]]></description>
<Point><coordinates>139.76273,35.670448,0</coordinates></Point></Placemark>
<Placemark><name>中国料理 礼華 四君子草</name>
<description><![CDATA[중식 백명점 2026<br/>타베로그 3.76 · 리뷰 563<br/>지요다구 · 日比谷駅<br/><a href="https://tabelog.com/tokyo/A1301/A130102/13219684/">타베로그</a>]]></description>
<Point><coordinates>139.759017,35.673856,0</coordinates></Point></Placemark>
<Placemark><name>蜃気楼</name>
<description><![CDATA[중식 백명점 2026<br/>타베로그 3.74 · 리뷰 165<br/>이타바시구 · 新板橋駅<br/><a href="https://tabelog.com/tokyo/A1322/A132201/13008896/">타베로그</a>]]></description>
<Point><coordinates>139.716889,35.747968,0</coordinates></Point></Placemark>
<Placemark><name>虎峰</name>
<description><![CDATA[중식 백명점 2026<br/>타베로그 3.95 · 리뷰 787<br/>미나토구 · 六本木駅<br/><a href="https://tabelog.com/tokyo/A1307/A130701/13194122/">타베로그</a>]]></description>
<Point><coordinates>139.734488,35.663327,0</coordinates></Point></Placemark>
<Placemark><name>一平飯店</name>
<description><![CDATA[중식 백명점 2026<br/>타베로그 3.91 · 리뷰 266<br/>미나토구 · 麻布十番駅<br/><a href="https://tabelog.com/tokyo/A1307/A130702/13268624/">타베로그</a>]]></description>
<Point><coordinates>139.731825,35.656351,0</coordinates></Point></Placemark>
<Placemark><name>神田 雲林</name>
<description><![CDATA[중식 백명점 2026<br/>타베로그 3.71 · 리뷰 983<br/>지요다구 · 淡路町駅<br/><a href="https://tabelog.com/tokyo/A1310/A131002/13023052/">타베로그</a>]]></description>
<Point><coordinates>139.768659,35.696637,0</coordinates></Point></Placemark>
<Placemark><name>中華香彩JASMINE 広尾本店</name>
<description><![CDATA[중식 백명점 2026<br/>타베로그 3.71 · 리뷰 1219<br/>시부야구 · 広尾駅<br/><a href="https://tabelog.com/tokyo/A1303/A130302/13123634/">타베로그</a>]]></description>
<Point><coordinates>139.717886,35.648602,0</coordinates></Point></Placemark>
<Placemark><name>中国飯店 市ヶ谷店</name>
<description><![CDATA[중식 백명점 2026<br/>타베로그 3.7 · 리뷰 711<br/>지요다구 · 市ケ谷駅<br/><a href="https://tabelog.com/tokyo/A1309/A130904/13000553/">타베로그</a>]]></description>
<Point><coordinates>139.739468,35.693016,0</coordinates></Point></Placemark>
<Placemark><name>中華 銀座亭</name>
<description><![CDATA[중식 백명점 2026<br/>타베로그 3.66 · 리뷰 2137<br/>주오구 · 東銀座駅<br/><a href="https://tabelog.com/tokyo/A1301/A130101/13054334/">타베로그</a>]]></description>
<Point><coordinates>139.763052,35.668052,0</coordinates></Point></Placemark>
<Placemark><name>SEN YO</name>
<description><![CDATA[중식 백명점 2026<br/>타베로그 3.72 · 리뷰 610<br/>스기나미구 · 東高円寺駅<br/><a href="https://tabelog.com/tokyo/A1319/A131904/13135036/">타베로그</a>]]></description>
<Point><coordinates>139.654498,35.694138,0</coordinates></Point></Placemark>
<Placemark><name>KOBAYASHI</name>
<description><![CDATA[중식 백명점 2026<br/>타베로그 4.01 · 리뷰 226<br/>미나토구 · 六本木一丁目駅<br/><a href="https://tabelog.com/tokyo/A1307/A130701/13295744/">타베로그</a>]]></description>
<Point><coordinates>139.736606,35.663099,0</coordinates></Point></Placemark>
<Placemark><name>O2</name>
<description><![CDATA[중식 백명점 2026<br/>타베로그 3.73 · 리뷰 502<br/>고토구 · 清澄白河駅<br/><a href="https://tabelog.com/tokyo/A1313/A131303/13219958/">타베로그</a>]]></description>
<Point><coordinates>139.802696,35.680308,0</coordinates></Point></Placemark>
<Placemark><name>赤坂 桃の木</name>
<description><![CDATA[중식 백명점 2026<br/>타베로그 3.69 · 리뷰 547<br/>지요다구 · 永田町駅<br/><a href="https://tabelog.com/tokyo/A1308/A130803/13244424/">타베로그</a>]]></description>
<Point><coordinates>139.737521,35.679206,0</coordinates></Point></Placemark>
<Placemark><name>Ji-Cube</name>
<description><![CDATA[중식 백명점 2026<br/>타베로그 4.36 · 리뷰 629<br/>미나토구 · 六本木駅<br/><a href="https://tabelog.com/tokyo/A1307/A130701/13259432/">타베로그</a>]]></description>
<Point><coordinates>139.726075,35.659092,0</coordinates></Point></Placemark>
<Placemark><name>四川料理 巴蜀</name>
<description><![CDATA[중식 백명점 2026<br/>타베로그 3.78 · 리뷰 179<br/>다이토구 · 浅草（東武・都営・メトロ）駅<br/><a href="https://tabelog.com/tokyo/A1311/A131102/13291652/">타베로그</a>]]></description>
<Point><coordinates>139.80026,35.715622,0</coordinates></Point></Placemark>
<Placemark><name>中国飯店 六本木店</name>
<description><![CDATA[중식 백명점 2026<br/>타베로그 3.92 · 리뷰 1555<br/>미나토구 · 六本木駅<br/><a href="https://tabelog.com/tokyo/A1307/A130701/13001954/">타베로그</a>]]></description>
<Point><coordinates>139.72799,35.66151,0</coordinates></Point></Placemark>
<Placemark><name>日々の中華食堂</name>
<description><![CDATA[중식 백명점 2026<br/>타베로그 3.65 · 리뷰 661<br/>시부야구 · 代々木上原駅<br/><a href="https://tabelog.com/tokyo/A1318/A131811/13260943/">타베로그</a>]]></description>
<Point><coordinates>139.680814,35.66913,0</coordinates></Point></Placemark>
<Placemark><name>series</name>
<description><![CDATA[중식 백명점 2026<br/>타베로그 3.79 · 리뷰 1010<br/>미나토구 · 六本木一丁目駅<br/><a href="https://tabelog.com/tokyo/A1307/A130701/13246575/">타베로그</a>]]></description>
<Point><coordinates>139.739003,35.660608,0</coordinates></Point></Placemark>
<Placemark><name>中華料理 徳武</name>
<description><![CDATA[중식 백명점 2026<br/>타베로그 3.69 · 리뷰 226<br/>스미다구 · 錦糸町駅<br/><a href="https://tabelog.com/tokyo/A1312/A131201/13296465/">타베로그</a>]]></description>
<Point><coordinates>139.804988,35.696786,0</coordinates></Point></Placemark>
<Placemark><name>萬来園</name>
<description><![CDATA[중식 백명점 2026<br/>타베로그 3.7 · 리뷰 978<br/>시나가와구 · 大井町駅<br/><a href="https://tabelog.com/tokyo/A1315/A131501/13001657/">타베로그</a>]]></description>
<Point><coordinates>139.736968,35.607269,0</coordinates></Point></Placemark>
<Placemark><name>蟹王府</name>
<description><![CDATA[중식 백명점 2026<br/>타베로그 3.75 · 리뷰 1043<br/>주오구 · 三越前駅<br/><a href="https://tabelog.com/tokyo/A1302/A130202/13253305/">타베로그</a>]]></description>
<Point><coordinates>139.772439,35.68665,0</coordinates></Point></Placemark>
<Placemark><name>中国菜 ARATA</name>
<description><![CDATA[중식 백명점 2026<br/>타베로그 3.7 · 리뷰 266<br/>주오구 · 人形町駅<br/><a href="https://tabelog.com/tokyo/A1302/A130204/13277885/">타베로그</a>]]></description>
<Point><coordinates>139.779757,35.685363,0</coordinates></Point></Placemark>
<Placemark><name>港式料理 鴻禧</name>
<description><![CDATA[중식 백명점 2026<br/>타베로그 4.16 · 리뷰 205<br/>미나토구 · 虎ノ門ヒルズ駅<br/><a href="https://tabelog.com/tokyo/A1308/A130802/13274319/">타베로그</a>]]></description>
<Point><coordinates>139.751652,35.666713,0</coordinates></Point></Placemark>
<Placemark><name>M Mugen</name>
<description><![CDATA[중식 백명점 2026<br/>타베로그 3.72 · 리뷰 86<br/>주오구 · 銀座駅<br/><a href="https://tabelog.com/tokyo/A1301/A130101/13278752/">타베로그</a>]]></description>
<Point><coordinates>139.760982,35.670001,0</coordinates></Point></Placemark>
<Placemark><name>小熊飯店</name>
<description><![CDATA[중식 백명점 2026<br/>타베로그 3.85 · 리뷰 87<br/>시부야구 · 北参道駅<br/><a href="https://tabelog.com/tokyo/A1309/A130901/13142019/">타베로그</a>]]></description>
<Point><coordinates>139.706652,35.676911,0</coordinates></Point></Placemark>
<Placemark><name>中国飯店 三田店</name>
<description><![CDATA[중식 백명점 2026<br/>타베로그 3.72 · 리뷰 1431<br/>미나토구 · 三田駅<br/><a href="https://tabelog.com/tokyo/A1314/A131402/13003506/">타베로그</a>]]></description>
<Point><coordinates>139.744991,35.649624,0</coordinates></Point></Placemark>
<Placemark><name>みこころ 無添加チャイナ935</name>
<description><![CDATA[중식 백명점 2026<br/>타베로그 3.73 · 리뷰 513<br/>지요다구 · 神保町駅<br/><a href="https://tabelog.com/tokyo/A1310/A131003/13241715/">타베로그</a>]]></description>
<Point><coordinates>139.761752,35.69642,0</coordinates></Point></Placemark>
<Placemark><name>飄香 広尾店</name>
<description><![CDATA[중식 백명점 2026<br/>타베로그 3.72 · 리뷰 101<br/>시부야구 · 広尾駅<br/><a href="https://tabelog.com/tokyo/A1307/A130703/13274033/">타베로그</a>]]></description>
<Point><coordinates>139.719595,35.649015,0</coordinates></Point></Placemark>
<Placemark><name>對馬</name>
<description><![CDATA[중식 백명점 2026<br/>타베로그 4.2 · 리뷰 329<br/>미나토구 · 六本木駅<br/><a href="https://tabelog.com/tokyo/A1307/A130701/13245835/">타베로그</a>]]></description>
<Point><coordinates>139.727753,35.657631,0</coordinates></Point></Placemark>
<Placemark><name>賛田飯店</name>
<description><![CDATA[중식 백명점 2026<br/>타베로그 3.66 · 리뷰 225<br/>미나토구 · 六本木駅<br/><a href="https://tabelog.com/tokyo/A1307/A130701/13290682/">타베로그</a>]]></description>
<Point><coordinates>139.735506,35.661817,0</coordinates></Point></Placemark>
<Placemark><name>虎穴</name>
<description><![CDATA[중식 백명점 2026<br/>타베로그 3.67 · 리뷰 900<br/>주오구 · 馬喰横山駅<br/><a href="https://tabelog.com/tokyo/A1302/A130204/13098919/">타베로그</a>]]></description>
<Point><coordinates>139.783153,35.690687,0</coordinates></Point></Placemark>
<Placemark><name>緑町 生駒</name>
<description><![CDATA[중식 백명점 2026<br/>타베로그 3.9 · 리뷰 675<br/>스미다구 · 菊川駅<br/><a href="https://tabelog.com/tokyo/A1312/A131201/13281837/">타베로그</a>]]></description>
<Point><coordinates>139.805835,35.693633,0</coordinates></Point></Placemark>
<Placemark><name>中国菜 漢</name>
<description><![CDATA[중식 백명점 2026<br/>타베로그 3.72 · 리뷰 224<br/>주오구 · 八丁堀駅<br/><a href="https://tabelog.com/tokyo/A1302/A130203/13267453/">타베로그</a>]]></description>
<Point><coordinates>139.781728,35.674577,0</coordinates></Point></Placemark>
<Placemark><name>銀座嘉禅</name>
<description><![CDATA[중식 백명점 2026<br/>타베로그 3.76 · 리뷰 408<br/>주오구 · 銀座駅<br/><a href="https://tabelog.com/tokyo/A1301/A130101/13270780/">타베로그</a>]]></description>
<Point><coordinates>139.760884,35.671189,0</coordinates></Point></Placemark>
<Placemark><name>中国意境菜 白燕</name>
<description><![CDATA[중식 백명점 2026<br/>타베로그 3.76 · 리뷰 314<br/>다이토구 · 稲荷町駅<br/><a href="https://tabelog.com/tokyo/A1311/A131101/13238666/">타베로그</a>]]></description>
<Point><coordinates>139.783038,35.710693,0</coordinates></Point></Placemark>
<Placemark><name>筑紫樓 恵比寿店</name>
<description><![CDATA[중식 백명점 2026<br/>타베로그 3.71 · 리뷰 1311<br/>시부야구 · 恵比寿駅<br/><a href="https://tabelog.com/tokyo/A1303/A130302/13003323/">타베로그</a>]]></description>
<Point><coordinates>139.708624,35.645745,0</coordinates></Point></Placemark>
<Placemark><name>南方中華料理 南三</name>
<description><![CDATA[중식 백명점 2026<br/>타베로그 3.73 · 리뷰 448<br/>신주쿠구 · 四谷三丁目駅<br/><a href="https://tabelog.com/tokyo/A1309/A130903/13221235/">타베로그</a>]]></description>
<Point><coordinates>139.722603,35.689541,0</coordinates></Point></Placemark>
<Placemark><name>ジュウバー</name>
<description><![CDATA[중식 백명점 2026<br/>타베로그 3.71 · 리뷰 816<br/>신주쿠구 · 飯田橋駅<br/><a href="https://tabelog.com/tokyo/A1309/A130905/13207885/">타베로그</a>]]></description>
<Point><coordinates>139.741471,35.70102,0</coordinates></Point></Placemark>
<Placemark><name>マツシマ</name>
<description><![CDATA[중식 백명점 2026<br/>타베로그 3.72 · 리뷰 114<br/>시부야구 · 代々木上原駅<br/><a href="https://tabelog.com/tokyo/A1318/A131811/13195689/">타베로그</a>]]></description>
<Point><coordinates>139.681816,35.669488,0</coordinates></Point></Placemark>
<Placemark><name>四川料理 花重</name>
<description><![CDATA[중식 백명점 2026<br/>타베로그 3.73 · 리뷰 114<br/>도시마구 · 大塚駅前駅<br/><a href="https://tabelog.com/tokyo/A1323/A132302/13267557/">타베로그</a>]]></description>
<Point><coordinates>139.728647,35.729652,0</coordinates></Point></Placemark>
<Placemark><name>NOGI</name>
<description><![CDATA[중식 백명점 2026<br/>타베로그 3.66 · 리뷰 294<br/>미나토구 · 乃木坂駅<br/><a href="https://tabelog.com/tokyo/A1307/A130701/13271721/">타베로그</a>]]></description>
<Point><coordinates>139.722004,35.660937,0</coordinates></Point></Placemark>
<Placemark><name>わさ</name>
<description><![CDATA[중식 백명점 2026<br/>타베로그 4.34 · 리뷰 404<br/>시부야구 · 恵比寿駅<br/><a href="https://tabelog.com/tokyo/A1303/A130302/13251804/">타베로그</a>]]></description>
<Point><coordinates>139.710114,35.649816,0</coordinates></Point></Placemark>
<Placemark><name>ShinoiS</name>
<description><![CDATA[중식 백명점 2026<br/>타베로그 3.89 · 리뷰 391<br/>미나토구 · 白金台駅<br/><a href="https://tabelog.com/tokyo/A1316/A131602/13241948/">타베로그</a>]]></description>
<Point><coordinates>139.728182,35.639294,0</coordinates></Point></Placemark>
<Placemark><name>桃仙閣 東京</name>
<description><![CDATA[중식 백명점 2026<br/>타베로그 4 · 리뷰 554<br/>미나토구 · 六本木駅<br/><a href="https://tabelog.com/tokyo/A1307/A130701/13250092/">타베로그</a>]]></description>
<Point><coordinates>139.733133,35.663897,0</coordinates></Point></Placemark>
<Placemark><name>ロウホウトイ</name>
<description><![CDATA[중식 백명점 2026<br/>타베로그 3.63 · 리뷰 101<br/>미나토구 · 広尾駅<br/><a href="https://tabelog.com/tokyo/A1307/A130703/13203446/">타베로그</a>]]></description>
<Point><coordinates>139.723236,35.64476,0</coordinates></Point></Placemark>
<Placemark><name>中華寝台</name>
<description><![CDATA[중식 백명점 2026<br/>타베로그 3.76 · 리뷰 218<br/>시부야구 · 神泉駅<br/><a href="https://tabelog.com/tokyo/A1303/A130301/13240037/">타베로그</a>]]></description>
<Point><coordinates>139.696141,35.660118,0</coordinates></Point></Placemark>
<Placemark><name>私房菜 吉田</name>
<description><![CDATA[중식 백명점 2026<br/>타베로그 3.96 · 리뷰 295<br/>미나토구 · 六本木駅<br/><a href="https://tabelog.com/tokyo/A1307/A130701/13302776/">타베로그</a>]]></description>
<Point><coordinates>139.732483,35.665218,0</coordinates></Point></Placemark>
<Placemark><name>中国菜 智林</name>
<description><![CDATA[중식 백명점 2026<br/>타베로그 3.65 · 리뷰 540<br/>신주쿠구 · 神楽坂駅<br/><a href="https://tabelog.com/tokyo/A1309/A130905/13233789/">타베로그</a>]]></description>
<Point><coordinates>139.739329,35.703166,0</coordinates></Point></Placemark>
<Placemark><name>赤坂璃宮 銀座店</name>
<description><![CDATA[중식 백명점 2026<br/>타베로그 3.74 · 리뷰 803<br/>주오구 · 銀座駅<br/><a href="https://tabelog.com/tokyo/A1301/A130101/13013346/">타베로그</a>]]></description>
<Point><coordinates>139.762759,35.670086,0</coordinates></Point></Placemark>
<Placemark><name>家寶 跳龍門</name>
<description><![CDATA[중식 백명점 2026<br/>타베로그 3.77 · 리뷰 308<br/>주오구 · 銀座駅<br/><a href="https://tabelog.com/tokyo/A1301/A130101/13263227/">타베로그</a>]]></description>
<Point><coordinates>139.763543,35.669495,0</coordinates></Point></Placemark>
<Placemark><name>鶏舎</name>
<description><![CDATA[중식 백명점 2026<br/>타베로그 3.67 · 리뷰 1299<br/>메구로구 · 池尻大橋駅<br/><a href="https://tabelog.com/tokyo/A1317/A131705/13007279/">타베로그</a>]]></description>
<Point><coordinates>139.690395,35.651251,0</coordinates></Point></Placemark>
<Placemark><name>香妃園</name>
<description><![CDATA[중식 백명점 2026<br/>타베로그 3.68 · 리뷰 2571<br/>미나토구 · 六本木駅<br/><a href="https://tabelog.com/tokyo/A1307/A130701/13001271/">타베로그</a>]]></description>
<Point><coordinates>139.73402,35.663433,0</coordinates></Point></Placemark>
<Placemark><name>MASA’S KITCHEN 恵比寿</name>
<description><![CDATA[중식 백명점 2026<br/>타베로그 3.69 · 리뷰 1809<br/>시부야구 · 恵比寿駅<br/><a href="https://tabelog.com/tokyo/A1303/A130302/13054526/">타베로그</a>]]></description>
<Point><coordinates>139.714632,35.646648,0</coordinates></Point></Placemark>
<Placemark><name>ミモザ</name>
<description><![CDATA[중식 백명점 2026<br/>타베로그 3.78 · 리뷰 346<br/>미나토구 · 表参道駅<br/><a href="https://tabelog.com/tokyo/A1306/A130602/13197047/">타베로그</a>]]></description>
<Point><coordinates>139.714371,35.666452,0</coordinates></Point></Placemark>
<Placemark><name>錦福 香港美食</name>
<description><![CDATA[중식 백명점 2026<br/>타베로그 3.69 · 리뷰 272<br/>지요다구 · 九段下駅<br/><a href="https://tabelog.com/tokyo/A1309/A130906/13218085/">타베로그</a>]]></description>
<Point><coordinates>139.75072,35.698013,0</coordinates></Point></Placemark>
<Placemark><name>私厨房 勇</name>
<description><![CDATA[중식 백명점 2026<br/>타베로그 3.87 · 리뷰 307<br/>미나토구 · 白金台駅<br/><a href="https://tabelog.com/tokyo/A1316/A131602/13168401/">타베로그</a>]]></description>
<Point><coordinates>139.725157,35.644339,0</coordinates></Point></Placemark>
<Placemark><name>中國菜 雲蓉</name>
<description><![CDATA[중식 백명점 2026<br/>타베로그 3.74 · 리뷰 238<br/>武蔵野구 · 吉祥寺駅<br/><a href="https://tabelog.com/tokyo/A1320/A132001/13229797/">타베로그</a>]]></description>
<Point><coordinates>139.577491,35.705718,0</coordinates></Point></Placemark>
<Placemark><name>豊栄</name>
<description><![CDATA[중식 백명점 2026<br/>타베로그 3.77 · 리뷰 438<br/>분쿄구 · 本駒込駅<br/><a href="https://tabelog.com/tokyo/A1323/A132301/13276558/">타베로그</a>]]></description>
<Point><coordinates>139.753675,35.725824,0</coordinates></Point></Placemark>
<Placemark><name>4000 Chinese Restaurant</name>
<description><![CDATA[중식 백명점 2026<br/>타베로그 3.91 · 리뷰 444<br/>미나토구 · 広尾駅<br/><a href="https://tabelog.com/tokyo/A1307/A130703/13229559/">타베로그</a>]]></description>
<Point><coordinates>139.718691,35.65887,0</coordinates></Point></Placemark>
<Placemark><name>中国菜 老四川 飄香 銀座三越店</name>
<description><![CDATA[중식 백명점 2026<br/>타베로그 3.53 · 리뷰 637<br/>주오구 · 銀座駅<br/><a href="https://tabelog.com/tokyo/A1301/A130101/13115780/">타베로그</a>]]></description>
<Point><coordinates>139.765953,35.671036,0</coordinates></Point></Placemark>
<Placemark><name>フルタ</name>
<description><![CDATA[중식 백명점 2026<br/>타베로그 4.29 · 리뷰 360<br/>주오구 · 新富町駅<br/><a href="https://tabelog.com/tokyo/A1313/A131301/13176780/">타베로그</a>]]></description>
<Point><coordinates>139.770732,35.672592,0</coordinates></Point></Placemark>
<Placemark><name>隼</name>
<description><![CDATA[중식 백명점 2026<br/>타베로그 4.48 · 리뷰 530<br/>미나토구 · 六本木駅<br/><a href="https://tabelog.com/tokyo/A1307/A130701/13225413/">타베로그</a>]]></description>
<Point><coordinates>139.732482,35.665261,0</coordinates></Point></Placemark>
<Placemark><name>赤坂璃宮 赤坂本店</name>
<description><![CDATA[중식 백명점 2026<br/>타베로그 3.61 · 리뷰 764<br/>미나토구 · 赤坂駅<br/><a href="https://tabelog.com/tokyo/A1308/A130801/13005028/">타베로그</a>]]></description>
<Point><coordinates>139.735797,35.673097,0</coordinates></Point></Placemark>
<Placemark><name>スーツァン・レストラン陳 渋谷店</name>
<description><![CDATA[중식 백명점 2026<br/>타베로그 3.69 · 리뷰 1141<br/>시부야구 · 渋谷駅<br/><a href="https://tabelog.com/tokyo/A1303/A130301/13001909/">타베로그</a>]]></description>
<Point><coordinates>139.699436,35.656428,0</coordinates></Point></Placemark>
<Placemark><name>中国飯店 琥珀宮</name>
<description><![CDATA[중식 백명점 2026<br/>타베로그 3.83 · 리뷰 841<br/>지요다구 · 大手町駅<br/><a href="https://tabelog.com/tokyo/A1302/A130201/13141135/">타베로그</a>]]></description>
<Point><coordinates>139.761229,35.684508,0</coordinates></Point></Placemark>
<Placemark><name>シェフス</name>
<description><![CDATA[중식 백명점 2026<br/>타베로그 3.72 · 리뷰 816<br/>신주쿠구 · 新宿御苑前駅<br/><a href="https://tabelog.com/tokyo/A1304/A130402/13000884/">타베로그</a>]]></description>
<Point><coordinates>139.714208,35.689742,0</coordinates></Point></Placemark>
<Placemark><name>ヤウメイ</name>
<description><![CDATA[중식 백명점 2026<br/>타베로그 3.75 · 리뷰 1868<br/>지요다구 · 二重橋前駅<br/><a href="https://tabelog.com/tokyo/A1301/A130102/13228215/">타베로그</a>]]></description>
<Point><coordinates>139.761744,35.677708,0</coordinates></Point></Placemark>
<Placemark><name>茶禅華</name>
<description><![CDATA[중식 백명점 2026<br/>타베로그 4.57 · 리뷰 898<br/>미나토구 · 広尾駅<br/><a href="https://tabelog.com/tokyo/A1307/A130703/13205298/">타베로그</a>]]></description>
<Point><coordinates>139.728371,35.649583,0</coordinates></Point></Placemark>
<Placemark><name>赤坂珉珉</name>
<description><![CDATA[중식 백명점 2026<br/>타베로그 3.66 · 리뷰 2126<br/>미나토구 · 乃木坂駅<br/><a href="https://tabelog.com/tokyo/A1307/A130701/13001342/">타베로그</a>]]></description>
<Point><coordinates>139.729676,35.670785,0</coordinates></Point></Placemark>
<Placemark><name>銀座 上瀧</name>
<description><![CDATA[중식 백명점 2026<br/>타베로그 4.28 · 리뷰 77<br/>주오구 · 銀座駅<br/><a href="https://tabelog.com/tokyo/A1301/A130101/13267801/">타베로그</a>]]></description>
<Point><coordinates>139.761053,35.669802,0</coordinates></Point></Placemark>
<Placemark><name>蓮香</name>
<description><![CDATA[중식 백명점 2026<br/>타베로그 3.8 · 리뷰 372<br/>미나토구 · 白金高輪駅<br/><a href="https://tabelog.com/tokyo/A1316/A131602/13190771/">타베로그</a>]]></description>
<Point><coordinates>139.726741,35.644252,0</coordinates></Point></Placemark>
<Placemark><name>メゾン・ド・ユーロン</name>
<description><![CDATA[중식 백명점 2026<br/>타베로그 3.67 · 리뷰 585<br/>미나토구 · 赤坂駅<br/><a href="https://tabelog.com/tokyo/A1308/A130801/13002871/">타베로그</a>]]></description>
<Point><coordinates>139.731809,35.67295,0</coordinates></Point></Placemark>
<Placemark><name>Ino Cantonese 日本橋 たかせ</name>
<description><![CDATA[중식 백명점 2026<br/>타베로그 3.75 · 리뷰 182<br/>주오구 · 人形町駅<br/><a href="https://tabelog.com/tokyo/A1302/A130204/13273526/">타베로그</a>]]></description>
<Point><coordinates>139.780985,35.687602,0</coordinates></Point></Placemark>
<Placemark><name>龍圓</name>
<description><![CDATA[중식 백명점 2026<br/>타베로그 3.68 · 리뷰 494<br/>다이토구 · 浅草（つくばＥＸＰ）駅<br/><a href="https://tabelog.com/tokyo/A1311/A131102/13003700/">타베로그</a>]]></description>
<Point><coordinates>139.792326,35.714313,0</coordinates></Point></Placemark>
<Placemark><name>広東料理 センス</name>
<description><![CDATA[중식 백명점 2026<br/>타베로그 3.97 · 리뷰 1331<br/>주오구 · 三越前駅<br/><a href="https://tabelog.com/tokyo/A1302/A130202/13020361/">타베로그</a>]]></description>
<Point><coordinates>139.773072,35.687056,0</coordinates></Point></Placemark>
<Placemark><name>鶫</name>
<description><![CDATA[중식 백명점 2026<br/>타베로그 3.67 · 리뷰 164<br/>미나토구 · 乃木坂駅<br/><a href="https://tabelog.com/tokyo/A1307/A130701/13262512/">타베로그</a>]]></description>
<Point><coordinates>139.726482,35.662408,0</coordinates></Point></Placemark>
<Placemark><name>新雅</name>
<description><![CDATA[중식 백명점 2026<br/>타베로그 3.69 · 리뷰 1118<br/>분쿄구 · 江戸川橋駅<br/><a href="https://tabelog.com/tokyo/A1309/A130905/13185107/">타베로그</a>]]></description>
<Point><coordinates>139.734008,35.710196,0</coordinates></Point></Placemark>
<Placemark><name>中華ダイニング 一途一心</name>
<description><![CDATA[중식 백명점 2026<br/>타베로그 3.71 · 리뷰 355<br/>가쓰시카구 · 亀有駅<br/><a href="https://tabelog.com/tokyo/A1324/A132403/13258320/">타베로그</a>]]></description>
<Point><coordinates>139.846005,35.76387,0</coordinates></Point></Placemark>
<Placemark><name>東京チャイニーズ 一凛</name>
<description><![CDATA[중식 백명점 2026<br/>타베로그 3.75 · 리뷰 2173<br/>주오구 · 新富町駅<br/><a href="https://tabelog.com/tokyo/A1313/A131301/13153417/">타베로그</a>]]></description>
<Point><coordinates>139.771547,35.669866,0</coordinates></Point></Placemark>
<Placemark><name>中華 兆徳</name>
<description><![CDATA[중식 백명점 2026<br/>타베로그 3.68 · 리뷰 2531<br/>분쿄구 · 本駒込駅<br/><a href="https://tabelog.com/tokyo/A1323/A132301/13051394/">타베로그</a>]]></description>
<Point><coordinates>139.754086,35.722915,0</coordinates></Point></Placemark>
<Placemark><name>ワキヤ 一笑美茶樓</name>
<description><![CDATA[중식 백명점 2026<br/>타베로그 3.67 · 리뷰 603<br/>미나토구 · 赤坂駅<br/><a href="https://tabelog.com/tokyo/A1308/A130801/13005033/">타베로그</a>]]></description>
<Point><coordinates>139.734856,35.669648,0</coordinates></Point></Placemark>
<Placemark><name>筑紫樓 銀座店</name>
<description><![CDATA[중식 백명점 2026<br/>타베로그 3.69 · 리뷰 1396<br/>주오구 · 東銀座駅<br/><a href="https://tabelog.com/tokyo/A1301/A130101/13030770/">타베로그</a>]]></description>
<Point><coordinates>139.763579,35.668901,0</coordinates></Point></Placemark>
<Placemark><name>旬華 なか村</name>
<description><![CDATA[중식 백명점 2026<br/>타베로그 4.1 · 리뷰 249<br/>주오구 · 東日本橋駅<br/><a href="https://tabelog.com/tokyo/A1302/A130204/13261122/">타베로그</a>]]></description>
<Point><coordinates>139.787154,35.692846,0</coordinates></Point></Placemark>
<Placemark><name>の弥七</name>
<description><![CDATA[중식 백명점 2026<br/>타베로그 3.74 · 리뷰 200<br/>신주쿠구 · 四谷三丁目駅<br/><a href="https://tabelog.com/tokyo/A1309/A130903/13209784/">타베로그</a>]]></description>
<Point><coordinates>139.722423,35.688595,0</coordinates></Point></Placemark>
<Placemark><name>レンゲ</name>
<description><![CDATA[중식 백명점 2026<br/>타베로그 3.77 · 리뷰 444<br/>주오구 · 銀座駅<br/><a href="https://tabelog.com/tokyo/A1301/A130101/13183555/">타베로그</a>]]></description>
<Point><coordinates>139.761113,35.670126,0</coordinates></Point></Placemark>
<Placemark><name>カントニーズ 燕</name>
<description><![CDATA[중식 백명점 2026<br/>타베로그 3.72 · 리뷰 712<br/>지요다구 · 東京駅<br/><a href="https://tabelog.com/tokyo/A1302/A130201/13147494/">타베로그</a>]]></description>
<Point><coordinates>139.76562,35.68057,0</coordinates></Point></Placemark>
<Placemark><name>慈華</name>
<description><![CDATA[중식 백명점 2026<br/>타베로그 3.91 · 리뷰 282<br/>미나토구 · 外苑前駅<br/><a href="https://tabelog.com/tokyo/A1306/A130603/13242634/">타베로그</a>]]></description>
<Point><coordinates>139.720218,35.67026,0</coordinates></Point></Placemark>
<Placemark><name>REIKASAI GINZA</name>
<description><![CDATA[중식 백명점 2026<br/>타베로그 3.68 · 리뷰 544<br/>주오구 · 銀座一丁目駅<br/><a href="https://tabelog.com/tokyo/A1301/A130101/13196687/">타베로그</a>]]></description>
<Point><coordinates>139.767923,35.674291,0</coordinates></Point></Placemark>
<Placemark><name>好好</name>
<description><![CDATA[중식 백명점 2026<br/>타베로그 3.72 · 리뷰 239<br/>시나가와구 · 不動前駅<br/><a href="https://tabelog.com/tokyo/A1317/A131710/13007471/">타베로그</a>]]></description>
<Point><coordinates>139.717684,35.625702,0</coordinates></Point></Placemark>
<Placemark><name>龍天門</name>
<description><![CDATA[중식 백명점 2026<br/>타베로그 3.66 · 리뷰 1233<br/>메구로구 · 恵比寿駅<br/><a href="https://tabelog.com/tokyo/A1303/A130302/13004490/">타베로그</a>]]></description>
<Point><coordinates>139.715431,35.641586,0</coordinates></Point></Placemark>
<Placemark><name>中国飯店 富麗華</name>
<description><![CDATA[중식 백명점 2026<br/>타베로그 4.29 · 리뷰 2709<br/>미나토구 · 麻布十番駅<br/><a href="https://tabelog.com/tokyo/A1307/A130702/13004967/">타베로그</a>]]></description>
<Point><coordinates>139.738484,35.656274,0</coordinates></Point></Placemark>
<Placemark><name>ヘイフンテラス</name>
<description><![CDATA[중식 백명점 2026<br/>타베로그 3.71 · 리뷰 878<br/>지요다구 · 日比谷駅<br/><a href="https://tabelog.com/tokyo/A1301/A130102/13042931/">타베로그</a>]]></description>
<Point><coordinates>139.760315,35.674848,0</coordinates></Point></Placemark>
<Placemark><name>エンジン</name>
<description><![CDATA[중식 백명점 2026<br/>타베로그 3.72 · 리뷰 564<br/>신주쿠구 · 牛込神楽坂駅<br/><a href="https://tabelog.com/tokyo/A1309/A130905/13178164/">타베로그</a>]]></description>
<Point><coordinates>139.739479,35.702236,0</coordinates></Point></Placemark>
<Placemark><name>北京遊膳</name>
<description><![CDATA[중식 백명점 2026<br/>타베로그 3.78 · 리뷰 242<br/>스기나미구 · 荻窪駅<br/><a href="https://tabelog.com/tokyo/A1319/A131906/13001102/">타베로그</a>]]></description>
<Point><coordinates>139.619906,35.703867,0</coordinates></Point></Placemark>
<Placemark><name>赤坂 四川飯店</name>
<description><![CDATA[중식 백명점 2026<br/>타베로그 3.73 · 리뷰 1759<br/>지요다구 · 永田町駅<br/><a href="https://tabelog.com/tokyo/A1308/A130803/13000434/">타베로그</a>]]></description>
<Point><coordinates>139.739338,35.679856,0</coordinates></Point></Placemark>
<Placemark><name>里の宿</name>
<description><![CDATA[식당 백명점 2026<br/>타베로그 3.7 · 리뷰 933<br/>武蔵野구 · 吉祥寺駅<br/><a href="https://tabelog.com/tokyo/A1320/A132001/13026447/">타베로그</a>]]></description>
<Point><coordinates>139.582389,35.700911,0</coordinates></Point></Placemark>
<Placemark><name>割烹 三友</name>
<description><![CDATA[식당 백명점 2026<br/>타베로그 3.6 · 리뷰 1175<br/>주오구 · 人形町駅<br/><a href="https://tabelog.com/tokyo/A1302/A130204/13048033/">타베로그</a>]]></description>
<Point><coordinates>139.782769,35.684129,0</coordinates></Point></Placemark>
<Placemark><name>築地 田所食品</name>
<description><![CDATA[식당 백명점 2026<br/>타베로그 3.57 · 리뷰 680<br/>주오구 · 築地市場駅<br/><a href="https://tabelog.com/tokyo/A1313/A131301/13220295/">타베로그</a>]]></description>
<Point><coordinates>139.769698,35.66562,0</coordinates></Point></Placemark>
<Placemark><name>しゃけ小島 本店</name>
<description><![CDATA[식당 백명점 2026<br/>타베로그 3.67 · 리뷰 598<br/>스기나미구 · 代田橋駅<br/><a href="https://tabelog.com/tokyo/A1318/A131808/13095793/">타베로그</a>]]></description>
<Point><coordinates>139.658134,35.672707,0</coordinates></Point></Placemark>
<Placemark><name>季節料理 いし井</name>
<description><![CDATA[식당 백명점 2026<br/>타베로그 3.69 · 리뷰 721<br/>주오구 · 日本橋駅<br/><a href="https://tabelog.com/tokyo/A1302/A130202/13011465/">타베로그</a>]]></description>
<Point><coordinates>139.772489,35.681882,0</coordinates></Point></Placemark>
<Placemark><name>菱田屋</name>
<description><![CDATA[식당 백명점 2026<br/>타베로그 3.71 · 리뷰 1327<br/>메구로구 · 駒場東大前駅<br/><a href="https://tabelog.com/tokyo/A1318/A131801/13010480/">타베로그</a>]]></description>
<Point><coordinates>139.685864,35.657636,0</coordinates></Point></Placemark>
<Placemark><name>食堂わた</name>
<description><![CDATA[식당 백명점 2026<br/>타베로그 3.73 · 리뷰 382<br/>신주쿠구 · 新宿御苑前駅<br/><a href="https://tabelog.com/tokyo/A1304/A130402/13301720/">타베로그</a>]]></description>
<Point><coordinates>139.713027,35.689808,0</coordinates></Point></Placemark>
<Placemark><name>かてい菜園 ささ木</name>
<description><![CDATA[식당 백명점 2026<br/>타베로그 3.61 · 리뷰 271<br/>신주쿠구 · 目白駅<br/><a href="https://tabelog.com/tokyo/A1305/A130502/13012434/">타베로그</a>]]></description>
<Point><coordinates>139.704042,35.72279,0</coordinates></Point></Placemark>
<Placemark><name>レバニラや金太郎 東京出張所</name>
<description><![CDATA[식당 백명점 2026<br/>타베로그 3.63 · 리뷰 391<br/>시나가와구 · 新馬場駅<br/><a href="https://tabelog.com/tokyo/A1314/A131405/13289015/">타베로그</a>]]></description>
<Point><coordinates>139.74348,35.617943,0</coordinates></Point></Placemark>
<Placemark><name>さばめしの鯖匠</name>
<description><![CDATA[식당 백명점 2026<br/>타베로그 3.67 · 리뷰 2001<br/>지요다구 · 水道橋駅<br/><a href="https://tabelog.com/tokyo/A1310/A131003/13265562/">타베로그</a>]]></description>
<Point><coordinates>139.753684,35.701415,0</coordinates></Point></Placemark>
<Placemark><name>京粕漬 魚久  銀座店</name>
<description><![CDATA[식당 백명점 2026<br/>타베로그 3.65 · 리뷰 619<br/>주오구 · 東銀座駅<br/><a href="https://tabelog.com/tokyo/A1301/A130101/13005687/">타베로그</a>]]></description>
<Point><coordinates>139.767825,35.671119,0</coordinates></Point></Placemark>
<Placemark><name>巣鴨ときわ食堂 本店</name>
<description><![CDATA[식당 백명점 2026<br/>타베로그 3.68 · 리뷰 2127<br/>도시마구 · 庚申塚駅<br/><a href="https://tabelog.com/tokyo/A1322/A132201/13012336/">타베로그</a>]]></description>
<Point><coordinates>139.734102,35.73617,0</coordinates></Point></Placemark>
<Placemark><name>かつお食堂</name>
<description><![CDATA[식당 백명점 2026<br/>타베로그 3.68 · 리뷰 1005<br/>시부야구 · 渋谷駅<br/><a href="https://tabelog.com/tokyo/A1303/A130301/13237611/">타베로그</a>]]></description>
<Point><coordinates>139.702112,35.65412,0</coordinates></Point></Placemark>
<Placemark><name>魚久 イートイン あじみせ 本店</name>
<description><![CDATA[식당 백명점 2026<br/>타베로그 3.7 · 리뷰 705<br/>주오구 · 人形町駅<br/><a href="https://tabelog.com/tokyo/A1302/A130204/13051336/">타베로그</a>]]></description>
<Point><coordinates>139.781936,35.684422,0</coordinates></Point></Placemark>
<Placemark><name>三福亭</name>
<description><![CDATA[식당 백명점 2026<br/>타베로그 3.6 · 리뷰 719<br/>주오구 · 馬喰町駅<br/><a href="https://tabelog.com/tokyo/A1302/A130204/13059379/">타베로그</a>]]></description>
<Point><coordinates>139.781403,35.693159,0</coordinates></Point></Placemark>
<Placemark><name>野口鮮魚店</name>
<description><![CDATA[식당 백명점 2026<br/>타베로그 3.6 · 리뷰 1191<br/>스미다구 · 本所吾妻橋駅<br/><a href="https://tabelog.com/tokyo/A1312/A131203/13103727/">타베로그</a>]]></description>
<Point><coordinates>139.805625,35.706425,0</coordinates></Point></Placemark>
<Placemark><name>まるやま食堂</name>
<description><![CDATA[식당 백명점 2026<br/>타베로그 3.65 · 리뷰 2027<br/>오타구 · 蒲田駅<br/><a href="https://tabelog.com/tokyo/A1315/A131503/13119166/">타베로그</a>]]></description>
<Point><coordinates>139.71713,35.563955,0</coordinates></Point></Placemark>
<Placemark><name>とんかつ小田保 場内店</name>
<description><![CDATA[식당 백명점 2026<br/>타베로그 3.69 · 리뷰 764<br/>고토구 · 市場前駅<br/><a href="https://tabelog.com/tokyo/A1313/A131307/13026535/">타베로그</a>]]></description>
<Point><coordinates>139.782106,35.644679,0</coordinates></Point></Placemark>
<Placemark><name>炭焼き かどた/お料理すゞ㐂</name>
<description><![CDATA[식당 백명점 2026<br/>타베로그 3.68 · 리뷰 1338<br/>시부야구 · 恵比寿駅<br/><a href="https://tabelog.com/tokyo/A1303/A130302/13016622/">타베로그</a>]]></description>
<Point><coordinates>139.709206,35.647918,0</coordinates></Point></Placemark>
<Placemark><name>とん汁と玄米の店 檍食堂</name>
<description><![CDATA[식당 백명점 2026<br/>타베로그 3.59 · 리뷰 297<br/>오타구 · 京急蒲田駅<br/><a href="https://tabelog.com/tokyo/A1315/A131503/13276433/">타베로그</a>]]></description>
<Point><coordinates>139.72319,35.561621,0</coordinates></Point></Placemark>
<Placemark><name>魚力</name>
<description><![CDATA[식당 백명점 2026<br/>타베로그 3.71 · 리뷰 826<br/>시부야구 · 代々木公園駅<br/><a href="https://tabelog.com/tokyo/A1318/A131810/13012554/">타베로그</a>]]></description>
<Point><coordinates>139.69302,35.664778,0</coordinates></Point></Placemark>
<Placemark><name>かつれつ四谷たけだ</name>
<description><![CDATA[식당 백명점 2026<br/>타베로그 3.7 · 리뷰 3343<br/>신주쿠구 · 四ツ谷駅<br/><a href="https://tabelog.com/tokyo/A1309/A130902/13131643/">타베로그</a>]]></description>
<Point><coordinates>139.729348,35.686475,0</coordinates></Point></Placemark>
<Placemark><name>スワチカ</name>
<description><![CDATA[식당 백명점 2026<br/>타베로그 3.66 · 리뷰 1177<br/>시나가와구 · 大崎広小路駅<br/><a href="https://tabelog.com/tokyo/A1316/A131603/13014630/">타베로그</a>]]></description>
<Point><coordinates>139.722953,35.624435,0</coordinates></Point></Placemark>
<Placemark><name>炭火焼き魚弁当 すみさわ</name>
<description><![CDATA[식당 백명점 2026<br/>타베로그 3.67 · 리뷰 220<br/>세타가야구 · 松陰神社前駅<br/><a href="https://tabelog.com/tokyo/A1317/A131709/13252662/">타베로그</a>]]></description>
<Point><coordinates>139.653352,35.642537,0</coordinates></Point></Placemark>
<Placemark><name>とんかつひなた</name>
<description><![CDATA[돈카츠 백명점 2026<br/>타베로그 3.71 · 리뷰 2519<br/>신주쿠구 · 高田馬場駅<br/><a href="https://tabelog.com/tokyo/A1305/A130503/13204289/">타베로그</a>]]></description>
<Point><coordinates>139.707491,35.712977,0</coordinates></Point></Placemark>
<Placemark><name>丸一</name>
<description><![CDATA[돈카츠 백명점 2026<br/>타베로그 3.76 · 리뷰 2547<br/>오타구 · 京急蒲田駅<br/><a href="https://tabelog.com/tokyo/A1315/A131503/13017765/">타베로그</a>]]></description>
<Point><coordinates>139.720257,35.561549,0</coordinates></Point></Placemark>
<Placemark><name>とんかつ目黒こがね</name>
<description><![CDATA[돈카츠 백명점 2026<br/>타베로그 3.66 · 리뷰 1660<br/>시나가와구 · 目黒駅<br/><a href="https://tabelog.com/tokyo/A1316/A131601/13218267/">타베로그</a>]]></description>
<Point><coordinates>139.718048,35.633956,0</coordinates></Point></Placemark>
<Placemark><name>とんかつ ここまでやるか。</name>
<description><![CDATA[돈카츠 백명점 2026<br/>타베로그 3.75 · 리뷰 805<br/>미나토구 · 外苑前駅<br/><a href="https://tabelog.com/tokyo/A1306/A130603/13294363/">타베로그</a>]]></description>
<Point><coordinates>139.717229,35.66782,0</coordinates></Point></Placemark>
<Placemark><name>とんかつ檍 銀座8丁目店</name>
<description><![CDATA[돈카츠 백명점 2026<br/>타베로그 3.71 · 리뷰 1811<br/>주오구 · 新橋駅<br/><a href="https://tabelog.com/tokyo/A1301/A130101/13219635/">타베로그</a>]]></description>
<Point><coordinates>139.761491,35.66823,0</coordinates></Point></Placemark>
<Placemark><name>とん八亭</name>
<description><![CDATA[돈카츠 백명점 2026<br/>타베로그 3.65 · 리뷰 1355<br/>다이토구 · 上野御徒町駅<br/><a href="https://tabelog.com/tokyo/A1311/A131101/13003593/">타베로그</a>]]></description>
<Point><coordinates>139.773747,35.708422,0</coordinates></Point></Placemark>
<Placemark><name>とんかつ成蔵</name>
<description><![CDATA[돈카츠 백명점 2026<br/>타베로그 4.26 · 리뷰 2001<br/>스기나미구 · 南阿佐ケ谷駅<br/><a href="https://tabelog.com/tokyo/A1319/A131905/13236380/">타베로그</a>]]></description>
<Point><coordinates>139.638754,35.697714,0</coordinates></Point></Placemark>
<Placemark><name>とんかつ いわい</name>
<description><![CDATA[돈카츠 백명점 2026<br/>타베로그 3.75 · 리뷰 2067<br/>미나토구 · 大門駅<br/><a href="https://tabelog.com/tokyo/A1314/A131401/13170377/">타베로그</a>]]></description>
<Point><coordinates>139.752735,35.656802,0</coordinates></Point></Placemark>
<Placemark><name>tonkatsu.jp 表参道</name>
<description><![CDATA[돈카츠 백명점 2026<br/>타베로그 3.7 · 리뷰 961<br/>미나토구 · 表参道駅<br/><a href="https://tabelog.com/tokyo/A1306/A130602/13264557/">타베로그</a>]]></description>
<Point><coordinates>139.71,35.664433,0</coordinates></Point></Placemark>
<Placemark><name>Fry家</name>
<description><![CDATA[돈카츠 백명점 2026<br/>타베로그 3.63 · 리뷰 814<br/>신주쿠구 · 高田馬場駅<br/><a href="https://tabelog.com/tokyo/A1305/A130503/13288438/">타베로그</a>]]></description>
<Point><coordinates>139.703792,35.710813,0</coordinates></Point></Placemark>
<Placemark><name>とんかつ 王龍</name>
<description><![CDATA[돈카츠 백명점 2026<br/>타베로그 3.68 · 리뷰 518<br/>미나토구 · 白金高輪駅<br/><a href="https://tabelog.com/tokyo/A1316/A131602/13249768/">타베로그</a>]]></description>
<Point><coordinates>139.72807,35.644864,0</coordinates></Point></Placemark>
<Placemark><name>とんかつ七井戸</name>
<description><![CDATA[돈카츠 백명점 2026<br/>타베로그 3.97 · 리뷰 888<br/>시부야구 · 外苑前駅<br/><a href="https://tabelog.com/tokyo/A1306/A130603/13229075/">타베로그</a>]]></description>
<Point><coordinates>139.713815,35.671833,0</coordinates></Point></Placemark>
<Placemark><name>とんかつ やまいち</name>
<description><![CDATA[돈카츠 백명점 2026<br/>타베로그 3.69 · 리뷰 1814<br/>지요다구 · 淡路町駅<br/><a href="https://tabelog.com/tokyo/A1310/A131002/13042246/">타베로그</a>]]></description>
<Point><coordinates>139.768581,35.69537,0</coordinates></Point></Placemark>
<Placemark><name>銀座かつかみ</name>
<description><![CDATA[돈카츠 백명점 2026<br/>타베로그 3.71 · 리뷰 932<br/>주오구 · 銀座駅<br/><a href="https://tabelog.com/tokyo/A1301/A130101/13225476/">타베로그</a>]]></description>
<Point><coordinates>139.763669,35.670753,0</coordinates></Point></Placemark>
<Placemark><name>はせ川</name>
<description><![CDATA[돈카츠 백명점 2026<br/>타베로그 3.73 · 리뷰 2500<br/>스미다구 · 両国駅<br/><a href="https://tabelog.com/tokyo/A1312/A131201/13019126/">타베로그</a>]]></description>
<Point><coordinates>139.793951,35.695037,0</coordinates></Point></Placemark>
<Placemark><name>自然坊</name>
<description><![CDATA[돈카츠 백명점 2026<br/>타베로그 3.65 · 리뷰 445<br/>오타구 · 久が原駅<br/><a href="https://tabelog.com/tokyo/A1317/A131714/13076783/">타베로그</a>]]></description>
<Point><coordinates>139.689489,35.579439,0</coordinates></Point></Placemark>
<Placemark><name>とんかつ憲進</name>
<description><![CDATA[돈카츠 백명점 2026<br/>타베로그 3.71 · 리뷰 582<br/>신주쿠구 · 飯田橋駅<br/><a href="https://tabelog.com/tokyo/A1309/A130905/13282484/">타베로그</a>]]></description>
<Point><coordinates>139.740892,35.702252,0</coordinates></Point></Placemark>
<Placemark><name>すぎ田</name>
<description><![CDATA[돈카츠 백명점 2026<br/>타베로그 3.66 · 리뷰 1163<br/>다이토구 · 蔵前駅<br/><a href="https://tabelog.com/tokyo/A1311/A131103/13003707/">타베로그</a>]]></description>
<Point><coordinates>139.79102,35.706451,0</coordinates></Point></Placemark>
<Placemark><name>西麻布 豚組</name>
<description><![CDATA[돈카츠 백명점 2026<br/>타베로그 3.65 · 리뷰 892<br/>미나토구 · 乃木坂駅<br/><a href="https://tabelog.com/tokyo/A1307/A130701/13004791/">타베로그</a>]]></description>
<Point><coordinates>139.722138,35.660975,0</coordinates></Point></Placemark>
<Placemark><name>あげ福</name>
<description><![CDATA[돈카츠 백명점 2026<br/>타베로그 3.7 · 리뷰 1782<br/>시나가와구 · 五反田駅<br/><a href="https://tabelog.com/tokyo/A1316/A131603/13154272/">타베로그</a>]]></description>
<Point><coordinates>139.720505,35.62606,0</coordinates></Point></Placemark>
<Placemark><name>とんかつ はせ川 東銀座店</name>
<description><![CDATA[돈카츠 백명점 2026<br/>타베로그 3.68 · 리뷰 935<br/>주오구 · 築地駅<br/><a href="https://tabelog.com/tokyo/A1313/A131301/13266947/">타베로그</a>]]></description>
<Point><coordinates>139.769829,35.667743,0</coordinates></Point></Placemark>
<Placemark><name>とんかつ 鉄</name>
<description><![CDATA[돈카츠 백명점 2026<br/>타베로그 3.59 · 리뷰 1322<br/>시나가와구 · 大森海岸駅<br/><a href="https://tabelog.com/tokyo/A1315/A131502/13178524/">타베로그</a>]]></description>
<Point><coordinates>139.732076,35.590469,0</coordinates></Point></Placemark>
<Placemark><name>東京とんかつ がぶう</name>
<description><![CDATA[돈카츠 백명점 2026<br/>타베로그 3.67 · 리뷰 680<br/>다이토구 · 上野御徒町駅<br/><a href="https://tabelog.com/tokyo/A1311/A131101/13308066/">타베로그</a>]]></description>
<Point><coordinates>139.774119,35.708611,0</coordinates></Point></Placemark>
<Placemark><name>もち豚とんかつ たいよう</name>
<description><![CDATA[돈카츠 백명점 2026<br/>타베로그 3.7 · 리뷰 1351<br/>시나가와구 · 武蔵小山駅<br/><a href="https://tabelog.com/tokyo/A1317/A131710/13059862/">타베로그</a>]]></description>
<Point><coordinates>139.706429,35.618826,0</coordinates></Point></Placemark>
<Placemark><name>にし邑</name>
<description><![CDATA[돈카츠 백명점 2026<br/>타베로그 3.71 · 리뷰 1931<br/>주오구 · 東銀座駅<br/><a href="https://tabelog.com/tokyo/A1301/A130101/13025298/">타베로그</a>]]></description>
<Point><coordinates>139.769216,35.670675,0</coordinates></Point></Placemark>
<Placemark><name>とんかつ燕楽</name>
<description><![CDATA[돈카츠 백명점 2026<br/>타베로그 3.74 · 리뷰 1411<br/>오타구 · 池上駅<br/><a href="https://tabelog.com/tokyo/A1317/A131714/13034183/">타베로그</a>]]></description>
<Point><coordinates>139.704196,35.572947,0</coordinates></Point></Placemark>
<Placemark><name>TONKATSU KEITA</name>
<description><![CDATA[돈카츠 백명점 2026<br/>타베로그 3.72 · 리뷰 327<br/>스기나미구 · 西荻窪駅<br/><a href="https://tabelog.com/tokyo/A1319/A131907/13304076/">타베로그</a>]]></description>
<Point><coordinates>139.595716,35.703624,0</coordinates></Point></Placemark>
<Placemark><name>とんかつ武信 代々木上原店</name>
<description><![CDATA[돈카츠 백명점 2026<br/>타베로그 3.66 · 리뷰 1176<br/>시부야구 · 代々木上原駅<br/><a href="https://tabelog.com/tokyo/A1318/A131811/13024248/">타베로그</a>]]></description>
<Point><coordinates>139.682784,35.670307,0</coordinates></Point></Placemark>
<Placemark><name>とん平</name>
<description><![CDATA[돈카츠 백명점 2026<br/>타베로그 3.7 · 리뷰 360<br/>다이토구 · 鶯谷駅<br/><a href="https://tabelog.com/tokyo/A1311/A131104/13069370/">타베로그</a>]]></description>
<Point><coordinates>139.780312,35.721271,0</coordinates></Point></Placemark>
<Placemark><name>丸五</name>
<description><![CDATA[돈카츠 백명점 2026<br/>타베로그 3.74 · 리뷰 3356<br/>지요다구 · 秋葉原駅<br/><a href="https://tabelog.com/tokyo/A1310/A131001/13000379/">타베로그</a>]]></description>
<Point><coordinates>139.769736,35.699148,0</coordinates></Point></Placemark>
<Placemark><name>とんかつ檍 大門店</name>
<description><![CDATA[돈카츠 백명점 2026<br/>타베로그 3.67 · 리뷰 2069<br/>미나토구 · 大門駅<br/><a href="https://tabelog.com/tokyo/A1314/A131401/13190933/">타베로그</a>]]></description>
<Point><coordinates>139.755767,35.658808,0</coordinates></Point></Placemark>
<Placemark><name>Katsuプリポー</name>
<description><![CDATA[돈카츠 백명점 2026<br/>타베로그 3.9 · 리뷰 1388<br/>신주쿠구 · 西武新宿駅<br/><a href="https://tabelog.com/tokyo/A1304/A130401/13264309/">타베로그</a>]]></description>
<Point><coordinates>139.703013,35.694758,0</coordinates></Point></Placemark>
<Placemark><name>ポンチ軒</name>
<description><![CDATA[돈카츠 백명점 2026<br/>타베로그 3.68 · 리뷰 2186<br/>지요다구 · 小川町駅<br/><a href="https://tabelog.com/tokyo/A1310/A131002/13141456/">타베로그</a>]]></description>
<Point><coordinates>139.763976,35.694916,0</coordinates></Point></Placemark>
<Placemark><name>あげづき</name>
<description><![CDATA[돈카츠 백명점 2026<br/>타베로그 3.69 · 리뷰 2528<br/>신주쿠구 · 飯田橋駅<br/><a href="https://tabelog.com/tokyo/A1309/A130905/13107796/">타베로그</a>]]></description>
<Point><coordinates>139.740775,35.701332,0</coordinates></Point></Placemark>
<Placemark><name>お食事 まるやま</name>
<description><![CDATA[돈카츠 백명점 2026<br/>타베로그 3.71 · 리뷰 921<br/>오타구 · 大森駅<br/><a href="https://tabelog.com/tokyo/A1315/A131502/13116024/">타베로그</a>]]></description>
<Point><coordinates>139.726737,35.585751,0</coordinates></Point></Placemark>
<Placemark><name>かつ好</name>
<description><![CDATA[돈카츠 백명점 2026<br/>타베로그 3.74 · 리뷰 1085<br/>주오구 · 人形町駅<br/><a href="https://tabelog.com/tokyo/A1302/A130204/13204633/">타베로그</a>]]></description>
<Point><coordinates>139.781215,35.686237,0</coordinates></Point></Placemark>
<Placemark><name>とんかつ ゆたか</name>
<description><![CDATA[돈카츠 백명점 2026<br/>타베로그 3.65 · 리뷰 911<br/>다이토구 · 浅草（つくばＥＸＰ）駅<br/><a href="https://tabelog.com/tokyo/A1311/A131102/13003669/">타베로그</a>]]></description>
<Point><coordinates>139.794079,35.711777,0</coordinates></Point></Placemark>
<Placemark><name>とん太</name>
<description><![CDATA[돈카츠 백명점 2026<br/>타베로그 3.78 · 리뷰 1948<br/>도시마구 · 高田馬場駅<br/><a href="https://tabelog.com/tokyo/A1305/A130503/13003984/">타베로그</a>]]></description>
<Point><coordinates>139.706623,35.715493,0</coordinates></Point></Placemark>
<Placemark><name>とんかつ まさむね</name>
<description><![CDATA[돈카츠 백명점 2026<br/>타베로그 3.71 · 리뷰 2225<br/>미나토구 · 溜池山王駅<br/><a href="https://tabelog.com/tokyo/A1308/A130802/13156833/">타베로그</a>]]></description>
<Point><coordinates>139.740024,35.67207,0</coordinates></Point></Placemark>
<Placemark><name>とんかつ 幻水豚</name>
<description><![CDATA[돈카츠 백명점 2026<br/>타베로그 3.62 · 리뷰 936<br/>세타가야구 · 三軒茶屋駅<br/><a href="https://tabelog.com/tokyo/A1317/A131706/13267114/">타베로그</a>]]></description>
<Point><coordinates>139.672842,35.643359,0</coordinates></Point></Placemark>
<Placemark><name>とんかつ檍 蒲田本店</name>
<description><![CDATA[돈카츠 백명점 2026<br/>타베로그 3.72 · 리뷰 2696<br/>오타구 · 蒲田駅<br/><a href="https://tabelog.com/tokyo/A1315/A131503/13114843/">타베로그</a>]]></description>
<Point><coordinates>139.717044,35.560457,0</coordinates></Point></Placemark>
<Placemark><name>黒豚とんかつ ほり壱</name>
<description><![CDATA[돈카츠 백명점 2026<br/>타베로그 3.74 · 리뷰 519<br/>미나토구 · 新橋駅<br/><a href="https://tabelog.com/tokyo/A1301/A130103/13258841/">타베로그</a>]]></description>
<Point><coordinates>139.755634,35.665369,0</coordinates></Point></Placemark>
<Placemark><name>とんかつ 燕楽</name>
<description><![CDATA[돈카츠 백명점 2026<br/>타베로그 3.65 · 리뷰 469<br/>오타구 · 千鳥町駅<br/><a href="https://tabelog.com/tokyo/A1317/A131714/13096288/">타베로그</a>]]></description>
<Point><coordinates>139.694864,35.572384,0</coordinates></Point></Placemark>
<Placemark><name>バーガーマニア 白金店</name>
<description><![CDATA[햄버거 백명점 2026<br/>타베로그 3.65 · 리뷰 866<br/>미나토구 · 白金台駅<br/><a href="https://tabelog.com/tokyo/A1316/A131602/13047335/">타베로그</a>]]></description>
<Point><coordinates>139.725432,35.644377,0</coordinates></Point></Placemark>
<Placemark><name>ブラザーズ 日本橋高島屋店</name>
<description><![CDATA[햄버거 백명점 2026<br/>타베로그 3.67 · 리뷰 1355<br/>주오구 · 日本橋駅<br/><a href="https://tabelog.com/tokyo/A1302/A130202/13226533/">타베로그</a>]]></description>
<Point><coordinates>139.773695,35.6814,0</coordinates></Point></Placemark>
<Placemark><name>CRUZ BURGERS &amp;amp; CRAFT BEERS</name>
<description><![CDATA[햄버거 백명점 2026<br/>타베로그 3.69 · 리뷰 1189<br/>신주쿠구 · 四ツ谷駅<br/><a href="https://tabelog.com/tokyo/A1309/A130902/13189090/">타베로그</a>]]></description>
<Point><coordinates>139.726394,35.68811,0</coordinates></Point></Placemark>
<Placemark><name>CANNONBALL DINER</name>
<description><![CDATA[햄버거 백명점 2026<br/>타베로그 3.59 · 리뷰 333<br/>다이토구 · 鶯谷駅<br/><a href="https://tabelog.com/tokyo/A1311/A131104/13258134/">타베로그</a>]]></description>
<Point><coordinates>139.780132,35.722153,0</coordinates></Point></Placemark>
<Placemark><name>ブラザーズ テイクアウト 人形町店</name>
<description><![CDATA[햄버거 백명점 2026<br/>타베로그 3.52 · 리뷰 137<br/>주오구 · 人形町駅<br/><a href="https://tabelog.com/tokyo/A1302/A130204/13110295/">타베로그</a>]]></description>
<Point><coordinates>139.78437,35.686549,0</coordinates></Point></Placemark>
<Placemark><name>folk burgers&amp;amp;beers</name>
<description><![CDATA[햄버거 백명점 2026<br/>타베로그 3.73 · 리뷰 1163<br/>지요다구 · 神保町駅<br/><a href="https://tabelog.com/tokyo/A1310/A131003/13224811/">타베로그</a>]]></description>
<Point><coordinates>139.7556,35.696838,0</coordinates></Point></Placemark>
<Placemark><name>エーエス クラシックス ダイナー KOMAZAWA</name>
<description><![CDATA[햄버거 백명점 2026<br/>타베로그 3.58 · 리뷰 1228<br/>메구로구 · 目黒区<br/><a href="https://tabelog.com/tokyo/A1317/A131707/13022762/">타베로그</a>]]></description>
<Point><coordinates>139.667491,35.625093,0</coordinates></Point></Placemark>
<Placemark><name>TEDDY BROWN</name>
<description><![CDATA[햄버거 백명점 2026<br/>타베로그 3.71 · 리뷰 491<br/>시부야구 · 広尾駅<br/><a href="https://tabelog.com/tokyo/A1307/A130703/13307639/">타베로그</a>]]></description>
<Point><coordinates>139.71989,35.650226,0</coordinates></Point></Placemark>
<Placemark><name>オールドニューダイナー</name>
<description><![CDATA[햄버거 백명점 2026<br/>타베로그 3.65 · 리뷰 877<br/>立川구 · 西国立駅<br/><a href="https://tabelog.com/tokyo/A1329/A132901/13196856/">타베로그</a>]]></description>
<Point><coordinates>139.419074,35.695675,0</coordinates></Point></Placemark>
<Placemark><name>BAKERY &amp;amp; BURGER JB&amp;#39;S TOKYO</name>
<description><![CDATA[햄버거 백명점 2026<br/>타베로그 3.61 · 리뷰 1343<br/>시부야구 · 代々木駅<br/><a href="https://tabelog.com/tokyo/A1304/A130403/13260771/">타베로그</a>]]></description>
<Point><coordinates>139.702191,35.682808,0</coordinates></Point></Placemark>
<Placemark><name>THE GREAT BURGER</name>
<description><![CDATA[햄버거 백명점 2026<br/>타베로그 3.67 · 리뷰 3191<br/>시부야구 · 明治神宮前駅<br/><a href="https://tabelog.com/tokyo/A1306/A130601/13042654/">타베로그</a>]]></description>
<Point><coordinates>139.704697,35.666231,0</coordinates></Point></Placemark>
<Placemark><name>ヘンリーズ バーガー 代官山</name>
<description><![CDATA[햄버거 백명점 2026<br/>타베로그 3.59 · 리뷰 1474<br/>시부야구 · 代官山駅<br/><a href="https://tabelog.com/tokyo/A1303/A130303/13190156/">타베로그</a>]]></description>
<Point><coordinates>139.702138,35.64741,0</coordinates></Point></Placemark>
<Placemark><name>オーセンティック</name>
<description><![CDATA[햄버거 백명점 2026<br/>타베로그 3.65 · 리뷰 1502<br/>미나토구 · 赤坂駅<br/><a href="https://tabelog.com/tokyo/A1308/A130802/13030795/">타베로그</a>]]></description>
<Point><coordinates>139.738724,35.669343,0</coordinates></Point></Placemark>
<Placemark><name>WAGYU BURGER HIROKIYA</name>
<description><![CDATA[햄버거 백명점 2026<br/>타베로그 3.55 · 리뷰 504<br/>미나토구 · 六本木駅<br/><a href="https://tabelog.com/tokyo/A1307/A130701/13309299/">타베로그</a>]]></description>
<Point><coordinates>139.735385,35.661699,0</coordinates></Point></Placemark>
<Placemark><name>ブッチャーズテーブル 大泉学園店</name>
<description><![CDATA[햄버거 백명점 2026<br/>타베로그 3.61 · 리뷰 711<br/>네리마구 · 大泉学園駅<br/><a href="https://tabelog.com/tokyo/A1321/A132103/13091061/">타베로그</a>]]></description>
<Point><coordinates>139.593825,35.751737,0</coordinates></Point></Placemark>
<Placemark><name>Jack37Burger</name>
<description><![CDATA[햄버거 백명점 2026<br/>타베로그 3.69 · 리뷰 1381<br/>주오구 · 小伝馬町駅<br/><a href="https://tabelog.com/tokyo/A1302/A130204/13186781/">타베로그</a>]]></description>
<Point><coordinates>139.779916,35.692163,0</coordinates></Point></Placemark>
<Placemark><name>THE GRABBER hamburger pub</name>
<description><![CDATA[햄버거 백명점 2026<br/>타베로그 3.57 · 리뷰 301<br/>지요다구 · 淡路町駅<br/><a href="https://tabelog.com/tokyo/A1310/A131002/13299903/">타베로그</a>]]></description>
<Point><coordinates>139.769656,35.695347,0</coordinates></Point></Placemark>
<Placemark><name>アルデバラン</name>
<description><![CDATA[햄버거 백명점 2026<br/>타베로그 3.94 · 리뷰 1583<br/>미나토구 · 麻布十番駅<br/><a href="https://tabelog.com/tokyo/A1307/A130702/13278678/">타베로그</a>]]></description>
<Point><coordinates>139.735304,35.65382,0</coordinates></Point></Placemark>
<Placemark><name>atami</name>
<description><![CDATA[햄버거 백명점 2026<br/>타베로그 3.93 · 리뷰 600<br/>미나토구 · 赤坂見附駅<br/><a href="https://tabelog.com/tokyo/A1308/A130801/13292684/">타베로그</a>]]></description>
<Point><coordinates>139.736203,35.677281,0</coordinates></Point></Placemark>
<Placemark><name>ジューシーオールスターズ ハングリーヘブン</name>
<description><![CDATA[햄버거 백명점 2026<br/>타베로그 3.62 · 리뷰 177<br/>이타바시구 · 大山駅<br/><a href="https://tabelog.com/tokyo/A1322/A132203/13167532/">타베로그</a>]]></description>
<Point><coordinates>139.704282,35.747151,0</coordinates></Point></Placemark>
<Placemark><name>ベーカーバウンス</name>
<description><![CDATA[햄버거 백명점 2026<br/>타베로그 3.65 · 리뷰 1340<br/>세타가야구 · 西太子堂駅<br/><a href="https://tabelog.com/tokyo/A1317/A131706/13004780/">타베로그</a>]]></description>
<Point><coordinates>139.667404,35.647292,0</coordinates></Point></Placemark>
<Placemark><name>Viva la Burger</name>
<description><![CDATA[햄버거 백명점 2026<br/>타베로그 3.58 · 리뷰 709<br/>도시마구 · 池袋駅<br/><a href="https://tabelog.com/tokyo/A1305/A130501/13233786/">타베로그</a>]]></description>
<Point><coordinates>139.708446,35.734684,0</coordinates></Point></Placemark>
<Placemark><name>バーガーマニア 恵比寿店</name>
<description><![CDATA[햄버거 백명점 2026<br/>타베로그 3.56 · 리뷰 1491<br/>시부야구 · 恵比寿駅<br/><a href="https://tabelog.com/tokyo/A1303/A130302/13166437/">타베로그</a>]]></description>
<Point><coordinates>139.71308,35.646003,0</coordinates></Point></Placemark>
<Placemark><name>マンチズ バーガー シャック</name>
<description><![CDATA[햄버거 백명점 2026<br/>타베로그 3.77 · 리뷰 3004<br/>미나토구 · 芝公園駅<br/><a href="https://tabelog.com/tokyo/A1314/A131401/13121856/">타베로그</a>]]></description>
<Point><coordinates>139.75184,35.65102,0</coordinates></Point></Placemark>
<Placemark><name>ブラザーズ 人形町本店</name>
<description><![CDATA[햄버거 백명점 2026<br/>타베로그 3.67 · 리뷰 3271<br/>주오구 · 人形町駅<br/><a href="https://tabelog.com/tokyo/A1302/A130204/13003002/">타베로그</a>]]></description>
<Point><coordinates>139.785073,35.687184,0</coordinates></Point></Placemark>
<Placemark><name>CHATTY CHATTY</name>
<description><![CDATA[햄버거 백명점 2026<br/>타베로그 3.56 · 리뷰 945<br/>신주쿠구 · 新宿御苑前駅<br/><a href="https://tabelog.com/tokyo/A1304/A130402/13171395/">타베로그</a>]]></description>
<Point><coordinates>139.712876,35.688837,0</coordinates></Point></Placemark>
<Placemark><name>Chillmatic Hamburger &amp;amp; Bistro</name>
<description><![CDATA[햄버거 백명점 2026<br/>타베로그 3.67 · 리뷰 364<br/>시부야구 · 神泉駅<br/><a href="https://tabelog.com/tokyo/A1303/A130301/13304969/">타베로그</a>]]></description>
<Point><coordinates>139.694643,35.66301,0</coordinates></Point></Placemark>
<Placemark><name>フランクリン・アベニュー</name>
<description><![CDATA[햄버거 백명점 2026<br/>타베로그 3.6 · 리뷰 1836<br/>시나가와구 · 五反田駅<br/><a href="https://tabelog.com/tokyo/A1316/A131603/13001556/">타베로그</a>]]></description>
<Point><coordinates>139.729626,35.625893,0</coordinates></Point></Placemark>
<Placemark><name>OVERWHELM HAMBURGER &amp;amp; BAR STAND</name>
<description><![CDATA[햄버거 백명점 2026<br/>타베로그 3.65 · 리뷰 461<br/>메구로구 · 学芸大学駅<br/><a href="https://tabelog.com/tokyo/A1317/A131702/13291046/">타베로그</a>]]></description>
<Point><coordinates>139.690439,35.6295,0</coordinates></Point></Placemark>
<Placemark><name>魔女のちいさな森のハンバーガー</name>
<description><![CDATA[햄버거 백명점 2026<br/>타베로그 3.67 · 리뷰 1110<br/>메구로구 · 自由が丘駅<br/><a href="https://tabelog.com/tokyo/A1317/A131703/13054778/">타베로그</a>]]></description>
<Point><coordinates>139.670699,35.608464,0</coordinates></Point></Placemark>
<Placemark><name>BOSSA BURGER</name>
<description><![CDATA[햄버거 백명점 2026<br/>타베로그 3.62 · 리뷰 657<br/>아다치구 · 北千住駅<br/><a href="https://tabelog.com/tokyo/A1324/A132402/13211848/">타베로그</a>]]></description>
<Point><coordinates>139.803675,35.747698,0</coordinates></Point></Placemark>
<Placemark><name>No.18</name>
<description><![CDATA[햄버거 백명점 2026<br/>타베로그 3.68 · 리뷰 1418<br/>도시마구 · 池袋駅<br/><a href="https://tabelog.com/tokyo/A1305/A130501/13172081/">타베로그</a>]]></description>
<Point><coordinates>139.717938,35.73319,0</coordinates></Point></Placemark>
<Placemark><name>BURGER&amp;amp;MILKSHAKE CRANE</name>
<description><![CDATA[햄버거 백명점 2026<br/>타베로그 3.59 · 리뷰 1187<br/>지요다구 · 末広町駅<br/><a href="https://tabelog.com/tokyo/A1311/A131101/13202745/">타베로그</a>]]></description>
<Point><coordinates>139.771435,35.704983,0</coordinates></Point></Placemark>
<Placemark><name>マティーニバーガー</name>
<description><![CDATA[햄버거 백명점 2026<br/>타베로그 3.53 · 리뷰 1087<br/>신주쿠구 · 神楽坂駅<br/><a href="https://tabelog.com/tokyo/A1309/A130905/13117569/">타베로그</a>]]></description>
<Point><coordinates>139.731103,35.705593,0</coordinates></Point></Placemark>
<Placemark><name>Burger POLICE</name>
<description><![CDATA[햄버거 백명점 2026<br/>타베로그 3.75 · 리뷰 1258<br/>메구로구 · 都立大学駅<br/><a href="https://tabelog.com/tokyo/A1317/A131702/13255370/">타베로그</a>]]></description>
<Point><coordinates>139.680977,35.620665,0</coordinates></Point></Placemark>
<Placemark><name>シェイクツリー バーガー＆バー</name>
<description><![CDATA[햄버거 백명점 2026<br/>타베로그 3.69 · 리뷰 1756<br/>스미다구 · 錦糸町駅<br/><a href="https://tabelog.com/tokyo/A1312/A131201/13134063/">타베로그</a>]]></description>
<Point><coordinates>139.805118,35.697215,0</coordinates></Point></Placemark>
<Placemark><name>SHOGUN BURGER 新宿店</name>
<description><![CDATA[햄버거 백명점 2026<br/>타베로그 3.68 · 리뷰 2547<br/>신주쿠구 · 新宿西口駅<br/><a href="https://tabelog.com/tokyo/A1304/A130401/13227776/">타베로그</a>]]></description>
<Point><coordinates>139.702479,35.694084,0</coordinates></Point></Placemark>
<Placemark><name>hide mode</name>
<description><![CDATA[햄버거 백명점 2026<br/>타베로그 3.69 · 리뷰 577<br/>분쿄구 · 本郷三丁目駅<br/><a href="https://tabelog.com/tokyo/A1310/A131004/13222449/">타베로그</a>]]></description>
<Point><coordinates>139.758862,35.705321,0</coordinates></Point></Placemark>
<Placemark><name>ファイヤーハウス</name>
<description><![CDATA[햄버거 백명점 2026<br/>타베로그 3.67 · 리뷰 3186<br/>분쿄구 · 本郷三丁目駅<br/><a href="https://tabelog.com/tokyo/A1310/A131004/13003538/">타베로그</a>]]></description>
<Point><coordinates>139.758173,35.707599,0</coordinates></Point></Placemark>
<Placemark><name>ブラザーズ 新富町店</name>
<description><![CDATA[햄버거 백명점 2026<br/>타베로그 3.56 · 리뷰 1418<br/>주오구 · 新富町駅<br/><a href="https://tabelog.com/tokyo/A1313/A131301/13144295/">타베로그</a>]]></description>
<Point><coordinates>139.772386,35.67147,0</coordinates></Point></Placemark>
<Placemark><name>マクレーン オールドバーガースタンド</name>
<description><![CDATA[햄버거 백명점 2026<br/>타베로그 3.65 · 리뷰 889<br/>다이토구 · 蔵前駅<br/><a href="https://tabelog.com/tokyo/A1311/A131103/13195774/">타베로그</a>]]></description>
<Point><coordinates>139.794179,35.705024,0</coordinates></Point></Placemark>
<Placemark><name>潮見スキッパーズ</name>
<description><![CDATA[햄버거 백명점 2026<br/>타베로그 3.59 · 리뷰 568<br/>고토구 · 潮見駅<br/><a href="https://tabelog.com/tokyo/A1313/A131304/13207335/">타베로그</a>]]></description>
<Point><coordinates>139.815853,35.660118,0</coordinates></Point></Placemark>
<Placemark><name>Reg-On Diner 渋谷本店</name>
<description><![CDATA[햄버거 백명점 2026<br/>타베로그 3.68 · 리뷰 1357<br/>시부야구 · 渋谷駅<br/><a href="https://tabelog.com/tokyo/A1303/A130301/13054359/">타베로그</a>]]></description>
<Point><coordinates>139.709892,35.655567,0</coordinates></Point></Placemark>
<Placemark><name>ブラッカウズ</name>
<description><![CDATA[햄버거 백명점 2026<br/>타베로그 3.67 · 리뷰 2148<br/>시부야구 · 代官山駅<br/><a href="https://tabelog.com/tokyo/A1303/A130302/13096437/">타베로그</a>]]></description>
<Point><coordinates>139.707142,35.649465,0</coordinates></Point></Placemark>
<Placemark><name>手打麺祭 かめ囲</name>
<description><![CDATA[라멘 백명점 2025<br/>타베로그 3.8 · 리뷰 1750<br/>調布구 · 柴崎駅<br/><a href="https://tabelog.com/tokyo/A1326/A132601/13273350/">타베로그</a>]]></description>
<Point><coordinates>139.56437,35.654628,0</coordinates></Point></Placemark>
<Placemark><name>中華そば 西川</name>
<description><![CDATA[라멘 백명점 2025<br/>타베로그 3.83 · 리뷰 1401<br/>세타가야구 · 千歳船橋駅<br/><a href="https://tabelog.com/tokyo/A1318/A131813/13213036/">타베로그</a>]]></description>
<Point><coordinates>139.618161,35.644229,0</coordinates></Point></Placemark>
<Placemark><name>らぁめん ご恩</name>
<description><![CDATA[라멘 백명점 2025<br/>타베로그 3.82 · 리뷰 1017<br/>나카노구 · 野方駅<br/><a href="https://tabelog.com/tokyo/A1321/A132104/13269170/">타베로그</a>]]></description>
<Point><coordinates>139.653609,35.713509,0</coordinates></Point></Placemark>
<Placemark><name>六厘舎 東京駅東京ラーメンストリート</name>
<description><![CDATA[라멘 백명점 2025<br/>타베로그 3.77 · 리뷰 7690<br/>지요다구 · 東京駅<br/><a href="https://tabelog.com/tokyo/A1302/A130201/13093047/">타베로그</a>]]></description>
<Point><coordinates>139.767854,35.680061,0</coordinates></Point></Placemark>
<Placemark><name>らーめんMAIKAGURA</name>
<description><![CDATA[라멘 백명점 2025<br/>타베로그 3.85 · 리뷰 2055<br/>세타가야구 · 千歳船橋駅<br/><a href="https://tabelog.com/tokyo/A1318/A131813/13218425/">타베로그</a>]]></description>
<Point><coordinates>139.618988,35.64807,0</coordinates></Point></Placemark>
<Placemark><name>支那そば たんたん亭</name>
<description><![CDATA[라멘 백명점 2025<br/>타베로그 3.79 · 리뷰 1894<br/>스기나미구 · 浜田山駅<br/><a href="https://tabelog.com/tokyo/A1318/A131805/13000705/">타베로그</a>]]></description>
<Point><coordinates>139.627419,35.681825,0</coordinates></Point></Placemark>
<Placemark><name>中華そば屋 伊藤</name>
<description><![CDATA[라멘 백명점 2025<br/>타베로그 3.79 · 리뷰 1479<br/>기타구 · 王子神谷駅<br/><a href="https://tabelog.com/tokyo/A1323/A132304/13008779/">타베로그</a>]]></description>
<Point><coordinates>139.745958,35.763241,0</coordinates></Point></Placemark>
<Placemark><name>ジャパニーズ ラーメン 五感</name>
<description><![CDATA[라멘 백명점 2025<br/>타베로그 3.96 · 리뷰 1554<br/>도시마구 · 池袋駅<br/><a href="https://tabelog.com/tokyo/A1305/A130501/13284009/">타베로그</a>]]></description>
<Point><coordinates>139.717914,35.733088,0</coordinates></Point></Placemark>
<Placemark><name>寿製麺 よしかわ 西台駅前店</name>
<description><![CDATA[라멘 백명점 2025<br/>타베로그 3.78 · 리뷰 1563<br/>이타바시구 · 西台駅<br/><a href="https://tabelog.com/tokyo/A1322/A132205/13228611/">타베로그</a>]]></description>
<Point><coordinates>139.674735,35.785917,0</coordinates></Point></Placemark>
<Placemark><name>だしと麺 遊泳</name>
<description><![CDATA[라멘 백명점 2025<br/>타베로그 3.81 · 리뷰 1043<br/>스기나미구 · 東高円寺駅<br/><a href="https://tabelog.com/tokyo/A1319/A131904/13287534/">타베로그</a>]]></description>
<Point><coordinates>139.658641,35.69814,0</coordinates></Point></Placemark>
<Placemark><name>中華そば 鴨福</name>
<description><![CDATA[라멘 백명점 2025<br/>타베로그 3.89 · 리뷰 902<br/>八王子구 · 八王子市<br/><a href="https://tabelog.com/tokyo/A1329/A132904/13297180/">타베로그</a>]]></description>
<Point><coordinates>139.327925,35.657443,0</coordinates></Point></Placemark>
<Placemark><name>麺 みつヰ</name>
<description><![CDATA[라멘 백명점 2025<br/>타베로그 3.84 · 리뷰 1522<br/>다이토구 · 田原町駅<br/><a href="https://tabelog.com/tokyo/A1311/A131102/13284327/">타베로그</a>]]></description>
<Point><coordinates>139.790331,35.709543,0</coordinates></Point></Placemark>
<Placemark><name>手打ち 陰日向</name>
<description><![CDATA[라멘 백명점 2025<br/>타베로그 3.84 · 리뷰 1135<br/>府中구 · 分倍河原駅<br/><a href="https://tabelog.com/tokyo/A1326/A132602/13297403/">타베로그</a>]]></description>
<Point><coordinates>139.467079,35.671649,0</coordinates></Point></Placemark>
<Placemark><name>中華そば べんてん</name>
<description><![CDATA[라멘 백명점 2025<br/>타베로그 3.78 · 리뷰 1728<br/>네리마구 · 地下鉄成増駅<br/><a href="https://tabelog.com/tokyo/A1322/A132204/13200351/">타베로그</a>]]></description>
<Point><coordinates>139.629251,35.776163,0</coordinates></Point></Placemark>
<Placemark><name>元祖スタミナ満点らーめん すず鬼</name>
<description><![CDATA[라멘 백명점 2025<br/>타베로그 3.8 · 리뷰 1375<br/>三鷹구 · 三鷹駅<br/><a href="https://tabelog.com/tokyo/A1320/A132002/13241092/">타베로그</a>]]></description>
<Point><coordinates>139.561257,35.69979,0</coordinates></Point></Placemark>
<Placemark><name>麺笑 巧真</name>
<description><![CDATA[라멘 백명점 2025<br/>타베로그 3.79 · 리뷰 1689<br/>八王子구 · 京王八王子駅<br/><a href="https://tabelog.com/tokyo/A1329/A132904/13246669/">타베로그</a>]]></description>
<Point><coordinates>139.34197,35.659762,0</coordinates></Point></Placemark>
<Placemark><name>Ramen にじゅうぶんのいち</name>
<description><![CDATA[라멘 백명점 2025<br/>타베로그 3.79 · 리뷰 1339<br/>아라카와구 · 東尾久三丁目駅<br/><a href="https://tabelog.com/tokyo/A1324/A132401/13147594/">타베로그</a>]]></description>
<Point><coordinates>139.772938,35.744601,0</coordinates></Point></Placemark>
<Placemark><name>麺処 びぎ屋 学芸大学本店</name>
<description><![CDATA[라멘 백명점 2025<br/>타베로그 3.77 · 리뷰 2165<br/>메구로구 · 学芸大学駅<br/><a href="https://tabelog.com/tokyo/A1317/A131702/13093976/">타베로그</a>]]></description>
<Point><coordinates>139.689132,35.628812,0</coordinates></Point></Placemark>
<Placemark><name>柴崎亭 つつじヶ丘本店</name>
<description><![CDATA[라멘 백명점 2025<br/>타베로그 3.79 · 리뷰 2529<br/>調布구 · つつじケ丘駅<br/><a href="https://tabelog.com/tokyo/A1326/A132601/13135162/">타베로그</a>]]></description>
<Point><coordinates>139.573744,35.657548,0</coordinates></Point></Placemark>
<Placemark><name>ラーメン屋 トイ・ボックス</name>
<description><![CDATA[라멘 백명점 2025<br/>타베로그 3.79 · 리뷰 3270<br/>아라카와구 · 三ノ輪橋駅<br/><a href="https://tabelog.com/tokyo/A1324/A132401/13162973/">타베로그</a>]]></description>
<Point><coordinates>139.79204,35.731196,0</coordinates></Point></Placemark>
<Placemark><name>成城青果</name>
<description><![CDATA[라멘 백명점 2025<br/>타베로그 3.79 · 리뷰 2352<br/>스기나미구 · 芦花公園駅<br/><a href="https://tabelog.com/tokyo/A1318/A131809/13247939/">타베로그</a>]]></description>
<Point><coordinates>139.608947,35.671318,0</coordinates></Point></Placemark>
<Placemark><name>麺処 晴</name>
<description><![CDATA[라멘 백명점 2025<br/>타베로그 3.79 · 리뷰 2629<br/>다이토구 · 入谷駅<br/><a href="https://tabelog.com/tokyo/A1311/A131104/13143115/">타베로그</a>]]></description>
<Point><coordinates>139.783411,35.719656,0</coordinates></Point></Placemark>
<Placemark><name>煮干そば 流。</name>
<description><![CDATA[라멘 백명점 2025<br/>타베로그 3.78 · 리뷰 1937<br/>기타구 · 十条駅<br/><a href="https://tabelog.com/tokyo/A1323/A132304/13175140/">타베로그</a>]]></description>
<Point><coordinates>139.722413,35.761091,0</coordinates></Point></Placemark>
<Placemark><name>麺尊 RAGE</name>
<description><![CDATA[라멘 백명점 2025<br/>타베로그 3.78 · 리뷰 2705<br/>스기나미구 · 西荻窪駅<br/><a href="https://tabelog.com/tokyo/A1319/A131907/13178309/">타베로그</a>]]></description>
<Point><coordinates>139.599187,35.70179,0</coordinates></Point></Placemark>
<Placemark><name>中華そば 多賀野</name>
<description><![CDATA[라멘 백명점 2025<br/>타베로그 3.91 · 리뷰 2423<br/>시나가와구 · 荏原中延駅<br/><a href="https://tabelog.com/tokyo/A1317/A131712/13003421/">타베로그</a>]]></description>
<Point><coordinates>139.711569,35.609724,0</coordinates></Point></Placemark>
<Placemark><name>麺処 ほん田 秋葉原本店</name>
<description><![CDATA[라멘 백명점 2025<br/>타베로그 3.83 · 리뷰 3663<br/>지요다구 · 秋葉原駅<br/><a href="https://tabelog.com/tokyo/A1310/A131001/13246285/">타베로그</a>]]></description>
<Point><coordinates>139.774213,35.69821,0</coordinates></Point></Placemark>
<Placemark><name>純手打ち だるま</name>
<description><![CDATA[라멘 백명점 2025<br/>타베로그 3.8 · 리뷰 1512<br/>스기나미구 · 中野富士見町駅<br/><a href="https://tabelog.com/tokyo/A1319/A131903/13218715/">타베로그</a>]]></description>
<Point><coordinates>139.666531,35.690951,0</coordinates></Point></Placemark>
<Placemark><name>西永福の煮干箱</name>
<description><![CDATA[라멘 백명점 2025<br/>타베로그 3.78 · 리뷰 1117<br/>스기나미구 · 西永福駅<br/><a href="https://tabelog.com/tokyo/A1318/A131805/13263789/">타베로그</a>]]></description>
<Point><coordinates>139.636428,35.678742,0</coordinates></Point></Placemark>
<Placemark><name>大島</name>
<description><![CDATA[라멘 백명점 2025<br/>타베로그 3.79 · 리뷰 2768<br/>에도가와구 · 船堀駅<br/><a href="https://tabelog.com/tokyo/A1312/A131205/13155875/">타베로그</a>]]></description>
<Point><coordinates>139.869989,35.679589,0</coordinates></Point></Placemark>
<Placemark><name>創作麺 ひとすじ</name>
<description><![CDATA[라멘 백명점 2025<br/>타베로그 3.84 · 리뷰 821<br/>스기나미구 · 方南町駅<br/><a href="https://tabelog.com/tokyo/A1319/A131903/13305924/">타베로그</a>]]></description>
<Point><coordinates>139.659236,35.683933,0</coordinates></Point></Placemark>
<Placemark><name>手打ち 蓮</name>
<description><![CDATA[라멘 백명점 2025<br/>타베로그 3.87 · 리뷰 1708<br/>스미다구 · 森下駅<br/><a href="https://tabelog.com/tokyo/A1312/A131201/13278390/">타베로그</a>]]></description>
<Point><coordinates>139.795917,35.691463,0</coordinates></Point></Placemark>
<Placemark><name>かしわぎ</name>
<description><![CDATA[라멘 백명점 2025<br/>타베로그 3.78 · 리뷰 1990<br/>나카노구 · 東中野駅<br/><a href="https://tabelog.com/tokyo/A1319/A131901/13209326/">타베로그</a>]]></description>
<Point><coordinates>139.685657,35.704291,0</coordinates></Point></Placemark>
<Placemark><name>中華蕎麦にし乃</name>
<description><![CDATA[라멘 백명점 2025<br/>타베로그 3.79 · 리뷰 3515<br/>분쿄구 · 本郷三丁目駅<br/><a href="https://tabelog.com/tokyo/A1310/A131004/13218311/">타베로그</a>]]></description>
<Point><coordinates>139.761638,35.706763,0</coordinates></Point></Placemark>
<Placemark><name>味噌っ子 ふっく</name>
<description><![CDATA[라멘 백명점 2025<br/>타베로그 3.84 · 리뷰 2670<br/>스기나미구 · 荻窪駅<br/><a href="https://tabelog.com/tokyo/A1319/A131906/13226777/">타베로그</a>]]></description>
<Point><coordinates>139.614187,35.708383,0</coordinates></Point></Placemark>
<Placemark><name>入鹿TOKYO</name>
<description><![CDATA[라멘 백명점 2025<br/>타베로그 3.88 · 리뷰 900<br/>東久留米구 · 東久留米駅<br/><a href="https://tabelog.com/tokyo/A1328/A132802/13234223/">타베로그</a>]]></description>
<Point><coordinates>139.532156,35.759222,0</coordinates></Point></Placemark>
<Placemark><name>神名備</name>
<description><![CDATA[라멘 백명점 2025<br/>타베로그 3.82 · 리뷰 1578<br/>분쿄구 · 西日暮里駅<br/><a href="https://tabelog.com/tokyo/A1311/A131105/13006070/">타베로그</a>]]></description>
<Point><coordinates>139.760736,35.731099,0</coordinates></Point></Placemark>
<Placemark><name>Homemade Ramen 麦苗</name>
<description><![CDATA[라멘 백명점 2025<br/>타베로그 4.02 · 리뷰 2815<br/>시나가와구 · 大森海岸駅<br/><a href="https://tabelog.com/tokyo/A1315/A131502/13194812/">타베로그</a>]]></description>
<Point><coordinates>139.732812,35.590785,0</coordinates></Point></Placemark>
<Placemark><name>つけ麺 五ノ神製作所</name>
<description><![CDATA[라멘 백명점 2025<br/>타베로그 3.77 · 리뷰 5400<br/>시부야구 · 新宿三丁目駅<br/><a href="https://tabelog.com/tokyo/A1304/A130401/13120708/">타베로그</a>]]></description>
<Point><coordinates>139.703871,35.68736,0</coordinates></Point></Placemark>
<Placemark><name>長男、ほそのたかし</name>
<description><![CDATA[라멘 백명점 2025<br/>타베로그 3.78 · 리뷰 1521<br/>네리마구 · 江古田駅<br/><a href="https://tabelog.com/tokyo/A1321/A132101/13261549/">타베로그</a>]]></description>
<Point><coordinates>139.674098,35.736372,0</coordinates></Point></Placemark>
<Placemark><name>RAMEN MATSUI</name>
<description><![CDATA[라멘 백명점 2025<br/>타베로그 3.82 · 리뷰 1486<br/>신주쿠구 · 新宿御苑前駅<br/><a href="https://tabelog.com/tokyo/A1304/A130402/13285098/">타베로그</a>]]></description>
<Point><coordinates>139.71551,35.689079,0</coordinates></Point></Placemark>
<Placemark><name>つけそば 神田 勝本</name>
<description><![CDATA[라멘 백명점 2025<br/>타베로그 3.78 · 리뷰 3001<br/>지요다구 · 神保町駅<br/><a href="https://tabelog.com/tokyo/A1310/A131003/13192433/">타베로그</a>]]></description>
<Point><coordinates>139.759572,35.697496,0</coordinates></Point></Placemark>
<Placemark><name>一条流がんこ総本家分家四谷荒木町</name>
<description><![CDATA[라멘 백명점 2025<br/>타베로그 3.78 · 리뷰 1549<br/>신주쿠구 · 四谷三丁目駅<br/><a href="https://tabelog.com/tokyo/A1309/A130903/13126058/">타베로그</a>]]></description>
<Point><coordinates>139.721507,35.689268,0</coordinates></Point></Placemark>
<Placemark><name>麺 ふじさき</name>
<description><![CDATA[라멘 백명점 2025<br/>타베로그 3.77 · 리뷰 1444<br/>고토구 · 亀戸駅<br/><a href="https://tabelog.com/tokyo/A1312/A131202/13276443/">타베로그</a>]]></description>
<Point><coordinates>139.822762,35.701457,0</coordinates></Point></Placemark>
<Placemark><name>Ramen FeeL</name>
<description><![CDATA[라멘 백명점 2025<br/>타베로그 3.94 · 리뷰 1369<br/>青梅구 · 日向和田駅<br/><a href="https://tabelog.com/tokyo/A1330/A133003/13254631/">타베로그</a>]]></description>
<Point><coordinates>139.221785,35.788721,0</coordinates></Point></Placemark>
<Placemark><name>らぁめん小池</name>
<description><![CDATA[라멘 백명점 2025<br/>타베로그 3.79 · 리뷰 2150<br/>세타가야구 · 上北沢駅<br/><a href="https://tabelog.com/tokyo/A1318/A131809/13172994/">타베로그</a>]]></description>
<Point><coordinates>139.622387,35.670507,0</coordinates></Point></Placemark>
<Placemark><name>風雲児 新宿本店</name>
<description><![CDATA[라멘 백명점 2025<br/>타베로그 3.77 · 리뷰 5288<br/>시부야구 · 南新宿駅<br/><a href="https://tabelog.com/tokyo/A1304/A130401/13044091/">타베로그</a>]]></description>
<Point><coordinates>139.696648,35.686843,0</coordinates></Point></Placemark>
<Placemark><name>こうかいぼう</name>
<description><![CDATA[라멘 백명점 2025<br/>타베로그 3.79 · 리뷰 2991<br/>고토구 · 門前仲町駅<br/><a href="https://tabelog.com/tokyo/A1313/A131303/13005052/">타베로그</a>]]></description>
<Point><coordinates>139.798812,35.67531,0</coordinates></Point></Placemark>
<Placemark><name>燦燦斗</name>
<description><![CDATA[라멘 백명점 2025<br/>타베로그 3.83 · 리뷰 1515<br/>기타구 · 東十条駅<br/><a href="https://tabelog.com/tokyo/A1323/A132304/13038064/">타베로그</a>]]></description>
<Point><coordinates>139.725801,35.764588,0</coordinates></Point></Placemark>
<Placemark><name>MENSHO</name>
<description><![CDATA[라멘 백명점 2025<br/>타베로그 3.78 · 리뷰 2318<br/>분쿄구 · 護国寺駅<br/><a href="https://tabelog.com/tokyo/A1323/A132302/13203848/">타베로그</a>]]></description>
<Point><coordinates>139.728688,35.716338,0</coordinates></Point></Placemark>
<Placemark><name>Japanese Soba Noodles 蔦</name>
<description><![CDATA[라멘 백명점 2025<br/>타베로그 3.78 · 리뷰 1904<br/>시부야구 · 代々木上原駅<br/><a href="https://tabelog.com/tokyo/A1318/A131811/13241560/">타베로그</a>]]></description>
<Point><coordinates>139.682484,35.670406,0</coordinates></Point></Placemark>
<Placemark><name>支那ソバ おさだ</name>
<description><![CDATA[라멘 백명점 2025<br/>타베로그 3.82 · 리뷰 1488<br/>이타바시구 · 大山駅<br/><a href="https://tabelog.com/tokyo/A1322/A132203/13266841/">타베로그</a>]]></description>
<Point><coordinates>139.7042,35.747506,0</coordinates></Point></Placemark>
<Placemark><name>中華蕎麦 ひら井</name>
<description><![CDATA[라멘 백명점 2025<br/>타베로그 3.82 · 리뷰 1486<br/>府中구 · 府中市<br/><a href="https://tabelog.com/tokyo/A1326/A132602/13259078/">타베로그</a>]]></description>
<Point><coordinates>139.479618,35.688044,0</coordinates></Point></Placemark>
<Placemark><name>饗 くろ喜</name>
<description><![CDATA[라멘 백명점 2025<br/>타베로그 3.92 · 리뷰 1770<br/>다이토구 · 浅草橋駅<br/><a href="https://tabelog.com/tokyo/A1311/A131103/13290780/">타베로그</a>]]></description>
<Point><coordinates>139.785457,35.698005,0</coordinates></Point></Placemark>
<Placemark><name>メヂカそば 吟魚</name>
<description><![CDATA[라멘 백명점 2025<br/>타베로그 3.89 · 리뷰 996<br/>日野구 · 万願寺駅<br/><a href="https://tabelog.com/tokyo/A1329/A132903/13272366/">타베로그</a>]]></description>
<Point><coordinates>139.419136,35.669618,0</coordinates></Point></Placemark>
<Placemark><name>煮干しつけ麺 宮元</name>
<description><![CDATA[라멘 백명점 2025<br/>타베로그 3.78 · 리뷰 2995<br/>오타구 · 蒲田駅<br/><a href="https://tabelog.com/tokyo/A1315/A131503/13180862/">타베로그</a>]]></description>
<Point><coordinates>139.713437,35.564236,0</coordinates></Point></Placemark>
<Placemark><name>Tokyo Style Noodle ほたて日和</name>
<description><![CDATA[라멘 백명점 2025<br/>타베로그 3.85 · 리뷰 1413<br/>지요다구 · 秋葉原駅<br/><a href="https://tabelog.com/tokyo/A1310/A131001/13280086/">타베로그</a>]]></description>
<Point><coordinates>139.777167,35.698564,0</coordinates></Point></Placemark>
<Placemark><name>入鹿TOKYO 六本木</name>
<description><![CDATA[라멘 백명점 2025<br/>타베로그 3.79 · 리뷰 2873<br/>미나토구 · 六本木駅<br/><a href="https://tabelog.com/tokyo/A1307/A130701/13264260/">타베로그</a>]]></description>
<Point><coordinates>139.731683,35.66477,0</coordinates></Point></Placemark>
<Placemark><name>麺屋鈴春</name>
<description><![CDATA[라멘 백명점 2025<br/>타베로그 3.79 · 리뷰 1881<br/>분쿄구 · 本郷三丁目駅<br/><a href="https://tabelog.com/tokyo/A1310/A131004/13250293/">타베로그</a>]]></description>
<Point><coordinates>139.760825,35.704883,0</coordinates></Point></Placemark>
<Placemark><name>中華そば しば田</name>
<description><![CDATA[라멘 백명점 2025<br/>타베로그 4.01 · 리뷰 1590<br/>狛江구 · 狛江駅<br/><a href="https://tabelog.com/tokyo/A1326/A132603/13300645/">타베로그</a>]]></description>
<Point><coordinates>139.576649,35.631973,0</coordinates></Point></Placemark>
<Placemark><name>しおらーめん進化 2nd</name>
<description><![CDATA[라멘 백명점 2025<br/>타베로그 3.78 · 리뷰 909<br/>町田구 · 町田市<br/><a href="https://tabelog.com/tokyo/A1327/A132701/13277081/">타베로그</a>]]></description>
<Point><coordinates>139.468866,35.587466,0</coordinates></Point></Placemark>
<Placemark><name>煮干鰮らーめん 圓 八王子本店</name>
<description><![CDATA[라멘 백명점 2025<br/>타베로그 3.78 · 리뷰 2692<br/>八王子구 · 京王八王子駅<br/><a href="https://tabelog.com/tokyo/A1329/A132904/13091258/">타베로그</a>]]></description>
<Point><coordinates>139.338432,35.660333,0</coordinates></Point></Placemark>
<Placemark><name>中華そば 児ノ木</name>
<description><![CDATA[라멘 백명점 2025<br/>타베로그 3.79 · 리뷰 1923<br/>신주쿠구 · 落合駅<br/><a href="https://tabelog.com/tokyo/A1319/A131901/13154006/">타베로그</a>]]></description>
<Point><coordinates>139.691297,35.71123,0</coordinates></Point></Placemark>
<Placemark><name>自家製中華そば としおか</name>
<description><![CDATA[라멘 백명점 2025<br/>타베로그 3.79 · 리뷰 1519<br/>신주쿠구 · 早稲田（メトロ）駅<br/><a href="https://tabelog.com/tokyo/A1305/A130504/13182315/">타베로그</a>]]></description>
<Point><coordinates>139.726539,35.704709,0</coordinates></Point></Placemark>
<Placemark><name>塩そば 時空</name>
<description><![CDATA[라멘 백명점 2025<br/>타베로그 3.83 · 리뷰 1163<br/>스기나미구 · 高井戸駅<br/><a href="https://tabelog.com/tokyo/A1319/A131906/13287906/">타베로그</a>]]></description>
<Point><coordinates>139.618981,35.68977,0</coordinates></Point></Placemark>
<Placemark><name>三ん寅</name>
<description><![CDATA[라멘 백명점 2025<br/>타베로그 3.81 · 리뷰 3122<br/>신주쿠구 · 江戸川橋駅<br/><a href="https://tabelog.com/tokyo/A1309/A130905/13240660/">타베로그</a>]]></description>
<Point><coordinates>139.730405,35.709247,0</coordinates></Point></Placemark>
<Placemark><name>らぁ麺や 嶋</name>
<description><![CDATA[라멘 백명점 2025<br/>타베로그 4.06 · 리뷰 2137<br/>시부야구 · 西新宿五丁目駅<br/><a href="https://tabelog.com/tokyo/A1304/A130401/13247487/">타베로그</a>]]></description>
<Point><coordinates>139.680874,35.688342,0</coordinates></Point></Placemark>
<Placemark><name>Ramen Break Beats</name>
<description><![CDATA[라멘 백명점 2025<br/>타베로그 3.84 · 리뷰 1518<br/>메구로구 · 祐天寺駅<br/><a href="https://tabelog.com/tokyo/A1317/A131701/13267329/">타베로그</a>]]></description>
<Point><coordinates>139.698777,35.633524,0</coordinates></Point></Placemark>
<Placemark><name>麺創庵 砂田</name>
<description><![CDATA[라멘 백명점 2025<br/>타베로그 3.79 · 리뷰 1789<br/>도시마구 · 庚申塚駅<br/><a href="https://tabelog.com/tokyo/A1322/A132201/13246362/">타베로그</a>]]></description>
<Point><coordinates>139.733615,35.737396,0</coordinates></Point></Placemark>
<Placemark><name>麺屋一燈</name>
<description><![CDATA[라멘 백명점 2025<br/>타베로그 3.79 · 리뷰 4691<br/>가쓰시카구 · 新小岩駅<br/><a href="https://tabelog.com/tokyo/A1312/A131204/13111737/">타베로그</a>]]></description>
<Point><coordinates>139.857705,35.718832,0</coordinates></Point></Placemark>
<Placemark><name>奈つやの中華そば</name>
<description><![CDATA[라멘 백명점 2025<br/>타베로그 3.86 · 리뷰 1282<br/>오타구 · 下丸子駅<br/><a href="https://tabelog.com/tokyo/A1317/A131716/13293385/">타베로그</a>]]></description>
<Point><coordinates>139.683891,35.571403,0</coordinates></Point></Placemark>
<Placemark><name>there is ramen</name>
<description><![CDATA[라멘 백명점 2025<br/>타베로그 3.78 · 리뷰 2324<br/>스기나미구 · 荻窪駅<br/><a href="https://tabelog.com/tokyo/A1319/A131906/13277729/">타베로그</a>]]></description>
<Point><coordinates>139.618361,35.707417,0</coordinates></Point></Placemark>
<Placemark><name>麺処 銀笹</name>
<description><![CDATA[라멘 백명점 2025<br/>타베로그 3.78 · 리뷰 2704<br/>주오구 · 築地市場駅<br/><a href="https://tabelog.com/tokyo/A1301/A130103/13119563/">타베로그</a>]]></description>
<Point><coordinates>139.763429,35.666233,0</coordinates></Point></Placemark>
<Placemark><name>つけ麺 道</name>
<description><![CDATA[라멘 백명점 2025<br/>타베로그 3.79 · 리뷰 2369<br/>가쓰시카구 · 亀有駅<br/><a href="https://tabelog.com/tokyo/A1324/A132403/13094595/">타베로그</a>]]></description>
<Point><coordinates>139.84681,35.767922,0</coordinates></Point></Placemark>
<Placemark><name>宍道湖しじみ中華蕎麦 琥珀 東京本店</name>
<description><![CDATA[라멘 백명점 2025<br/>타베로그 3.91 · 리뷰 2040<br/>오타구 · 雑色駅<br/><a href="https://tabelog.com/tokyo/A1315/A131503/13234195/">타베로그</a>]]></description>
<Point><coordinates>139.711195,35.551255,0</coordinates></Point></Placemark>
<Placemark><name>ラーメン 健やか</name>
<description><![CDATA[라멘 백명점 2025<br/>타베로그 3.78 · 리뷰 1987<br/>武蔵野구 · 三鷹駅<br/><a href="https://tabelog.com/tokyo/A1320/A132002/13207054/">타베로그</a>]]></description>
<Point><coordinates>139.564336,35.703813,0</coordinates></Point></Placemark>
<Placemark><name>三馬路 東京店</name>
<description><![CDATA[라멘 백명점 2025<br/>타베로그 3.77 · 리뷰 2266<br/>지요다구 · 神田駅<br/><a href="https://tabelog.com/tokyo/A1310/A131002/13266565/">타베로그</a>]]></description>
<Point><coordinates>139.768211,35.69106,0</coordinates></Point></Placemark>
<Placemark><name>中華そば 和渦 TOKYO</name>
<description><![CDATA[라멘 백명점 2025<br/>타베로그 3.78 · 리뷰 2714<br/>시나가와구 · 北品川駅<br/><a href="https://tabelog.com/tokyo/A1314/A131405/13233678/">타베로그</a>]]></description>
<Point><coordinates>139.738447,35.621902,0</coordinates></Point></Placemark>
<Placemark><name>らぁめん 山と樹</name>
<description><![CDATA[라멘 백명점 2025<br/>타베로그 3.8 · 리뷰 1674<br/>스기나미구 · 高円寺駅<br/><a href="https://tabelog.com/tokyo/A1319/A131904/13204607/">타베로그</a>]]></description>
<Point><coordinates>139.655078,35.703504,0</coordinates></Point></Placemark>
<Placemark><name>らぁ麺やまぐち</name>
<description><![CDATA[라멘 백명점 2025<br/>타베로그 3.78 · 리뷰 3029<br/>신주쿠구 · 面影橋駅<br/><a href="https://tabelog.com/tokyo/A1305/A130504/13151200/">타베로그</a>]]></description>
<Point><coordinates>139.713916,35.709983,0</coordinates></Point></Placemark>
<Placemark><name>はやし</name>
<description><![CDATA[라멘 백명점 2025<br/>타베로그 3.77 · 리뷰 3504<br/>시부야구 · 渋谷駅<br/><a href="https://tabelog.com/tokyo/A1303/A130301/13003367/">타베로그</a>]]></description>
<Point><coordinates>139.697991,35.657334,0</coordinates></Point></Placemark>
<Placemark><name>一番いちばん</name>
<description><![CDATA[라멘 백명점 2025<br/>타베로그 3.79 · 리뷰 1355<br/>町田구 · 町田駅<br/><a href="https://tabelog.com/tokyo/A1327/A132701/13001469/">타베로그</a>]]></description>
<Point><coordinates>139.446998,35.549399,0</coordinates></Point></Placemark>
<Placemark><name>らーめん改</name>
<description><![CDATA[라멘 백명점 2025<br/>타베로그 3.78 · 리뷰 2779<br/>다이토구 · 蔵前駅<br/><a href="https://tabelog.com/tokyo/A1311/A131103/13191776/">타베로그</a>]]></description>
<Point><coordinates>139.790165,35.704449,0</coordinates></Point></Placemark>
<Placemark><name>麺屋 翔 本店</name>
<description><![CDATA[라멘 백명점 2025<br/>타베로그 3.77 · 리뷰 4610<br/>신주쿠구 · 西武新宿駅<br/><a href="https://tabelog.com/tokyo/A1304/A130401/13040181/">타베로그</a>]]></description>
<Point><coordinates>139.69661,35.696603,0</coordinates></Point></Placemark>
<Placemark><name>銀座 八五</name>
<description><![CDATA[라멘 백명점 2025<br/>타베로그 3.91 · 리뷰 2488<br/>주오구 · 新富町駅<br/><a href="https://tabelog.com/tokyo/A1301/A130101/13228602/">타베로그</a>]]></description>
<Point><coordinates>139.770159,35.670556,0</coordinates></Point></Placemark>
<Placemark><name>中華ソバ 伊吹</name>
<description><![CDATA[라멘 백명점 2025<br/>타베로그 3.83 · 리뷰 1985<br/>이타바시구 · 志村坂上駅<br/><a href="https://tabelog.com/tokyo/A1322/A132205/13163874/">타베로그</a>]]></description>
<Point><coordinates>139.692553,35.772701,0</coordinates></Point></Placemark>
<Placemark><name>燎</name>
<description><![CDATA[라멘 백명점 2025<br/>타베로그 3.81 · 리뷰 1450<br/>주오구 · 新富町駅<br/><a href="https://tabelog.com/tokyo/A1313/A131301/13296303/">타베로그</a>]]></description>
<Point><coordinates>139.774266,35.672104,0</coordinates></Point></Placemark>
<Placemark><name>らーめん飛粋</name>
<description><![CDATA[라멘 백명점 2025<br/>타베로그 3.78 · 리뷰 3706<br/>오타구 · 蒲田駅<br/><a href="https://tabelog.com/tokyo/A1315/A131503/13217922/">타베로그</a>]]></description>
<Point><coordinates>139.717317,35.564045,0</coordinates></Point></Placemark>
<Placemark><name>ラーメン二郎 三田本店</name>
<description><![CDATA[라멘 백명점 2025<br/>타베로그 3.76 · 리뷰 3447<br/>미나토구 · 田町駅<br/><a href="https://tabelog.com/tokyo/A1314/A131402/13006051/">타베로그</a>]]></description>
<Point><coordinates>139.741641,35.648069,0</coordinates></Point></Placemark>
<Placemark><name>えーちゃん食堂</name>
<description><![CDATA[라멘 백명점 2025<br/>타베로그 3.77 · 리뷰 1170<br/>메구로구 · 不動前駅<br/><a href="https://tabelog.com/tokyo/A1316/A131601/13284505/">타베로그</a>]]></description>
<Point><coordinates>139.709555,35.630546,0</coordinates></Point></Placemark>
<Placemark><name>はつね</name>
<description><![CDATA[라멘 백명점 2025<br/>타베로그 3.77 · 리뷰 1825<br/>스기나미구 · 西荻窪駅<br/><a href="https://tabelog.com/tokyo/A1319/A131907/13000717/">타베로그</a>]]></description>
<Point><coordinates>139.599803,35.703471,0</coordinates></Point></Placemark>
<Placemark><name>あさひ町内会</name>
<description><![CDATA[라멘 백명점 2025<br/>타베로그 3.78 · 리뷰 2116<br/>이타바시구 · 板橋区役所前駅<br/><a href="https://tabelog.com/tokyo/A1322/A132205/13244535/">타베로그</a>]]></description>
<Point><coordinates>139.712167,35.750112,0</coordinates></Point></Placemark>
<Placemark><name>桜上水 船越</name>
<description><![CDATA[라멘 백명점 2025<br/>타베로그 3.8 · 리뷰 1639<br/>스기나미구 · 桜上水駅<br/><a href="https://tabelog.com/tokyo/A1318/A131809/13281101/">타베로그</a>]]></description>
<Point><coordinates>139.633577,35.668829,0</coordinates></Point></Placemark>
<Placemark><name>キング製麺</name>
<description><![CDATA[라멘 백명점 2025<br/>타베로그 3.79 · 리뷰 2627<br/>기타구 · 王子駅前駅<br/><a href="https://tabelog.com/tokyo/A1323/A132303/13232817/">타베로그</a>]]></description>
<Point><coordinates>139.733829,35.753416,0</coordinates></Point></Placemark>
<Placemark><name>メンドコロ キナリ</name>
<description><![CDATA[라멘 백명점 2025<br/>타베로그 3.77 · 리뷰 1870<br/>나카노구 · 東中野駅<br/><a href="https://tabelog.com/tokyo/A1319/A131901/13221001/">타베로그</a>]]></description>
<Point><coordinates>139.686172,35.705664,0</coordinates></Point></Placemark>
<Placemark><name>麺や金時</name>
<description><![CDATA[라멘 백명점 2025<br/>타베로그 3.79 · 리뷰 1498<br/>네리마구 · 江古田駅<br/><a href="https://tabelog.com/tokyo/A1321/A132101/13139195/">타베로그</a>]]></description>
<Point><coordinates>139.678295,35.738329,0</coordinates></Point></Placemark>
<Placemark><name>創作麺工房 鳴龍</name>
<description><![CDATA[라멘 백명점 2025<br/>타베로그 3.87 · 리뷰 2499<br/>도시마구 · 新大塚駅<br/><a href="https://tabelog.com/tokyo/A1323/A132302/13141302/">타베로그</a>]]></description>
<Point><coordinates>139.730351,35.728684,0</coordinates></Point></Placemark>
<Placemark><name>麺処 しろくろ</name>
<description><![CDATA[라멘 백명점 2025<br/>타베로그 3.85 · 리뷰 1335<br/>스기나미구 · 八幡山駅<br/><a href="https://tabelog.com/tokyo/A1318/A131809/13242508/">타베로그</a>]]></description>
<Point><coordinates>139.615538,35.66977,0</coordinates></Point></Placemark>
<Placemark><name>タンタン</name>
<description><![CDATA[라멘 백명점 2025<br/>타베로그 3.8 · 리뷰 1576<br/>八王子구 · 八王子駅<br/><a href="https://tabelog.com/tokyo/A1329/A132904/13046007/">타베로그</a>]]></description>
<Point><coordinates>139.340323,35.651918,0</coordinates></Point></Placemark>
<Placemark><name>麺や 七彩</name>
<description><![CDATA[라멘 백명점 2025<br/>타베로그 3.78 · 리뷰 4634<br/>주오구 · 八丁堀駅<br/><a href="https://tabelog.com/tokyo/A1302/A130203/13184399/">타베로그</a>]]></description>
<Point><coordinates>139.776338,35.677185,0</coordinates></Point></Placemark>
<Placemark><name>らーめん亭 ひなり竜王</name>
<description><![CDATA[라멘 백명점 2025<br/>타베로그 3.78 · 리뷰 1260<br/>오타구 · 大森町駅<br/><a href="https://tabelog.com/tokyo/A1315/A131503/13276299/">타베로그</a>]]></description>
<Point><coordinates>139.735638,35.567356,0</coordinates></Point></Placemark>
<Placemark><name>酒亭 田中</name>
<description><![CDATA[야키토리 백명점 2025<br/>타베로그 4.26 · 리뷰 382<br/>스미다구 · 鐘ケ淵駅<br/><a href="https://tabelog.com/tokyo/A1312/A131203/13285811/">타베로그</a>]]></description>
<Point><coordinates>139.819559,35.730711,0</coordinates></Point></Placemark>
<Placemark><name>焼鳥 はちまん</name>
<description><![CDATA[야키토리 백명점 2025<br/>타베로그 3.68 · 리뷰 532<br/>신주쿠구 · 早稲田（都電）駅<br/><a href="https://tabelog.com/tokyo/A1305/A130504/13000055/">타베로그</a>]]></description>
<Point><coordinates>139.716365,35.709596,0</coordinates></Point></Placemark>
<Placemark><name>YAKITORI 燃 es</name>
<description><![CDATA[야키토리 백명점 2025<br/>타베로그 4.27 · 리뷰 817<br/>미나토구 · 六本木駅<br/><a href="https://tabelog.com/tokyo/A1307/A130701/13259508/">타베로그</a>]]></description>
<Point><coordinates>139.730295,35.663735,0</coordinates></Point></Placemark>
<Placemark><name>やきとり 右羽。</name>
<description><![CDATA[야키토리 백명점 2025<br/>타베로그 3.73 · 리뷰 357<br/>메구로구 · 学芸大学駅<br/><a href="https://tabelog.com/tokyo/A1317/A131702/13253473/">타베로그</a>]]></description>
<Point><coordinates>139.686477,35.629681,0</coordinates></Point></Placemark>
<Placemark><name>蒼天 南口店</name>
<description><![CDATA[야키토리 백명점 2025<br/>타베로그 3.66 · 리뷰 857<br/>도시마구 · 向原駅<br/><a href="https://tabelog.com/tokyo/A1323/A132302/13092061/">타베로그</a>]]></description>
<Point><coordinates>139.727423,35.729576,0</coordinates></Point></Placemark>
<Placemark><name>焼鳥 山香</name>
<description><![CDATA[야키토리 백명점 2025<br/>타베로그 3.7 · 리뷰 289<br/>신주쿠구 · 神楽坂駅<br/><a href="https://tabelog.com/tokyo/A1309/A130905/13245585/">타베로그</a>]]></description>
<Point><coordinates>139.73281,35.703489,0</coordinates></Point></Placemark>
<Placemark><name>銀座バードランド</name>
<description><![CDATA[야키토리 백명점 2025<br/>타베로그 3.56 · 리뷰 514<br/>주오구 · 銀座駅<br/><a href="https://tabelog.com/tokyo/A1301/A130101/13004097/">타베로그</a>]]></description>
<Point><coordinates>139.763902,35.672794,0</coordinates></Point></Placemark>
<Placemark><name>焼鳥 高はし</name>
<description><![CDATA[야키토리 백명점 2025<br/>타베로그 3.7 · 리뷰 241<br/>주오구 · 日本橋駅<br/><a href="https://tabelog.com/tokyo/A1302/A130202/13277790/">타베로그</a>]]></description>
<Point><coordinates>139.774605,35.68099,0</coordinates></Point></Placemark>
<Placemark><name>とり茶太郎</name>
<description><![CDATA[야키토리 백명점 2025<br/>타베로그 4.42 · 리뷰 764<br/>시부야구 · 渋谷駅<br/><a href="https://tabelog.com/tokyo/A1303/A130301/13157208/">타베로그</a>]]></description>
<Point><coordinates>139.70215,35.654112,0</coordinates></Point></Placemark>
<Placemark><name>酉囃子</name>
<description><![CDATA[야키토리 백명점 2025<br/>타베로그 4.15 · 리뷰 217<br/>미나토구 · 麻布十番駅<br/><a href="https://tabelog.com/tokyo/A1307/A130702/13304401/">타베로그</a>]]></description>
<Point><coordinates>139.734215,35.656751,0</coordinates></Point></Placemark>
<Placemark><name>やき鳥 宮川</name>
<description><![CDATA[야키토리 백명점 2025<br/>타베로그 3.69 · 리뷰 2019<br/>주오구 · 茅場町駅<br/><a href="https://tabelog.com/tokyo/A1302/A130203/13008082/">타베로그</a>]]></description>
<Point><coordinates>139.778319,35.678297,0</coordinates></Point></Placemark>
<Placemark><name>おみ乃 神谷町</name>
<description><![CDATA[야키토리 백명점 2025<br/>타베로그 3.81 · 리뷰 562<br/>미나토구 · 神谷町駅<br/><a href="https://tabelog.com/tokyo/A1307/A130704/13255846/">타베로그</a>]]></description>
<Point><coordinates>139.746755,35.664229,0</coordinates></Point></Placemark>
<Placemark><name>焼鳥 おみ乃</name>
<description><![CDATA[야키토리 백명점 2025<br/>타베로그 4.03 · 리뷰 1586<br/>스미다구 · 押上駅<br/><a href="https://tabelog.com/tokyo/A1312/A131203/13206654/">타베로그</a>]]></description>
<Point><coordinates>139.8159,35.709873,0</coordinates></Point></Placemark>
<Placemark><name>鳥よし 中目黒本店</name>
<description><![CDATA[야키토리 백명점 2025<br/>타베로그 3.72 · 리뷰 814<br/>메구로구 · 中目黒駅<br/><a href="https://tabelog.com/tokyo/A1317/A131701/13003200/">타베로그</a>]]></description>
<Point><coordinates>139.699093,35.642379,0</coordinates></Point></Placemark>
<Placemark><name>鳥よし 銀座店</name>
<description><![CDATA[야키토리 백명점 2025<br/>타베로그 3.66 · 리뷰 722<br/>주오구 · 内幸町駅<br/><a href="https://tabelog.com/tokyo/A1301/A130101/13016582/">타베로그</a>]]></description>
<Point><coordinates>139.759774,35.670566,0</coordinates></Point></Placemark>
<Placemark><name>とり吾</name>
<description><![CDATA[야키토리 백명점 2025<br/>타베로그 3.72 · 리뷰 255<br/>메구로구 · 中目黒駅<br/><a href="https://tabelog.com/tokyo/A1317/A131701/13294983/">타베로그</a>]]></description>
<Point><coordinates>139.696053,35.645804,0</coordinates></Point></Placemark>
<Placemark><name>焼鳥 篠原</name>
<description><![CDATA[야키토리 백명점 2025<br/>타베로그 3.79 · 리뷰 635<br/>미나토구 · 乃木坂駅<br/><a href="https://tabelog.com/tokyo/A1307/A130701/13254666/">타베로그</a>]]></description>
<Point><coordinates>139.725218,35.662086,0</coordinates></Point></Placemark>
<Placemark><name>白金 酉玉 本館</name>
<description><![CDATA[야키토리 백명점 2025<br/>타베로그 3.59 · 리뷰 790<br/>시부야구 · 広尾駅<br/><a href="https://tabelog.com/tokyo/A1316/A131602/13005504/">타베로그</a>]]></description>
<Point><coordinates>139.721908,35.644492,0</coordinates></Point></Placemark>
<Placemark><name>とり卓忠</name>
<description><![CDATA[야키토리 백명점 2025<br/>타베로그 3.69 · 리뷰 242<br/>신주쿠구 · 江戸川橋駅<br/><a href="https://tabelog.com/tokyo/A1309/A130905/13298796/">타베로그</a>]]></description>
<Point><coordinates>139.731227,35.706591,0</coordinates></Point></Placemark>
<Placemark><name>白金 酉玉 神楽坂店</name>
<description><![CDATA[야키토리 백명점 2025<br/>타베로그 3.65 · 리뷰 953<br/>신주쿠구 · 牛込神楽坂駅<br/><a href="https://tabelog.com/tokyo/A1309/A130905/13059154/">타베로그</a>]]></description>
<Point><coordinates>139.738889,35.702274,0</coordinates></Point></Placemark>
<Placemark><name>焼鳥 うの</name>
<description><![CDATA[야키토리 백명점 2025<br/>타베로그 3.79 · 리뷰 435<br/>세타가야구 · 奥沢駅<br/><a href="https://tabelog.com/tokyo/A1317/A131711/13130757/">타베로그</a>]]></description>
<Point><coordinates>139.671869,35.602464,0</coordinates></Point></Placemark>
<Placemark><name>かさ原</name>
<description><![CDATA[야키토리 백명점 2025<br/>타베로그 4.54 · 리뷰 520<br/>신주쿠구 · 神楽坂駅<br/><a href="https://tabelog.com/tokyo/A1309/A130905/13266251/">타베로그</a>]]></description>
<Point><coordinates>139.739816,35.706394,0</coordinates></Point></Placemark>
<Placemark><name>炭焼 TORI8</name>
<description><![CDATA[야키토리 백명점 2025<br/>타베로그 4.07 · 리뷰 349<br/>주오구 · 日本橋駅<br/><a href="https://tabelog.com/tokyo/A1302/A130202/13293712/">타베로그</a>]]></description>
<Point><coordinates>139.774584,35.681003,0</coordinates></Point></Placemark>
<Placemark><name>根津 焼鳥 照隅</name>
<description><![CDATA[야키토리 백명점 2025<br/>타베로그 3.85 · 리뷰 442<br/>분쿄구 · 根津駅<br/><a href="https://tabelog.com/tokyo/A1311/A131106/13182104/">타베로그</a>]]></description>
<Point><coordinates>139.765964,35.71695,0</coordinates></Point></Placemark>
<Placemark><name>焼鳥なかむら</name>
<description><![CDATA[야키토리 백명점 2025<br/>타베로그 3.61 · 리뷰 138<br/>미나토구 · 虎ノ門ヒルズ駅<br/><a href="https://tabelog.com/tokyo/A1308/A130802/13299397/">타베로그</a>]]></description>
<Point><coordinates>139.751253,35.666927,0</coordinates></Point></Placemark>
<Placemark><name>とりアロマ</name>
<description><![CDATA[야키토리 백명점 2025<br/>타베로그 3.95 · 리뷰 426<br/>지요다구 · 神保町駅<br/><a href="https://tabelog.com/tokyo/A1310/A131003/13280797/">타베로그</a>]]></description>
<Point><coordinates>139.7567,35.696525,0</coordinates></Point></Placemark>
<Placemark><name>とり喜</name>
<description><![CDATA[야키토리 백명점 2025<br/>타베로그 3.74 · 리뷰 1058<br/>스미다구 · 錦糸町駅<br/><a href="https://tabelog.com/tokyo/A1312/A131201/13026017/">타베로그</a>]]></description>
<Point><coordinates>139.811314,35.698115,0</coordinates></Point></Placemark>
<Placemark><name>三政</name>
<description><![CDATA[야키토리 백명점 2025<br/>타베로그 3.68 · 리뷰 793<br/>미나토구 · 新橋駅<br/><a href="https://tabelog.com/tokyo/A1301/A130103/13001520/">타베로그</a>]]></description>
<Point><coordinates>139.757356,35.664837,0</coordinates></Point></Placemark>
<Placemark><name>伊勢廣 京橋本店</name>
<description><![CDATA[야키토리 백명점 2025<br/>타베로그 3.68 · 리뷰 1210<br/>주오구 · 京橋駅<br/><a href="https://tabelog.com/tokyo/A1302/A130202/13251802/">타베로그</a>]]></description>
<Point><coordinates>139.77035,35.678497,0</coordinates></Point></Placemark>
<Placemark><name>焼鳥 おがわ</name>
<description><![CDATA[야키토리 백명점 2025<br/>타베로그 3.65 · 리뷰 376<br/>신주쿠구 · 四谷三丁目駅<br/><a href="https://tabelog.com/tokyo/A1309/A130903/13158357/">타베로그</a>]]></description>
<Point><coordinates>139.722203,35.689631,0</coordinates></Point></Placemark>
<Placemark><name>おが和</name>
<description><![CDATA[야키토리 백명점 2025<br/>타베로그 3.69 · 리뷰 1429<br/>주오구 · 人形町駅<br/><a href="https://tabelog.com/tokyo/A1302/A130204/13063782/">타베로그</a>]]></description>
<Point><coordinates>139.782186,35.687473,0</coordinates></Point></Placemark>
<Placemark><name>酒亭湯澤</name>
<description><![CDATA[야키토리 백명점 2025<br/>타베로그 4.02 · 리뷰 312<br/>주오구 · 馬喰横山駅<br/><a href="https://tabelog.com/tokyo/A1302/A130204/13304051/">타베로그</a>]]></description>
<Point><coordinates>139.783506,35.691147,0</coordinates></Point></Placemark>
<Placemark><name>鳥長</name>
<description><![CDATA[야키토리 백명점 2025<br/>타베로그 3.74 · 리뷰 726<br/>네리마구 · 練馬駅<br/><a href="https://tabelog.com/tokyo/A1321/A132102/13058892/">타베로그</a>]]></description>
<Point><coordinates>139.656836,35.734599,0</coordinates></Point></Placemark>
<Placemark><name>鳥匠いし井ひな</name>
<description><![CDATA[야키토리 백명점 2025<br/>타베로그 4.1 · 리뷰 631<br/>미나토구 · 麻布十番駅<br/><a href="https://tabelog.com/tokyo/A1307/A130702/13271040/">타베로그</a>]]></description>
<Point><coordinates>139.733341,35.650034,0</coordinates></Point></Placemark>
<Placemark><name>焼鳥どろまみれ 四谷本店</name>
<description><![CDATA[야키토리 백명점 2025<br/>타베로그 3.68 · 리뷰 763<br/>신주쿠구 · 曙橋駅<br/><a href="https://tabelog.com/tokyo/A1309/A130903/13116757/">타베로그</a>]]></description>
<Point><coordinates>139.72254,35.690731,0</coordinates></Point></Placemark>
<Placemark><name>焼鳥 山もと</name>
<description><![CDATA[야키토리 백명점 2025<br/>타베로그 3.78 · 리뷰 400<br/>武蔵野구 · 三鷹駅<br/><a href="https://tabelog.com/tokyo/A1320/A132002/13187433/">타베로그</a>]]></description>
<Point><coordinates>139.562681,35.705008,0</coordinates></Point></Placemark>
<Placemark><name>焼鶏 ひらこ</name>
<description><![CDATA[야키토리 백명점 2025<br/>타베로그 3.69 · 리뷰 409<br/>미나토구 · 乃木坂駅<br/><a href="https://tabelog.com/tokyo/A1307/A130701/13232545/">타베로그</a>]]></description>
<Point><coordinates>139.725779,35.661851,0</coordinates></Point></Placemark>
<Placemark><name>鳥さわ22</name>
<description><![CDATA[야키토리 백명점 2025<br/>타베로그 3.9 · 리뷰 466<br/>미나토구 · 広尾駅<br/><a href="https://tabelog.com/tokyo/A1307/A130703/13222625/">타베로그</a>]]></description>
<Point><coordinates>139.718731,35.658172,0</coordinates></Point></Placemark>
<Placemark><name>とり澤</name>
<description><![CDATA[야키토리 백명점 2025<br/>타베로그 3.76 · 리뷰 499<br/>메구로구 · 中目黒駅<br/><a href="https://tabelog.com/tokyo/A1317/A131701/13248473/">타베로그</a>]]></description>
<Point><coordinates>139.700231,35.644833,0</coordinates></Point></Placemark>
<Placemark><name>焼鳥 ひら野</name>
<description><![CDATA[야키토리 백명점 2025<br/>타베로그 3.71 · 리뷰 675<br/>주오구 · 東銀座駅<br/><a href="https://tabelog.com/tokyo/A1301/A130103/13267696/">타베로그</a>]]></description>
<Point><coordinates>139.763142,35.667561,0</coordinates></Point></Placemark>
<Placemark><name>床島</name>
<description><![CDATA[야키토리 백명점 2025<br/>타베로그 3.73 · 리뷰 377<br/>세타가야구 · 西太子堂駅<br/><a href="https://tabelog.com/tokyo/A1317/A131706/13114433/">타베로그</a>]]></description>
<Point><coordinates>139.667531,35.642599,0</coordinates></Point></Placemark>
<Placemark><name>BLESS</name>
<description><![CDATA[야키토리 백명점 2025<br/>타베로그 3.72 · 리뷰 892<br/>고토구 · 森下駅<br/><a href="https://tabelog.com/tokyo/A1312/A131201/13246437/">타베로그</a>]]></description>
<Point><coordinates>139.79951,35.688278,0</coordinates></Point></Placemark>
<Placemark><name>喜鈴</name>
<description><![CDATA[야키토리 백명점 2025<br/>타베로그 3.65 · 리뷰 990<br/>시부야구 · 恵比寿駅<br/><a href="https://tabelog.com/tokyo/A1303/A130302/13188236/">타베로그</a>]]></description>
<Point><coordinates>139.708508,35.647302,0</coordinates></Point></Placemark>
<Placemark><name>道しるべ</name>
<description><![CDATA[야키토리 백명점 2025<br/>타베로그 3.71 · 리뷰 649<br/>신주쿠구 · 西武新宿駅<br/><a href="https://tabelog.com/tokyo/A1304/A130401/13101685/">타베로그</a>]]></description>
<Point><coordinates>139.703702,35.694768,0</coordinates></Point></Placemark>
<Placemark><name>焼鳥 本田</name>
<description><![CDATA[야키토리 백명점 2025<br/>타베로그 3.83 · 리뷰 136<br/>주오구 · 新富町駅<br/><a href="https://tabelog.com/tokyo/A1313/A131301/13143142/">타베로그</a>]]></description>
<Point><coordinates>139.778206,35.669835,0</coordinates></Point></Placemark>
<Placemark><name>鍈輝</name>
<description><![CDATA[야키토리 백명점 2025<br/>타베로그 4.25 · 리뷰 420<br/>시부야구 · 恵比寿駅<br/><a href="https://tabelog.com/tokyo/A1303/A130302/13230923/">타베로그</a>]]></description>
<Point><coordinates>139.71685,35.645697,0</coordinates></Point></Placemark>
<Placemark><name>やきとりshira</name>
<description><![CDATA[야키토리 백명점 2025<br/>타베로그 3.92 · 리뷰 452<br/>세타가야구 · 梅ケ丘駅<br/><a href="https://tabelog.com/tokyo/A1318/A131812/13193012/">타베로그</a>]]></description>
<Point><coordinates>139.653274,35.655208,0</coordinates></Point></Placemark>
<Placemark><name>南青山 七鳥目</name>
<description><![CDATA[야키토리 백명점 2025<br/>타베로그 4.19 · 리뷰 495<br/>미나토구 · 広尾駅<br/><a href="https://tabelog.com/tokyo/A1307/A130703/13200559/">타베로그</a>]]></description>
<Point><coordinates>139.71816,35.65715,0</coordinates></Point></Placemark>
<Placemark><name>焼鳥今井</name>
<description><![CDATA[야키토리 백명점 2025<br/>타베로그 3.71 · 리뷰 701<br/>시부야구 · 外苑前駅<br/><a href="https://tabelog.com/tokyo/A1306/A130603/13025995/">타베로그</a>]]></description>
<Point><coordinates>139.713944,35.67183,0</coordinates></Point></Placemark>
<Placemark><name>焼鳥 ひなた</name>
<description><![CDATA[야키토리 백명점 2025<br/>타베로그 3.67 · 리뷰 80<br/>미나토구 · 麻布十番駅<br/><a href="https://tabelog.com/tokyo/A1307/A130702/13262306/">타베로그</a>]]></description>
<Point><coordinates>139.732566,35.656102,0</coordinates></Point></Placemark>
<Placemark><name>虎ノ門 焼鳥國よし</name>
<description><![CDATA[야키토리 백명점 2025<br/>타베로그 3.68 · 리뷰 486<br/>미나토구 · 虎ノ門ヒルズ駅<br/><a href="https://tabelog.com/tokyo/A1308/A130802/13213940/">타베로그</a>]]></description>
<Point><coordinates>139.75078,35.667041,0</coordinates></Point></Placemark>
<Placemark><name>焼鳥 嘉とう</name>
<description><![CDATA[야키토리 백명점 2025<br/>타베로그 3.69 · 리뷰 247<br/>미나토구 · 田町駅<br/><a href="https://tabelog.com/tokyo/A1314/A131402/13193773/">타베로그</a>]]></description>
<Point><coordinates>139.743629,35.647312,0</coordinates></Point></Placemark>
<Placemark><name>瀬尾</name>
<description><![CDATA[야키토리 백명점 2025<br/>타베로그 3.73 · 리뷰 310<br/>미나토구 · 麻布十番駅<br/><a href="https://tabelog.com/tokyo/A1307/A130702/13005034/">타베로그</a>]]></description>
<Point><coordinates>139.735484,35.657192,0</coordinates></Point></Placemark>
<Placemark><name>鳥しき</name>
<description><![CDATA[야키토리 백명점 2025<br/>타베로그 4.42 · 리뷰 1366<br/>시나가와구 · 目黒駅<br/><a href="https://tabelog.com/tokyo/A1316/A131601/13041029/">타베로그</a>]]></description>
<Point><coordinates>139.716898,35.634287,0</coordinates></Point></Placemark>
<Placemark><name>鳥さわ</name>
<description><![CDATA[야키토리 백명점 2025<br/>타베로그 3.74 · 리뷰 706<br/>고토구 · 亀戸駅<br/><a href="https://tabelog.com/tokyo/A1312/A131202/13135959/">타베로그</a>]]></description>
<Point><coordinates>139.823749,35.698356,0</coordinates></Point></Placemark>
<Placemark><name>焼き鳥 峠</name>
<description><![CDATA[야키토리 백명점 2025<br/>타베로그 3.75 · 리뷰 265<br/>신주쿠구 · 牛込神楽坂駅<br/><a href="https://tabelog.com/tokyo/A1309/A130905/13225479/">타베로그</a>]]></description>
<Point><coordinates>139.732718,35.699021,0</coordinates></Point></Placemark>
<Placemark><name>新まき</name>
<description><![CDATA[야키토리 백명점 2025<br/>타베로그 3.73 · 리뷰 170<br/>미나토구 · 赤羽橋駅<br/><a href="https://tabelog.com/tokyo/A1314/A131401/13296718/">타베로그</a>]]></description>
<Point><coordinates>139.744337,35.655692,0</coordinates></Point></Placemark>
<Placemark><name>焼鳥 せきね</name>
<description><![CDATA[야키토리 백명점 2025<br/>타베로그 3.72 · 리뷰 268<br/>도시마구 · 駒込駅<br/><a href="https://tabelog.com/tokyo/A1323/A132301/13270116/">타베로그</a>]]></description>
<Point><coordinates>139.749026,35.737091,0</coordinates></Point></Placemark>
<Placemark><name>薪鳥新神戸</name>
<description><![CDATA[야키토리 백명점 2025<br/>타베로그 4.43 · 리뷰 765<br/>미나토구 · 赤坂見附駅<br/><a href="https://tabelog.com/tokyo/A1308/A130801/13291292/">타베로그</a>]]></description>
<Point><coordinates>139.736203,35.677281,0</coordinates></Point></Placemark>
<Placemark><name>やきとり 陽火</name>
<description><![CDATA[야키토리 백명점 2025<br/>타베로그 3.74 · 리뷰 311<br/>미나토구 · 白金高輪駅<br/><a href="https://tabelog.com/tokyo/A1316/A131602/13247688/">타베로그</a>]]></description>
<Point><coordinates>139.726402,35.644485,0</coordinates></Point></Placemark>
<Placemark><name>オオクサ</name>
<description><![CDATA[야키토리 백명점 2025<br/>타베로그 4.36 · 리뷰 479<br/>신주쿠구 · 四谷三丁目駅<br/><a href="https://tabelog.com/tokyo/A1309/A130903/13240980/">타베로그</a>]]></description>
<Point><coordinates>139.722274,35.689114,0</coordinates></Point></Placemark>
<Placemark><name>とり澤 六本木</name>
<description><![CDATA[야키토리 백명점 2025<br/>타베로그 3.73 · 리뷰 224<br/>미나토구 · 六本木駅<br/><a href="https://tabelog.com/tokyo/A1307/A130701/13277047/">타베로그</a>]]></description>
<Point><coordinates>139.73411,35.664419,0</coordinates></Point></Placemark>
<Placemark><name>鳥さみ</name>
<description><![CDATA[야키토리 백명점 2025<br/>타베로그 3.66 · 리뷰 182<br/>가쓰시카구 · 亀有駅<br/><a href="https://tabelog.com/tokyo/A1324/A132403/13256125/">타베로그</a>]]></description>
<Point><coordinates>139.850045,35.766195,0</coordinates></Point></Placemark>
<Placemark><name>鳥焼 笹や</name>
<description><![CDATA[야키토리 백명점 2025<br/>타베로그 3.65 · 리뷰 640<br/>메구로구 · 目黒駅<br/><a href="https://tabelog.com/tokyo/A1316/A131601/13045529/">타베로그</a>]]></description>
<Point><coordinates>139.710151,35.635301,0</coordinates></Point></Placemark>
<Placemark><name>やきとり阿部</name>
<description><![CDATA[야키토리 백명점 2025<br/>타베로그 3.68 · 리뷰 436<br/>시나가와구 · 目黒駅<br/><a href="https://tabelog.com/tokyo/A1316/A131601/13197391/">타베로그</a>]]></description>
<Point><coordinates>139.718108,35.633963,0</coordinates></Point></Placemark>
<Placemark><name>鳥恵 上野広小路店</name>
<description><![CDATA[야키토리 백명점 2025<br/>타베로그 3.7 · 리뷰 743<br/>분쿄구 · 上野広小路駅<br/><a href="https://tabelog.com/tokyo/A1311/A131101/13128870/">타베로그</a>]]></description>
<Point><coordinates>139.772345,35.707864,0</coordinates></Point></Placemark>
<Placemark><name>鳥おか</name>
<description><![CDATA[야키토리 백명점 2025<br/>타베로그 3.91 · 리뷰 194<br/>미나토구 · 神谷町駅<br/><a href="https://tabelog.com/tokyo/A1307/A130701/13293212/">타베로그</a>]]></description>
<Point><coordinates>139.741464,35.662167,0</coordinates></Point></Placemark>
<Placemark><name>おみ乃 椿</name>
<description><![CDATA[야키토리 백명점 2025<br/>타베로그 3.97 · 리뷰 222<br/>주오구 · 京橋駅<br/><a href="https://tabelog.com/tokyo/A1302/A130202/13290286/">타베로그</a>]]></description>
<Point><coordinates>139.770469,35.676129,0</coordinates></Point></Placemark>
<Placemark><name>焼肉ホルモン金樹</name>
<description><![CDATA[야키니쿠 백명점 2025<br/>타베로그 3.74 · 리뷰 1078<br/>미나토구 · 赤坂駅<br/><a href="https://tabelog.com/tokyo/A1308/A130801/13273456/">타베로그</a>]]></description>
<Point><coordinates>139.738436,35.672394,0</coordinates></Point></Placemark>
<Placemark><name>東京食肉市場直送 肉焼屋 D-29 広尾店</name>
<description><![CDATA[야키니쿠 백명점 2025<br/>타베로그 3.69 · 리뷰 191<br/>시부야구 · 広尾駅<br/><a href="https://tabelog.com/tokyo/A1307/A130703/13269923/">타베로그</a>]]></description>
<Point><coordinates>139.719531,35.649111,0</coordinates></Point></Placemark>
<Placemark><name>炭火焼 ゆうじ</name>
<description><![CDATA[야키니쿠 백명점 2025<br/>타베로그 4.19 · 리뷰 2351<br/>시부야구 · 渋谷駅<br/><a href="https://tabelog.com/tokyo/A1303/A130301/13001794/">타베로그</a>]]></description>
<Point><coordinates>139.697338,35.662587,0</coordinates></Point></Placemark>
<Placemark><name>代官山 焼肉かねこ</name>
<description><![CDATA[야키니쿠 백명점 2025<br/>타베로그 3.67 · 리뷰 369<br/>시부야구 · 代官山駅<br/><a href="https://tabelog.com/tokyo/A1303/A130303/13178613/">타베로그</a>]]></description>
<Point><coordinates>139.699022,35.64972,0</coordinates></Point></Placemark>
<Placemark><name>正泰苑 総本店</name>
<description><![CDATA[야키니쿠 백명점 2025<br/>타베로그 3.66 · 리뷰 847<br/>아라카와구 · 荒川七丁目駅<br/><a href="https://tabelog.com/tokyo/A1324/A132401/13003776/">타베로그</a>]]></description>
<Point><coordinates>139.78507,35.747726,0</coordinates></Point></Placemark>
<Placemark><name>高円寺 焼肉ここち 本店</name>
<description><![CDATA[야키니쿠 백명점 2025<br/>타베로그 4.15 · 리뷰 434<br/>스기나미구 · 高円寺駅<br/><a href="https://tabelog.com/tokyo/A1319/A131904/13301288/">타베로그</a>]]></description>
<Point><coordinates>139.651524,35.707111,0</coordinates></Point></Placemark>
<Placemark><name>在市 月島本店</name>
<description><![CDATA[야키니쿠 백명점 2025<br/>타베로그 3.74 · 리뷰 1469<br/>주오구 · 月島駅<br/><a href="https://tabelog.com/tokyo/A1313/A131302/13095398/">타베로그</a>]]></description>
<Point><coordinates>139.782988,35.662284,0</coordinates></Point></Placemark>
<Placemark><name>誇味山</name>
<description><![CDATA[야키니쿠 백명점 2025<br/>타베로그 3.65 · 리뷰 298<br/>미나토구 · 乃木坂駅<br/><a href="https://tabelog.com/tokyo/A1307/A130701/13230924/">타베로그</a>]]></description>
<Point><coordinates>139.722681,35.661668,0</coordinates></Point></Placemark>
<Placemark><name>焼肉 うしの絵</name>
<description><![CDATA[야키니쿠 백명점 2025<br/>타베로그 3.94 · 리뷰 239<br/>町田구 · 町田駅<br/><a href="https://tabelog.com/tokyo/A1327/A132701/13202074/">타베로그</a>]]></description>
<Point><coordinates>139.447019,35.546557,0</coordinates></Point></Placemark>
<Placemark><name>焼肉 ジャンボ 本郷店</name>
<description><![CDATA[야키니쿠 백명점 2025<br/>타베로그 4.06 · 리뷰 1407<br/>분쿄구 · 本郷三丁目駅<br/><a href="https://tabelog.com/tokyo/A1310/A131004/13110601/">타베로그</a>]]></description>
<Point><coordinates>139.762624,35.706695,0</coordinates></Point></Placemark>
<Placemark><name>焼肉ヒロミヤ 3号店</name>
<description><![CDATA[야키니쿠 백명점 2025<br/>타베로그 3.65 · 리뷰 522<br/>신주쿠구 · 曙橋駅<br/><a href="https://tabelog.com/tokyo/A1309/A130903/13201547/">타베로그</a>]]></description>
<Point><coordinates>139.720624,35.691981,0</coordinates></Point></Placemark>
<Placemark><name>うし松</name>
<description><![CDATA[야키니쿠 백명점 2025<br/>타베로그 3.86 · 리뷰 1210<br/>미나토구 · 広尾駅<br/><a href="https://tabelog.com/tokyo/A1307/A130703/13242515/">타베로그</a>]]></description>
<Point><coordinates>139.724043,35.657059,0</coordinates></Point></Placemark>
<Placemark><name>焼肉うしごろ 表参道店</name>
<description><![CDATA[야키니쿠 백명점 2025<br/>타베로그 3.62 · 리뷰 1308<br/>미나토구 · 表参道駅<br/><a href="https://tabelog.com/tokyo/A1306/A130602/13252182/">타베로그</a>]]></description>
<Point><coordinates>139.709912,35.663187,0</coordinates></Point></Placemark>
<Placemark><name>焼肉 思食</name>
<description><![CDATA[야키니쿠 백명점 2025<br/>타베로그 3.8 · 리뷰 488<br/>미나토구 · 赤坂見附駅<br/><a href="https://tabelog.com/tokyo/A1308/A130801/13247485/">타베로그</a>]]></description>
<Point><coordinates>139.736407,35.675681,0</coordinates></Point></Placemark>
<Placemark><name>生粋</name>
<description><![CDATA[야키니쿠 백명점 2025<br/>타베로그 3.71 · 리뷰 2423<br/>지요다구 · 末広町駅<br/><a href="https://tabelog.com/tokyo/A1311/A131101/13165294/">타베로그</a>]]></description>
<Point><coordinates>139.771534,35.703576,0</coordinates></Point></Placemark>
<Placemark><name>焼肉うしごろ 銀座並木通り店</name>
<description><![CDATA[야키니쿠 백명점 2025<br/>타베로그 3.68 · 리뷰 1850<br/>주오구 · 銀座駅<br/><a href="https://tabelog.com/tokyo/A1301/A130101/13226719/">타베로그</a>]]></description>
<Point><coordinates>139.762776,35.671377,0</coordinates></Point></Placemark>
<Placemark><name>江戸焼肉</name>
<description><![CDATA[야키니쿠 백명점 2025<br/>타베로그 4.07 · 리뷰 187<br/>주오구 · 銀座駅<br/><a href="https://tabelog.com/tokyo/A1301/A130101/13270037/">타베로그</a>]]></description>
<Point><coordinates>139.762496,35.67096,0</coordinates></Point></Placemark>
<Placemark><name>USHIGORO S. SHINJUKU</name>
<description><![CDATA[야키니쿠 백명점 2025<br/>타베로그 3.77 · 리뷰 485<br/>신주쿠구 · 新宿三丁目駅<br/><a href="https://tabelog.com/tokyo/A1304/A130401/13268688/">타베로그</a>]]></description>
<Point><coordinates>139.702777,35.692123,0</coordinates></Point></Placemark>
<Placemark><name>うら松</name>
<description><![CDATA[야키니쿠 백명점 2025<br/>타베로그 4.3 · 리뷰 114<br/>미나토구 · 広尾駅<br/><a href="https://tabelog.com/tokyo/A1307/A130703/13297307/">타베로그</a>]]></description>
<Point><coordinates>139.724042,35.657059,0</coordinates></Point></Placemark>
<Placemark><name>蕃 YORONIKU</name>
<description><![CDATA[야키니쿠 백명점 2025<br/>타베로그 4.24 · 리뷰 1972<br/>시부야구 · 恵比寿駅<br/><a href="https://tabelog.com/tokyo/A1303/A130302/13211927/">타베로그</a>]]></description>
<Point><coordinates>139.711815,35.646366,0</coordinates></Point></Placemark>
<Placemark><name>炭火焼肉ホルモン まるは</name>
<description><![CDATA[야키니쿠 백명점 2025<br/>타베로그 3.69 · 리뷰 637<br/>시나가와구 · 五反田駅<br/><a href="https://tabelog.com/tokyo/A1316/A131603/13210437/">타베로그</a>]]></description>
<Point><coordinates>139.725432,35.626708,0</coordinates></Point></Placemark>
<Placemark><name>三宿トラジ</name>
<description><![CDATA[야키니쿠 백명점 2025<br/>타베로그 3.73 · 리뷰 637<br/>메구로구 · 祐天寺駅<br/><a href="https://tabelog.com/tokyo/A1317/A131701/13004517/">타베로그</a>]]></description>
<Point><coordinates>139.691164,35.636863,0</coordinates></Point></Placemark>
<Placemark><name>ビーフキッチン 中目黒本店</name>
<description><![CDATA[야키니쿠 백명점 2025<br/>타베로그 3.61 · 리뷰 1936<br/>메구로구 · 中目黒駅<br/><a href="https://tabelog.com/tokyo/A1317/A131701/13054178/">타베로그</a>]]></description>
<Point><coordinates>139.696336,35.641355,0</coordinates></Point></Placemark>
<Placemark><name>焼肉 銀座コバウ 特別室</name>
<description><![CDATA[야키니쿠 백명점 2025<br/>타베로그 3.73 · 리뷰 1056<br/>주오구 · 銀座駅<br/><a href="https://tabelog.com/tokyo/A1301/A130101/13005008/">타베로그</a>]]></description>
<Point><coordinates>139.762681,35.670474,0</coordinates></Point></Placemark>
<Placemark><name>本とさや</name>
<description><![CDATA[야키니쿠 백명점 2025<br/>타베로그 3.72 · 리뷰 2189<br/>다이토구 · 浅草（つくばＥＸＰ）駅<br/><a href="https://tabelog.com/tokyo/A1311/A131102/13003711/">타베로그</a>]]></description>
<Point><coordinates>139.792017,35.71438,0</coordinates></Point></Placemark>
<Placemark><name>鯉登り</name>
<description><![CDATA[야키니쿠 백명점 2025<br/>타베로그 3.88 · 리뷰 113<br/>신주쿠구 · 大久保駅<br/><a href="https://tabelog.com/tokyo/A1304/A130404/13024080/">타베로그</a>]]></description>
<Point><coordinates>139.694988,35.703819,0</coordinates></Point></Placemark>
<Placemark><name>焼肉あきら</name>
<description><![CDATA[야키니쿠 백명점 2025<br/>타베로그 3.65 · 리뷰 1116<br/>분쿄구 · 水道橋駅<br/><a href="https://tabelog.com/tokyo/A1310/A131003/13251014/">타베로그</a>]]></description>
<Point><coordinates>139.75767,35.704169,0</coordinates></Point></Placemark>
<Placemark><name>焼肉問屋 牛蔵</name>
<description><![CDATA[야키니쿠 백명점 2025<br/>타베로그 3.65 · 리뷰 1743<br/>네리마구 · 富士見台駅<br/><a href="https://tabelog.com/tokyo/A1321/A132102/13008910/">타베로그</a>]]></description>
<Point><coordinates>139.629003,35.736043,0</coordinates></Point></Placemark>
<Placemark><name>大幸園 小宮本店</name>
<description><![CDATA[야키니쿠 백명점 2025<br/>타베로그 3.64 · 리뷰 531<br/>八王子구 · 小宮駅<br/><a href="https://tabelog.com/tokyo/A1329/A132904/13107594/">타베로그</a>]]></description>
<Point><coordinates>139.372911,35.68745,0</coordinates></Point></Placemark>
<Placemark><name>焼肉しみず</name>
<description><![CDATA[야키니쿠 백명점 2025<br/>타베로그 3.76 · 리뷰 1031<br/>시나가와구 · 不動前駅<br/><a href="https://tabelog.com/tokyo/A1317/A131710/13096548/">타베로그</a>]]></description>
<Point><coordinates>139.712888,35.625979,0</coordinates></Point></Placemark>
<Placemark><name>銀座 ちかみつ</name>
<description><![CDATA[야키니쿠 백명점 2025<br/>타베로그 3.58 · 리뷰 453<br/>주오구 · 東銀座駅<br/><a href="https://tabelog.com/tokyo/A1301/A130101/13247552/">타베로그</a>]]></description>
<Point><coordinates>139.76473,35.668186,0</coordinates></Point></Placemark>
<Placemark><name>初代吉田</name>
<description><![CDATA[야키니쿠 백명점 2025<br/>타베로그 3.65 · 리뷰 1185<br/>고토구 · 亀戸駅<br/><a href="https://tabelog.com/tokyo/A1312/A131202/13059640/">타베로그</a>]]></description>
<Point><coordinates>139.826178,35.699496,0</coordinates></Point></Placemark>
<Placemark><name>赤坂 みすじ</name>
<description><![CDATA[야키니쿠 백명점 2025<br/>타베로그 3.68 · 리뷰 1347<br/>미나토구 · 赤坂見附駅<br/><a href="https://tabelog.com/tokyo/A1308/A130801/13114946/">타베로그</a>]]></description>
<Point><coordinates>139.737003,35.674706,0</coordinates></Point></Placemark>
<Placemark><name>赤坂大関 本店</name>
<description><![CDATA[야키니쿠 백명점 2025<br/>타베로그 3.67 · 리뷰 921<br/>미나토구 · 赤坂見附駅<br/><a href="https://tabelog.com/tokyo/A1308/A130801/13015197/">타베로그</a>]]></description>
<Point><coordinates>139.736333,35.675474,0</coordinates></Point></Placemark>
<Placemark><name>銀座 ちかみつ 六丁目</name>
<description><![CDATA[야키니쿠 백명점 2025<br/>타베로그 3.7 · 리뷰 917<br/>주오구 · 東銀座駅<br/><a href="https://tabelog.com/tokyo/A1301/A130101/13259532/">타베로그</a>]]></description>
<Point><coordinates>139.764586,35.668847,0</coordinates></Point></Placemark>
<Placemark><name>焼肉ヒロミヤ 新本店</name>
<description><![CDATA[야키니쿠 백명점 2025<br/>타베로그 3.64 · 리뷰 207<br/>신주쿠구 · 四谷三丁目駅<br/><a href="https://tabelog.com/tokyo/A1309/A130903/13279918/">타베로그</a>]]></description>
<Point><coordinates>139.716507,35.691163,0</coordinates></Point></Placemark>
<Placemark><name>焼肉 ジャンボ はなれ</name>
<description><![CDATA[야키니쿠 백명점 2025<br/>타베로그 4.32 · 리뷰 1606<br/>분쿄구 · 本郷三丁目駅<br/><a href="https://tabelog.com/tokyo/A1310/A131004/13160962/">타베로그</a>]]></description>
<Point><coordinates>139.762437,35.706621,0</coordinates></Point></Placemark>
<Placemark><name>焼肉ホルモン金樹 はなれ</name>
<description><![CDATA[야키니쿠 백명점 2025<br/>타베로그 3.65 · 리뷰 483<br/>미나토구 · 赤坂駅<br/><a href="https://tabelog.com/tokyo/A1308/A130801/13285255/">타베로그</a>]]></description>
<Point><coordinates>139.738216,35.672179,0</coordinates></Point></Placemark>
<Placemark><name>焼肉うしごろ 新宿三丁目店</name>
<description><![CDATA[야키니쿠 백명점 2025<br/>타베로그 3.67 · 리뷰 1485<br/>신주쿠구 · 新宿三丁目駅<br/><a href="https://tabelog.com/tokyo/A1304/A130401/13258565/">타베로그</a>]]></description>
<Point><coordinates>139.702757,35.692126,0</coordinates></Point></Placemark>
<Placemark><name>ホルモン人生タロちゃん</name>
<description><![CDATA[야키니쿠 백명점 2025<br/>타베로그 3.72 · 리뷰 803<br/>나카노구 · 中野駅<br/><a href="https://tabelog.com/tokyo/A1319/A131902/13264580/">타베로그</a>]]></description>
<Point><coordinates>139.66669,35.707094,0</coordinates></Point></Placemark>
<Placemark><name>焼肉 静龍苑</name>
<description><![CDATA[야키니쿠 백명점 2025<br/>타베로그 4.32 · 리뷰 2006<br/>고토구 · 清澄白河駅<br/><a href="https://tabelog.com/tokyo/A1313/A131303/13237978/">타베로그</a>]]></description>
<Point><coordinates>139.798341,35.684286,0</coordinates></Point></Placemark>
<Placemark><name>八面六秘</name>
<description><![CDATA[야키니쿠 백명점 2025<br/>타베로그 3.62 · 리뷰 386<br/>미나토구 · 赤坂駅<br/><a href="https://tabelog.com/tokyo/A1308/A130801/13287824/">타베로그</a>]]></description>
<Point><coordinates>139.73524,35.673957,0</coordinates></Point></Placemark>
<Placemark><name>游玄亭 新宿</name>
<description><![CDATA[야키니쿠 백명점 2025<br/>타베로그 3.7 · 리뷰 972<br/>신주쿠구 · 西武新宿駅<br/><a href="https://tabelog.com/tokyo/A1304/A130401/13004152/">타베로그</a>]]></description>
<Point><coordinates>139.70317,35.695181,0</coordinates></Point></Placemark>
<Placemark><name>炭火焼肉 ふちおか</name>
<description><![CDATA[야키니쿠 백명점 2025<br/>타베로그 3.65 · 리뷰 702<br/>세타가야구 · 経堂駅<br/><a href="https://tabelog.com/tokyo/A1318/A131813/13208137/">타베로그</a>]]></description>
<Point><coordinates>139.636151,35.64831,0</coordinates></Point></Placemark>
<Placemark><name>銀座 王十里</name>
<description><![CDATA[야키니쿠 백명점 2025<br/>타베로그 3.7 · 리뷰 918<br/>주오구 · 東銀座駅<br/><a href="https://tabelog.com/tokyo/A1301/A130101/13002283/">타베로그</a>]]></description>
<Point><coordinates>139.766618,35.67082,0</coordinates></Point></Placemark>
<Placemark><name>SATOブリアン にごう</name>
<description><![CDATA[야키니쿠 백명점 2025<br/>타베로그 3.89 · 리뷰 1098<br/>스기나미구 · 阿佐ケ谷駅<br/><a href="https://tabelog.com/tokyo/A1319/A131905/13159782/">타베로그</a>]]></description>
<Point><coordinates>139.637684,35.704825,0</coordinates></Point></Placemark>
<Placemark><name>山田屋 日暮里店</name>
<description><![CDATA[야키니쿠 백명점 2025<br/>타베로그 3.63 · 리뷰 611<br/>아라카와구 · 日暮里駅<br/><a href="https://tabelog.com/tokyo/A1311/A131105/13091831/">타베로그</a>]]></description>
<Point><coordinates>139.771517,35.729396,0</coordinates></Point></Placemark>
<Placemark><name>焼肉 ジャンボ 白金</name>
<description><![CDATA[야키니쿠 백명점 2025<br/>타베로그 3.73 · 리뷰 1600<br/>미나토구 · 白金高輪駅<br/><a href="https://tabelog.com/tokyo/A1316/A131602/13026377/">타베로그</a>]]></description>
<Point><coordinates>139.73142,35.646999,0</coordinates></Point></Placemark>
<Placemark><name>きらく亭</name>
<description><![CDATA[야키니쿠 백명점 2025<br/>타베로그 3.74 · 리뷰 984<br/>미나토구 · 広尾駅<br/><a href="https://tabelog.com/tokyo/A1307/A130703/13007145/">타베로그</a>]]></description>
<Point><coordinates>139.7277,35.646965,0</coordinates></Point></Placemark>
<Placemark><name>スタミナ苑</name>
<description><![CDATA[야키니쿠 백명점 2025<br/>타베로그 4.28 · 리뷰 2714<br/>아다치구 · 足立区<br/><a href="https://tabelog.com/tokyo/A1323/A132305/13003777/">타베로그</a>]]></description>
<Point><coordinates>139.752409,35.779935,0</coordinates></Point></Placemark>
<Placemark><name>志村 徳寿園</name>
<description><![CDATA[야키니쿠 백명점 2025<br/>타베로그 3.79 · 리뷰 349<br/>이타바시구 · 志村坂上駅<br/><a href="https://tabelog.com/tokyo/A1322/A132205/13043209/">타베로그</a>]]></description>
<Point><coordinates>139.691973,35.776523,0</coordinates></Point></Placemark>
<Placemark><name>Hodori 用賀店</name>
<description><![CDATA[야키니쿠 백명점 2025<br/>타베로그 3.71 · 리뷰 431<br/>세타가야구 · 用賀駅<br/><a href="https://tabelog.com/tokyo/A1317/A131707/13098101/">타베로그</a>]]></description>
<Point><coordinates>139.637336,35.624789,0</coordinates></Point></Placemark>
<Placemark><name>Nose to Tail</name>
<description><![CDATA[야키니쿠 백명점 2025<br/>타베로그 3.74 · 리뷰 300<br/>신주쿠구 · 飯田橋駅<br/><a href="https://tabelog.com/tokyo/A1309/A130905/13265713/">타베로그</a>]]></description>
<Point><coordinates>139.740293,35.701509,0</coordinates></Point></Placemark>
<Placemark><name>よろにく</name>
<description><![CDATA[야키니쿠 백명점 2025<br/>타베로그 3.8 · 리뷰 3040<br/>미나토구 · 表参道駅<br/><a href="https://tabelog.com/tokyo/A1306/A130602/13042979/">타베로그</a>]]></description>
<Point><coordinates>139.717574,35.660255,0</coordinates></Point></Placemark>
<Placemark><name>YORONIKU TOKYO AZABUDAIHILLS</name>
<description><![CDATA[야키니쿠 백명점 2025<br/>타베로그 4.34 · 리뷰 323<br/>미나토구 · 六本木一丁目駅<br/><a href="https://tabelog.com/tokyo/A1307/A130701/13291424/">타베로그</a>]]></description>
<Point><coordinates>139.740792,35.661165,0</coordinates></Point></Placemark>
<Placemark><name>焼肉幸泉</name>
<description><![CDATA[야키니쿠 백명점 2025<br/>타베로그 4.38 · 리뷰 629<br/>가쓰시카구 · 京成立石駅<br/><a href="https://tabelog.com/tokyo/A1324/A132403/13133997/">타베로그</a>]]></description>
<Point><coordinates>139.848809,35.738165,0</coordinates></Point></Placemark>
<Placemark><name>炭火焼肉 なかはら</name>
<description><![CDATA[야키니쿠 백명점 2025<br/>타베로그 3.88 · 리뷰 765<br/>지요다구 · 市ケ谷駅<br/><a href="https://tabelog.com/tokyo/A1309/A130904/13175110/">타베로그</a>]]></description>
<Point><coordinates>139.735256,35.689177,0</coordinates></Point></Placemark>
<Placemark><name>ホルモン焼 婁熊東京</name>
<description><![CDATA[야키니쿠 백명점 2025<br/>타베로그 3.7 · 리뷰 629<br/>시부야구 · 代官山駅<br/><a href="https://tabelog.com/tokyo/A1303/A130302/13132685/">타베로그</a>]]></description>
<Point><coordinates>139.70796,35.650063,0</coordinates></Point></Placemark>
<Placemark><name>焼肉くにもと 本店</name>
<description><![CDATA[야키니쿠 백명점 2025<br/>타베로그 3.7 · 리뷰 442<br/>미나토구 · 浜松町駅<br/><a href="https://tabelog.com/tokyo/A1314/A131401/13007842/">타베로그</a>]]></description>
<Point><coordinates>139.755144,35.653578,0</coordinates></Point></Placemark>
<Placemark><name>焼肉赤身にくがとう 人形町本店</name>
<description><![CDATA[야키니쿠 백명점 2025<br/>타베로그 3.6 · 리뷰 866<br/>주오구 · 人形町駅<br/><a href="https://tabelog.com/tokyo/A1302/A130204/13168436/">타베로그</a>]]></description>
<Point><coordinates>139.779834,35.687151,0</coordinates></Point></Placemark>
<Placemark><name>広尾 焼肉 暴飲暴食</name>
<description><![CDATA[야키니쿠 백명점 2025<br/>타베로그 3.59 · 리뷰 590<br/>시부야구 · 広尾駅<br/><a href="https://tabelog.com/tokyo/A1307/A130703/13281284/">타베로그</a>]]></description>
<Point><coordinates>139.720843,35.649486,0</coordinates></Point></Placemark>
<Placemark><name>高円寺 焼肉ここち 市場店</name>
<description><![CDATA[야키니쿠 백명점 2025<br/>타베로그 3.78 · 리뷰 621<br/>스기나미구 · 高円寺駅<br/><a href="https://tabelog.com/tokyo/A1319/A131904/13284595/">타베로그</a>]]></description>
<Point><coordinates>139.649183,35.706072,0</coordinates></Point></Placemark>
<Placemark><name>The INNOCENT CARVERY</name>
<description><![CDATA[야키니쿠 백명점 2025<br/>타베로그 3.96 · 리뷰 948<br/>미나토구 · 乃木坂駅<br/><a href="https://tabelog.com/tokyo/A1307/A130701/13189539/">타베로그</a>]]></description>
<Point><coordinates>139.723751,35.661944,0</coordinates></Point></Placemark>
<Placemark><name>焼肉うしごろ 銀座店</name>
<description><![CDATA[야키니쿠 백명점 2025<br/>타베로그 3.69 · 리뷰 1031<br/>주오구 · 銀座一丁目駅<br/><a href="https://tabelog.com/tokyo/A1301/A130101/13263391/">타베로그</a>]]></description>
<Point><coordinates>139.768732,35.674367,0</coordinates></Point></Placemark>
<Placemark><name>にくがとう 六本木ヒルズ店</name>
<description><![CDATA[야키니쿠 백명점 2025<br/>타베로그 3.6 · 리뷰 576<br/>미나토구 · 六本木駅<br/><a href="https://tabelog.com/tokyo/A1307/A130701/13226179/">타베로그</a>]]></description>
<Point><coordinates>139.72916,35.660762,0</coordinates></Point></Placemark>
<Placemark><name>ホルモン コウ</name>
<description><![CDATA[야키니쿠 백명점 2025<br/>타베로그 3.69 · 리뷰 687<br/>스기나미구 · 荻窪駅<br/><a href="https://tabelog.com/tokyo/A1319/A131906/13275863/">타베로그</a>]]></description>
<Point><coordinates>139.620333,35.705016,0</coordinates></Point></Placemark>
<Placemark><name>焼肉 ジャンボ 篠崎本店</name>
<description><![CDATA[야키니쿠 백명점 2025<br/>타베로그 3.76 · 리뷰 1025<br/>에도가와구 · 江戸川区<br/><a href="https://tabelog.com/tokyo/A1312/A131205/13003075/">타베로그</a>]]></description>
<Point><coordinates>139.911897,35.698537,0</coordinates></Point></Placemark>
<Placemark><name>焼肉 矢澤 東京</name>
<description><![CDATA[야키니쿠 백명점 2025<br/>타베로그 3.66 · 리뷰 578<br/>주오구 · 日本橋駅<br/><a href="https://tabelog.com/tokyo/A1302/A130202/13168322/">타베로그</a>]]></description>
<Point><coordinates>139.771147,35.681724,0</coordinates></Point></Placemark>
<Placemark><name>焼肉 凛</name>
<description><![CDATA[야키니쿠 백명점 2025<br/>타베로그 3.69 · 리뷰 662<br/>주오구 · 月島駅<br/><a href="https://tabelog.com/tokyo/A1313/A131302/13002240/">타베로그</a>]]></description>
<Point><coordinates>139.782509,35.663267,0</coordinates></Point></Placemark>
<Placemark><name>銀座 山科</name>
<description><![CDATA[야키니쿠 백명점 2025<br/>타베로그 3.69 · 리뷰 1505<br/>주오구 · 銀座駅<br/><a href="https://tabelog.com/tokyo/A1301/A130101/13240197/">타베로그</a>]]></description>
<Point><coordinates>139.761982,35.671611,0</coordinates></Point></Placemark>
<Placemark><name>うしごろ 貫 恵比寿本店</name>
<description><![CDATA[야키니쿠 백명점 2025<br/>타베로그 3.66 · 리뷰 1207<br/>시부야구 · 恵比寿駅<br/><a href="https://tabelog.com/tokyo/A1303/A130302/13160330/">타베로그</a>]]></description>
<Point><coordinates>139.709356,35.64625,0</coordinates></Point></Placemark>
<Placemark><name>赤坂 らいもん</name>
<description><![CDATA[야키니쿠 백명점 2025<br/>타베로그 4.53 · 리뷰 584<br/>미나토구 · 赤坂見附駅<br/><a href="https://tabelog.com/tokyo/A1308/A130801/13224635/">타베로그</a>]]></description>
<Point><coordinates>139.736253,35.676878,0</coordinates></Point></Placemark>
<Placemark><name>焼肉 鶯谷園</name>
<description><![CDATA[야키니쿠 백명점 2025<br/>타베로그 3.82 · 리뷰 3897<br/>다이토구 · 鶯谷駅<br/><a href="https://tabelog.com/tokyo/A1311/A131104/13012243/">타베로그</a>]]></description>
<Point><coordinates>139.779352,35.722363,0</coordinates></Point></Placemark>
<Placemark><name>お肉屋 けいすけ 三男坊</name>
<description><![CDATA[야키니쿠 백명점 2025<br/>타베로그 3.63 · 리뷰 438<br/>시부야구 · 広尾駅<br/><a href="https://tabelog.com/tokyo/A1307/A130703/13196643/">타베로그</a>]]></description>
<Point><coordinates>139.720308,35.650232,0</coordinates></Point></Placemark>
<Placemark><name>楽酔苑</name>
<description><![CDATA[야키니쿠 백명점 2025<br/>타베로그 3.65 · 리뷰 127<br/>네리마구 · 地下鉄赤塚駅<br/><a href="https://tabelog.com/tokyo/A1322/A132204/13193192/">타베로그</a>]]></description>
<Point><coordinates>139.644688,35.768532,0</coordinates></Point></Placemark>
<Placemark><name>高麗亭</name>
<description><![CDATA[야키니쿠 백명점 2025<br/>타베로그 3.67 · 리뷰 395<br/>시부야구 · 渋谷駅<br/><a href="https://tabelog.com/tokyo/A1303/A130301/13013023/">타베로그</a>]]></description>
<Point><coordinates>139.705645,35.659402,0</coordinates></Point></Placemark>
<Placemark><name>焼肉くにもと 新館</name>
<description><![CDATA[야키니쿠 백명점 2025<br/>타베로그 3.66 · 리뷰 565<br/>미나토구 · 浜松町駅<br/><a href="https://tabelog.com/tokyo/A1314/A131401/13035852/">타베로그</a>]]></description>
<Point><coordinates>139.755693,35.654003,0</coordinates></Point></Placemark>
<Placemark><name>焼肉うしごろ 西麻布本店</name>
<description><![CDATA[야키니쿠 백명점 2025<br/>타베로그 3.63 · 리뷰 1366<br/>미나토구 · 乃木坂駅<br/><a href="https://tabelog.com/tokyo/A1307/A130701/13124592/">타베로그</a>]]></description>
<Point><coordinates>139.72253,35.660074,0</coordinates></Point></Placemark>
<Placemark><name>サトブリDA</name>
<description><![CDATA[야키니쿠 백명점 2025<br/>타베로그 3.73 · 리뷰 161<br/>스기나미구 · 阿佐ケ谷駅<br/><a href="https://tabelog.com/tokyo/A1319/A131905/13216529/">타베로그</a>]]></description>
<Point><coordinates>139.634625,35.704746,0</coordinates></Point></Placemark>
<Placemark><name>游玄亭 西麻布本館</name>
<description><![CDATA[야키니쿠 백명점 2025<br/>타베로그 3.7 · 리뷰 746<br/>미나토구 · 広尾駅<br/><a href="https://tabelog.com/tokyo/A1307/A130701/13003488/">타베로그</a>]]></description>
<Point><coordinates>139.723742,35.659325,0</coordinates></Point></Placemark>
<Placemark><name>東京園</name>
<description><![CDATA[야키니쿠 백명점 2025<br/>타베로그 3.88 · 리뷰 467<br/>주오구 · 東銀座駅<br/><a href="https://tabelog.com/tokyo/A1301/A130101/13002566/">타베로그</a>]]></description>
<Point><coordinates>139.765515,35.670308,0</coordinates></Point></Placemark>
<Placemark><name>焼肉冷麺だいじゅ</name>
<description><![CDATA[야키니쿠 백명점 2025<br/>타베로그 3.64 · 리뷰 1041<br/>도시마구 · 大塚駅<br/><a href="https://tabelog.com/tokyo/A1323/A132302/13245971/">타베로그</a>]]></description>
<Point><coordinates>139.727898,35.732497,0</coordinates></Point></Placemark>
<Placemark><name>西麻布 焼肉 X</name>
<description><![CDATA[야키니쿠 백명점 2025<br/>타베로그 3.81 · 리뷰 631<br/>미나토구 · 乃木坂駅<br/><a href="https://tabelog.com/tokyo/A1307/A130701/13233427/">타베로그</a>]]></description>
<Point><coordinates>139.726185,35.662271,0</coordinates></Point></Placemark>
<Placemark><name>SATOブリアン さんごう</name>
<description><![CDATA[야키니쿠 백명점 2025<br/>타베로그 3.88 · 리뷰 296<br/>스기나미구 · 阿佐ケ谷駅<br/><a href="https://tabelog.com/tokyo/A1319/A131905/13223460/">타베로그</a>]]></description>
<Point><coordinates>139.635575,35.708936,0</coordinates></Point></Placemark>
<Placemark><name>炭焼 金竜山</name>
<description><![CDATA[야키니쿠 백명점 2025<br/>타베로그 4.33 · 리뷰 1173<br/>미나토구 · 白金高輪駅<br/><a href="https://tabelog.com/tokyo/A1316/A131602/13001625/">타베로그</a>]]></description>
<Point><coordinates>139.728313,35.645339,0</coordinates></Point></Placemark>
<Placemark><name>山田屋</name>
<description><![CDATA[야키니쿠 백명점 2025<br/>타베로그 3.71 · 리뷰 418<br/>아라카와구 · 三河島駅<br/><a href="https://tabelog.com/tokyo/A1311/A131104/13032374/">타베로그</a>]]></description>
<Point><coordinates>139.781331,35.731867,0</coordinates></Point></Placemark>
<Placemark><name>焼肉 冷麺 ユッチャン。</name>
<description><![CDATA[야키니쿠 백명점 2025<br/>타베로그 3.65 · 리뷰 2065<br/>미나토구 · 六本木駅<br/><a href="https://tabelog.com/tokyo/A1307/A130701/13230170/">타베로그</a>]]></description>
<Point><coordinates>139.728288,35.662775,0</coordinates></Point></Placemark>
<Placemark><name>SATOブリアン七番</name>
<description><![CDATA[야키니쿠 백명점 2025<br/>타베로그 3.86 · 리뷰 93<br/>스기나미구 · 阿佐ケ谷駅<br/><a href="https://tabelog.com/tokyo/A1319/A131905/13267452/">타베로그</a>]]></description>
<Point><coordinates>139.633743,35.704942,0</coordinates></Point></Placemark>
<Placemark><name>正泰苑 芝大門店</name>
<description><![CDATA[야키니쿠 백명점 2025<br/>타베로그 3.67 · 리뷰 1623<br/>미나토구 · 大門駅<br/><a href="https://tabelog.com/tokyo/A1314/A131401/13005213/">타베로그</a>]]></description>
<Point><coordinates>139.753752,35.658033,0</coordinates></Point></Placemark>
<Placemark><name>USHIGORO S. GINZA</name>
<description><![CDATA[야키니쿠 백명점 2025<br/>타베로그 3.94 · 리뷰 935<br/>주오구 · 銀座駅<br/><a href="https://tabelog.com/tokyo/A1301/A130101/13222093/">타베로그</a>]]></description>
<Point><coordinates>139.762031,35.66932,0</coordinates></Point></Placemark>
<Placemark><name>ホルモンまさる</name>
<description><![CDATA[야키니쿠 백명점 2025<br/>타베로그 3.7 · 리뷰 2074<br/>미나토구 · 三田駅<br/><a href="https://tabelog.com/tokyo/A1314/A131402/13150755/">타베로그</a>]]></description>
<Point><coordinates>139.746668,35.648109,0</coordinates></Point></Placemark>
<Placemark><name>焼肉・光陽</name>
<description><![CDATA[야키니쿠 백명점 2025<br/>타베로그 3.71 · 리뷰 633<br/>시나가와구 · 大崎駅<br/><a href="https://tabelog.com/tokyo/A1316/A131604/13020181/">타베로그</a>]]></description>
<Point><coordinates>139.727162,35.620234,0</coordinates></Point></Placemark>
<Placemark><name>焼肉 燈花</name>
<description><![CDATA[야키니쿠 백명점 2025<br/>타베로그 3.62 · 리뷰 583<br/>주오구 · 人形町駅<br/><a href="https://tabelog.com/tokyo/A1302/A130204/13279087/">타베로그</a>]]></description>
<Point><coordinates>139.784084,35.686334,0</coordinates></Point></Placemark>
<Placemark><name>ビーフキッチン 恵比寿店</name>
<description><![CDATA[야키니쿠 백명점 2025<br/>타베로그 3.59 · 리뷰 1687<br/>시부야구 · 恵比寿駅<br/><a href="https://tabelog.com/tokyo/A1303/A130302/13262681/">타베로그</a>]]></description>
<Point><coordinates>139.710324,35.645505,0</coordinates></Point></Placemark>
<Placemark><name>焼肉ホルモン 新井屋 渋谷</name>
<description><![CDATA[야키니쿠 백명점 2025<br/>타베로그 3.66 · 리뷰 928<br/>시부야구 · 神泉駅<br/><a href="https://tabelog.com/tokyo/A1303/A130301/13237382/">타베로그</a>]]></description>
<Point><coordinates>139.696311,35.659356,0</coordinates></Point></Placemark>
<Placemark><name>USHIGORO S. NISHIAZABU</name>
<description><![CDATA[야키니쿠 백명점 2025<br/>타베로그 3.84 · 리뷰 594<br/>미나토구 · 乃木坂駅<br/><a href="https://tabelog.com/tokyo/A1307/A130701/13209611/">타베로그</a>]]></description>
<Point><coordinates>139.722551,35.660066,0</coordinates></Point></Placemark>
<Placemark><name>神泉ホルモン 三百屋</name>
<description><![CDATA[야키니쿠 백명점 2025<br/>타베로그 3.65 · 리뷰 759<br/>시부야구 · 神泉駅<br/><a href="https://tabelog.com/tokyo/A1303/A130301/13024281/">타베로그</a>]]></description>
<Point><coordinates>139.692642,35.655797,0</coordinates></Point></Placemark>
<Placemark><name>SATOブリアン 本店</name>
<description><![CDATA[야키니쿠 백명점 2025<br/>타베로그 3.95 · 리뷰 1126<br/>스기나미구 · 阿佐ケ谷駅<br/><a href="https://tabelog.com/tokyo/A1319/A131905/13127046/">타베로그</a>]]></description>
<Point><coordinates>139.634245,35.704637,0</coordinates></Point></Placemark>
<Placemark><name>本牧亭。</name>
<description><![CDATA[야키니쿠 백명점 2025<br/>타베로그 3.64 · 리뷰 313<br/>오타구 · 長原駅<br/><a href="https://tabelog.com/tokyo/A1317/A131714/13010448/">타베로그</a>]]></description>
<Point><coordinates>139.697983,35.602025,0</coordinates></Point></Placemark>
<Placemark><name>焼肉 六甲園</name>
<description><![CDATA[야키니쿠 백명점 2025<br/>타베로그 3.72 · 리뷰 917<br/>세타가야구 · 池尻大橋駅<br/><a href="https://tabelog.com/tokyo/A1317/A131705/13252117/">타베로그</a>]]></description>
<Point><coordinates>139.678891,35.647461,0</coordinates></Point></Placemark>
<Placemark><name>とよ田</name>
<description><![CDATA[닭요리 백명점 2025<br/>타베로그 3.68 · 리뷰 237<br/>메구로구 · 自由が丘駅<br/><a href="https://tabelog.com/tokyo/A1317/A131703/13278985/">타베로그</a>]]></description>
<Point><coordinates>139.672264,35.608629,0</coordinates></Point></Placemark>
<Placemark><name>地土里</name>
<description><![CDATA[닭요리 백명점 2025<br/>타베로그 3.9 · 리뷰 91<br/>미나토구 · 六本木一丁目駅<br/><a href="https://tabelog.com/tokyo/A1307/A130701/13303122/">타베로그</a>]]></description>
<Point><coordinates>139.736257,35.663254,0</coordinates></Point></Placemark>
<Placemark><name>焼肉鳥ｇｇ</name>
<description><![CDATA[닭요리 백명점 2025<br/>타베로그 3.61 · 리뷰 399<br/>시부야구 · 恵比寿駅<br/><a href="https://tabelog.com/tokyo/A1303/A130302/13195809/">타베로그</a>]]></description>
<Point><coordinates>139.708,35.646098,0</coordinates></Point></Placemark>
<Placemark><name>鷹匠壽</name>
<description><![CDATA[닭요리 백명점 2025<br/>타베로그 4.35 · 리뷰 202<br/>다이토구 · 浅草（東武・都営・メトロ）駅<br/><a href="https://tabelog.com/tokyo/A1311/A131102/13003661/">타베로그</a>]]></description>
<Point><coordinates>139.795068,35.710447,0</coordinates></Point></Placemark>
<Placemark><name>鳥樹 蒲田店</name>
<description><![CDATA[닭요리 백명점 2025<br/>타베로그 3.58 · 리뷰 576<br/>오타구 · 蒲田駅<br/><a href="https://tabelog.com/tokyo/A1315/A131503/13024227/">타베로그</a>]]></description>
<Point><coordinates>139.718332,35.562478,0</coordinates></Point></Placemark>
<Placemark><name>軍鶏丸</name>
<description><![CDATA[닭요리 백명점 2025<br/>타베로그 3.59 · 리뷰 299<br/>시부야구 · 恵比寿駅<br/><a href="https://tabelog.com/tokyo/A1303/A130302/13003326/">타베로그</a>]]></description>
<Point><coordinates>139.70739,35.645362,0</coordinates></Point></Placemark>
<Placemark><name>若鳥焼き もばら</name>
<description><![CDATA[닭요리 백명점 2025<br/>타베로그 3.63 · 리뷰 327<br/>시나가와구 · 大井町駅<br/><a href="https://tabelog.com/tokyo/A1315/A131501/13230305/">타베로그</a>]]></description>
<Point><coordinates>139.733656,35.605107,0</coordinates></Point></Placemark>
<Placemark><name>鳥料理 鳥勝</name>
<description><![CDATA[닭요리 백명점 2025<br/>타베로그 3.86 · 리뷰 110<br/>신주쿠구 · 曙橋駅<br/><a href="https://tabelog.com/tokyo/A1309/A130903/13193026/">타베로그</a>]]></description>
<Point><coordinates>139.724265,35.69171,0</coordinates></Point></Placemark>
<Placemark><name>とり料理ふじ</name>
<description><![CDATA[닭요리 백명점 2025<br/>타베로그 3.58 · 리뷰 416<br/>시나가와구 · 五反田駅<br/><a href="https://tabelog.com/tokyo/A1316/A131603/13155948/">타베로그</a>]]></description>
<Point><coordinates>139.720718,35.626005,0</coordinates></Point></Placemark>
<Placemark><name>鳥めし 鳥藤分店</name>
<description><![CDATA[닭요리 백명점 2025<br/>타베로그 3.54 · 리뷰 1338<br/>주오구 · 築地駅<br/><a href="https://tabelog.com/tokyo/A1313/A131301/13037973/">타베로그</a>]]></description>
<Point><coordinates>139.770421,35.666062,0</coordinates></Point></Placemark>
<Placemark><name>鶏焼き肉 囲</name>
<description><![CDATA[닭요리 백명점 2025<br/>타베로그 3.53 · 리뷰 346<br/>미나토구 · 乃木坂駅<br/><a href="https://tabelog.com/tokyo/A1307/A130701/13289352/">타베로그</a>]]></description>
<Point><coordinates>139.727802,35.664925,0</coordinates></Point></Placemark>
<Placemark><name>泰然</name>
<description><![CDATA[닭요리 백명점 2025<br/>타베로그 3.63 · 리뷰 357<br/>신주쿠구 · 新宿御苑前駅<br/><a href="https://tabelog.com/tokyo/A1304/A130402/13146085/">타베로그</a>]]></description>
<Point><coordinates>139.714353,35.689535,0</coordinates></Point></Placemark>
<Placemark><name>鳥めし 鳥藤 豊洲市場</name>
<description><![CDATA[닭요리 백명점 2025<br/>타베로그 3.66 · 리뷰 464<br/>고토구 · 市場前駅<br/><a href="https://tabelog.com/tokyo/A1313/A131307/13117868/">타베로그</a>]]></description>
<Point><coordinates>139.782486,35.644123,0</coordinates></Point></Placemark>
<Placemark><name>あひ鴨一品 鳥安</name>
<description><![CDATA[닭요리 백명점 2025<br/>타베로그 3.61 · 리뷰 151<br/>주오구 · 東日本橋駅<br/><a href="https://tabelog.com/tokyo/A1302/A130204/13003728/">타베로그</a>]]></description>
<Point><coordinates>139.787055,35.692824,0</coordinates></Point></Placemark>
<Placemark><name>庭つ鶏</name>
<description><![CDATA[닭요리 백명점 2025<br/>타베로그 3.65 · 리뷰 770<br/>시나가와구 · 五反田駅<br/><a href="https://tabelog.com/tokyo/A1316/A131603/13020732/">타베로그</a>]]></description>
<Point><coordinates>139.721391,35.626581,0</coordinates></Point></Placemark>
<Placemark><name>飛鳥くら田</name>
<description><![CDATA[닭요리 백명점 2025<br/>타베로그 3.99 · 리뷰 260<br/>지요다구 · 神田駅<br/><a href="https://tabelog.com/tokyo/A1310/A131002/13281891/">타베로그</a>]]></description>
<Point><coordinates>139.771178,35.690483,0</coordinates></Point></Placemark>
<Placemark><name>ひな鳥 そのだ</name>
<description><![CDATA[닭요리 백명점 2025<br/>타베로그 3.61 · 리뷰 305<br/>시나가와구 · 鮫洲駅<br/><a href="https://tabelog.com/tokyo/A1315/A131501/13137722/">타베로그</a>]]></description>
<Point><coordinates>139.740414,35.607145,0</coordinates></Point></Placemark>
<Placemark><name>水づき</name>
<description><![CDATA[닭요리 백명점 2025<br/>타베로그 4.14 · 리뷰 234<br/>미나토구 · 白金台駅<br/><a href="https://tabelog.com/tokyo/A1316/A131602/13303865/">타베로그</a>]]></description>
<Point><coordinates>139.721378,35.644301,0</coordinates></Point></Placemark>
<Placemark><name>とりなご 恵比寿店</name>
<description><![CDATA[닭요리 백명점 2025<br/>타베로그 3.62 · 리뷰 1168<br/>시부야구 · 恵比寿駅<br/><a href="https://tabelog.com/tokyo/A1303/A130302/13132380/">타베로그</a>]]></description>
<Point><coordinates>139.716953,35.645125,0</coordinates></Point></Placemark>
<Placemark><name>鳥つね自然洞</name>
<description><![CDATA[닭요리 백명점 2025<br/>타베로그 3.73 · 리뷰 1629<br/>지요다구 · 末広町駅<br/><a href="https://tabelog.com/tokyo/A1311/A131101/13005547/">타베로그</a>]]></description>
<Point><coordinates>139.772707,35.703987,0</coordinates></Point></Placemark>
<Placemark><name>鳥とみ</name>
<description><![CDATA[닭요리 백명점 2025<br/>타베로그 3.67 · 리뷰 153<br/>세타가야구 · 三軒茶屋駅<br/><a href="https://tabelog.com/tokyo/A1317/A131705/13228923/">타베로그</a>]]></description>
<Point><coordinates>139.679345,35.644953,0</coordinates></Point></Placemark>
<Placemark><name>一鳥目 とり松</name>
<description><![CDATA[닭요리 백명점 2025<br/>타베로그 3.65 · 리뷰 330<br/>미나토구 · 麻布十番駅<br/><a href="https://tabelog.com/tokyo/A1307/A130702/13289604/">타베로그</a>]]></description>
<Point><coordinates>139.734111,35.656806,0</coordinates></Point></Placemark>
<Placemark><name>Na Camo guro</name>
<description><![CDATA[닭요리 백명점 2025<br/>타베로그 3.6 · 리뷰 1455<br/>메구로구 · 中目黒駅<br/><a href="https://tabelog.com/tokyo/A1317/A131701/13188190/">타베로그</a>]]></description>
<Point><coordinates>139.699181,35.644722,0</coordinates></Point></Placemark>
<Placemark><name>鳥焼き 小花</name>
<description><![CDATA[닭요리 백명점 2025<br/>타베로그 3.75 · 리뷰 319<br/>시부야구 · 恵比寿駅<br/><a href="https://tabelog.com/tokyo/A1303/A130302/13265540/">타베로그</a>]]></description>
<Point><coordinates>139.71561,35.643746,0</coordinates></Point></Placemark>
<Placemark><name>鬼亭</name>
<description><![CDATA[닭요리 백명점 2025<br/>타베로그 3.6 · 리뷰 562<br/>시부야구 · 渋谷駅<br/><a href="https://tabelog.com/tokyo/A1303/A130301/13003491/">타베로그</a>]]></description>
<Point><coordinates>139.704373,35.660424,0</coordinates></Point></Placemark>
<Placemark><name>お好み焼き 福竹</name>
<description><![CDATA[오코노미야키 백명점 2025<br/>타베로그 3.68 · 리뷰 369<br/>오타구 · 蓮沼駅<br/><a href="https://tabelog.com/tokyo/A1317/A131714/13003312/">타베로그</a>]]></description>
<Point><coordinates>139.707065,35.564393,0</coordinates></Point></Placemark>
<Placemark><name>源亀</name>
<description><![CDATA[오코노미야키 백명점 2025<br/>타베로그 3.63 · 리뷰 409<br/>스미다구 · 錦糸町駅<br/><a href="https://tabelog.com/tokyo/A1312/A131201/13072955/">타베로그</a>]]></description>
<Point><coordinates>139.815702,35.69778,0</coordinates></Point></Placemark>
<Placemark><name>八昌</name>
<description><![CDATA[오코노미야키 백명점 2025<br/>타베로그 3.65 · 리뷰 566<br/>세타가야구 · 経堂駅<br/><a href="https://tabelog.com/tokyo/A1318/A131813/13013135/">타베로그</a>]]></description>
<Point><coordinates>139.637009,35.650525,0</coordinates></Point></Placemark>
<Placemark><name>USHIO</name>
<description><![CDATA[오코노미야키 백명점 2025<br/>타베로그 3.67 · 리뷰 515<br/>미나토구 · 六本木駅<br/><a href="https://tabelog.com/tokyo/A1307/A130701/13038559/">타베로그</a>]]></description>
<Point><coordinates>139.733113,35.663421,0</coordinates></Point></Placemark>
<Placemark><name>戸田亘のお好み焼 さんて寛</name>
<description><![CDATA[오코노미야키 백명점 2025<br/>타베로그 3.52 · 리뷰 1003<br/>미나토구 · 六本木一丁目駅<br/><a href="https://tabelog.com/tokyo/A1307/A130701/13163322/">타베로그</a>]]></description>
<Point><coordinates>139.73946,35.665597,0</coordinates></Point></Placemark>
<Placemark><name>お好み焼 きじ 品川店</name>
<description><![CDATA[오코노미야키 백명점 2025<br/>타베로그 3.55 · 리뷰 1851<br/>미나토구 · 品川駅<br/><a href="https://tabelog.com/tokyo/A1314/A131403/13120197/">타베로그</a>]]></description>
<Point><coordinates>139.744446,35.629051,0</coordinates></Point></Placemark>
<Placemark><name>浪花</name>
<description><![CDATA[오코노미야키 백명점 2025<br/>타베로그 3.6 · 리뷰 469<br/>네리마구 · 練馬駅<br/><a href="https://tabelog.com/tokyo/A1321/A132102/13008999/">타베로그</a>]]></description>
<Point><coordinates>139.65491,35.735663,0</coordinates></Point></Placemark>
<Placemark><name>お好み焼 きじ 丸の内店</name>
<description><![CDATA[오코노미야키 백명점 2025<br/>타베로그 3.65 · 리뷰 2585<br/>지요다구 · 東京駅<br/><a href="https://tabelog.com/tokyo/A1302/A130201/13020110/">타베로그</a>]]></description>
<Point><coordinates>139.765094,35.678452,0</coordinates></Point></Placemark>
<Placemark><name>お好み焼き いまり 恵比寿</name>
<description><![CDATA[오코노미야키 백명점 2025<br/>타베로그 3.7 · 리뷰 831<br/>시부야구 · 代官山駅<br/><a href="https://tabelog.com/tokyo/A1303/A130302/13155810/">타베로그</a>]]></description>
<Point><coordinates>139.7077,35.649882,0</coordinates></Point></Placemark>
<Placemark><name>広島お好み焼き おこたろう</name>
<description><![CDATA[오코노미야키 백명점 2025<br/>타베로그 3.57 · 리뷰 314<br/>가쓰시카구 · 亀有駅<br/><a href="https://tabelog.com/tokyo/A1324/A132403/13061247/">타베로그</a>]]></description>
<Point><coordinates>139.848847,35.765355,0</coordinates></Point></Placemark>
<Placemark><name>なんばん亭 下北沢店</name>
<description><![CDATA[오코노미야키 백명점 2025<br/>타베로그 3.59 · 리뷰 680<br/>세타가야구 · 下北沢駅<br/><a href="https://tabelog.com/tokyo/A1318/A131802/13037445/">타베로그</a>]]></description>
<Point><coordinates>139.667909,35.660758,0</coordinates></Point></Placemark>
<Placemark><name>美味ぇ津゛</name>
<description><![CDATA[이자카야 백명점 2025<br/>타베로그 3.64 · 리뷰 443<br/>미나토구 · 汐留駅<br/><a href="https://tabelog.com/tokyo/A1301/A130103/13159855/">타베로그</a>]]></description>
<Point><coordinates>139.757803,35.663875,0</coordinates></Point></Placemark>
<Placemark><name>鮨ト酒肴 富かわ</name>
<description><![CDATA[이자카야 백명점 2025<br/>타베로그 3.64 · 리뷰 393<br/>武蔵野구 · 吉祥寺駅<br/><a href="https://tabelog.com/tokyo/A1320/A132001/13297928/">타베로그</a>]]></description>
<Point><coordinates>139.577596,35.702536,0</coordinates></Point></Placemark>
<Placemark><name>酒肴 新屋敷</name>
<description><![CDATA[이자카야 백명점 2025<br/>타베로그 3.71 · 리뷰 587<br/>신주쿠구 · 西早稲田駅<br/><a href="https://tabelog.com/tokyo/A1305/A130503/13193868/">타베로그</a>]]></description>
<Point><coordinates>139.709537,35.711857,0</coordinates></Point></Placemark>
<Placemark><name>長生庵</name>
<description><![CDATA[이자카야 백명점 2025<br/>타베로그 3.57 · 리뷰 921<br/>주오구 · 築地駅<br/><a href="https://tabelog.com/tokyo/A1313/A131301/13024450/">타베로그</a>]]></description>
<Point><coordinates>139.771505,35.66531,0</coordinates></Point></Placemark>
<Placemark><name>菜香餃子房</name>
<description><![CDATA[이자카야 백명점 2025<br/>타베로그 3.65 · 리뷰 219<br/>아다치구 · 北千住駅<br/><a href="https://tabelog.com/tokyo/A1324/A132402/13158080/">타베로그</a>]]></description>
<Point><coordinates>139.803944,35.74785,0</coordinates></Point></Placemark>
<Placemark><name>かんだ光壽</name>
<description><![CDATA[이자카야 백명점 2025<br/>타베로그 3.67 · 리뷰 645<br/>지요다구 · 神田駅<br/><a href="https://tabelog.com/tokyo/A1310/A131002/13011272/">타베로그</a>]]></description>
<Point><coordinates>139.772175,35.693294,0</coordinates></Point></Placemark>
<Placemark><name>食堂とだか</name>
<description><![CDATA[이자카야 백명점 2025<br/>타베로그 3.9 · 리뷰 1105<br/>시나가와구 · 五反田駅<br/><a href="https://tabelog.com/tokyo/A1316/A131603/13187669/">타베로그</a>]]></description>
<Point><coordinates>139.724286,35.624883,0</coordinates></Point></Placemark>
<Placemark><name>高太郎</name>
<description><![CDATA[이자카야 백명점 2025<br/>타베로그 3.7 · 리뷰 554<br/>시부야구 · 渋谷駅<br/><a href="https://tabelog.com/tokyo/A1303/A130301/13123997/">타베로그</a>]]></description>
<Point><coordinates>139.699288,35.655566,0</coordinates></Point></Placemark>
<Placemark><name>陸蒸気</name>
<description><![CDATA[이자카야 백명점 2025<br/>타베로그 3.59 · 리뷰 1809<br/>나카노구 · 中野駅<br/><a href="https://tabelog.com/tokyo/A1319/A131902/13000216/">타베로그</a>]]></description>
<Point><coordinates>139.666109,35.707602,0</coordinates></Point></Placemark>
<Placemark><name>日南</name>
<description><![CDATA[이자카야 백명점 2025<br/>타베로그 3.63 · 리뷰 516<br/>시나가와구 · 五反田駅<br/><a href="https://tabelog.com/tokyo/A1316/A131603/13001650/">타베로그</a>]]></description>
<Point><coordinates>139.724651,35.626493,0</coordinates></Point></Placemark>
<Placemark><name>ここにもとだか</name>
<description><![CDATA[이자카야 백명점 2025<br/>타베로그 3.68 · 리뷰 487<br/>시나가와구 · 大崎広小路駅<br/><a href="https://tabelog.com/tokyo/A1316/A131603/13296612/">타베로그</a>]]></description>
<Point><coordinates>139.721922,35.622418,0</coordinates></Point></Placemark>
<Placemark><name>大塚 みや穂</name>
<description><![CDATA[이자카야 백명점 2025<br/>타베로그 3.65 · 리뷰 568<br/>도시마구 · 大塚駅<br/><a href="https://tabelog.com/tokyo/A1323/A132302/13103559/">타베로그</a>]]></description>
<Point><coordinates>139.727348,35.730508,0</coordinates></Point></Placemark>
<Placemark><name>産直屋 たか</name>
<description><![CDATA[이자카야 백명점 2025<br/>타베로그 3.72 · 리뷰 538<br/>시부야구 · 神泉駅<br/><a href="https://tabelog.com/tokyo/A1303/A130301/13008327/">타베로그</a>]]></description>
<Point><coordinates>139.694153,35.658522,0</coordinates></Point></Placemark>
<Placemark><name>ニュー新みかん</name>
<description><![CDATA[이자카야 백명점 2025<br/>타베로그 3.61 · 리뷰 300<br/>미나토구 · 新橋駅<br/><a href="https://tabelog.com/tokyo/A1301/A130103/13281580/">타베로그</a>]]></description>
<Point><coordinates>139.75739,35.66629,0</coordinates></Point></Placemark>
<Placemark><name>味のなかむら</name>
<description><![CDATA[이자카야 백명점 2025<br/>타베로그 3.61 · 리뷰 517<br/>미나토구 · 広尾駅<br/><a href="https://tabelog.com/tokyo/A1307/A130703/13170372/">타베로그</a>]]></description>
<Point><coordinates>139.72145,35.656195,0</coordinates></Point></Placemark>
<Placemark><name>新橋 いっぱし</name>
<description><![CDATA[이자카야 백명점 2025<br/>타베로그 3.59 · 리뷰 900<br/>미나토구 · 内幸町駅<br/><a href="https://tabelog.com/tokyo/A1301/A130103/13224766/">타베로그</a>]]></description>
<Point><coordinates>139.756461,35.668293,0</coordinates></Point></Placemark>
<Placemark><name>丸千葉</name>
<description><![CDATA[이자카야 백명점 2025<br/>타베로그 3.64 · 리뷰 646<br/>다이토구 · 南千住駅<br/><a href="https://tabelog.com/tokyo/A1324/A132401/13050828/">타베로그</a>]]></description>
<Point><coordinates>139.800254,35.726016,0</coordinates></Point></Placemark>
<Placemark><name>銀座呑小路やま岸</name>
<description><![CDATA[이자카야 백명점 2025<br/>타베로그 3.68 · 리뷰 250<br/>주오구 · 銀座駅<br/><a href="https://tabelog.com/tokyo/A1301/A130101/13289912/">타베로그</a>]]></description>
<Point><coordinates>139.760698,35.670338,0</coordinates></Point></Placemark>
<Placemark><name>金田</name>
<description><![CDATA[이자카야 백명점 2025<br/>타베로그 3.67 · 리뷰 698<br/>메구로구 · 自由が丘駅<br/><a href="https://tabelog.com/tokyo/A1317/A131703/13003212/">타베로그</a>]]></description>
<Point><coordinates>139.669413,35.608161,0</coordinates></Point></Placemark>
<Placemark><name>酒井商会</name>
<description><![CDATA[이자카야 백명점 2025<br/>타베로그 3.69 · 리뷰 458<br/>시부야구 · 渋谷駅<br/><a href="https://tabelog.com/tokyo/A1303/A130301/13220751/">타베로그</a>]]></description>
<Point><coordinates>139.704902,35.657569,0</coordinates></Point></Placemark>
<Placemark><name>EUREKA！</name>
<description><![CDATA[이자카야 백명점 2025<br/>타베로그 3.67 · 리뷰 118<br/>미나토구 · 広尾駅<br/><a href="https://tabelog.com/tokyo/A1307/A130701/13278959/">타베로그</a>]]></description>
<Point><coordinates>139.722414,35.659411,0</coordinates></Point></Placemark>
<Placemark><name>松濤 爛缶</name>
<description><![CDATA[이자카야 백명점 2025<br/>타베로그 3.69 · 리뷰 130<br/>시부야구 · 神泉駅<br/><a href="https://tabelog.com/tokyo/A1303/A130301/13246953/">타베로그</a>]]></description>
<Point><coordinates>139.692516,35.658624,0</coordinates></Point></Placemark>
<Placemark><name>あかぎ</name>
<description><![CDATA[이자카야 백명점 2025<br/>타베로그 3.64 · 리뷰 398<br/>다이토구 · 入谷駅<br/><a href="https://tabelog.com/tokyo/A1311/A131104/13157124/">타베로그</a>]]></description>
<Point><coordinates>139.784087,35.71912,0</coordinates></Point></Placemark>
<Placemark><name>四季の味 ふじ芳</name>
<description><![CDATA[이자카야 백명점 2025<br/>타베로그 3.7 · 리뷰 252<br/>스미다구 · 両国駅<br/><a href="https://tabelog.com/tokyo/A1312/A131201/13220723/">타베로그</a>]]></description>
<Point><coordinates>139.79895,35.694448,0</coordinates></Point></Placemark>
<Placemark><name>酒 秀治郎</name>
<description><![CDATA[이자카야 백명점 2025<br/>타베로그 3.63 · 리뷰 409<br/>시부야구 · 代官山駅<br/><a href="https://tabelog.com/tokyo/A1303/A130302/13222854/">타베로그</a>]]></description>
<Point><coordinates>139.706574,35.649088,0</coordinates></Point></Placemark>
<Placemark><name>多け乃</name>
<description><![CDATA[이자카야 백명점 2025<br/>타베로그 3.67 · 리뷰 1083<br/>주오구 · 築地駅<br/><a href="https://tabelog.com/tokyo/A1313/A131301/13007634/">타베로그</a>]]></description>
<Point><coordinates>139.77224,35.664602,0</coordinates></Point></Placemark>
<Placemark><name>月肴</name>
<description><![CDATA[이자카야 백명점 2025<br/>타베로그 3.63 · 리뷰 134<br/>신주쿠구 · 四谷三丁目駅<br/><a href="https://tabelog.com/tokyo/A1309/A130903/13173302/">타베로그</a>]]></description>
<Point><coordinates>139.721723,35.689823,0</coordinates></Point></Placemark>
<Placemark><name>岸田屋</name>
<description><![CDATA[이자카야 백명점 2025<br/>타베로그 3.71 · 리뷰 1431<br/>주오구 · 勝どき駅<br/><a href="https://tabelog.com/tokyo/A1313/A131302/13002239/">타베로그</a>]]></description>
<Point><coordinates>139.779896,35.662395,0</coordinates></Point></Placemark>
<Placemark><name>肴や味泉</name>
<description><![CDATA[이자카야 백명점 2025<br/>타베로그 3.63 · 리뷰 288<br/>주오구 · 月島駅<br/><a href="https://tabelog.com/tokyo/A1313/A131302/13002247/">타베로그</a>]]></description>
<Point><coordinates>139.781445,35.664886,0</coordinates></Point></Placemark>
<Placemark><name>創和堂</name>
<description><![CDATA[이자카야 백명점 2025<br/>타베로그 3.68 · 리뷰 695<br/>시부야구 · 恵比寿駅<br/><a href="https://tabelog.com/tokyo/A1303/A130302/13248516/">타베로그</a>]]></description>
<Point><coordinates>139.71532,35.64803,0</coordinates></Point></Placemark>
<Placemark><name>立呑み とだか</name>
<description><![CDATA[이자카야 백명점 2025<br/>타베로그 3.68 · 리뷰 713<br/>시나가와구 · 五反田駅<br/><a href="https://tabelog.com/tokyo/A1316/A131603/13201886/">타베로그</a>]]></description>
<Point><coordinates>139.724209,35.624885,0</coordinates></Point></Placemark>
<Placemark><name>萬屋 おかげさん</name>
<description><![CDATA[이자카야 백명점 2025<br/>타베로그 3.64 · 리뷰 277<br/>신주쿠구 · 四谷三丁目駅<br/><a href="https://tabelog.com/tokyo/A1309/A130903/13025617/">타베로그</a>]]></description>
<Point><coordinates>139.725062,35.687701,0</coordinates></Point></Placemark>
<Placemark><name>和食や 太いち</name>
<description><![CDATA[이자카야 백명점 2025<br/>타베로그 3.71 · 리뷰 202<br/>오타구 · 大岡山駅<br/><a href="https://tabelog.com/tokyo/A1317/A131711/13204861/">타베로그</a>]]></description>
<Point><coordinates>139.68509,35.605002,0</coordinates></Point></Placemark>
<Placemark><name>菱田屋酒場</name>
<description><![CDATA[이자카야 백명점 2025<br/>타베로그 3.61 · 리뷰 241<br/>메구로구 · 駒場東大前駅<br/><a href="https://tabelog.com/tokyo/A1318/A131801/13261928/">타베로그</a>]]></description>
<Point><coordinates>139.686674,35.657613,0</coordinates></Point></Placemark>
<Placemark><name>のどぐろ専門 銀座 中俣</name>
<description><![CDATA[이자카야 백명점 2025<br/>타베로그 3.66 · 리뷰 557<br/>주오구 · 東銀座駅<br/><a href="https://tabelog.com/tokyo/A1301/A130101/13186922/">타베로그</a>]]></description>
<Point><coordinates>139.766977,35.67018,0</coordinates></Point></Placemark>
<Placemark><name>舞浜</name>
<description><![CDATA[이자카야 백명점 2025<br/>타베로그 3.67 · 리뷰 1166<br/>미나토구 · 新橋駅<br/><a href="https://tabelog.com/tokyo/A1301/A130103/13013868/">타베로그</a>]]></description>
<Point><coordinates>139.755811,35.665847,0</coordinates></Point></Placemark>
<Placemark><name>牧野</name>
<description><![CDATA[이자카야 백명점 2025<br/>타베로그 3.68 · 리뷰 389<br/>시나가와구 · 新馬場駅<br/><a href="https://tabelog.com/tokyo/A1314/A131405/13027466/">타베로그</a>]]></description>
<Point><coordinates>139.742024,35.6182,0</coordinates></Point></Placemark>
<Placemark><name>シンスケ</name>
<description><![CDATA[이자카야 백명점 2025<br/>타베로그 3.57 · 리뷰 372<br/>분쿄구 · 湯島駅<br/><a href="https://tabelog.com/tokyo/A1311/A131101/13003607/">타베로그</a>]]></description>
<Point><coordinates>139.769161,35.708185,0</coordinates></Point></Placemark>
<Placemark><name>浅草 ASA虎</name>
<description><![CDATA[이자카야 백명점 2025<br/>타베로그 3.65 · 리뷰 833<br/>다이토구 · 浅草（東武・都営・メトロ）駅<br/><a href="https://tabelog.com/tokyo/A1311/A131102/13259649/">타베로그</a>]]></description>
<Point><coordinates>139.798619,35.713054,0</coordinates></Point></Placemark>
<Placemark><name>タチアタル</name>
<description><![CDATA[선술집 백명점 2025<br/>타베로그 3.56 · 리뷰 401<br/>아다치구 · 北千住駅<br/><a href="https://tabelog.com/tokyo/A1324/A132402/13246471/">타베로그</a>]]></description>
<Point><coordinates>139.803805,35.749052,0</coordinates></Point></Placemark>
<Placemark><name>銀座 しまだ</name>
<description><![CDATA[선술집 백명점 2025<br/>타베로그 3.66 · 리뷰 1459<br/>주오구 · 新橋駅<br/><a href="https://tabelog.com/tokyo/A1301/A130101/13136359/">타베로그</a>]]></description>
<Point><coordinates>139.759547,35.669605,0</coordinates></Point></Placemark>
<Placemark><name>城喜元</name>
<description><![CDATA[선술집 백명점 2025<br/>타베로그 3.55 · 리뷰 461<br/>미나토구 · 新橋駅<br/><a href="https://tabelog.com/tokyo/A1301/A130103/13122159/">타베로그</a>]]></description>
<Point><coordinates>139.756605,35.664443,0</coordinates></Point></Placemark>
<Placemark><name>富士屋本店 日本橋浜町</name>
<description><![CDATA[선술집 백명점 2025<br/>타베로그 3.68 · 리뷰 692<br/>주오구 · 浜町駅<br/><a href="https://tabelog.com/tokyo/A1302/A130204/13193413/">타베로그</a>]]></description>
<Point><coordinates>139.78825,35.685929,0</coordinates></Point></Placemark>
<Placemark><name>立呑み 浅草 洒落者</name>
<description><![CDATA[선술집 백명점 2025<br/>타베로그 3.69 · 리뷰 347<br/>다이토구 · 田原町駅<br/><a href="https://tabelog.com/tokyo/A1311/A131102/13205183/">타베로그</a>]]></description>
<Point><coordinates>139.792372,35.710778,0</coordinates></Point></Placemark>
<Placemark><name>縄のれん</name>
<description><![CDATA[선술집 백명점 2025<br/>타베로그 3.54 · 리뷰 361<br/>시부야구 · 恵比寿駅<br/><a href="https://tabelog.com/tokyo/A1303/A130302/13007484/">타베로그</a>]]></description>
<Point><coordinates>139.708513,35.647559,0</coordinates></Point></Placemark>
<Placemark><name>なまけ</name>
<description><![CDATA[선술집 백명점 2025<br/>타베로그 3.49 · 리뷰 522<br/>오타구 · 蒲田駅<br/><a href="https://tabelog.com/tokyo/A1315/A131503/13275125/">타베로그</a>]]></description>
<Point><coordinates>139.712279,35.562404,0</coordinates></Point></Placemark>
<Placemark><name>スタンドトトノイ</name>
<description><![CDATA[선술집 백명점 2025<br/>타베로그 3.44 · 리뷰 142<br/>이타바시구 · 板橋駅<br/><a href="https://tabelog.com/tokyo/A1322/A132201/13257217/">타베로그</a>]]></description>
<Point><coordinates>139.720327,35.746503,0</coordinates></Point></Placemark>
<Placemark><name>大衆酒場 宗屋</name>
<description><![CDATA[선술집 백명점 2025<br/>타베로그 3.56 · 리뷰 266<br/>미나토구 · 三田駅<br/><a href="https://tabelog.com/tokyo/A1314/A131402/13249390/">타베로그</a>]]></description>
<Point><coordinates>139.749356,35.648081,0</coordinates></Point></Placemark>
<Placemark><name>さか月</name>
<description><![CDATA[선술집 백명점 2025<br/>타베로그 3.59 · 리뷰 82<br/>주오구 · 月島駅<br/><a href="https://tabelog.com/tokyo/A1313/A131302/13230398/">타베로그</a>]]></description>
<Point><coordinates>139.781594,35.662804,0</coordinates></Point></Placemark>
<Placemark><name>ますらお</name>
<description><![CDATA[선술집 백명점 2025<br/>타베로그 3.55 · 리뷰 723<br/>고토구 · 門前仲町駅<br/><a href="https://tabelog.com/tokyo/A1313/A131303/13178222/">타베로그</a>]]></description>
<Point><coordinates>139.797486,35.670868,0</coordinates></Point></Placemark>
<Placemark><name>サ嘉ダチ</name>
<description><![CDATA[선술집 백명점 2025<br/>타베로그 3.62 · 리뷰 299<br/>주오구 · 新富町駅<br/><a href="https://tabelog.com/tokyo/A1313/A131301/13170367/">타베로그</a>]]></description>
<Point><coordinates>139.773837,35.673226,0</coordinates></Point></Placemark>
<Placemark><name>魚草</name>
<description><![CDATA[선술집 백명점 2025<br/>타베로그 3.55 · 리뷰 1226<br/>다이토구 · 京成上野駅<br/><a href="https://tabelog.com/tokyo/A1311/A131101/13164551/">타베로그</a>]]></description>
<Point><coordinates>139.774722,35.709639,0</coordinates></Point></Placemark>
<Placemark><name>かねます</name>
<description><![CDATA[선술집 백명점 2025<br/>타베로그 3.75 · 리뷰 815<br/>주오구 · 勝どき駅<br/><a href="https://tabelog.com/tokyo/A1313/A131302/13002243/">타베로그</a>]]></description>
<Point><coordinates>139.776785,35.660015,0</coordinates></Point></Placemark>
<Placemark><name>築地長屋6-7-7</name>
<description><![CDATA[선술집 백명점 2025<br/>타베로그 3.62 · 리뷰 250<br/>주오구 · 築地駅<br/><a href="https://tabelog.com/tokyo/A1313/A131301/13265484/">타베로그</a>]]></description>
<Point><coordinates>139.773744,35.66494,0</coordinates></Point></Placemark>
<Placemark><name>スタンドヒーロー</name>
<description><![CDATA[선술집 백명점 2025<br/>타베로그 3.54 · 리뷰 593<br/>지요다구 · 水道橋駅<br/><a href="https://tabelog.com/tokyo/A1310/A131003/13037849/">타베로그</a>]]></description>
<Point><coordinates>139.75385,35.701774,0</coordinates></Point></Placemark>
<Placemark><name>neo</name>
<description><![CDATA[선술집 백명점 2025<br/>타베로그 3.55 · 리뷰 472<br/>시부야구 · 神泉駅<br/><a href="https://tabelog.com/tokyo/A1303/A130301/13262588/">타베로그</a>]]></description>
<Point><coordinates>139.694421,35.657463,0</coordinates></Point></Placemark>
<Placemark><name>魚がし 福ちゃん 2号店</name>
<description><![CDATA[선술집 백명점 2025<br/>타베로그 3.66 · 리뷰 288<br/>시부야구 · 渋谷駅<br/><a href="https://tabelog.com/tokyo/A1303/A130301/13067049/">타베로그</a>]]></description>
<Point><coordinates>139.698669,35.65784,0</coordinates></Point></Placemark>
<Placemark><name>ワインショップ 奥神楽坂商店</name>
<description><![CDATA[선술집 백명점 2025<br/>타베로그 3.54 · 리뷰 137<br/>신주쿠구 · 神楽坂駅<br/><a href="https://tabelog.com/tokyo/A1309/A130905/13253879/">타베로그</a>]]></description>
<Point><coordinates>139.737133,35.703505,0</coordinates></Point></Placemark>
<Placemark><name>立呑 富士屋本店</name>
<description><![CDATA[선술집 백명점 2025<br/>타베로그 3.53 · 리뷰 610<br/>시부야구 · 渋谷駅<br/><a href="https://tabelog.com/tokyo/A1303/A130301/13279361/">타베로그</a>]]></description>
<Point><coordinates>139.701071,35.656633,0</coordinates></Point></Placemark>
<Placemark><name>Peter Luger Steak House Tokyo</name>
<description><![CDATA[스테이크·철판 백명점 2025<br/>타베로그 3.75 · 리뷰 2110<br/>시부야구 · 恵比寿駅<br/><a href="https://tabelog.com/tokyo/A1303/A130302/13258435/">타베로그</a>]]></description>
<Point><coordinates>139.713962,35.643882,0</coordinates></Point></Placemark>
<Placemark><name>鉄板焼き 高見</name>
<description><![CDATA[스테이크·철판 백명점 2025<br/>타베로그 3.55 · 리뷰 198<br/>시부야구 · 広尾駅<br/><a href="https://tabelog.com/tokyo/A1303/A130302/13021191/">타베로그</a>]]></description>
<Point><coordinates>139.713842,35.653958,0</coordinates></Point></Placemark>
<Placemark><name>Steak Dining Vitis</name>
<description><![CDATA[스테이크·철판 백명점 2025<br/>타베로그 3.62 · 리뷰 251<br/>메구로구 · 中目黒駅<br/><a href="https://tabelog.com/tokyo/A1317/A131701/13173227/">타베로그</a>]]></description>
<Point><coordinates>139.697147,35.645251,0</coordinates></Point></Placemark>
<Placemark><name>哥利歐</name>
<description><![CDATA[스테이크·철판 백명점 2025<br/>타베로그 3.77 · 리뷰 213<br/>주오구 · 築地市場駅<br/><a href="https://tabelog.com/tokyo/A1313/A131301/13002356/">타베로그</a>]]></description>
<Point><coordinates>139.76499,35.666258,0</coordinates></Point></Placemark>
<Placemark><name>小石川 中勢以</name>
<description><![CDATA[스테이크·철판 백명점 2025<br/>타베로그 3.72 · 리뷰 1299<br/>분쿄구 · 茗荷谷駅<br/><a href="https://tabelog.com/tokyo/A1323/A132302/13152057/">타베로그</a>]]></description>
<Point><coordinates>139.740674,35.716155,0</coordinates></Point></Placemark>
<Placemark><name>Morton&amp;#39;s The Steakhouse 丸の内</name>
<description><![CDATA[스테이크·철판 백명점 2025<br/>타베로그 3.64 · 리뷰 482<br/>지요다구 · 二重橋前駅<br/><a href="https://tabelog.com/tokyo/A1301/A130102/13226598/">타베로그</a>]]></description>
<Point><coordinates>139.761901,35.677976,0</coordinates></Point></Placemark>
<Placemark><name>鉄板焼さざん</name>
<description><![CDATA[스테이크·철판 백명점 2025<br/>타베로그 3.58 · 리뷰 305<br/>시나가와구 · 五反田駅<br/><a href="https://tabelog.com/tokyo/A1316/A131603/13264012/">타베로그</a>]]></description>
<Point><coordinates>139.720867,35.627139,0</coordinates></Point></Placemark>
<Placemark><name>ステーキ＆ワイン　神房</name>
<description><![CDATA[스테이크·철판 백명점 2025<br/>타베로그 3.59 · 리뷰 439<br/>지요다구 · 神保町駅<br/><a href="https://tabelog.com/tokyo/A1310/A131003/13053632/">타베로그</a>]]></description>
<Point><coordinates>139.75737,35.695676,0</coordinates></Point></Placemark>
<Placemark><name>鉄板焼 さざんか</name>
<description><![CDATA[스테이크·철판 백명점 2025<br/>타베로그 3.6 · 리뷰 221<br/>미나토구 · 虎ノ門ヒルズ駅<br/><a href="https://tabelog.com/tokyo/A1308/A130802/13238559/">타베로그</a>]]></description>
<Point><coordinates>139.745523,35.667086,0</coordinates></Point></Placemark>
<Placemark><name>ラステイクス</name>
<description><![CDATA[스테이크·철판 백명점 2025<br/>타베로그 3.68 · 리뷰 883<br/>시부야구 · 広尾駅<br/><a href="https://tabelog.com/tokyo/A1303/A130302/13183954/">타베로그</a>]]></description>
<Point><coordinates>139.71797,35.648685,0</coordinates></Point></Placemark>
<Placemark><name>神戸牛炉釜炭焼ステーキ銀座一宮</name>
<description><![CDATA[스테이크·철판 백명점 2025<br/>타베로그 3.7 · 리뷰 105<br/>주오구 · 東銀座駅<br/><a href="https://tabelog.com/tokyo/A1301/A130101/13231933/">타베로그</a>]]></description>
<Point><coordinates>139.766984,35.668638,0</coordinates></Point></Placemark>
<Placemark><name>CHACOあめみや</name>
<description><![CDATA[스테이크·철판 백명점 2025<br/>타베로그 3.66 · 리뷰 900<br/>시부야구 · 千駄ケ谷駅<br/><a href="https://tabelog.com/tokyo/A1309/A130901/13006988/">타베로그</a>]]></description>
<Point><coordinates>139.710107,35.678612,0</coordinates></Point></Placemark>
<Placemark><name>加藤牛肉店 銀座</name>
<description><![CDATA[스테이크·철판 백명점 2025<br/>타베로그 3.66 · 리뷰 310<br/>주오구 · 銀座駅<br/><a href="https://tabelog.com/tokyo/A1301/A130101/13076544/">타베로그</a>]]></description>
<Point><coordinates>139.761331,35.67126,0</coordinates></Point></Placemark>
<Placemark><name>秋田牛鉄板焼 銀座五明</name>
<description><![CDATA[스테이크·철판 백명점 2025<br/>타베로그 3.75 · 리뷰 155<br/>주오구 · 銀座駅<br/><a href="https://tabelog.com/tokyo/A1301/A130101/13187289/">타베로그</a>]]></description>
<Point><coordinates>139.761643,35.6716,0</coordinates></Point></Placemark>
<Placemark><name>T</name>
<description><![CDATA[스테이크·철판 백명점 2025<br/>타베로그 3.62 · 리뷰 189<br/>메구로구 · 中目黒駅<br/><a href="https://tabelog.com/tokyo/A1317/A131701/13273441/">타베로그</a>]]></description>
<Point><coordinates>139.696272,35.641137,0</coordinates></Point></Placemark>
<Placemark><name>鉄板焼 濠</name>
<description><![CDATA[스테이크·철판 백명점 2025<br/>타베로그 3.66 · 리뷰 139<br/>지요다구 · 大手町駅<br/><a href="https://tabelog.com/tokyo/A1302/A130201/13141131/">타베로그</a>]]></description>
<Point><coordinates>139.761565,35.684812,0</coordinates></Point></Placemark>
<Placemark><name>西洋料理 島</name>
<description><![CDATA[스테이크·철판 백명점 2025<br/>타베로그 3.71 · 리뷰 267<br/>주오구 · 京橋駅<br/><a href="https://tabelog.com/tokyo/A1302/A130202/13000495/">타베로그</a>]]></description>
<Point><coordinates>139.772905,35.679056,0</coordinates></Point></Placemark>
<Placemark><name>ベンジャミンステーキハウス 六本木</name>
<description><![CDATA[스테이크·철판 백명점 2025<br/>타베로그 3.66 · 리뷰 1208<br/>미나토구 · 六本木駅<br/><a href="https://tabelog.com/tokyo/A1307/A130701/13209863/">타베로그</a>]]></description>
<Point><coordinates>139.731498,35.663787,0</coordinates></Point></Placemark>
<Placemark><name>嘉門</name>
<description><![CDATA[스테이크·철판 백명점 2025<br/>타베로그 3.62 · 리뷰 389<br/>지요다구 · 日比谷駅<br/><a href="https://tabelog.com/tokyo/A1301/A130102/13002295/">타베로그</a>]]></description>
<Point><coordinates>139.758349,35.672413,0</coordinates></Point></Placemark>
<Placemark><name>ウルフギャング・ステーキハウス 丸の内店</name>
<description><![CDATA[스테이크·철판 백명점 2025<br/>타베로그 3.69 · 리뷰 2747<br/>지요다구 · 二重橋前駅<br/><a href="https://tabelog.com/tokyo/A1302/A130201/13175479/">타베로그</a>]]></description>
<Point><coordinates>139.761787,35.679344,0</coordinates></Point></Placemark>
<Placemark><name>佐賀牛 季楽 銀座</name>
<description><![CDATA[스테이크·철판 백명점 2025<br/>타베로그 3.67 · 리뷰 496<br/>주오구 · 銀座駅<br/><a href="https://tabelog.com/tokyo/A1301/A130101/13020504/">타베로그</a>]]></description>
<Point><coordinates>139.763298,35.671721,0</coordinates></Point></Placemark>
<Placemark><name>ロウリーズ・ザ・プライムリブ 恵比寿ガーデンプレイス店</name>
<description><![CDATA[스테이크·철판 백명점 2025<br/>타베로그 3.62 · 리뷰 2647<br/>메구로구 · 恵比寿駅<br/><a href="https://tabelog.com/tokyo/A1303/A130302/13165420/">타베로그</a>]]></description>
<Point><coordinates>139.713674,35.642212,0</coordinates></Point></Placemark>
<Placemark><name>ロウリーズ・ザ・プライムリブ 赤坂店</name>
<description><![CDATA[스테이크·철판 백명점 2025<br/>타베로그 3.68 · 리뷰 1480<br/>미나토구 · 溜池山王駅<br/><a href="https://tabelog.com/tokyo/A1308/A130802/13210946/">타베로그</a>]]></description>
<Point><coordinates>139.742646,35.669946,0</coordinates></Point></Placemark>
<Placemark><name>トロワフレーシュ</name>
<description><![CDATA[스테이크·철판 백명점 2025<br/>타베로그 3.77 · 리뷰 210<br/>주오구 · 内幸町駅<br/><a href="https://tabelog.com/tokyo/A1301/A130103/13130978/">타베로그</a>]]></description>
<Point><coordinates>139.759607,35.669719,0</coordinates></Point></Placemark>
<Placemark><name>旬菜ステーキ処 らいむらいと</name>
<description><![CDATA[스테이크·철판 백명점 2025<br/>타베로그 3.67 · 리뷰 1485<br/>지요다구 · 市ケ谷駅<br/><a href="https://tabelog.com/tokyo/A1309/A130904/13000220/">타베로그</a>]]></description>
<Point><coordinates>139.741209,35.691957,0</coordinates></Point></Placemark>
<Placemark><name>神戸牛炉釜ステーキ GINZA KOKO炉</name>
<description><![CDATA[스테이크·철판 백명점 2025<br/>타베로그 3.71 · 리뷰 362<br/>주오구 · 銀座一丁目駅<br/><a href="https://tabelog.com/tokyo/A1301/A130101/13224979/">타베로그</a>]]></description>
<Point><coordinates>139.768606,35.674089,0</coordinates></Point></Placemark>
<Placemark><name>麤皮</name>
<description><![CDATA[스테이크·철판 백명점 2025<br/>타베로그 3.58 · 리뷰 165<br/>미나토구 · 御成門駅<br/><a href="https://tabelog.com/tokyo/A1314/A131401/13002897/">타베로그</a>]]></description>
<Point><coordinates>139.751354,35.661779,0</coordinates></Point></Placemark>
<Placemark><name>ウェスタ</name>
<description><![CDATA[스테이크·철판 백명점 2025<br/>타베로그 3.85 · 리뷰 293<br/>주오구 · 日本橋駅<br/><a href="https://tabelog.com/tokyo/A1302/A130202/13185496/">타베로그</a>]]></description>
<Point><coordinates>139.773386,35.680003,0</coordinates></Point></Placemark>
<Placemark><name>本店山科</name>
<description><![CDATA[스테이크·철판 백명점 2025<br/>타베로그 3.71 · 리뷰 623<br/>주오구 · 銀座駅<br/><a href="https://tabelog.com/tokyo/A1301/A130101/13268574/">타베로그</a>]]></description>
<Point><coordinates>139.765012,35.670894,0</coordinates></Point></Placemark>
<Placemark><name>けやき坂</name>
<description><![CDATA[스테이크·철판 백명점 2025<br/>타베로그 3.57 · 리뷰 554<br/>미나토구 · 六本木駅<br/><a href="https://tabelog.com/tokyo/A1307/A130701/13040328/">타베로그</a>]]></description>
<Point><coordinates>139.728239,35.660089,0</coordinates></Point></Placemark>
<Placemark><name>くずし鉄板 あばぐら 神田店</name>
<description><![CDATA[스테이크·철판 백명점 2025<br/>타베로그 3.67 · 리뷰 1058<br/>지요다구 · 新日本橋駅<br/><a href="https://tabelog.com/tokyo/A1310/A131002/13197319/">타베로그</a>]]></description>
<Point><coordinates>139.772595,35.690473,0</coordinates></Point></Placemark>
<Placemark><name>表参道うかい亭</name>
<description><![CDATA[스테이크·철판 백명점 2025<br/>타베로그 3.7 · 리뷰 1102<br/>시부야구 · 明治神宮前駅<br/><a href="https://tabelog.com/tokyo/A1306/A130601/13044361/">타베로그</a>]]></description>
<Point><coordinates>139.706797,35.667397,0</coordinates></Point></Placemark>
<Placemark><name>Empire Steak House Roppongi</name>
<description><![CDATA[스테이크·철판 백명점 2025<br/>타베로그 3.59 · 리뷰 902<br/>미나토구 · 六本木駅<br/><a href="https://tabelog.com/tokyo/A1307/A130701/13213238/">타베로그</a>]]></description>
<Point><coordinates>139.732691,35.662051,0</coordinates></Point></Placemark>
<Placemark><name>ワカヌイ グリル ダイニング バー 東京</name>
<description><![CDATA[스테이크·철판 백명점 2025<br/>타베로그 3.66 · 리뷰 800<br/>미나토구 · 神谷町駅<br/><a href="https://tabelog.com/tokyo/A1307/A130704/13124827/">타베로그</a>]]></description>
<Point><coordinates>139.746436,35.658864,0</coordinates></Point></Placemark>
<Placemark><name>八王子うかい亭</name>
<description><![CDATA[스테이크·철판 백명점 2025<br/>타베로그 3.72 · 리뷰 634<br/>八王子구 · 八王子市<br/><a href="https://tabelog.com/tokyo/A1329/A132904/13006015/">타베로그</a>]]></description>
<Point><coordinates>139.33435,35.673411,0</coordinates></Point></Placemark>
<Placemark><name>BLT STEAK  ROPPONGI</name>
<description><![CDATA[스테이크·철판 백명점 2025<br/>타베로그 3.53 · 리뷰 943<br/>미나토구 · 六本木一丁目駅<br/><a href="https://tabelog.com/tokyo/A1307/A130701/13172995/">타베로그</a>]]></description>
<Point><coordinates>139.739292,35.664604,0</coordinates></Point></Placemark>
<Placemark><name>ウルフギャング・ステーキハウス 六本木</name>
<description><![CDATA[스테이크·철판 백명점 2025<br/>타베로그 3.67 · 리뷰 2884<br/>미나토구 · 六本木駅<br/><a href="https://tabelog.com/tokyo/A1307/A130701/13164062/">타베로그</a>]]></description>
<Point><coordinates>139.735379,35.661448,0</coordinates></Point></Placemark>
<Placemark><name>巴里 夕顔</name>
<description><![CDATA[스테이크·철판 백명점 2025<br/>타베로그 3.59 · 리뷰 396<br/>주오구 · 新橋駅<br/><a href="https://tabelog.com/tokyo/A1301/A130101/13079558/">타베로그</a>]]></description>
<Point><coordinates>139.761264,35.668166,0</coordinates></Point></Placemark>
<Placemark><name>鉄板焼 赤坂</name>
<description><![CDATA[스테이크·철판 백명점 2025<br/>타베로그 3.63 · 리뷰 358<br/>미나토구 · 六本木一丁目駅<br/><a href="https://tabelog.com/tokyo/A1308/A130802/13007536/">타베로그</a>]]></description>
<Point><coordinates>139.741176,35.668068,0</coordinates></Point></Placemark>
<Placemark><name>蘭麻</name>
<description><![CDATA[스테이크·철판 백명점 2025<br/>타베로그 3.6 · 리뷰 604<br/>미나토구 · 赤羽橋駅<br/><a href="https://tabelog.com/tokyo/A1314/A131401/13034212/">타베로그</a>]]></description>
<Point><coordinates>139.742827,35.65593,0</coordinates></Point></Placemark>
<Placemark><name>FORNO</name>
<description><![CDATA[스테이크·철판 백명점 2025<br/>타베로그 3.57 · 리뷰 330<br/>미나토구 · 広尾駅<br/><a href="https://tabelog.com/tokyo/A1307/A130703/13220897/">타베로그</a>]]></description>
<Point><coordinates>139.722293,35.659255,0</coordinates></Point></Placemark>
<Placemark><name>銀座 ひらやま</name>
<description><![CDATA[스테이크·철판 백명점 2025<br/>타베로그 3.77 · 리뷰 158<br/>주오구 · 築地市場駅<br/><a href="https://tabelog.com/tokyo/A1313/A131301/13151917/">타베로그</a>]]></description>
<Point><coordinates>139.766367,35.666786,0</coordinates></Point></Placemark>
<Placemark><name>PENTHOUSE GINZA hanare:</name>
<description><![CDATA[스테이크·철판 백명점 2025<br/>타베로그 3.65 · 리뷰 97<br/>주오구 · 新橋駅<br/><a href="https://tabelog.com/tokyo/A1301/A130101/13209209/">타베로그</a>]]></description>
<Point><coordinates>139.760005,35.668728,0</coordinates></Point></Placemark>
<Placemark><name>鉄板焼 花</name>
<description><![CDATA[스테이크·철판 백명점 2025<br/>타베로그 3.63 · 리뷰 522<br/>시부야구 · 代官山駅<br/><a href="https://tabelog.com/tokyo/A1303/A130303/13192732/">타베로그</a>]]></description>
<Point><coordinates>139.704494,35.650072,0</coordinates></Point></Placemark>
<Placemark><name>六本木うかい亭</name>
<description><![CDATA[스테이크·철판 백명점 2025<br/>타베로그 3.66 · 리뷰 265<br/>미나토구 · 六本木駅<br/><a href="https://tabelog.com/tokyo/A1307/A130701/13219288/">타베로그</a>]]></description>
<Point><coordinates>139.731096,35.658951,0</coordinates></Point></Placemark>
<Placemark><name>築地鉄板焼 Kurosawa</name>
<description><![CDATA[스테이크·철판 백명점 2025<br/>타베로그 3.61 · 리뷰 243<br/>주오구 · 築地駅<br/><a href="https://tabelog.com/tokyo/A1313/A131301/13022458/">타베로그</a>]]></description>
<Point><coordinates>139.772786,35.669176,0</coordinates></Point></Placemark>
<Placemark><name>銀座うかい亭</name>
<description><![CDATA[스테이크·철판 백명점 2025<br/>타베로그 3.95 · 리뷰 1411<br/>주오구 · 東銀座駅<br/><a href="https://tabelog.com/tokyo/A1301/A130101/13002367/">타베로그</a>]]></description>
<Point><coordinates>139.767198,35.66809,0</coordinates></Point></Placemark>
<Placemark><name>六本木モンシェルトントン</name>
<description><![CDATA[스테이크·철판 백명점 2025<br/>타베로그 3.63 · 리뷰 437<br/>미나토구 · 六本木駅<br/><a href="https://tabelog.com/tokyo/A1307/A130701/13006984/">타베로그</a>]]></description>
<Point><coordinates>139.733705,35.663189,0</coordinates></Point></Placemark>
<Placemark><name>ルース クリス ステーキハウス</name>
<description><![CDATA[스테이크·철판 백명점 2025<br/>타베로그 3.7 · 리뷰 695<br/>지요다구 · 虎ノ門駅<br/><a href="https://tabelog.com/tokyo/A1308/A130802/13045091/">타베로그</a>]]></description>
<Point><coordinates>139.746524,35.670591,0</coordinates></Point></Placemark>
<Placemark><name>神楽坂 鉄板焼 向日葵</name>
<description><![CDATA[스테이크·철판 백명점 2025<br/>타베로그 3.64 · 리뷰 541<br/>신주쿠구 · 牛込神楽坂駅<br/><a href="https://tabelog.com/tokyo/A1309/A130905/13220651/">타베로그</a>]]></description>
<Point><coordinates>139.739451,35.701013,0</coordinates></Point></Placemark>
<Placemark><name>定谷</name>
<description><![CDATA[스테이크·철판 백명점 2025<br/>타베로그 3.57 · 리뷰 77<br/>다이토구 · 入谷駅<br/><a href="https://tabelog.com/tokyo/A1311/A131104/13031814/">타베로그</a>]]></description>
<Point><coordinates>139.783776,35.724887,0</coordinates></Point></Placemark>
<Placemark><name>おちあいろうステーキハウス東京</name>
<description><![CDATA[스테이크·철판 백명점 2025<br/>타베로그 3.62 · 리뷰 429<br/>미나토구 · 六本木一丁目駅<br/><a href="https://tabelog.com/tokyo/A1307/A130701/13291175/">타베로그</a>]]></description>
<Point><coordinates>139.740354,35.661624,0</coordinates></Point></Placemark>
<Placemark><name>匠</name>
<description><![CDATA[스테이크·철판 백명점 2025<br/>타베로그 3.61 · 리뷰 161<br/>미나토구 · 竹芝駅<br/><a href="https://tabelog.com/tokyo/A1314/A131401/13152696/">타베로그</a>]]></description>
<Point><coordinates>139.762237,35.653257,0</coordinates></Point></Placemark>
<Placemark><name>神戸牛炉釜炭焼ステーキ IDEA 銀座</name>
<description><![CDATA[스테이크·철판 백명점 2025<br/>타베로그 3.61 · 리뷰 348<br/>주오구 · 銀座駅<br/><a href="https://tabelog.com/tokyo/A1301/A130101/13161192/">타베로그</a>]]></description>
<Point><coordinates>139.762202,35.669081,0</coordinates></Point></Placemark>
<Placemark><name>眠庵</name>
<description><![CDATA[소바 백명점 2025<br/>타베로그 3.59 · 리뷰 409<br/>지요다구 · 淡路町駅<br/><a href="https://tabelog.com/tokyo/A1310/A131002/13020841/">타베로그</a>]]></description>
<Point><coordinates>139.770737,35.695342,0</coordinates></Point></Placemark>
<Placemark><name>手打ちそば やっ古</name>
<description><![CDATA[소바 백명점 2025<br/>타베로그 3.71 · 리뷰 161<br/>메구로구 · 学芸大学駅<br/><a href="https://tabelog.com/tokyo/A1317/A131702/13204512/">타베로그</a>]]></description>
<Point><coordinates>139.684666,35.627329,0</coordinates></Point></Placemark>
<Placemark><name>汐見</name>
<description><![CDATA[소바 백명점 2025<br/>타베로그 3.76 · 리뷰 482<br/>신주쿠구 · 早稲田（メトロ）駅<br/><a href="https://tabelog.com/tokyo/A1305/A130504/13183623/">타베로그</a>]]></description>
<Point><coordinates>139.726315,35.707678,0</coordinates></Point></Placemark>
<Placemark><name>浅草 ひら山</name>
<description><![CDATA[소바 백명점 2025<br/>타베로그 3.71 · 리뷰 395<br/>다이토구 · 田原町駅<br/><a href="https://tabelog.com/tokyo/A1311/A131102/13264582/">타베로그</a>]]></description>
<Point><coordinates>139.789818,35.710779,0</coordinates></Point></Placemark>
<Placemark><name>ら すとらあだ</name>
<description><![CDATA[소바 백명점 2025<br/>타베로그 3.78 · 리뷰 317<br/>나카노구 · 中野坂上駅<br/><a href="https://tabelog.com/tokyo/A1319/A131903/13141774/">타베로그</a>]]></description>
<Point><coordinates>139.680402,35.695818,0</coordinates></Point></Placemark>
<Placemark><name>土家</name>
<description><![CDATA[소바 백명점 2025<br/>타베로그 3.83 · 리뷰 253<br/>東村山구 · 東村山駅<br/><a href="https://tabelog.com/tokyo/A1328/A132806/13061606/">타베로그</a>]]></description>
<Point><coordinates>139.46296,35.762312,0</coordinates></Point></Placemark>
<Placemark><name>手打蕎麦 まるやま</name>
<description><![CDATA[소바 백명점 2025<br/>타베로그 3.7 · 리뷰 449<br/>스기나미구 · 代田橋駅<br/><a href="https://tabelog.com/tokyo/A1318/A131808/13053742/">타베로그</a>]]></description>
<Point><coordinates>139.659281,35.672405,0</coordinates></Point></Placemark>
<Placemark><name>蕎心</name>
<description><![CDATA[소바 백명점 2025<br/>타베로그 3.71 · 리뷰 692<br/>분쿄구 · 根津駅<br/><a href="https://tabelog.com/tokyo/A1311/A131106/13187177/">타베로그</a>]]></description>
<Point><coordinates>139.766567,35.716933,0</coordinates></Point></Placemark>
<Placemark><name>手打ち蕎麦 銀杏</name>
<description><![CDATA[소바 백명점 2025<br/>타베로그 3.72 · 리뷰 745<br/>고토구 · 西大島駅<br/><a href="https://tabelog.com/tokyo/A1312/A131202/13019925/">타베로그</a>]]></description>
<Point><coordinates>139.823201,35.690531,0</coordinates></Point></Placemark>
<Placemark><name>吾妻橋 やぶそば</name>
<description><![CDATA[소바 백명점 2025<br/>타베로그 3.71 · 리뷰 854<br/>스미다구 · 浅草（東武・都営・メトロ）駅<br/><a href="https://tabelog.com/tokyo/A1311/A131102/13007981/">타베로그</a>]]></description>
<Point><coordinates>139.798654,35.708047,0</coordinates></Point></Placemark>
<Placemark><name>一東菴</name>
<description><![CDATA[소바 백명점 2025<br/>타베로그 3.71 · 리뷰 460<br/>기타구 · 東十条駅<br/><a href="https://tabelog.com/tokyo/A1323/A132304/13143622/">타베로그</a>]]></description>
<Point><coordinates>139.728883,35.763108,0</coordinates></Point></Placemark>
<Placemark><name>蕎庵 三たて</name>
<description><![CDATA[소바 백명점 2025<br/>타베로그 3.69 · 리뷰 209<br/>미나토구 · 麻布十番駅<br/><a href="https://tabelog.com/tokyo/A1307/A130702/13274939/">타베로그</a>]]></description>
<Point><coordinates>139.734217,35.655471,0</coordinates></Point></Placemark>
<Placemark><name>玄蕎麦 野中</name>
<description><![CDATA[소바 백명점 2025<br/>타베로그 3.68 · 리뷰 775<br/>네리마구 · 中村橋駅<br/><a href="https://tabelog.com/tokyo/A1321/A132102/13002725/">타베로그</a>]]></description>
<Point><coordinates>139.645148,35.732567,0</coordinates></Point></Placemark>
<Placemark><name>吟八亭 やざ和</name>
<description><![CDATA[소바 백명점 2025<br/>타베로그 3.73 · 리뷰 1064<br/>가쓰시카구 · 亀有駅<br/><a href="https://tabelog.com/tokyo/A1324/A132403/13003083/">타베로그</a>]]></description>
<Point><coordinates>139.846395,35.762903,0</coordinates></Point></Placemark>
<Placemark><name>つきじ 文化人</name>
<description><![CDATA[소바 백명점 2025<br/>타베로그 3.65 · 리뷰 589<br/>주오구 · 築地駅<br/><a href="https://tabelog.com/tokyo/A1301/A130101/13159030/">타베로그</a>]]></description>
<Point><coordinates>139.770082,35.668451,0</coordinates></Point></Placemark>
<Placemark><name>蕎麦 流石</name>
<description><![CDATA[소바 백명점 2025<br/>타베로그 3.66 · 리뷰 840<br/>주오구 · 東銀座駅<br/><a href="https://tabelog.com/tokyo/A1301/A130101/13002488/">타베로그</a>]]></description>
<Point><coordinates>139.770189,35.671653,0</coordinates></Point></Placemark>
<Placemark><name>手打そば 菊谷 巣鴨本店</name>
<description><![CDATA[소바 백명점 2025<br/>타베로그 3.71 · 리뷰 877<br/>도시마구 · 庚申塚駅<br/><a href="https://tabelog.com/tokyo/A1322/A132201/13127598/">타베로그</a>]]></description>
<Point><coordinates>139.731429,35.73805,0</coordinates></Point></Placemark>
<Placemark><name>蕎麦小路 さわらび</name>
<description><![CDATA[소바 백명점 2025<br/>타베로그 3.71 · 리뷰 396<br/>지요다구 · 半蔵門駅<br/><a href="https://tabelog.com/tokyo/A1308/A130803/13022640/">타베로그</a>]]></description>
<Point><coordinates>139.742006,35.682434,0</coordinates></Point></Placemark>
<Placemark><name>玉笑</name>
<description><![CDATA[소바 백명점 2025<br/>타베로그 3.85 · 리뷰 1929<br/>시부야구 · 明治神宮前駅<br/><a href="https://tabelog.com/tokyo/A1306/A130601/13129390/">타베로그</a>]]></description>
<Point><coordinates>139.704684,35.664449,0</coordinates></Point></Placemark>
<Placemark><name>木挽町 湯津上屋</name>
<description><![CDATA[소바 백명점 2025<br/>타베로그 3.7 · 리뷰 517<br/>주오구 · 新富町駅<br/><a href="https://tabelog.com/tokyo/A1313/A131301/13019153/">타베로그</a>]]></description>
<Point><coordinates>139.770957,35.672037,0</coordinates></Point></Placemark>
<Placemark><name>石臼挽き手打 蕎楽亭</name>
<description><![CDATA[소바 백명점 2025<br/>타베로그 3.75 · 리뷰 1911<br/>신주쿠구 · 牛込神楽坂駅<br/><a href="https://tabelog.com/tokyo/A1309/A130905/13000479/">타베로그</a>]]></description>
<Point><coordinates>139.739516,35.700785,0</coordinates></Point></Placemark>
<Placemark><name>手打蕎麦 じゆうさん</name>
<description><![CDATA[소바 백명점 2025<br/>타베로그 4.04 · 리뷰 1146<br/>나카노구 · 東長崎駅<br/><a href="https://tabelog.com/tokyo/A1321/A132101/13025978/">타베로그</a>]]></description>
<Point><coordinates>139.677119,35.72992,0</coordinates></Point></Placemark>
<Placemark><name>手打ち蕎麦切り 匠</name>
<description><![CDATA[소바 백명점 2025<br/>타베로그 3.67 · 리뷰 597<br/>지요다구 · 岩本町駅<br/><a href="https://tabelog.com/tokyo/A1310/A131002/13208650/">타베로그</a>]]></description>
<Point><coordinates>139.778673,35.69745,0</coordinates></Point></Placemark>
<Placemark><name>竹ノ下そば</name>
<description><![CDATA[소바 백명점 2025<br/>타베로그 3.71 · 리뷰 141<br/>시부야구 · 原宿駅<br/><a href="https://tabelog.com/tokyo/A1306/A130601/13286285/">타베로그</a>]]></description>
<Point><coordinates>139.70433,35.671697,0</coordinates></Point></Placemark>
<Placemark><name>東京 土山人</name>
<description><![CDATA[소바 백명점 2025<br/>타베로그 3.68 · 리뷰 1456<br/>메구로구 · 池尻大橋駅<br/><a href="https://tabelog.com/tokyo/A1317/A131705/13047472/">타베로그</a>]]></description>
<Point><coordinates>139.691442,35.650088,0</coordinates></Point></Placemark>
<Placemark><name>千寿 竹やぶ</name>
<description><![CDATA[소바 백명점 2025<br/>타베로그 3.72 · 리뷰 724<br/>아다치구 · 千住大橋駅<br/><a href="https://tabelog.com/tokyo/A1324/A132402/13003773/">타베로그</a>]]></description>
<Point><coordinates>139.797308,35.744479,0</coordinates></Point></Placemark>
<Placemark><name>巽蕎麦 志ま平</name>
<description><![CDATA[소바 백명점 2025<br/>타베로그 3.69 · 리뷰 209<br/>신주쿠구 · 牛込神楽坂駅<br/><a href="https://tabelog.com/tokyo/A1309/A130905/13020236/">타베로그</a>]]></description>
<Point><coordinates>139.734037,35.697772,0</coordinates></Point></Placemark>
<Placemark><name>蕎麦懐石 無庵</name>
<description><![CDATA[소바 백명점 2025<br/>타베로그 3.68 · 리뷰 682<br/>立川구 · 立川北駅<br/><a href="https://tabelog.com/tokyo/A1329/A132901/13005984/">타베로그</a>]]></description>
<Point><coordinates>139.410818,35.699568,0</coordinates></Point></Placemark>
<Placemark><name>蕎麦切り 酒 大愚</name>
<description><![CDATA[소바 백명점 2025<br/>타베로그 3.72 · 리뷰 222<br/>미나토구 · 虎ノ門駅<br/><a href="https://tabelog.com/tokyo/A1308/A130802/13130565/">타베로그</a>]]></description>
<Point><coordinates>139.752691,35.667781,0</coordinates></Point></Placemark>
<Placemark><name>green glass</name>
<description><![CDATA[소바 백명점 2025<br/>타베로그 3.76 · 리뷰 192<br/>신주쿠구 · 落合駅<br/><a href="https://tabelog.com/tokyo/A1321/A132104/13196314/">타베로그</a>]]></description>
<Point><coordinates>139.682447,35.713287,0</coordinates></Point></Placemark>
<Placemark><name>浅草じゅうろく</name>
<description><![CDATA[소바 백명점 2025<br/>타베로그 3.94 · 리뷰 469<br/>다이토구 · 浅草（つくばＥＸＰ）駅<br/><a href="https://tabelog.com/tokyo/A1311/A131102/13185027/">타베로그</a>]]></description>
<Point><coordinates>139.796056,35.719555,0</coordinates></Point></Placemark>
<Placemark><name>蕎麦 たじま</name>
<description><![CDATA[소바 백명점 2025<br/>타베로그 3.69 · 리뷰 687<br/>미나토구 · 広尾駅<br/><a href="https://tabelog.com/tokyo/A1307/A130703/13020154/">타베로그</a>]]></description>
<Point><coordinates>139.726077,35.654782,0</coordinates></Point></Placemark>
<Placemark><name>手打ちそば 根津 鷹匠</name>
<description><![CDATA[소바 백명점 2025<br/>타베로그 3.71 · 리뷰 868<br/>분쿄구 · 根津駅<br/><a href="https://tabelog.com/tokyo/A1311/A131106/13009812/">타베로그</a>]]></description>
<Point><coordinates>139.764446,35.720598,0</coordinates></Point></Placemark>
<Placemark><name>蕎麦 坐忘</name>
<description><![CDATA[소바 백명점 2025<br/>타베로그 3.7 · 리뷰 554<br/>八王子구 · 西八王子駅<br/><a href="https://tabelog.com/tokyo/A1329/A132904/13006022/">타베로그</a>]]></description>
<Point><coordinates>139.307957,35.657573,0</coordinates></Point></Placemark>
<Placemark><name>江戸蕎麦 ほそ川</name>
<description><![CDATA[소바 백명점 2025<br/>타베로그 3.65 · 리뷰 1191<br/>스미다구 · 両国駅<br/><a href="https://tabelog.com/tokyo/A1312/A131201/13002967/">타베로그</a>]]></description>
<Point><coordinates>139.798059,35.69673,0</coordinates></Point></Placemark>
<Placemark><name>蕎や 月心</name>
<description><![CDATA[소바 백명점 2025<br/>타베로그 3.74 · 리뷰 324<br/>메구로구 · 祐天寺駅<br/><a href="https://tabelog.com/tokyo/A1317/A131701/13096494/">타베로그</a>]]></description>
<Point><coordinates>139.69217,35.632554,0</coordinates></Point></Placemark>
<Placemark><name>蕎麦切 森の</name>
<description><![CDATA[소바 백명점 2025<br/>타베로그 3.7 · 리뷰 394<br/>분쿄구 · 本郷三丁目駅<br/><a href="https://tabelog.com/tokyo/A1310/A131004/13018364/">타베로그</a>]]></description>
<Point><coordinates>139.760516,35.7048,0</coordinates></Point></Placemark>
<Placemark><name>並木藪蕎麦</name>
<description><![CDATA[소바 백명점 2025<br/>타베로그 3.67 · 리뷰 2593<br/>다이토구 · 浅草（東武・都営・メトロ）駅<br/><a href="https://tabelog.com/tokyo/A1311/A131102/13003650/">타베로그</a>]]></description>
<Point><coordinates>139.795954,35.709685,0</coordinates></Point></Placemark>
<Placemark><name>手打蕎麦 松永</name>
<description><![CDATA[소바 백명점 2025<br/>타베로그 3.7 · 리뷰 690<br/>시부야구 · 北参道駅<br/><a href="https://tabelog.com/tokyo/A1306/A130601/13024514/">타베로그</a>]]></description>
<Point><coordinates>139.710129,35.673473,0</coordinates></Point></Placemark>
<Placemark><name>松庵</name>
<description><![CDATA[소바 백명점 2025<br/>타베로그 3.7 · 리뷰 173<br/>신주쿠구 · 四谷三丁目駅<br/><a href="https://tabelog.com/tokyo/A1309/A130903/13165186/">타베로그</a>]]></description>
<Point><coordinates>139.722752,35.688623,0</coordinates></Point></Placemark>
<Placemark><name>室町砂場 日本橋本店</name>
<description><![CDATA[소바 백명점 2025<br/>타베로그 3.67 · 리뷰 1846<br/>주오구 · 新日本橋駅<br/><a href="https://tabelog.com/tokyo/A1310/A131002/13000316/">타베로그</a>]]></description>
<Point><coordinates>139.77178,35.689361,0</coordinates></Point></Placemark>
<Placemark><name>神楽坂 大川や</name>
<description><![CDATA[소바 백명점 2025<br/>타베로그 3.74 · 리뷰 606<br/>신주쿠구 · 神楽坂駅<br/><a href="https://tabelog.com/tokyo/A1309/A130905/13197727/">타베로그</a>]]></description>
<Point><coordinates>139.736468,35.703664,0</coordinates></Point></Placemark>
<Placemark><name>打心蕎庵</name>
<description><![CDATA[소바 백명점 2025<br/>타베로그 3.7 · 리뷰 1064<br/>세타가야구 · 下北沢駅<br/><a href="https://tabelog.com/tokyo/A1318/A131802/13028732/">타베로그</a>]]></description>
<Point><coordinates>139.668702,35.655843,0</coordinates></Point></Placemark>
<Placemark><name>蕎麦おさめ</name>
<description><![CDATA[소바 백명점 2025<br/>타베로그 3.79 · 리뷰 417<br/>신주쿠구 · 目白駅<br/><a href="https://tabelog.com/tokyo/A1305/A130502/13283508/">타베로그</a>]]></description>
<Point><coordinates>139.701008,35.72263,0</coordinates></Point></Placemark>
<Placemark><name>おそばの甲賀</name>
<description><![CDATA[소바 백명점 2025<br/>타베로그 3.72 · 리뷰 1022<br/>미나토구 · 乃木坂駅<br/><a href="https://tabelog.com/tokyo/A1307/A130701/13047594/">타베로그</a>]]></description>
<Point><coordinates>139.72278,35.660051,0</coordinates></Point></Placemark>
<Placemark><name>手打ち蕎麦 成冨</name>
<description><![CDATA[소바 백명점 2025<br/>타베로그 3.73 · 리뷰 765<br/>주오구 · 築地市場駅<br/><a href="https://tabelog.com/tokyo/A1313/A131301/13023064/">타베로그</a>]]></description>
<Point><coordinates>139.765052,35.665998,0</coordinates></Point></Placemark>
<Placemark><name>室町 砂場 赤坂店</name>
<description><![CDATA[소바 백명점 2025<br/>타베로그 3.66 · 리뷰 1111<br/>미나토구 · 赤坂駅<br/><a href="https://tabelog.com/tokyo/A1308/A130801/13002787/">타베로그</a>]]></description>
<Point><coordinates>139.736194,35.671169,0</coordinates></Point></Placemark>
<Placemark><name>もりいろ</name>
<description><![CDATA[소바 백명점 2025<br/>타베로그 3.71 · 리뷰 540<br/>오타구 · 大森町駅<br/><a href="https://tabelog.com/tokyo/A1315/A131502/13176833/">타베로그</a>]]></description>
<Point><coordinates>139.731079,35.572068,0</coordinates></Point></Placemark>
<Placemark><name>煉瓦亭</name>
<description><![CDATA[요쇼쿠 백명점 2025<br/>타베로그 3.49 · 리뷰 2169<br/>주오구 · 銀座駅<br/><a href="https://tabelog.com/tokyo/A1301/A130101/13002430/">타베로그</a>]]></description>
<Point><coordinates>139.766021,35.67276,0</coordinates></Point></Placemark>
<Placemark><name>ヨシカミ 浅草店</name>
<description><![CDATA[요쇼쿠 백명점 2025<br/>타베로그 3.73 · 리뷰 3407<br/>다이토구 · 浅草（つくばＥＸＰ）駅<br/><a href="https://tabelog.com/tokyo/A1311/A131102/13003654/">타베로그</a>]]></description>
<Point><coordinates>139.793766,35.712946,0</coordinates></Point></Placemark>
<Placemark><name>西洋御料理 東洋軒</name>
<description><![CDATA[요쇼쿠 백명점 2025<br/>타베로그 3.74 · 리뷰 407<br/>미나토구 · 赤坂見附駅<br/><a href="https://tabelog.com/tokyo/A1308/A130801/13164394/">타베로그</a>]]></description>
<Point><coordinates>139.734836,35.677795,0</coordinates></Point></Placemark>
<Placemark><name>美味卵家</name>
<description><![CDATA[요쇼쿠 백명점 2025<br/>타베로그 3.65 · 리뷰 1311<br/>지요다구 · 神田駅<br/><a href="https://tabelog.com/tokyo/A1310/A131002/13009141/">타베로그</a>]]></description>
<Point><coordinates>139.771418,35.691968,0</coordinates></Point></Placemark>
<Placemark><name>土桜</name>
<description><![CDATA[요쇼쿠 백명점 2025<br/>타베로그 3.68 · 리뷰 183<br/>지요다구 · 新御茶ノ水駅<br/><a href="https://tabelog.com/tokyo/A1310/A131002/13000619/">타베로그</a>]]></description>
<Point><coordinates>139.763867,35.69588,0</coordinates></Point></Placemark>
<Placemark><name>ぐりる スズコウ</name>
<description><![CDATA[요쇼쿠 백명점 2025<br/>타베로그 3.7 · 리뷰 947<br/>오타구 · 蒲田駅<br/><a href="https://tabelog.com/tokyo/A1315/A131503/13031132/">타베로그</a>]]></description>
<Point><coordinates>139.717293,35.56215,0</coordinates></Point></Placemark>
<Placemark><name>資生堂パーラー 銀座本店</name>
<description><![CDATA[요쇼쿠 백명점 2025<br/>타베로그 3.73 · 리뷰 1371<br/>주오구 · 新橋駅<br/><a href="https://tabelog.com/tokyo/A1301/A130101/13004938/">타베로그</a>]]></description>
<Point><coordinates>139.761911,35.668587,0</coordinates></Point></Placemark>
<Placemark><name>黒船亭</name>
<description><![CDATA[요쇼쿠 백명점 2025<br/>타베로그 3.59 · 리뷰 1379<br/>다이토구 · 京成上野駅<br/><a href="https://tabelog.com/tokyo/A1311/A131101/13003640/">타베로그</a>]]></description>
<Point><coordinates>139.773223,35.709983,0</coordinates></Point></Placemark>
<Placemark><name>洋食・ワイン フリッツ</name>
<description><![CDATA[요쇼쿠 백명점 2025<br/>타베로그 3.72 · 리뷰 509<br/>분쿄구 · 春日駅<br/><a href="https://tabelog.com/tokyo/A1310/A131004/13195479/">타베로그</a>]]></description>
<Point><coordinates>139.751089,35.712263,0</coordinates></Point></Placemark>
<Placemark><name>ロシヤ料理 ラルース</name>
<description><![CDATA[요쇼쿠 백명점 2025<br/>타베로그 3.55 · 리뷰 360<br/>다이토구 · 浅草（つくばＥＸＰ）駅<br/><a href="https://tabelog.com/tokyo/A1311/A131102/13016816/">타베로그</a>]]></description>
<Point><coordinates>139.794577,35.712429,0</coordinates></Point></Placemark>
<Placemark><name>キッチン たか</name>
<description><![CDATA[요쇼쿠 백명점 2025<br/>타베로그 3.5 · 리뷰 936<br/>신주쿠구 · 四谷三丁目駅<br/><a href="https://tabelog.com/tokyo/A1309/A130903/13130525/">타베로그</a>]]></description>
<Point><coordinates>139.722548,35.688548,0</coordinates></Point></Placemark>
<Placemark><name>七條</name>
<description><![CDATA[요쇼쿠 백명점 2025<br/>타베로그 3.7 · 리뷰 436<br/>三鷹구 · 三鷹駅<br/><a href="https://tabelog.com/tokyo/A1320/A132002/13291810/">타베로그</a>]]></description>
<Point><coordinates>139.562344,35.70179,0</coordinates></Point></Placemark>
<Placemark><name>seiohtei 新宿店</name>
<description><![CDATA[요쇼쿠 백명점 2025<br/>타베로그 3.55 · 리뷰 821<br/>신주쿠구 · 新宿三丁目駅<br/><a href="https://tabelog.com/tokyo/A1304/A130401/13012100/">타베로그</a>]]></description>
<Point><coordinates>139.704654,35.691583,0</coordinates></Point></Placemark>
<Placemark><name>挽肉と米 吉祥寺</name>
<description><![CDATA[요쇼쿠 백명점 2025<br/>타베로그 3.66 · 리뷰 1352<br/>武蔵野구 · 吉祥寺駅<br/><a href="https://tabelog.com/tokyo/A1320/A132001/13246332/">타베로그</a>]]></description>
<Point><coordinates>139.577796,35.705839,0</coordinates></Point></Placemark>
<Placemark><name>麻布食堂</name>
<description><![CDATA[요쇼쿠 백명점 2025<br/>타베로그 3.72 · 리뷰 891<br/>미나토구 · 広尾駅<br/><a href="https://tabelog.com/tokyo/A1307/A130703/13243727/">타베로그</a>]]></description>
<Point><coordinates>139.720416,35.658188,0</coordinates></Point></Placemark>
<Placemark><name>ぽん多本家</name>
<description><![CDATA[요쇼쿠 백명점 2025<br/>타베로그 3.77 · 리뷰 2030<br/>다이토구 · 上野広小路駅<br/><a href="https://tabelog.com/tokyo/A1311/A131101/13003587/">타베로그</a>]]></description>
<Point><coordinates>139.773012,35.706351,0</coordinates></Point></Placemark>
<Placemark><name>ラトリエ プリュ</name>
<description><![CDATA[요쇼쿠 백명점 2025<br/>타베로그 3.67 · 리뷰 449<br/>메구로구 · 自由が丘駅<br/><a href="https://tabelog.com/tokyo/A1317/A131703/13218359/">타베로그</a>]]></description>
<Point><coordinates>139.667856,35.607315,0</coordinates></Point></Placemark>
<Placemark><name>洋食堂葡萄 神楽坂</name>
<description><![CDATA[요쇼쿠 백명점 2025<br/>타베로그 3.63 · 리뷰 482<br/>신주쿠구 · 牛込神楽坂駅<br/><a href="https://tabelog.com/tokyo/A1309/A130905/13305578/">타베로그</a>]]></description>
<Point><coordinates>139.738517,35.701769,0</coordinates></Point></Placemark>
<Placemark><name>みかわや</name>
<description><![CDATA[요쇼쿠 백명점 2025<br/>타베로그 3.68 · 리뷰 680<br/>주오구 · 銀座駅<br/><a href="https://tabelog.com/tokyo/A1301/A130101/13002421/">타베로그</a>]]></description>
<Point><coordinates>139.766114,35.671156,0</coordinates></Point></Placemark>
<Placemark><name>銀座スイス 本店</name>
<description><![CDATA[요쇼쿠 백명점 2025<br/>타베로그 3.49 · 리뷰 946<br/>주오구 · 銀座一丁目駅<br/><a href="https://tabelog.com/tokyo/A1301/A130101/13268862/">타베로그</a>]]></description>
<Point><coordinates>139.766159,35.673061,0</coordinates></Point></Placemark>
<Placemark><name>麻布笄軒 広尾本店</name>
<description><![CDATA[요쇼쿠 백명점 2025<br/>타베로그 3.71 · 리뷰 1141<br/>미나토구 · 広尾駅<br/><a href="https://tabelog.com/tokyo/A1307/A130703/13184028/">타베로그</a>]]></description>
<Point><coordinates>139.723144,35.656063,0</coordinates></Point></Placemark>
<Placemark><name>赤坂 津つ井 総本店</name>
<description><![CDATA[요쇼쿠 백명점 2025<br/>타베로그 3.68 · 리뷰 1150<br/>미나토구 · 赤坂駅<br/><a href="https://tabelog.com/tokyo/A1307/A130701/13002829/">타베로그</a>]]></description>
<Point><coordinates>139.737839,35.668721,0</coordinates></Point></Placemark>
<Placemark><name>レストラン桂</name>
<description><![CDATA[요쇼쿠 백명점 2025<br/>타베로그 3.67 · 리뷰 1407<br/>주오구 · 三越前駅<br/><a href="https://tabelog.com/tokyo/A1302/A130202/13011199/">타베로그</a>]]></description>
<Point><coordinates>139.775303,35.686594,0</coordinates></Point></Placemark>
<Placemark><name>御茶ノ水 小川軒</name>
<description><![CDATA[요쇼쿠 백명점 2025<br/>타베로그 3.63 · 리뷰 466<br/>분쿄구 · 御茶ノ水駅<br/><a href="https://tabelog.com/tokyo/A1310/A131002/13005532/">타베로그</a>]]></description>
<Point><coordinates>139.765755,35.701884,0</coordinates></Point></Placemark>
<Placemark><name>洋食ビストロTOYAMA</name>
<description><![CDATA[요쇼쿠 백명점 2025<br/>타베로그 3.67 · 리뷰 159<br/>미나토구 · 乃木坂駅<br/><a href="https://tabelog.com/tokyo/A1307/A130701/13251436/">타베로그</a>]]></description>
<Point><coordinates>139.724169,35.660741,0</coordinates></Point></Placemark>
<Placemark><name>厳選洋食さくらい</name>
<description><![CDATA[요쇼쿠 백명점 2025<br/>타베로그 3.68 · 리뷰 1950<br/>분쿄구 · 上野広小路駅<br/><a href="https://tabelog.com/tokyo/A1311/A131101/13003638/">타베로그</a>]]></description>
<Point><coordinates>139.772333,35.707925,0</coordinates></Point></Placemark>
<Placemark><name>ミート矢澤 五反田本店</name>
<description><![CDATA[요쇼쿠 백명점 2025<br/>타베로그 3.68 · 리뷰 4492<br/>시나가와구 · 五反田駅<br/><a href="https://tabelog.com/tokyo/A1316/A131603/13042320/">타베로그</a>]]></description>
<Point><coordinates>139.720581,35.626033,0</coordinates></Point></Placemark>
<Placemark><name>グリル グランド</name>
<description><![CDATA[요쇼쿠 백명점 2025<br/>타베로그 3.7 · 리뷰 927<br/>다이토구 · 浅草（つくばＥＸＰ）駅<br/><a href="https://tabelog.com/tokyo/A1311/A131102/13008702/">타베로그</a>]]></description>
<Point><coordinates>139.79756,35.716996,0</coordinates></Point></Placemark>
<Placemark><name>芳味亭</name>
<description><![CDATA[요쇼쿠 백명점 2025<br/>타베로그 3.65 · 리뷰 663<br/>주오구 · 人形町駅<br/><a href="https://tabelog.com/tokyo/A1302/A130204/13229229/">타베로그</a>]]></description>
<Point><coordinates>139.783739,35.685181,0</coordinates></Point></Placemark>
<Placemark><name>ウチョウテン</name>
<description><![CDATA[요쇼쿠 백명점 2025<br/>타베로그 3.66 · 리뷰 2396<br/>도시마구 · 都電雑司ケ谷駅<br/><a href="https://tabelog.com/tokyo/A1305/A130501/13003914/">타베로그</a>]]></description>
<Point><coordinates>139.71619,35.725568,0</coordinates></Point></Placemark>
<Placemark><name>レストラン香味屋</name>
<description><![CDATA[요쇼쿠 백명점 2025<br/>타베로그 3.81 · 리뷰 1055<br/>다이토구 · 入谷駅<br/><a href="https://tabelog.com/tokyo/A1311/A131104/13003752/">타베로그</a>]]></description>
<Point><coordinates>139.783689,35.724001,0</coordinates></Point></Placemark>
<Placemark><name>東洋軒 東京ステーション</name>
<description><![CDATA[요쇼쿠 백명점 2025<br/>타베로그 3.61 · 리뷰 399<br/>지요다구 · 東京駅<br/><a href="https://tabelog.com/tokyo/A1302/A130201/13249441/">타베로그</a>]]></description>
<Point><coordinates>139.766185,35.681729,0</coordinates></Point></Placemark>
<Placemark><name>グリルK 駒込本店</name>
<description><![CDATA[요쇼쿠 백명점 2025<br/>타베로그 3.62 · 리뷰 554<br/>도시마구 · 駒込駅<br/><a href="https://tabelog.com/tokyo/A1323/A132301/13283187/">타베로그</a>]]></description>
<Point><coordinates>139.748627,35.733827,0</coordinates></Point></Placemark>
<Placemark><name>グリルエフ</name>
<description><![CDATA[요쇼쿠 백명점 2025<br/>타베로그 3.56 · 리뷰 2023<br/>시나가와구 · 五反田駅<br/><a href="https://tabelog.com/tokyo/A1316/A131603/13001552/">타베로그</a>]]></description>
<Point><coordinates>139.724563,35.626485,0</coordinates></Point></Placemark>
<Placemark><name>旬香亭</name>
<description><![CDATA[요쇼쿠 백명점 2025<br/>타베로그 3.69 · 리뷰 795<br/>도시마구 · 目白駅<br/><a href="https://tabelog.com/tokyo/A1305/A130502/13175757/">타베로그</a>]]></description>
<Point><coordinates>139.707381,35.721581,0</coordinates></Point></Placemark>
<Placemark><name>挽肉と米 渋谷</name>
<description><![CDATA[요쇼쿠 백명점 2025<br/>타베로그 3.7 · 리뷰 1332<br/>시부야구 · 渋谷駅<br/><a href="https://tabelog.com/tokyo/A1303/A130301/13257261/">타베로그</a>]]></description>
<Point><coordinates>139.697563,35.659319,0</coordinates></Point></Placemark>
<Placemark><name>レストラン クインベル</name>
<description><![CDATA[요쇼쿠 백명점 2025<br/>타베로그 3.57 · 리뷰 585<br/>스미다구 · 両国駅<br/><a href="https://tabelog.com/tokyo/A1312/A131201/13017962/">타베로그</a>]]></description>
<Point><coordinates>139.798166,35.700187,0</coordinates></Point></Placemark>
<Placemark><name>キッチン南海 神保町店</name>
<description><![CDATA[요쇼쿠 백명점 2025<br/>타베로그 3.66 · 리뷰 1890<br/>지요다구 · 神保町駅<br/><a href="https://tabelog.com/tokyo/A1310/A131003/13249021/">타베로그</a>]]></description>
<Point><coordinates>139.760668,35.694836,0</coordinates></Point></Placemark>
<Placemark><name>グリル佐久良</name>
<description><![CDATA[요쇼쿠 백명점 2025<br/>타베로그 3.71 · 리뷰 939<br/>다이토구 · 浅草（つくばＥＸＰ）駅<br/><a href="https://tabelog.com/tokyo/A1311/A131102/13003755/">타베로그</a>]]></description>
<Point><coordinates>139.797095,35.71732,0</coordinates></Point></Placemark>
<Placemark><name>洋食 GOTOO</name>
<description><![CDATA[요쇼쿠 백명점 2025<br/>타베로그 3.51 · 리뷰 785<br/>도시마구 · 大塚駅<br/><a href="https://tabelog.com/tokyo/A1323/A132302/13022659/">타베로그</a>]]></description>
<Point><coordinates>139.728197,35.730499,0</coordinates></Point></Placemark>
<Placemark><name>レストラン カタヤマ 東向島本店</name>
<description><![CDATA[요쇼쿠 백명점 2025<br/>타베로그 3.56 · 리뷰 1067<br/>스미다구 · 東向島駅<br/><a href="https://tabelog.com/tokyo/A1312/A131203/13017945/">타베로그</a>]]></description>
<Point><coordinates>139.813455,35.727897,0</coordinates></Point></Placemark>
<Placemark><name>ハンバーグ ウィル</name>
<description><![CDATA[요쇼쿠 백명점 2025<br/>타베로그 3.68 · 리뷰 2974<br/>신주쿠구 · 新宿御苑前駅<br/><a href="https://tabelog.com/tokyo/A1304/A130402/13041176/">타베로그</a>]]></description>
<Point><coordinates>139.712042,35.688027,0</coordinates></Point></Placemark>
<Placemark><name>津々井</name>
<description><![CDATA[요쇼쿠 백명점 2025<br/>타베로그 3.56 · 리뷰 1114<br/>주오구 · 茅場町駅<br/><a href="https://tabelog.com/tokyo/A1302/A130203/13002395/">타베로그</a>]]></description>
<Point><coordinates>139.781914,35.678057,0</coordinates></Point></Placemark>
<Placemark><name>洋食 三浦亭</name>
<description><![CDATA[요쇼쿠 백명점 2025<br/>타베로그 3.65 · 리뷰 612<br/>네리마구 · 武蔵関駅<br/><a href="https://tabelog.com/tokyo/A1321/A132105/13040217/">타베로그</a>]]></description>
<Point><coordinates>139.573065,35.727261,0</coordinates></Point></Placemark>
<Placemark><name>キッチン パンチ</name>
<description><![CDATA[요쇼쿠 백명점 2025<br/>타베로그 3.71 · 리뷰 1117<br/>메구로구 · 中目黒駅<br/><a href="https://tabelog.com/tokyo/A1317/A131701/13018284/">타베로그</a>]]></description>
<Point><coordinates>139.699138,35.642795,0</coordinates></Point></Placemark>
<Placemark><name>グラシア</name>
<description><![CDATA[요쇼쿠 백명점 2025<br/>타베로그 3.73 · 리뷰 1192<br/>다이토구 · 浅草橋駅<br/><a href="https://tabelog.com/tokyo/A1311/A131103/13130729/">타베로그</a>]]></description>
<Point><coordinates>139.786119,35.699751,0</coordinates></Point></Placemark>
<Placemark><name>洋食バル ウルトラ</name>
<description><![CDATA[요쇼쿠 백명점 2025<br/>타베로그 3.6 · 리뷰 658<br/>세타가야구 · 経堂駅<br/><a href="https://tabelog.com/tokyo/A1318/A131813/13137110/">타베로그</a>]]></description>
<Point><coordinates>139.637552,35.65053,0</coordinates></Point></Placemark>
<Placemark><name>ルー・ド・メール</name>
<description><![CDATA[요쇼쿠 백명점 2025<br/>타베로그 3.65 · 리뷰 1522<br/>지요다구 · 神田駅<br/><a href="https://tabelog.com/tokyo/A1310/A131002/13009148/">타베로그</a>]]></description>
<Point><coordinates>139.76939,35.691497,0</coordinates></Point></Placemark>
<Placemark><name>南蛮 銀圓亭</name>
<description><![CDATA[요쇼쿠 백명점 2025<br/>타베로그 3.69 · 리뷰 272<br/>주오구 · 銀座駅<br/><a href="https://tabelog.com/tokyo/A1301/A130101/13002305/">타베로그</a>]]></description>
<Point><coordinates>139.763101,35.671413,0</coordinates></Point></Placemark>
<Placemark><name>ニコラ</name>
<description><![CDATA[카페 백명점 2025<br/>타베로그 3.69 · 리뷰 517<br/>세타가야구 · 三軒茶屋駅<br/><a href="https://tabelog.com/tokyo/A1317/A131706/13127430/">타베로그</a>]]></description>
<Point><coordinates>139.66996,35.646004,0</coordinates></Point></Placemark>
<Placemark><name>スターバックス リザーブ ロースタリー トウキョウ</name>
<description><![CDATA[카페 백명점 2025<br/>타베로그 3.7 · 리뷰 3119<br/>메구로구 · 池尻大橋駅<br/><a href="https://tabelog.com/tokyo/A1317/A131701/13231942/">타베로그</a>]]></description>
<Point><coordinates>139.692599,35.649272,0</coordinates></Point></Placemark>
<Placemark><name>珈琲専門店 三十間 銀座本店</name>
<description><![CDATA[카페 백명점 2025<br/>타베로그 3.68 · 리뷰 975<br/>주오구 · 東銀座駅<br/><a href="https://tabelog.com/tokyo/A1301/A130101/13149724/">타베로그</a>]]></description>
<Point><coordinates>139.767107,35.67133,0</coordinates></Point></Placemark>
<Placemark><name>ボン ボヌール</name>
<description><![CDATA[카페 백명점 2025<br/>타베로그 3.67 · 리뷰 867<br/>주오구 · 銀座駅<br/><a href="https://tabelog.com/tokyo/A1301/A130101/13229565/">타베로그</a>]]></description>
<Point><coordinates>139.766044,35.671208,0</coordinates></Point></Placemark>
<Placemark><name>ナッティーズ カフ</name>
<description><![CDATA[카페 백명점 2025<br/>타베로그 3.65 · 리뷰 446<br/>분쿄구 · 茗荷谷駅<br/><a href="https://tabelog.com/tokyo/A1323/A132302/13231008/">타베로그</a>]]></description>
<Point><coordinates>139.742273,35.715809,0</coordinates></Point></Placemark>
<Placemark><name>crisscross</name>
<description><![CDATA[카페 백명점 2025<br/>타베로그 3.71 · 리뷰 2618<br/>미나토구 · 表参道駅<br/><a href="https://tabelog.com/tokyo/A1306/A130602/13148003/">타베로그</a>]]></description>
<Point><coordinates>139.712606,35.66295,0</coordinates></Point></Placemark>
<Placemark><name>ル・ジャルダン</name>
<description><![CDATA[카페 백명점 2025<br/>타베로그 3.66 · 리뷰 839<br/>분쿄구 · 早稲田（都電）駅<br/><a href="https://tabelog.com/tokyo/A1309/A130905/13003817/">타베로그</a>]]></description>
<Point><coordinates>139.725942,35.712151,0</coordinates></Point></Placemark>
<Placemark><name>Cafe Tram</name>
<description><![CDATA[카페 백명점 2025<br/>타베로그 3.7 · 리뷰 986<br/>시부야구 · 恵比寿駅<br/><a href="https://tabelog.com/tokyo/A1303/A130302/13170379/">타베로그</a>]]></description>
<Point><coordinates>139.708483,35.648085,0</coordinates></Point></Placemark>
<Placemark><name>蕪木</name>
<description><![CDATA[카페 백명점 2025<br/>타베로그 3.69 · 리뷰 432<br/>다이토구 · 新御徒町駅<br/><a href="https://tabelog.com/tokyo/A1311/A131101/13242617/">타베로그</a>]]></description>
<Point><coordinates>139.785829,35.704134,0</coordinates></Point></Placemark>
<Placemark><name>サカノウエカフェ</name>
<description><![CDATA[카페 백명점 2025<br/>타베로그 3.67 · 리뷰 955<br/>분쿄구 · 湯島駅<br/><a href="https://tabelog.com/tokyo/A1311/A131101/13149347/">타베로그</a>]]></description>
<Point><coordinates>139.76724,35.705026,0</coordinates></Point></Placemark>
<Placemark><name>和光ティーサロン</name>
<description><![CDATA[카페 백명점 2025<br/>타베로그 3.83 · 리뷰 1441<br/>주오구 · 銀座駅<br/><a href="https://tabelog.com/tokyo/A1301/A130101/13009081/">타베로그</a>]]></description>
<Point><coordinates>139.764727,35.671774,0</coordinates></Point></Placemark>
<Placemark><name>アマメリア エスプレッソ</name>
<description><![CDATA[카페 백명점 2025<br/>타베로그 3.7 · 리뷰 617<br/>시나가와구 · 武蔵小山駅<br/><a href="https://tabelog.com/tokyo/A1317/A131710/13114545/">타베로그</a>]]></description>
<Point><coordinates>139.706063,35.620315,0</coordinates></Point></Placemark>
<Placemark><name>No.4</name>
<description><![CDATA[카페 백명점 2025<br/>타베로그 3.72 · 리뷰 3599<br/>지요다구 · 市ケ谷駅<br/><a href="https://tabelog.com/tokyo/A1309/A130904/13189835/">타베로그</a>]]></description>
<Point><coordinates>139.736138,35.688212,0</coordinates></Point></Placemark>
<Placemark><name>ユニゾン テイラー NINGYOCHO</name>
<description><![CDATA[카페 백명점 2025<br/>타베로그 3.66 · 리뷰 859<br/>주오구 · 人形町駅<br/><a href="https://tabelog.com/tokyo/A1302/A130204/13207561/">타베로그</a>]]></description>
<Point><coordinates>139.782465,35.686974,0</coordinates></Point></Placemark>
<Placemark><name>ル カフェドゥ ジョエル・ロブション 日本橋高島屋店</name>
<description><![CDATA[카페 백명점 2025<br/>타베로그 3.73 · 리뷰 1074<br/>주오구 · 日本橋駅<br/><a href="https://tabelog.com/tokyo/A1302/A130202/13009090/">타베로그</a>]]></description>
<Point><coordinates>139.773445,35.680833,0</coordinates></Point></Placemark>
<Placemark><name>オクサワ・ファクトリー・コーヒー・アンド・ベイクス</name>
<description><![CDATA[카페 백명점 2025<br/>타베로그 3.65 · 리뷰 452<br/>세타가야구 · 奥沢駅<br/><a href="https://tabelog.com/tokyo/A1317/A131711/13201219/">타베로그</a>]]></description>
<Point><coordinates>139.672179,35.602205,0</coordinates></Point></Placemark>
<Placemark><name>マーサーブランチ ギンザテラス</name>
<description><![CDATA[카페 백명점 2025<br/>타베로그 3.64 · 리뷰 3079<br/>주오구 · 銀座一丁目駅<br/><a href="https://tabelog.com/tokyo/A1301/A130101/13174574/">타베로그</a>]]></description>
<Point><coordinates>139.768753,35.674238,0</coordinates></Point></Placemark>
<Placemark><name>HAGI CAFE</name>
<description><![CDATA[카페 백명점 2025<br/>타베로그 3.66 · 리뷰 783<br/>다이토구 · 千駄木駅<br/><a href="https://tabelog.com/tokyo/A1311/A131106/13153660/">타베로그</a>]]></description>
<Point><coordinates>139.766113,35.726392,0</coordinates></Point></Placemark>
<Placemark><name>バー＆ラウンジ  トゥエンティエイト コンラッド東京</name>
<description><![CDATA[카페 백명점 2025<br/>타베로그 3.67 · 리뷰 1125<br/>미나토구 · 汐留駅<br/><a href="https://tabelog.com/tokyo/A1301/A130103/13020228/">타베로그</a>]]></description>
<Point><coordinates>139.761256,35.662984,0</coordinates></Point></Placemark>
<Placemark><name>クリントン・ストリート・ベイキング・カンパニー 南青山店</name>
<description><![CDATA[카페 백명점 2025<br/>타베로그 3.75 · 리뷰 2910<br/>미나토구 · 表参道駅<br/><a href="https://tabelog.com/tokyo/A1306/A130602/13159456/">타베로그</a>]]></description>
<Point><coordinates>139.714528,35.660997,0</coordinates></Point></Placemark>
<Placemark><name>カフェ リゼッタ 二子玉川店</name>
<description><![CDATA[카페 백명점 2025<br/>타베로그 3.66 · 리뷰 865<br/>세타가야구 · 二子玉川駅<br/><a href="https://tabelog.com/tokyo/A1317/A131708/13058141/">타베로그</a>]]></description>
<Point><coordinates>139.625739,35.613112,0</coordinates></Point></Placemark>
<Placemark><name>ロクシタンカフェ SHIBUYA TOKYO</name>
<description><![CDATA[카페 백명점 2025<br/>타베로그 3.69 · 리뷰 1827<br/>시부야구 · 渋谷駅<br/><a href="https://tabelog.com/tokyo/A1303/A130301/13225574/">타베로그</a>]]></description>
<Point><coordinates>139.699899,35.65932,0</coordinates></Point></Placemark>
<Placemark><name>ガーデンラウンジ</name>
<description><![CDATA[카페 백명점 2025<br/>타베로그 3.67 · 리뷰 887<br/>지요다구 · 麹町駅<br/><a href="https://tabelog.com/tokyo/A1308/A130803/13009058/">타베로그</a>]]></description>
<Point><coordinates>139.734832,35.680307,0</coordinates></Point></Placemark>
<Placemark><name>ザ リビング</name>
<description><![CDATA[카페 백명점 2025<br/>타베로그 3.66 · 리뷰 471<br/>오타구 · 千鳥町駅<br/><a href="https://tabelog.com/tokyo/A1317/A131714/13135826/">타베로그</a>]]></description>
<Point><coordinates>139.692691,35.572673,0</coordinates></Point></Placemark>
<Placemark><name>オリエンタルラウンジ</name>
<description><![CDATA[카페 백명점 2025<br/>타베로그 3.67 · 리뷰 710<br/>주오구 · 三越前駅<br/><a href="https://tabelog.com/tokyo/A1302/A130202/13020365/">타베로그</a>]]></description>
<Point><coordinates>139.77297,35.687077,0</coordinates></Point></Placemark>
<Placemark><name>ガーデンラウンジ 坐忘</name>
<description><![CDATA[카페 백명점 2025<br/>타베로그 3.68 · 리뷰 542<br/>시부야구 · 渋谷駅<br/><a href="https://tabelog.com/tokyo/A1303/A130301/13012588/">타베로그</a>]]></description>
<Point><coordinates>139.699782,35.656297,0</coordinates></Point></Placemark>
<Placemark><name>Mallorca</name>
<description><![CDATA[카페 백명점 2025<br/>타베로그 3.68 · 리뷰 1782<br/>세타가야구 · 二子玉川駅<br/><a href="https://tabelog.com/tokyo/A1317/A131708/13181404/">타베로그</a>]]></description>
<Point><coordinates>139.630404,35.611233,0</coordinates></Point></Placemark>
<Placemark><name>クルミドコーヒー</name>
<description><![CDATA[카페 백명점 2025<br/>타베로그 3.74 · 리뷰 968<br/>国分寺구 · 西国分寺駅<br/><a href="https://tabelog.com/tokyo/A1325/A132502/13056474/">타베로그</a>]]></description>
<Point><coordinates>139.46451,35.699027,0</coordinates></Point></Placemark>
<Placemark><name>ザ・ロビー</name>
<description><![CDATA[카페 백명점 2025<br/>타베로그 3.69 · 리뷰 990<br/>지요다구 · 日比谷駅<br/><a href="https://tabelog.com/tokyo/A1301/A130102/13043018/">타베로그</a>]]></description>
<Point><coordinates>139.760315,35.674848,0</coordinates></Point></Placemark>
<Placemark><name>ローズベーカリー 銀座</name>
<description><![CDATA[카페 백명점 2025<br/>타베로그 3.7 · 리뷰 1074<br/>주오구 · 銀座駅<br/><a href="https://tabelog.com/tokyo/A1301/A130101/13138416/">타베로그</a>]]></description>
<Point><coordinates>139.763152,35.670444,0</coordinates></Point></Placemark>
<Placemark><name>カフェ アクイーユ 恵比寿店</name>
<description><![CDATA[카페 백명점 2025<br/>타베로그 3.66 · 리뷰 2668<br/>시부야구 · 代官山駅<br/><a href="https://tabelog.com/tokyo/A1303/A130302/13127590/">타베로그</a>]]></description>
<Point><coordinates>139.706658,35.649341,0</coordinates></Point></Placemark>
<Placemark><name>カンダコーヒー</name>
<description><![CDATA[카페 백명점 2025<br/>타베로그 3.73 · 리뷰 750<br/>지요다구 · 神保町駅<br/><a href="https://tabelog.com/tokyo/A1310/A131003/13133520/">타베로그</a>]]></description>
<Point><coordinates>139.754749,35.69748,0</coordinates></Point></Placemark>
<Placemark><name>すみだ珈琲</name>
<description><![CDATA[카페 백명점 2025<br/>타베로그 3.72 · 리뷰 871<br/>스미다구 · 錦糸町駅<br/><a href="https://tabelog.com/tokyo/A1312/A131201/13120781/">타베로그</a>]]></description>
<Point><coordinates>139.816214,35.701406,0</coordinates></Point></Placemark>
<Placemark><name>自家焙煎珈琲みじんこ</name>
<description><![CDATA[카페 백명점 2025<br/>타베로그 3.78 · 리뷰 2224<br/>분쿄구 · 湯島駅<br/><a href="https://tabelog.com/tokyo/A1310/A131002/13126204/">타베로그</a>]]></description>
<Point><coordinates>139.766914,35.704021,0</coordinates></Point></Placemark>
<Placemark><name>ペリカンカフェ</name>
<description><![CDATA[카페 백명점 2025<br/>타베로그 3.71 · 리뷰 1316<br/>다이토구 · 田原町駅<br/><a href="https://tabelog.com/tokyo/A1311/A131103/13212182/">타베로그</a>]]></description>
<Point><coordinates>139.79117,35.706987,0</coordinates></Point></Placemark>
<Placemark><name>ブリコラージュ ブレッド アンド カンパニー ダイニング・カフェ</name>
<description><![CDATA[카페 백명점 2025<br/>타베로그 3.72 · 리뷰 1040<br/>미나토구 · 六本木駅<br/><a href="https://tabelog.com/tokyo/A1307/A130701/13222793/">타베로그</a>]]></description>
<Point><coordinates>139.728248,35.659195,0</coordinates></Point></Placemark>
<Placemark><name>COFFEE VALLEY</name>
<description><![CDATA[카페 백명점 2025<br/>타베로그 3.71 · 리뷰 2331<br/>도시마구 · 池袋駅<br/><a href="https://tabelog.com/tokyo/A1305/A130501/13175074/">타베로그</a>]]></description>
<Point><coordinates>139.71308,35.727694,0</coordinates></Point></Placemark>
<Placemark><name>AKHA AMA COFFEE KAGURAZAKA</name>
<description><![CDATA[카페 백명점 2025<br/>타베로그 3.67 · 리뷰 920<br/>신주쿠구 · 神楽坂駅<br/><a href="https://tabelog.com/tokyo/A1309/A130905/13248105/">타베로그</a>]]></description>
<Point><coordinates>139.737244,35.704706,0</coordinates></Point></Placemark>
<Placemark><name>ディゾン 水道橋</name>
<description><![CDATA[카페 백명점 2025<br/>타베로그 3.73 · 리뷰 1745<br/>지요다구 · 水道橋駅<br/><a href="https://tabelog.com/tokyo/A1310/A131003/13182399/">타베로그</a>]]></description>
<Point><coordinates>139.755429,35.699523,0</coordinates></Point></Placemark>
<Placemark><name>お茶とお菓子まやんち</name>
<description><![CDATA[카페 백명점 2025<br/>타베로그 3.67 · 리뷰 402<br/>오타구 · 蒲田駅<br/><a href="https://tabelog.com/tokyo/A1315/A131503/13085237/">타베로그</a>]]></description>
<Point><coordinates>139.717216,35.560481,0</coordinates></Point></Placemark>
<Placemark><name>ASAKO IWAYANAGI SALON DE THE</name>
<description><![CDATA[카페 백명점 2025<br/>타베로그 3.68 · 리뷰 541<br/>세타가야구 · 等々力駅<br/><a href="https://tabelog.com/tokyo/A1317/A131715/13264608/">타베로그</a>]]></description>
<Point><coordinates>139.649891,35.608236,0</coordinates></Point></Placemark>
<Placemark><name>東京豆漿生活</name>
<description><![CDATA[카페 백명점 2025<br/>타베로그 3.67 · 리뷰 1550<br/>시나가와구 · 大崎広小路駅<br/><a href="https://tabelog.com/tokyo/A1316/A131603/13231970/">타베로그</a>]]></description>
<Point><coordinates>139.72372,35.623099,0</coordinates></Point></Placemark>
<Placemark><name>CAFE AALIYA</name>
<description><![CDATA[카페 백명점 2025<br/>타베로그 3.75 · 리뷰 3383<br/>신주쿠구 · 新宿三丁目駅<br/><a href="https://tabelog.com/tokyo/A1304/A130401/13012089/">타베로그</a>]]></description>
<Point><coordinates>139.704781,35.690505,0</coordinates></Point></Placemark>
<Placemark><name>DEPOT</name>
<description><![CDATA[카페 백명점 2025<br/>타베로그 3.64 · 리뷰 1914<br/>지요다구 · 東京駅<br/><a href="https://tabelog.com/tokyo/A1302/A130201/13249428/">타베로그</a>]]></description>
<Point><coordinates>139.767435,35.682225,0</coordinates></Point></Placemark>
<Placemark><name>ル・パン・コティディアン 東京ミッドタウン店</name>
<description><![CDATA[카페 백명점 2025<br/>타베로그 3.67 · 리뷰 1118<br/>미나토구 · 六本木駅<br/><a href="https://tabelog.com/tokyo/A1307/A130701/13209416/">타베로그</a>]]></description>
<Point><coordinates>139.730754,35.665711,0</coordinates></Point></Placemark>
<Placemark><name>IVY PLACE</name>
<description><![CDATA[카페 백명점 2025<br/>타베로그 3.69 · 리뷰 4151<br/>시부야구 · 代官山駅<br/><a href="https://tabelog.com/tokyo/A1303/A130303/13134309/">타베로그</a>]]></description>
<Point><coordinates>139.699952,35.649367,0</coordinates></Point></Placemark>
<Placemark><name>カフェ マメヒコ 三軒茶屋本店</name>
<description><![CDATA[카페 백명점 2025<br/>타베로그 3.71 · 리뷰 1110<br/>세타가야구 · 三軒茶屋駅<br/><a href="https://tabelog.com/tokyo/A1317/A131706/13021745/">타베로그</a>]]></description>
<Point><coordinates>139.669207,35.644543,0</coordinates></Point></Placemark>
<Placemark><name>石釜 ベイクブレッド 茶房 タムタム</name>
<description><![CDATA[카페 백명점 2025<br/>타베로그 3.7 · 리뷰 1405<br/>지요다구 · 神保町駅<br/><a href="https://tabelog.com/tokyo/A1310/A131003/13174159/">타베로그</a>]]></description>
<Point><coordinates>139.758749,35.695668,0</coordinates></Point></Placemark>
<Placemark><name>カフェ・ミケランジェロ</name>
<description><![CDATA[카페 백명점 2025<br/>타베로그 3.67 · 리뷰 1667<br/>시부야구 · 代官山駅<br/><a href="https://tabelog.com/tokyo/A1303/A130303/13003369/">타베로그</a>]]></description>
<Point><coordinates>139.699435,35.648597,0</coordinates></Point></Placemark>
<Placemark><name>THE ROASTERY BY NOZY COFFEE</name>
<description><![CDATA[카페 백명점 2025<br/>타베로그 3.71 · 리뷰 1250<br/>시부야구 · 明治神宮前駅<br/><a href="https://tabelog.com/tokyo/A1303/A130301/13161140/">타베로그</a>]]></description>
<Point><coordinates>139.704775,35.665581,0</coordinates></Point></Placemark>
<Placemark><name>ストリーマー コーヒーカンパニー SHIBUYA</name>
<description><![CDATA[카페 백명점 2025<br/>타베로그 3.73 · 리뷰 1293<br/>시부야구 · 渋谷駅<br/><a href="https://tabelog.com/tokyo/A1303/A130301/13109635/">타베로그</a>]]></description>
<Point><coordinates>139.703939,35.663463,0</coordinates></Point></Placemark>
<Placemark><name>一芯二葉</name>
<description><![CDATA[카페 백명점 2025<br/>타베로그 3.67 · 리뷰 258<br/>스기나미구 · 西荻窪駅<br/><a href="https://tabelog.com/tokyo/A1319/A131907/13126324/">타베로그</a>]]></description>
<Point><coordinates>139.60075,35.705749,0</coordinates></Point></Placemark>
<Placemark><name>銀座のジンジャー 銀座本店</name>
<description><![CDATA[카페 백명점 2025<br/>타베로그 3.71 · 리뷰 1112<br/>주오구 · 銀座一丁目駅<br/><a href="https://tabelog.com/tokyo/A1301/A130101/13143693/">타베로그</a>]]></description>
<Point><coordinates>139.767017,35.675132,0</coordinates></Point></Placemark>
<Placemark><name>フェブラリーカフェ</name>
<description><![CDATA[카페 백명점 2025<br/>타베로그 3.65 · 리뷰 725<br/>다이토구 · 浅草（東武・都営・メトロ）駅<br/><a href="https://tabelog.com/tokyo/A1311/A131102/13143292/">타베로그</a>]]></description>
<Point><coordinates>139.794661,35.708312,0</coordinates></Point></Placemark>
<Placemark><name>ザ・ラウンジ byアマン</name>
<description><![CDATA[카페 백명점 2025<br/>타베로그 3.68 · 리뷰 1153<br/>지요다구 · 大手町駅<br/><a href="https://tabelog.com/tokyo/A1302/A130201/13180843/">타베로그</a>]]></description>
<Point><coordinates>139.765376,35.685562,0</coordinates></Point></Placemark>
<Placemark><name>ザ・ロビーラウンジ＆バー</name>
<description><![CDATA[카페 백명점 2025<br/>타베로그 3.66 · 리뷰 704<br/>미나토구 · 六本木駅<br/><a href="https://tabelog.com/tokyo/A1307/A130701/13037931/">타베로그</a>]]></description>
<Point><coordinates>139.731445,35.666438,0</coordinates></Point></Placemark>
<Placemark><name>トラヤ トウキョウ</name>
<description><![CDATA[카페 백명점 2025<br/>타베로그 3.84 · 리뷰 1039<br/>지요다구 · 東京駅<br/><a href="https://tabelog.com/tokyo/A1302/A130201/13147493/">타베로그</a>]]></description>
<Point><coordinates>139.765909,35.680993,0</coordinates></Point></Placemark>
<Placemark><name>Turret Coffee</name>
<description><![CDATA[카페 백명점 2025<br/>타베로그 3.73 · 리뷰 1022<br/>주오구 · 築地駅<br/><a href="https://tabelog.com/tokyo/A1313/A131301/13162482/">타베로그</a>]]></description>
<Point><coordinates>139.772005,35.668048,0</coordinates></Point></Placemark>
<Placemark><name>オールシーズンズ コーヒー</name>
<description><![CDATA[카페 백명점 2025<br/>타베로그 3.68 · 리뷰 1196<br/>신주쿠구 · 新宿御苑前駅<br/><a href="https://tabelog.com/tokyo/A1304/A130401/13187981/">타베로그</a>]]></description>
<Point><coordinates>139.70793,35.689805,0</coordinates></Point></Placemark>
<Placemark><name>ティーハウスタカノ</name>
<description><![CDATA[카페 백명점 2025<br/>타베로그 3.69 · 리뷰 707<br/>지요다구 · 神保町駅<br/><a href="https://tabelog.com/tokyo/A1310/A131003/13000643/">타베로그</a>]]></description>
<Point><coordinates>139.75989,35.695448,0</coordinates></Point></Placemark>
<Placemark><name>ザ・リッツ・カールトン カフェ＆デリ</name>
<description><![CDATA[카페 백명점 2025<br/>타베로그 3.73 · 리뷰 927<br/>미나토구 · 六本木駅<br/><a href="https://tabelog.com/tokyo/A1307/A130701/13037995/">타베로그</a>]]></description>
<Point><coordinates>139.730947,35.66604,0</coordinates></Point></Placemark>
<Placemark><name>ブルー・ブリック・ラウンジ</name>
<description><![CDATA[카페 백명점 2025<br/>타베로그 3.7 · 리뷰 1058<br/>미나토구 · 表参道駅<br/><a href="https://tabelog.com/tokyo/A1306/A130602/13004798/">타베로그</a>]]></description>
<Point><coordinates>139.71485,35.663427,0</coordinates></Point></Placemark>
<Placemark><name>茶茶の間</name>
<description><![CDATA[카페 백명점 2025<br/>타베로그 3.69 · 리뷰 350<br/>시부야구 · 明治神宮前駅<br/><a href="https://tabelog.com/tokyo/A1306/A130601/13043546/">타베로그</a>]]></description>
<Point><coordinates>139.707026,35.666291,0</coordinates></Point></Placemark>
<Placemark><name>ローズベーカリー 丸の内</name>
<description><![CDATA[카페 백명점 2025<br/>타베로그 3.7 · 리뷰 791<br/>지요다구 · 二重橋前駅<br/><a href="https://tabelog.com/tokyo/A1302/A130201/13122282/">타베로그</a>]]></description>
<Point><coordinates>139.762287,35.678984,0</coordinates></Point></Placemark>
<Placemark><name>Nicolai Bergmann NOMU aoyama</name>
<description><![CDATA[카페 백명점 2025<br/>타베로그 3.7 · 리뷰 1281<br/>미나토구 · 表参道駅<br/><a href="https://tabelog.com/tokyo/A1306/A130602/13121811/">타베로그</a>]]></description>
<Point><coordinates>139.712793,35.66305,0</coordinates></Point></Placemark>
<Placemark><name>うさぎや CAFE</name>
<description><![CDATA[카페 백명점 2025<br/>타베로그 3.73 · 리뷰 1301<br/>다이토구 · 上野広小路駅<br/><a href="https://tabelog.com/tokyo/A1311/A131101/13184732/">타베로그</a>]]></description>
<Point><coordinates>139.771617,35.706954,0</coordinates></Point></Placemark>
<Placemark><name>ザ・フレンチトーストファクトリー ヨドバシAkiba店</name>
<description><![CDATA[카페 백명점 2025<br/>타베로그 3.67 · 리뷰 1323<br/>지요다구 · 秋葉原駅<br/><a href="https://tabelog.com/tokyo/A1310/A131001/13189295/">타베로그</a>]]></description>
<Point><coordinates>139.774748,35.698673,0</coordinates></Point></Placemark>
<Placemark><name>茶洒 金田中</name>
<description><![CDATA[카페 백명점 2025<br/>타베로그 3.68 · 리뷰 929<br/>미나토구 · 表参道駅<br/><a href="https://tabelog.com/tokyo/A1306/A130602/13154538/">타베로그</a>]]></description>
<Point><coordinates>139.710574,35.665565,0</coordinates></Point></Placemark>
<Placemark><name>インペリアルラウンジ アクア</name>
<description><![CDATA[카페 백명점 2025<br/>타베로그 3.67 · 리뷰 822<br/>지요다구 · 日比谷駅<br/><a href="https://tabelog.com/tokyo/A1301/A130102/13002297/">타베로그</a>]]></description>
<Point><coordinates>139.758248,35.672329,0</coordinates></Point></Placemark>
<Placemark><name>リュモンコーヒースタンド</name>
<description><![CDATA[카페 백명점 2025<br/>타베로그 3.73 · 리뷰 713<br/>武蔵野구 · 吉祥寺駅<br/><a href="https://tabelog.com/tokyo/A1320/A132001/13129877/">타베로그</a>]]></description>
<Point><coordinates>139.583509,35.70128,0</coordinates></Point></Placemark>
<Placemark><name>BERG</name>
<description><![CDATA[카페 백명점 2025<br/>타베로그 3.74 · 리뷰 2943<br/>신주쿠구 · 新宿駅<br/><a href="https://tabelog.com/tokyo/A1304/A130401/13004332/">타베로그</a>]]></description>
<Point><coordinates>139.700992,35.691837,0</coordinates></Point></Placemark>
<Placemark><name>エスプレッソ ファクトリー</name>
<description><![CDATA[카페 백명점 2025<br/>타베로그 3.69 · 리뷰 519<br/>분쿄구 · 千駄木駅<br/><a href="https://tabelog.com/tokyo/A1311/A131106/13120235/">타베로그</a>]]></description>
<Point><coordinates>139.761409,35.725062,0</coordinates></Point></Placemark>
<Placemark><name>FUGLEN TOKYO</name>
<description><![CDATA[카페 백명점 2025<br/>타베로그 3.71 · 리뷰 1388<br/>시부야구 · 代々木公園駅<br/><a href="https://tabelog.com/tokyo/A1318/A131810/13141002/">타베로그</a>]]></description>
<Point><coordinates>139.692424,35.666649,0</coordinates></Point></Placemark>
<Placemark><name>M＆C Cafe 丸の内オアゾ</name>
<description><![CDATA[카페 백명점 2025<br/>타베로그 3.67 · 리뷰 935<br/>지요다구 · 東京駅<br/><a href="https://tabelog.com/tokyo/A1302/A130201/13010996/">타베로그</a>]]></description>
<Point><coordinates>139.766415,35.68361,0</coordinates></Point></Placemark>
<Placemark><name>Paul Bassett 渋谷ヒカリエ ＳｈiｎＱｓ 東横のれん街店</name>
<description><![CDATA[카페 백명점 2025<br/>타베로그 3.72 · 리뷰 1365<br/>시부야구 · 渋谷駅<br/><a href="https://tabelog.com/tokyo/A1303/A130301/13140156/">타베로그</a>]]></description>
<Point><coordinates>139.703254,35.658747,0</coordinates></Point></Placemark>
<Placemark><name>ル・パン・コティディアン 芝公園店</name>
<description><![CDATA[카페 백명점 2025<br/>타베로그 3.71 · 리뷰 3325<br/>미나토구 · 御成門駅<br/><a href="https://tabelog.com/tokyo/A1314/A131401/13120999/">타베로그</a>]]></description>
<Point><coordinates>139.750119,35.658207,0</coordinates></Point></Placemark>
<Placemark><name>ザ・ロビーラウンジ</name>
<description><![CDATA[카페 백명점 2025<br/>타베로그 3.66 · 리뷰 722<br/>지요다구 · 東京駅<br/><a href="https://tabelog.com/tokyo/A1302/A130201/13072553/">타베로그</a>]]></description>
<Point><coordinates>139.769466,35.682659,0</coordinates></Point></Placemark>
<Placemark><name>カフェーパウリスタ</name>
<description><![CDATA[카페 백명점 2025<br/>타베로그 3.73 · 리뷰 1819<br/>주오구 · 新橋駅<br/><a href="https://tabelog.com/tokyo/A1301/A130103/13002648/">타베로그</a>]]></description>
<Point><coordinates>139.76204,35.668093,0</coordinates></Point></Placemark>
<Placemark><name>グリッチコーヒー&amp;amp;ロースターズ</name>
<description><![CDATA[카페 백명점 2025<br/>타베로그 3.67 · 리뷰 652<br/>지요다구 · 神保町駅<br/><a href="https://tabelog.com/tokyo/A1310/A131003/13180698/">타베로그</a>]]></description>
<Point><coordinates>139.761314,35.693752,0</coordinates></Point></Placemark>
<Placemark><name>チャイブレイク</name>
<description><![CDATA[카페 백명점 2025<br/>타베로그 3.76 · 리뷰 1409<br/>武蔵野구 · 吉祥寺駅<br/><a href="https://tabelog.com/tokyo/A1320/A132001/13098849/">타베로그</a>]]></description>
<Point><coordinates>139.576444,35.701789,0</coordinates></Point></Placemark>
<Placemark><name>カフェ ファソン 中目黒本店</name>
<description><![CDATA[카페 백명점 2025<br/>타베로그 3.75 · 리뷰 1452<br/>메구로구 · 中目黒駅<br/><a href="https://tabelog.com/tokyo/A1317/A131701/13056736/">타베로그</a>]]></description>
<Point><coordinates>139.697974,35.644713,0</coordinates></Point></Placemark>
<Placemark><name>トラヤあんスタンド 新宿店</name>
<description><![CDATA[카페 백명점 2025<br/>타베로그 3.64 · 리뷰 699<br/>시부야구 · 新宿駅<br/><a href="https://tabelog.com/tokyo/A1304/A130403/13193561/">타베로그</a>]]></description>
<Point><coordinates>139.701448,35.688435,0</coordinates></Point></Placemark>
<Placemark><name>Cafe 1894</name>
<description><![CDATA[카페 백명점 2025<br/>타베로그 3.64 · 리뷰 1818<br/>지요다구 · 二重橋前駅<br/><a href="https://tabelog.com/tokyo/A1302/A130201/13096426/">타베로그</a>]]></description>
<Point><coordinates>139.763317,35.678453,0</coordinates></Point></Placemark>
<Placemark><name>Paul Bassett 新宿</name>
<description><![CDATA[카페 백명점 2025<br/>타베로그 3.72 · 리뷰 2472<br/>신주쿠구 · 西新宿駅<br/><a href="https://tabelog.com/tokyo/A1304/A130401/13026041/">타베로그</a>]]></description>
<Point><coordinates>139.695113,35.692838,0</coordinates></Point></Placemark>
<Placemark><name>うぐいすと穀雨</name>
<description><![CDATA[카페 백명점 2025<br/>타베로그 3.67 · 리뷰 348<br/>도시마구 · 雑司が谷（東京メトロ）駅<br/><a href="https://tabelog.com/tokyo/A1305/A130502/13178579/">타베로그</a>]]></description>
<Point><coordinates>139.712862,35.721277,0</coordinates></Point></Placemark>
<Placemark><name>文明堂カフェ</name>
<description><![CDATA[카페 백명점 2025<br/>타베로그 3.72 · 리뷰 1328<br/>주오구 · 三越前駅<br/><a href="https://tabelog.com/tokyo/A1302/A130202/13152670/">타베로그</a>]]></description>
<Point><coordinates>139.77526,35.686401,0</coordinates></Point></Placemark>
<Placemark><name>BiOcafe</name>
<description><![CDATA[카페 백명점 2025<br/>타베로그 3.64 · 리뷰 1367<br/>시부야구 · 渋谷駅<br/><a href="https://tabelog.com/tokyo/A1303/A130301/13004505/">타베로그</a>]]></description>
<Point><coordinates>139.698944,35.661438,0</coordinates></Point></Placemark>
<Placemark><name>es</name>
<description><![CDATA[창작·이노베이티브 백명점 2025<br/>타베로그 3.79 · 리뷰 93<br/>미나토구 · 乃木坂駅<br/><a href="https://tabelog.com/tokyo/A1307/A130701/13276814/">타베로그</a>]]></description>
<Point><coordinates>139.721356,35.661473,0</coordinates></Point></Placemark>
<Placemark><name>No Code</name>
<description><![CDATA[창작·이노베이티브 백명점 2025<br/>타베로그 3.69 · 리뷰 116<br/>미나토구 · 乃木坂駅<br/><a href="https://tabelog.com/tokyo/A1306/A130602/13274639/">타베로그</a>]]></description>
<Point><coordinates>139.720514,35.659987,0</coordinates></Point></Placemark>
<Placemark><name>タパス モラキュラーバー</name>
<description><![CDATA[창작·이노베이티브 백명점 2025<br/>타베로그 3.56 · 리뷰 194<br/>주오구 · 三越前駅<br/><a href="https://tabelog.com/tokyo/A1302/A130202/13020501/">타베로그</a>]]></description>
<Point><coordinates>139.773057,35.687058,0</coordinates></Point></Placemark>
<Placemark><name>蒼</name>
<description><![CDATA[창작·이노베이티브 백명점 2025<br/>타베로그 4.62 · 리뷰 563<br/>미나토구 · 六本木駅<br/><a href="https://tabelog.com/tokyo/A1307/A130701/13243463/">타베로그</a>]]></description>
<Point><coordinates>139.725267,35.660044,0</coordinates></Point></Placemark>
<Placemark><name>マルゴット エ バッチャーレ</name>
<description><![CDATA[창작·이노베이티브 백명점 2025<br/>타베로그 3.84 · 리뷰 450<br/>미나토구 · 広尾駅<br/><a href="https://tabelog.com/tokyo/A1307/A130703/13172139/">타베로그</a>]]></description>
<Point><coordinates>139.723457,35.658173,0</coordinates></Point></Placemark>
<Placemark><name>美会</name>
<description><![CDATA[창작·이노베이티브 백명점 2025<br/>타베로그 4.35 · 리뷰 491<br/>미나토구 · 乃木坂駅<br/><a href="https://tabelog.com/tokyo/A1307/A130701/13270211/">타베로그</a>]]></description>
<Point><coordinates>139.72795,35.665368,0</coordinates></Point></Placemark>
<Placemark><name>伊ざき</name>
<description><![CDATA[창작·이노베이티브 백명점 2025<br/>타베로그 3.93 · 리뷰 135<br/>미나토구 · 白金台駅<br/><a href="https://tabelog.com/tokyo/A1316/A131602/13295225/">타베로그</a>]]></description>
<Point><coordinates>139.72616,35.638088,0</coordinates></Point></Placemark>
<Placemark><name>クイント</name>
<description><![CDATA[창작·이노베이티브 백명점 2025<br/>타베로그 3.88 · 리뷰 123<br/>메구로구 · 池尻大橋駅<br/><a href="https://tabelog.com/tokyo/A1317/A131701/13285235/">타베로그</a>]]></description>
<Point><coordinates>139.689632,35.644785,0</coordinates></Point></Placemark>
<Placemark><name>MAZ</name>
<description><![CDATA[창작·이노베이티브 백명점 2025<br/>타베로그 4.05 · 리뷰 266<br/>지요다구 · 永田町駅<br/><a href="https://tabelog.com/tokyo/A1308/A130803/13270953/">타베로그</a>]]></description>
<Point><coordinates>139.737672,35.679435,0</coordinates></Point></Placemark>
<Placemark><name>NARISAWA</name>
<description><![CDATA[창작·이노베이티브 백명점 2025<br/>타베로그 4.24 · 리뷰 776<br/>미나토구 · 青山一丁目駅<br/><a href="https://tabelog.com/tokyo/A1306/A130603/13005423/">타베로그</a>]]></description>
<Point><coordinates>139.721897,35.671574,0</coordinates></Point></Placemark>
<Placemark><name>KINO_</name>
<description><![CDATA[창작·이노베이티브 백명점 2025<br/>타베로그 3.99 · 리뷰 502<br/>시부야구 · 代々木駅<br/><a href="https://tabelog.com/tokyo/A1304/A130403/13285210/">타베로그</a>]]></description>
<Point><coordinates>139.700776,35.683612,0</coordinates></Point></Placemark>
<Placemark><name>CHIUnE</name>
<description><![CDATA[창작·이노베이티브 백명점 2025<br/>타베로그 4.5 · 리뷰 219<br/>지요다구 · 永田町駅<br/><a href="https://tabelog.com/tokyo/A1308/A130801/13295095/">타베로그</a>]]></description>
<Point><coordinates>139.737656,35.679388,0</coordinates></Point></Placemark>
<Placemark><name>薫 HIROO</name>
<description><![CDATA[창작·이노베이티브 백명점 2025<br/>타베로그 4.3 · 리뷰 260<br/>미나토구 · 広尾駅<br/><a href="https://tabelog.com/tokyo/A1307/A130703/13238442/">타베로그</a>]]></description>
<Point><coordinates>139.723717,35.65119,0</coordinates></Point></Placemark>
<Placemark><name>シャテーニュ</name>
<description><![CDATA[창작·이노베이티브 백명점 2025<br/>타베로그 3.68 · 리뷰 233<br/>신주쿠구 · 神楽坂駅<br/><a href="https://tabelog.com/tokyo/A1309/A130905/13234863/">타베로그</a>]]></description>
<Point><coordinates>139.737134,35.703502,0</coordinates></Point></Placemark>
<Placemark><name>傳</name>
<description><![CDATA[창작·이노베이티브 백명점 2025<br/>타베로그 4.32 · 리뷰 334<br/>시부야구 · 外苑前駅<br/><a href="https://tabelog.com/tokyo/A1306/A130603/13046855/">타베로그</a>]]></description>
<Point><coordinates>139.712729,35.673185,0</coordinates></Point></Placemark>
<Placemark><name>デンクシフロリ</name>
<description><![CDATA[창작·이노베이티브 백명점 2025<br/>타베로그 3.68 · 리뷰 298<br/>미나토구 · 表参道駅<br/><a href="https://tabelog.com/tokyo/A1306/A130602/13251137/">타베로그</a>]]></description>
<Point><coordinates>139.708943,35.663933,0</coordinates></Point></Placemark>
<Placemark><name>ア・ニュ Shohei Shimono</name>
<description><![CDATA[창작·이노베이티브 백명점 2025<br/>타베로그 3.79 · 리뷰 152<br/>시부야구 · 広尾駅<br/><a href="https://tabelog.com/tokyo/A1307/A130703/13238000/">타베로그</a>]]></description>
<Point><coordinates>139.719969,35.649074,0</coordinates></Point></Placemark>
<Placemark><name>SUGALABO</name>
<description><![CDATA[창작·이노베이티브 백명점 2025<br/>타베로그 4.46 · 리뷰 866<br/>미나토구 · 神谷町駅<br/><a href="https://tabelog.com/tokyo/A1307/A130704/13182678/">타베로그</a>]]></description>
<Point><coordinates>139.743647,35.661057,0</coordinates></Point></Placemark>
<Placemark><name>SECRETO</name>
<description><![CDATA[창작·이노베이티브 백명점 2025<br/>타베로그 4.29 · 리뷰 510<br/>신주쿠구 · 牛込神楽坂駅<br/><a href="https://tabelog.com/tokyo/A1309/A130905/13213559/">타베로그</a>]]></description>
<Point><coordinates>139.731214,35.698344,0</coordinates></Point></Placemark>
<Placemark><name>長谷川 稔</name>
<description><![CDATA[창작·이노베이티브 백명점 2025<br/>타베로그 4.24 · 리뷰 265<br/>미나토구 · 広尾駅<br/><a href="https://tabelog.com/tokyo/A1307/A130703/13220575/">타베로그</a>]]></description>
<Point><coordinates>139.723724,35.651084,0</coordinates></Point></Placemark>
<Placemark><name>ete</name>
<description><![CDATA[창작·이노베이티브 백명점 2025<br/>타베로그 4.24 · 리뷰 131<br/>시부야구 · 代々木上原駅<br/><a href="https://tabelog.com/tokyo/A1318/A131811/13249143/">타베로그</a>]]></description>
<Point><coordinates>139.683513,35.67059,0</coordinates></Point></Placemark>
<Placemark><name>SPICE LAB TOKYO</name>
<description><![CDATA[창작·이노베이티브 백명점 2025<br/>타베로그 3.68 · 리뷰 681<br/>주오구 · 銀座駅<br/><a href="https://tabelog.com/tokyo/A1301/A130101/13240579/">타베로그</a>]]></description>
<Point><coordinates>139.761983,35.671611,0</coordinates></Point></Placemark>
<Placemark><name>Metis 六本木</name>
<description><![CDATA[창작·이노베이티브 백명점 2025<br/>타베로그 4 · 리뷰 238<br/>미나토구 · 六本木一丁目駅<br/><a href="https://tabelog.com/tokyo/A1307/A130702/13280829/">타베로그</a>]]></description>
<Point><coordinates>139.737041,35.661084,0</coordinates></Point></Placemark>
<Placemark><name>LOOP TOKYO</name>
<description><![CDATA[창작·이노베이티브 백명점 2025<br/>타베로그 3.7 · 리뷰 92<br/>다이토구 · 浅草（つくばＥＸＰ）駅<br/><a href="https://tabelog.com/tokyo/A1311/A131102/13274915/">타베로그</a>]]></description>
<Point><coordinates>139.791221,35.712791,0</coordinates></Point></Placemark>
<Placemark><name>sio</name>
<description><![CDATA[창작·이노베이티브 백명점 2025<br/>타베로그 3.87 · 리뷰 950<br/>시부야구 · 代々木上原駅<br/><a href="https://tabelog.com/tokyo/A1318/A131811/13150395/">타베로그</a>]]></description>
<Point><coordinates>139.682143,35.66959,0</coordinates></Point></Placemark>
<Placemark><name>TexturA</name>
<description><![CDATA[창작·이노베이티브 백명점 2025<br/>타베로그 3.74 · 리뷰 2771<br/>지요다구 · 日比谷駅<br/><a href="https://tabelog.com/tokyo/A1301/A130102/13232958/">타베로그</a>]]></description>
<Point><coordinates>139.761256,35.674419,0</coordinates></Point></Placemark>
<Placemark><name>セララバアド</name>
<description><![CDATA[창작·이노베이티브 백명점 2025<br/>타베로그 3.7 · 리뷰 555<br/>시부야구 · 代々木上原駅<br/><a href="https://tabelog.com/tokyo/A1318/A131811/13176914/">타베로그</a>]]></description>
<Point><coordinates>139.684192,35.665798,0</coordinates></Point></Placemark>
<Placemark><name>エスキス</name>
<description><![CDATA[프렌치 백명점 2025<br/>타베로그 4.3 · 리뷰 1190<br/>주오구 · 銀座駅<br/><a href="https://tabelog.com/tokyo/A1301/A130101/13142530/">타베로그</a>]]></description>
<Point><coordinates>139.763339,35.671725,0</coordinates></Point></Placemark>
<Placemark><name>ルカンケ</name>
<description><![CDATA[프렌치 백명점 2025<br/>타베로그 3.84 · 리뷰 945<br/>미나토구 · 白金台駅<br/><a href="https://tabelog.com/tokyo/A1316/A131602/13099717/">타베로그</a>]]></description>
<Point><coordinates>139.723311,35.6376,0</coordinates></Point></Placemark>
<Placemark><name>AMOUR</name>
<description><![CDATA[프렌치 백명점 2025<br/>타베로그 3.74 · 리뷰 344<br/>시부야구 · 恵比寿駅<br/><a href="https://tabelog.com/tokyo/A1303/A130302/13142028/">타베로그</a>]]></description>
<Point><coordinates>139.714159,35.64876,0</coordinates></Point></Placemark>
<Placemark><name>クラフタル</name>
<description><![CDATA[프렌치 백명점 2025<br/>타베로그 3.78 · 리뷰 626<br/>메구로구 · 中目黒駅<br/><a href="https://tabelog.com/tokyo/A1317/A131701/13186719/">타베로그</a>]]></description>
<Point><coordinates>139.696516,35.64743,0</coordinates></Point></Placemark>
<Placemark><name>L&amp;#39;Octave Hayato KOBAYASHI</name>
<description><![CDATA[프렌치 백명점 2025<br/>타베로그 3.73 · 리뷰 202<br/>시부야구 · 北参道駅<br/><a href="https://tabelog.com/tokyo/A1309/A130901/13186978/">타베로그</a>]]></description>
<Point><coordinates>139.707709,35.677588,0</coordinates></Point></Placemark>
<Placemark><name>Alternative</name>
<description><![CDATA[프렌치 백명점 2025<br/>타베로그 3.74 · 리뷰 99<br/>미나토구 · 広尾駅<br/><a href="https://tabelog.com/tokyo/A1316/A131602/13263812/">타베로그</a>]]></description>
<Point><coordinates>139.72373,35.645324,0</coordinates></Point></Placemark>
<Placemark><name>ラ ターブル ドゥ ジョエル・ロブション</name>
<description><![CDATA[프렌치 백명점 2025<br/>타베로그 3.77 · 리뷰 1082<br/>메구로구 · 恵比寿駅<br/><a href="https://tabelog.com/tokyo/A1303/A130302/13010725/">타베로그</a>]]></description>
<Point><coordinates>139.714546,35.641923,0</coordinates></Point></Placemark>
<Placemark><name>ベージュ アラン・デュカス 東京</name>
<description><![CDATA[프렌치 백명점 2025<br/>타베로그 3.78 · 리뷰 1065<br/>주오구 · 銀座一丁目駅<br/><a href="https://tabelog.com/tokyo/A1301/A130101/13010470/">타베로그</a>]]></description>
<Point><coordinates>139.766543,35.673098,0</coordinates></Point></Placemark>
<Placemark><name>シェ オリビエ</name>
<description><![CDATA[프렌치 백명점 2025<br/>타베로그 3.73 · 리뷰 332<br/>지요다구 · 市ケ谷駅<br/><a href="https://tabelog.com/tokyo/A1309/A130904/13097060/">타베로그</a>]]></description>
<Point><coordinates>139.741199,35.691617,0</coordinates></Point></Placemark>
<Placemark><name>レ セゾン</name>
<description><![CDATA[프렌치 백명점 2025<br/>타베로그 4.28 · 리뷰 1116<br/>지요다구 · 日比谷駅<br/><a href="https://tabelog.com/tokyo/A1301/A130102/13002294/">타베로그</a>]]></description>
<Point><coordinates>139.758348,35.672414,0</coordinates></Point></Placemark>
<Placemark><name>ウラノ</name>
<description><![CDATA[프렌치 백명점 2025<br/>타베로그 3.75 · 리뷰 80<br/>지요다구 · 市ケ谷駅<br/><a href="https://tabelog.com/tokyo/A1309/A130904/13232449/">타베로그</a>]]></description>
<Point><coordinates>139.742671,35.692296,0</coordinates></Point></Placemark>
<Placemark><name>ラトラス</name>
<description><![CDATA[프렌치 백명점 2025<br/>타베로그 3.76 · 리뷰 442<br/>신주쿠구 · 神楽坂駅<br/><a href="https://tabelog.com/tokyo/A1309/A130905/13059639/">타베로그</a>]]></description>
<Point><coordinates>139.737925,35.703346,0</coordinates></Point></Placemark>
<Placemark><name>ラシェット・ブランシュ</name>
<description><![CDATA[프렌치 백명점 2025<br/>타베로그 3.88 · 리뷰 383<br/>미나토구 · 白金高輪駅<br/><a href="https://tabelog.com/tokyo/A1316/A131602/13004471/">타베로그</a>]]></description>
<Point><coordinates>139.731124,35.646707,0</coordinates></Point></Placemark>
<Placemark><name>Héritage by Kei Kobayashi</name>
<description><![CDATA[프렌치 백명점 2025<br/>타베로그 4.01 · 리뷰 290<br/>미나토구 · 六本木駅<br/><a href="https://tabelog.com/tokyo/A1307/A130701/13293593/">타베로그</a>]]></description>
<Point><coordinates>139.731287,35.666302,0</coordinates></Point></Placemark>
<Placemark><name>ラ ペ</name>
<description><![CDATA[프렌치 백명점 2025<br/>타베로그 3.97 · 리뷰 713<br/>주오구 · 三越前駅<br/><a href="https://tabelog.com/tokyo/A1302/A130202/13173559/">타베로그</a>]]></description>
<Point><coordinates>139.775581,35.685105,0</coordinates></Point></Placemark>
<Placemark><name>銀座 大石</name>
<description><![CDATA[프렌치 백명점 2025<br/>타베로그 4.45 · 리뷰 898<br/>주오구 · 銀座一丁目駅<br/><a href="https://tabelog.com/tokyo/A1301/A130101/13238352/">타베로그</a>]]></description>
<Point><coordinates>139.768323,35.672081,0</coordinates></Point></Placemark>
<Placemark><name>アルゴリズム</name>
<description><![CDATA[프렌치 백명점 2025<br/>타베로그 3.92 · 리뷰 553<br/>미나토구 · 白金台駅<br/><a href="https://tabelog.com/tokyo/A1316/A131602/13213150/">타베로그</a>]]></description>
<Point><coordinates>139.724816,35.644391,0</coordinates></Point></Placemark>
<Placemark><name>ラ・マティエール</name>
<description><![CDATA[프렌치 백명점 2025<br/>타베로그 3.74 · 리뷰 497<br/>신주쿠구 · 神楽坂駅<br/><a href="https://tabelog.com/tokyo/A1309/A130905/13025251/">타베로그</a>]]></description>
<Point><coordinates>139.736302,35.703833,0</coordinates></Point></Placemark>
<Placemark><name>ラチュレ</name>
<description><![CDATA[프렌치 백명점 2025<br/>타베로그 4.26 · 리뷰 3213<br/>시부야구 · 表参道駅<br/><a href="https://tabelog.com/tokyo/A1303/A130301/13198692/">타베로그</a>]]></description>
<Point><coordinates>139.70853,35.660767,0</coordinates></Point></Placemark>
<Placemark><name>フランス料理 タンモア</name>
<description><![CDATA[프렌치 백명점 2025<br/>타베로그 3.77 · 리뷰 181<br/>미나토구 · 乃木坂駅<br/><a href="https://tabelog.com/tokyo/A1307/A130701/13225590/">타베로그</a>]]></description>
<Point><coordinates>139.730679,35.669714,0</coordinates></Point></Placemark>
<Placemark><name>AZUR et MASA UEKI</name>
<description><![CDATA[프렌치 백명점 2025<br/>타베로그 4.02 · 리뷰 664<br/>미나토구 · 乃木坂駅<br/><a href="https://tabelog.com/tokyo/A1307/A130701/13206559/">타베로그</a>]]></description>
<Point><coordinates>139.721812,35.661008,0</coordinates></Point></Placemark>
<Placemark><name>エディション・コウジ シモムラ</name>
<description><![CDATA[프렌치 백명점 2025<br/>타베로그 4.06 · 리뷰 769<br/>미나토구 · 六本木一丁目駅<br/><a href="https://tabelog.com/tokyo/A1307/A130701/13042074/">타베로그</a>]]></description>
<Point><coordinates>139.738231,35.665551,0</coordinates></Point></Placemark>
<Placemark><name>ル スプートニク</name>
<description><![CDATA[프렌치 백명점 2025<br/>타베로그 3.79 · 리뷰 487<br/>미나토구 · 六本木駅<br/><a href="https://tabelog.com/tokyo/A1307/A130701/13184105/">타베로그</a>]]></description>
<Point><coordinates>139.729885,35.664435,0</coordinates></Point></Placemark>
<Placemark><name>unis</name>
<description><![CDATA[프렌치 백명점 2025<br/>타베로그 4.22 · 리뷰 293<br/>미나토구 · 虎ノ門ヒルズ駅<br/><a href="https://tabelog.com/tokyo/A1308/A130802/13253159/">타베로그</a>]]></description>
<Point><coordinates>139.748227,35.666786,0</coordinates></Point></Placemark>
<Placemark><name>Alchimiste</name>
<description><![CDATA[프렌치 백명점 2025<br/>타베로그 3.94 · 리뷰 292<br/>미나토구 · 白金台駅<br/><a href="https://tabelog.com/tokyo/A1316/A131602/13256112/">타베로그</a>]]></description>
<Point><coordinates>139.723192,35.637552,0</coordinates></Point></Placemark>
<Placemark><name>ソンブルイユ</name>
<description><![CDATA[프렌치 백명점 2025<br/>타베로그 3.77 · 리뷰 310<br/>지요다구 · 飯田橋駅<br/><a href="https://tabelog.com/tokyo/A1309/A130905/13211031/">타베로그</a>]]></description>
<Point><coordinates>139.745024,35.698022,0</coordinates></Point></Placemark>
<Placemark><name>フランス料理 エステール by アラン・デュカス</name>
<description><![CDATA[프렌치 백명점 2025<br/>타베로그 3.91 · 리뷰 323<br/>지요다구 · 大手町駅<br/><a href="https://tabelog.com/tokyo/A1302/A130201/13239843/">타베로그</a>]]></description>
<Point><coordinates>139.761229,35.684509,0</coordinates></Point></Placemark>
<Placemark><name>レストラン・サカキ</name>
<description><![CDATA[프렌치 백명점 2025<br/>타베로그 3.73 · 리뷰 1878<br/>주오구 · 宝町駅<br/><a href="https://tabelog.com/tokyo/A1302/A130202/13002443/">타베로그</a>]]></description>
<Point><coordinates>139.771482,35.67602,0</coordinates></Point></Placemark>
<Placemark><name>ボニュ</name>
<description><![CDATA[프렌치 백명점 2025<br/>타베로그 4.25 · 리뷰 361<br/>시부야구 · 参宮橋駅<br/><a href="https://tabelog.com/tokyo/A1304/A130401/13184186/">타베로그</a>]]></description>
<Point><coordinates>139.691286,35.681262,0</coordinates></Point></Placemark>
<Placemark><name>sincere</name>
<description><![CDATA[프렌치 백명점 2025<br/>타베로그 4.02 · 리뷰 659<br/>시부야구 · 北参道駅<br/><a href="https://tabelog.com/tokyo/A1309/A130901/13194253/">타베로그</a>]]></description>
<Point><coordinates>139.704316,35.6769,0</coordinates></Point></Placemark>
<Placemark><name>レストラン マノワ</name>
<description><![CDATA[프렌치 백명점 2025<br/>타베로그 3.87 · 리뷰 772<br/>시부야구 · 広尾駅<br/><a href="https://tabelog.com/tokyo/A1303/A130302/13133477/">타베로그</a>]]></description>
<Point><coordinates>139.717205,35.648427,0</coordinates></Point></Placemark>
<Placemark><name>KOTARO Hasegawa DOWNTOWN CUISINE</name>
<description><![CDATA[프렌치 백명점 2025<br/>타베로그 3.81 · 리뷰 94<br/>다이토구 · 新御徒町駅<br/><a href="https://tabelog.com/tokyo/A1311/A131101/13229542/">타베로그</a>]]></description>
<Point><coordinates>139.781104,35.705746,0</coordinates></Point></Placemark>
<Placemark><name>Florilege</name>
<description><![CDATA[프렌치 백명점 2025<br/>타베로그 4.14 · 리뷰 384<br/>미나토구 · 神谷町駅<br/><a href="https://tabelog.com/tokyo/A1307/A130704/13289651/">타베로그</a>]]></description>
<Point><coordinates>139.743455,35.661617,0</coordinates></Point></Placemark>
<Placemark><name>ラ・ボンヌターブル</name>
<description><![CDATA[프렌치 백명점 2025<br/>타베로그 3.77 · 리뷰 1570<br/>주오구 · 三越前駅<br/><a href="https://tabelog.com/tokyo/A1302/A130202/13166325/">타베로그</a>]]></description>
<Point><coordinates>139.774849,35.686708,0</coordinates></Point></Placemark>
<Placemark><name>レストラン リューズ</name>
<description><![CDATA[프렌치 백명점 2025<br/>타베로그 4.07 · 리뷰 1001<br/>미나토구 · 六本木駅<br/><a href="https://tabelog.com/tokyo/A1307/A130701/13122126/">타베로그</a>]]></description>
<Point><coordinates>139.733463,35.664716,0</coordinates></Point></Placemark>
<Placemark><name>レフェルヴェソンス</name>
<description><![CDATA[프렌치 백명점 2025<br/>타베로그 4.48 · 리뷰 1764<br/>미나토구 · 表参道駅<br/><a href="https://tabelog.com/tokyo/A1306/A130602/13116356/">타베로그</a>]]></description>
<Point><coordinates>139.719414,35.660222,0</coordinates></Point></Placemark>
<Placemark><name>Jfree</name>
<description><![CDATA[프렌치 백명점 2025<br/>타베로그 4.07 · 리뷰 180<br/>신주쿠구 · 飯田橋駅<br/><a href="https://tabelog.com/tokyo/A1309/A130905/13279528/">타베로그</a>]]></description>
<Point><coordinates>139.741939,35.70124,0</coordinates></Point></Placemark>
<Placemark><name>メゾン ポール・ボキューズ</name>
<description><![CDATA[프렌치 백명점 2025<br/>타베로그 3.73 · 리뷰 943<br/>시부야구 · 代官山駅<br/><a href="https://tabelog.com/tokyo/A1303/A130303/13040327/">타베로그</a>]]></description>
<Point><coordinates>139.698729,35.649462,0</coordinates></Point></Placemark>
<Placemark><name>シグネチャー</name>
<description><![CDATA[프렌치 백명점 2025<br/>타베로그 3.78 · 리뷰 634<br/>주오구 · 三越前駅<br/><a href="https://tabelog.com/tokyo/A1302/A130202/13020360/">타베로그</a>]]></description>
<Point><coordinates>139.773156,35.687062,0</coordinates></Point></Placemark>
<Placemark><name>abysse</name>
<description><![CDATA[프렌치 백명점 2025<br/>타베로그 3.79 · 리뷰 295<br/>시부야구 · 代官山駅<br/><a href="https://tabelog.com/tokyo/A1303/A130302/13232482/">타베로그</a>]]></description>
<Point><coordinates>139.705678,35.648478,0</coordinates></Point></Placemark>
<Placemark><name>SEZANNE</name>
<description><![CDATA[프렌치 백명점 2025<br/>타베로그 4.47 · 리뷰 562<br/>지요다구 · 京橋駅<br/><a href="https://tabelog.com/tokyo/A1302/A130201/13256878/">타베로그</a>]]></description>
<Point><coordinates>139.766879,35.678097,0</coordinates></Point></Placemark>
<Placemark><name>Crony</name>
<description><![CDATA[프렌치 백명점 2025<br/>타베로그 3.76 · 리뷰 249<br/>미나토구 · 赤羽橋駅<br/><a href="https://tabelog.com/tokyo/A1314/A131401/13256097/">타베로그</a>]]></description>
<Point><coordinates>139.743307,35.655792,0</coordinates></Point></Placemark>
<Placemark><name>l&amp;#39;elan</name>
<description><![CDATA[프렌치 백명점 2025<br/>타베로그 3.89 · 리뷰 74<br/>시부야구 · 明治神宮前駅<br/><a href="https://tabelog.com/tokyo/A1306/A130601/13243117/">타베로그</a>]]></description>
<Point><coordinates>139.706863,35.667462,0</coordinates></Point></Placemark>
<Placemark><name>レザンファン ギャテ</name>
<description><![CDATA[프렌치 백명점 2025<br/>타베로그 3.71 · 리뷰 756<br/>시부야구 · 代官山駅<br/><a href="https://tabelog.com/tokyo/A1303/A130303/13039567/">타베로그</a>]]></description>
<Point><coordinates>139.704954,35.653124,0</coordinates></Point></Placemark>
<Placemark><name>オマージュ</name>
<description><![CDATA[프렌치 백명점 2025<br/>타베로그 4.12 · 리뷰 799<br/>다이토구 · 浅草（つくばＥＸＰ）駅<br/><a href="https://tabelog.com/tokyo/A1311/A131102/13008700/">타베로그</a>]]></description>
<Point><coordinates>139.797023,35.718468,0</coordinates></Point></Placemark>
<Placemark><name>銀座 レカン</name>
<description><![CDATA[프렌치 백명점 2025<br/>타베로그 4.08 · 리뷰 1220<br/>주오구 · 銀座駅<br/><a href="https://tabelog.com/tokyo/A1301/A130101/13002444/">타베로그</a>]]></description>
<Point><coordinates>139.76542,35.671882,0</coordinates></Point></Placemark>
<Placemark><name>apothéose</name>
<description><![CDATA[프렌치 백명점 2025<br/>타베로그 3.98 · 리뷰 180<br/>미나토구 · 虎ノ門ヒルズ駅<br/><a href="https://tabelog.com/tokyo/A1308/A130802/13289349/">타베로그</a>]]></description>
<Point><coordinates>139.746719,35.66787,0</coordinates></Point></Placemark>
<Placemark><name>アン ファス</name>
<description><![CDATA[프렌치 백명점 2025<br/>타베로그 3.78 · 리뷰 458<br/>주오구 · 人形町駅<br/><a href="https://tabelog.com/tokyo/A1302/A130204/13238193/">타베로그</a>]]></description>
<Point><coordinates>139.784503,35.685347,0</coordinates></Point></Placemark>
<Placemark><name>レストランひらまつ 広尾</name>
<description><![CDATA[프렌치 백명점 2025<br/>타베로그 3.7 · 리뷰 565<br/>미나토구 · 広尾駅<br/><a href="https://tabelog.com/tokyo/A1307/A130703/13001590/">타베로그</a>]]></description>
<Point><coordinates>139.722924,35.651009,0</coordinates></Point></Placemark>
<Placemark><name>モノリス</name>
<description><![CDATA[프렌치 백명점 2025<br/>타베로그 4.04 · 리뷰 722<br/>시부야구 · 渋谷駅<br/><a href="https://tabelog.com/tokyo/A1303/A130301/13108686/">타베로그</a>]]></description>
<Point><coordinates>139.708299,35.660015,0</coordinates></Point></Placemark>
<Placemark><name>トゥールダルジャン 東京</name>
<description><![CDATA[프렌치 백명점 2025<br/>타베로그 3.95 · 리뷰 800<br/>지요다구 · 赤坂見附駅<br/><a href="https://tabelog.com/tokyo/A1308/A130803/13000288/">타베로그</a>]]></description>
<Point><coordinates>139.73405,35.680919,0</coordinates></Point></Placemark>
<Placemark><name>マダム・トキ</name>
<description><![CDATA[프렌치 백명점 2025<br/>타베로그 3.81 · 리뷰 1459<br/>시부야구 · 代官山駅<br/><a href="https://tabelog.com/tokyo/A1303/A130303/13001707/">타베로그</a>]]></description>
<Point><coordinates>139.697061,35.65084,0</coordinates></Point></Placemark>
<Placemark><name>アピシウス</name>
<description><![CDATA[프렌치 백명점 2025<br/>타베로그 4.27 · 리뷰 1462<br/>지요다구 · 日比谷駅<br/><a href="https://tabelog.com/tokyo/A1301/A130102/13000145/">타베로그</a>]]></description>
<Point><coordinates>139.761115,35.675255,0</coordinates></Point></Placemark>
<Placemark><name>caillou</name>
<description><![CDATA[프렌치 백명점 2025<br/>타베로그 4.09 · 리뷰 333<br/>메구로구 · 西小山駅<br/><a href="https://tabelog.com/tokyo/A1317/A131710/13279829/">타베로그</a>]]></description>
<Point><coordinates>139.698558,35.616082,0</coordinates></Point></Placemark>
<Placemark><name>recte</name>
<description><![CDATA[프렌치 백명점 2025<br/>타베로그 4.17 · 리뷰 600<br/>시부야구 · 代官山駅<br/><a href="https://tabelog.com/tokyo/A1303/A130303/13036041/">타베로그</a>]]></description>
<Point><coordinates>139.705965,35.648939,0</coordinates></Point></Placemark>
<Placemark><name>jinen.</name>
<description><![CDATA[프렌치 백명점 2025<br/>타베로그 4.1 · 리뷰 231<br/>시부야구 · 神泉駅<br/><a href="https://tabelog.com/tokyo/A1303/A130301/13263230/">타베로그</a>]]></description>
<Point><coordinates>139.697576,35.654204,0</coordinates></Point></Placemark>
<Placemark><name>ラミティエ</name>
<description><![CDATA[프렌치 백명점 2025<br/>타베로그 3.72 · 리뷰 927<br/>신주쿠구 · 高田馬場駅<br/><a href="https://tabelog.com/tokyo/A1305/A130503/13004131/">타베로그</a>]]></description>
<Point><coordinates>139.707967,35.712111,0</coordinates></Point></Placemark>
<Placemark><name>ASAHINA Gastronome</name>
<description><![CDATA[프렌치 백명점 2025<br/>타베로그 4.31 · 리뷰 679<br/>주오구 · 茅場町駅<br/><a href="https://tabelog.com/tokyo/A1302/A130203/13227385/">타베로그</a>]]></description>
<Point><coordinates>139.779333,35.682717,0</coordinates></Point></Placemark>
<Placemark><name>naoto.K</name>
<description><![CDATA[프렌치 백명점 2025<br/>타베로그 3.89 · 리뷰 126<br/>지요다구 · 小川町駅<br/><a href="https://tabelog.com/tokyo/A1310/A131002/13261755/">타베로그</a>]]></description>
<Point><coordinates>139.76336,35.692483,0</coordinates></Point></Placemark>
<Placemark><name>ラトリエ ドゥ ジョエル・ロブション</name>
<description><![CDATA[프렌치 백명점 2025<br/>타베로그 3.96 · 리뷰 1363<br/>미나토구 · 六本木駅<br/><a href="https://tabelog.com/tokyo/A1307/A130701/13005334/">타베로그</a>]]></description>
<Point><coordinates>139.729441,35.660125,0</coordinates></Point></Placemark>
<Placemark><name>シャントレル</name>
<description><![CDATA[프렌치 백명점 2025<br/>타베로그 3.88 · 리뷰 218<br/>시부야구 · 代々木八幡駅<br/><a href="https://tabelog.com/tokyo/A1318/A131810/13128296/">타베로그</a>]]></description>
<Point><coordinates>139.685792,35.670765,0</coordinates></Point></Placemark>
<Placemark><name>ジョンティ アッシュ</name>
<description><![CDATA[프렌치 백명점 2025<br/>타베로그 3.77 · 리뷰 460<br/>미나토구 · 白金台駅<br/><a href="https://tabelog.com/tokyo/A1316/A131602/13056132/">타베로그</a>]]></description>
<Point><coordinates>139.723353,35.637187,0</coordinates></Point></Placemark>
<Placemark><name>レストラン ラ フィネス</name>
<description><![CDATA[프렌치 백명점 2025<br/>타베로그 3.89 · 리뷰 262<br/>미나토구 · 新橋駅<br/><a href="https://tabelog.com/tokyo/A1301/A130103/13139171/">타베로그</a>]]></description>
<Point><coordinates>139.75667,35.664256,0</coordinates></Point></Placemark>
<Placemark><name>ドミニク・ブシェ トーキョー</name>
<description><![CDATA[프렌치 백명점 2025<br/>타베로그 4.01 · 리뷰 517<br/>주오구 · 銀座一丁目駅<br/><a href="https://tabelog.com/tokyo/A1301/A130101/13183610/">타베로그</a>]]></description>
<Point><coordinates>139.767305,35.674817,0</coordinates></Point></Placemark>
<Placemark><name>ル・マンジュ・トゥー</name>
<description><![CDATA[프렌치 백명점 2025<br/>타베로그 3.85 · 리뷰 330<br/>신주쿠구 · 牛込神楽坂駅<br/><a href="https://tabelog.com/tokyo/A1309/A130905/13000469/">타베로그</a>]]></description>
<Point><coordinates>139.732409,35.698055,0</coordinates></Point></Placemark>
<Placemark><name>ラ・トゥーエル</name>
<description><![CDATA[프렌치 백명점 2025<br/>타베로그 3.79 · 리뷰 644<br/>신주쿠구 · 神楽坂駅<br/><a href="https://tabelog.com/tokyo/A1309/A130905/13000457/">타베로그</a>]]></description>
<Point><coordinates>139.737808,35.703197,0</coordinates></Point></Placemark>
<Placemark><name>NeMo</name>
<description><![CDATA[프렌치 백명점 2025<br/>타베로그 3.76 · 리뷰 437<br/>미나토구 · 表参道駅<br/><a href="https://tabelog.com/tokyo/A1306/A130602/13260539/">타베로그</a>]]></description>
<Point><coordinates>139.714261,35.659485,0</coordinates></Point></Placemark>
<Placemark><name>渡辺料理店</name>
<description><![CDATA[프렌치 백명점 2025<br/>타베로그 4.22 · 리뷰 570<br/>고토구 · 門前仲町駅<br/><a href="https://tabelog.com/tokyo/A1313/A131303/13274535/">타베로그</a>]]></description>
<Point><coordinates>139.796233,35.671142,0</coordinates></Point></Placemark>
<Placemark><name>レストラン ラフィナージュ</name>
<description><![CDATA[프렌치 백명점 2025<br/>타베로그 4.14 · 리뷰 373<br/>주오구 · 東銀座駅<br/><a href="https://tabelog.com/tokyo/A1301/A130101/13227264/">타베로그</a>]]></description>
<Point><coordinates>139.765047,35.670122,0</coordinates></Point></Placemark>
<Placemark><name>CIRPAS</name>
<description><![CDATA[프렌치 백명점 2025<br/>타베로그 3.84 · 리뷰 270<br/>미나토구 · 白金台駅<br/><a href="https://tabelog.com/tokyo/A1316/A131602/13278638/">타베로그</a>]]></description>
<Point><coordinates>139.72812,35.639368,0</coordinates></Point></Placemark>
<Placemark><name>ラ・ブランシュ</name>
<description><![CDATA[프렌치 백명점 2025<br/>타베로그 3.89 · 리뷰 577<br/>시부야구 · 表参道駅<br/><a href="https://tabelog.com/tokyo/A1303/A130301/13002111/">타베로그</a>]]></description>
<Point><coordinates>139.708812,35.659928,0</coordinates></Point></Placemark>
<Placemark><name>Takumi</name>
<description><![CDATA[프렌치 백명점 2025<br/>타베로그 3.87 · 리뷰 683<br/>미나토구 · 乃木坂駅<br/><a href="https://tabelog.com/tokyo/A1307/A130701/13204624/">타베로그</a>]]></description>
<Point><coordinates>139.724319,35.660431,0</coordinates></Point></Placemark>
<Placemark><name>ビストロ・シンバ</name>
<description><![CDATA[프렌치 백명점 2025<br/>타베로그 3.77 · 리뷰 491<br/>주오구 · 新富町駅<br/><a href="https://tabelog.com/tokyo/A1313/A131301/13186713/">타베로그</a>]]></description>
<Point><coordinates>139.772051,35.672722,0</coordinates></Point></Placemark>
<Placemark><name>コントワール ミサゴ</name>
<description><![CDATA[프렌치 백명점 2025<br/>타베로그 3.74 · 리뷰 356<br/>미나토구 · 広尾駅<br/><a href="https://tabelog.com/tokyo/A1307/A130703/13114321/">타베로그</a>]]></description>
<Point><coordinates>139.718964,35.658665,0</coordinates></Point></Placemark>
<Placemark><name>L&amp;#39;ETERRE</name>
<description><![CDATA[프렌치 백명점 2025<br/>타베로그 4.21 · 리뷰 191<br/>신주쿠구 · 牛込神楽坂駅<br/><a href="https://tabelog.com/tokyo/A1309/A130905/13281616/">타베로그</a>]]></description>
<Point><coordinates>139.739654,35.700486,0</coordinates></Point></Placemark>
<Placemark><name>ガストロノミー ジョエル・ロブション</name>
<description><![CDATA[프렌치 백명점 2025<br/>타베로그 4.44 · 리뷰 2281<br/>메구로구 · 恵比寿駅<br/><a href="https://tabelog.com/tokyo/A1303/A130302/13009310/">타베로그</a>]]></description>
<Point><coordinates>139.714591,35.64194,0</coordinates></Point></Placemark>
<Placemark><name>フロレゾン</name>
<description><![CDATA[프렌치 백명점 2025<br/>타베로그 3.87 · 리뷰 386<br/>신주쿠구 · 牛込神楽坂駅<br/><a href="https://tabelog.com/tokyo/A1309/A130905/13234388/">타베로그</a>]]></description>
<Point><coordinates>139.740093,35.700915,0</coordinates></Point></Placemark>
<Placemark><name>au deco</name>
<description><![CDATA[프렌치 백명점 2025<br/>타베로그 3.74 · 리뷰 209<br/>시부야구 · 広尾駅<br/><a href="https://tabelog.com/tokyo/A1307/A130703/13232146/">타베로그</a>]]></description>
<Point><coordinates>139.720303,35.647683,0</coordinates></Point></Placemark>
<Placemark><name>ナベノ-イズム</name>
<description><![CDATA[프렌치 백명점 2025<br/>타베로그 4.21 · 리뷰 831<br/>다이토구 · 浅草（東武・都営・メトロ）駅<br/><a href="https://tabelog.com/tokyo/A1311/A131102/13194700/">타베로그</a>]]></description>
<Point><coordinates>139.795417,35.706826,0</coordinates></Point></Placemark>
<Placemark><name>パトゥ</name>
<description><![CDATA[프렌치 백명점 2025<br/>타베로그 4.03 · 리뷰 174<br/>미나토구 · 六本木一丁目駅<br/><a href="https://tabelog.com/tokyo/A1307/A130701/13249638/">타베로그</a>]]></description>
<Point><coordinates>139.739236,35.660469,0</coordinates></Point></Placemark>
<Placemark><name>キノシタ</name>
<description><![CDATA[프렌치 백명점 2025<br/>타베로그 3.78 · 리뷰 622<br/>시부야구 · 参宮橋駅<br/><a href="https://tabelog.com/tokyo/A1318/A131810/13001058/">타베로그</a>]]></description>
<Point><coordinates>139.693399,35.681861,0</coordinates></Point></Placemark>
<Placemark><name>北島亭</name>
<description><![CDATA[프렌치 백명점 2025<br/>타베로그 4.08 · 리뷰 644<br/>신주쿠구 · 四ツ谷駅<br/><a href="https://tabelog.com/tokyo/A1309/A130902/13000945/">타베로그</a>]]></description>
<Point><coordinates>139.727013,35.687852,0</coordinates></Point></Placemark>
<Placemark><name>ル・ブルギニオン</name>
<description><![CDATA[프렌치 백명점 2025<br/>타베로그 3.9 · 리뷰 765<br/>미나토구 · 六本木駅<br/><a href="https://tabelog.com/tokyo/A1307/A130701/13005328/">타베로그</a>]]></description>
<Point><coordinates>139.727357,35.658296,0</coordinates></Point></Placemark>
<Placemark><name>L&amp;#39;eclaireur</name>
<description><![CDATA[프렌치 백명점 2025<br/>타베로그 3.75 · 리뷰 184<br/>시부야구 · 代官山駅<br/><a href="https://tabelog.com/tokyo/A1303/A130303/13261607/">타베로그</a>]]></description>
<Point><coordinates>139.705824,35.651816,0</coordinates></Point></Placemark>
<Placemark><name>シェ・イノ</name>
<description><![CDATA[프렌치 백명점 2025<br/>타베로그 4.45 · 리뷰 1244<br/>주오구 · 京橋駅<br/><a href="https://tabelog.com/tokyo/A1302/A130202/13000510/">타베로그</a>]]></description>
<Point><coordinates>139.768832,35.676878,0</coordinates></Point></Placemark>
<Placemark><name>レストラン ラリューム</name>
<description><![CDATA[프렌치 백명점 2025<br/>타베로그 3.9 · 리뷰 424<br/>미나토구 · 白金台駅<br/><a href="https://tabelog.com/tokyo/A1316/A131602/13224188/">타베로그</a>]]></description>
<Point><coordinates>139.723401,35.638434,0</coordinates></Point></Placemark>
<Placemark><name>前芝料理店</name>
<description><![CDATA[프렌치 백명점 2025<br/>타베로그 3.9 · 리뷰 141<br/>세타가야구 · 二子玉川駅<br/><a href="https://tabelog.com/tokyo/A1317/A131708/13266896/">타베로그</a>]]></description>
<Point><coordinates>139.625912,35.61679,0</coordinates></Point></Placemark>
<Placemark><name>ロオジエ</name>
<description><![CDATA[프렌치 백명점 2025<br/>타베로그 4.42 · 리뷰 1622<br/>주오구 · 銀座駅<br/><a href="https://tabelog.com/tokyo/A1301/A130101/13002607/">타베로그</a>]]></description>
<Point><coordinates>139.761253,35.669656,0</coordinates></Point></Placemark>
<Placemark><name>TROMPETTE</name>
<description><![CDATA[프렌치 백명점 2025<br/>타베로그 3.9 · 리뷰 335<br/>주오구 · 小伝馬町駅<br/><a href="https://tabelog.com/tokyo/A1302/A130204/13211826/">타베로그</a>]]></description>
<Point><coordinates>139.779359,35.692474,0</coordinates></Point></Placemark>
<Placemark><name>a table</name>
<description><![CDATA[프렌치 백명점 2025<br/>타베로그 3.78 · 리뷰 450<br/>분쿄구 · 末広町駅<br/><a href="https://tabelog.com/tokyo/A1310/A131004/13156948/">타베로그</a>]]></description>
<Point><coordinates>139.76798,35.703061,0</coordinates></Point></Placemark>
<Placemark><name>Ata</name>
<description><![CDATA[프렌치 백명점 2025<br/>타베로그 3.72 · 리뷰 1193<br/>시부야구 · 代官山駅<br/><a href="https://tabelog.com/tokyo/A1303/A130303/13150975/">타베로그</a>]]></description>
<Point><coordinates>139.704787,35.653007,0</coordinates></Point></Placemark>
<Placemark><name>ラルジャン</name>
<description><![CDATA[프렌치 백명점 2025<br/>타베로그 3.99 · 리뷰 253<br/>지요다구 · 虎ノ門駅<br/><a href="https://tabelog.com/tokyo/A1308/A130802/13288588/">타베로그</a>]]></description>
<Point><coordinates>139.746874,35.670595,0</coordinates></Point></Placemark>
<Placemark><name>L&amp;#39;EAU</name>
<description><![CDATA[프렌치 백명점 2025<br/>타베로그 3.72 · 리뷰 495<br/>미나토구 · 外苑前駅<br/><a href="https://tabelog.com/tokyo/A1306/A130603/13228902/">타베로그</a>]]></description>
<Point><coordinates>139.720266,35.67015,0</coordinates></Point></Placemark>
<Placemark><name>CYCLE by Mauro Colagreco</name>
<description><![CDATA[프렌치 백명점 2025<br/>타베로그 3.76 · 리뷰 142<br/>지요다구 · 大手町駅<br/><a href="https://tabelog.com/tokyo/A1302/A130201/13288151/">타베로그</a>]]></description>
<Point><coordinates>139.762358,35.687801,0</coordinates></Point></Placemark>
<Placemark><name>フィリップ・ミル 東京</name>
<description><![CDATA[프렌치 백명점 2025<br/>타베로그 3.73 · 리뷰 758<br/>미나토구 · 乃木坂駅<br/><a href="https://tabelog.com/tokyo/A1307/A130701/13205772/">타베로그</a>]]></description>
<Point><coordinates>139.73066,35.666778,0</coordinates></Point></Placemark>
<Placemark><name>Simplicité</name>
<description><![CDATA[프렌치 백명점 2025<br/>타베로그 4.1 · 리뷰 139<br/>시부야구 · 代官山駅<br/><a href="https://tabelog.com/tokyo/A1303/A130303/13298935/">타베로그</a>]]></description>
<Point><coordinates>139.705409,35.649062,0</coordinates></Point></Placemark>
<Placemark><name>グルマンディーズ</name>
<description><![CDATA[프렌치 백명점 2025<br/>타베로그 4.45 · 리뷰 418<br/>미나토구 · 広尾駅<br/><a href="https://tabelog.com/tokyo/A1307/A130701/13190448/">타베로그</a>]]></description>
<Point><coordinates>139.723993,35.658085,0</coordinates></Point></Placemark>
<Placemark><name>レストラン アラジン</name>
<description><![CDATA[프렌치 백명점 2025<br/>타베로그 3.75 · 리뷰 621<br/>시부야구 · 広尾駅<br/><a href="https://tabelog.com/tokyo/A1307/A130703/13004454/">타베로그</a>]]></description>
<Point><coordinates>139.720328,35.647926,0</coordinates></Point></Placemark>
<Placemark><name>カンテサンス</name>
<description><![CDATA[프렌치 백명점 2025<br/>타베로그 4.48 · 리뷰 2016<br/>시나가와구 · 北品川駅<br/><a href="https://tabelog.com/tokyo/A1314/A131405/13159567/">타베로그</a>]]></description>
<Point><coordinates>139.733117,35.623946,0</coordinates></Point></Placemark>
<Placemark><name>プレヴナンス</name>
<description><![CDATA[프렌치 백명점 2025<br/>타베로그 3.8 · 리뷰 537<br/>미나토구 · 外苑前駅<br/><a href="https://tabelog.com/tokyo/A1306/A130603/13162493/">타베로그</a>]]></description>
<Point><coordinates>139.720416,35.670634,0</coordinates></Point></Placemark>
<Placemark><name>da GIORGIO</name>
<description><![CDATA[피자 백명점 2025<br/>타베로그 3.69 · 리뷰 1080<br/>분쿄구 · 上野広小路駅<br/><a href="https://tabelog.com/tokyo/A1311/A131101/13170979/">타베로그</a>]]></description>
<Point><coordinates>139.771519,35.707504,0</coordinates></Point></Placemark>
<Placemark><name>ピッツァダバッボ</name>
<description><![CDATA[피자 백명점 2025<br/>타베로그 3.66 · 리뷰 1196<br/>주오구 · 人形町駅<br/><a href="https://tabelog.com/tokyo/A1302/A130204/13025362/">타베로그</a>]]></description>
<Point><coordinates>139.784548,35.685889,0</coordinates></Point></Placemark>
<Placemark><name>聖林館</name>
<description><![CDATA[피자 백명점 2025<br/>타베로그 3.74 · 리뷰 2921<br/>메구로구 · 中目黒駅<br/><a href="https://tabelog.com/tokyo/A1317/A131701/13003188/">타베로그</a>]]></description>
<Point><coordinates>139.699048,35.642886,0</coordinates></Point></Placemark>
<Placemark><name>ピッツェリア ジターリア ダ フィリッポ</name>
<description><![CDATA[피자 백명점 2025<br/>타베로그 3.69 · 리뷰 891<br/>네리마구 · 石神井公園駅<br/><a href="https://tabelog.com/tokyo/A1321/A132103/13149962/">타베로그</a>]]></description>
<Point><coordinates>139.60899,35.744432,0</coordinates></Point></Placemark>
<Placemark><name>PST 東麻布</name>
<description><![CDATA[피자 백명점 2025<br/>타베로그 3.71 · 리뷰 618<br/>미나토구 · 赤羽橋駅<br/><a href="https://tabelog.com/tokyo/A1314/A131401/13205741/">타베로그</a>]]></description>
<Point><coordinates>139.744379,35.655657,0</coordinates></Point></Placemark>
<Placemark><name>pizza marumo</name>
<description><![CDATA[피자 백명점 2025<br/>타베로그 3.7 · 리뷰 1226<br/>시부야구 · 恵比寿駅<br/><a href="https://tabelog.com/tokyo/A1303/A130302/13276584/">타베로그</a>]]></description>
<Point><coordinates>139.708518,35.645302,0</coordinates></Point></Placemark>
<Placemark><name>ピッツェリア トラットリア ダ オカピート</name>
<description><![CDATA[피자 백명점 2025<br/>타베로그 3.75 · 리뷰 592<br/>스기나미구 · 荻窪駅<br/><a href="https://tabelog.com/tokyo/A1319/A131906/13257953/">타베로그</a>]]></description>
<Point><coordinates>139.618739,35.70617,0</coordinates></Point></Placemark>
<Placemark><name>Pizzeria LUMEN</name>
<description><![CDATA[피자 백명점 2025<br/>타베로그 3.68 · 리뷰 615<br/>신주쿠구 · 東新宿駅<br/><a href="https://tabelog.com/tokyo/A1304/A130401/13025499/">타베로그</a>]]></description>
<Point><coordinates>139.705805,35.694982,0</coordinates></Point></Placemark>
<Placemark><name>PIZZA BORSA</name>
<description><![CDATA[피자 백명점 2025<br/>타베로그 3.73 · 리뷰 1650<br/>도시마구 · 池袋駅<br/><a href="https://tabelog.com/tokyo/A1305/A130501/13170403/">타베로그</a>]]></description>
<Point><coordinates>139.706205,35.730984,0</coordinates></Point></Placemark>
<Placemark><name>ナポリスタカ 駒沢店</name>
<description><![CDATA[피자 백명점 2025<br/>타베로그 3.67 · 리뷰 1032<br/>세타가야구 · 駒沢大学駅<br/><a href="https://tabelog.com/tokyo/A1317/A131707/13188330/">타베로그</a>]]></description>
<Point><coordinates>139.66122,35.63386,0</coordinates></Point></Placemark>
<Placemark><name>ベッラ・ナポリ</name>
<description><![CDATA[피자 백명점 2025<br/>타베로그 3.68 · 리뷰 893<br/>고토구 · 清澄白河駅<br/><a href="https://tabelog.com/tokyo/A1312/A131201/13005043/">타베로그</a>]]></description>
<Point><coordinates>139.799097,35.685339,0</coordinates></Point></Placemark>
<Placemark><name>ピッツェリア イル・タンブレッロ</name>
<description><![CDATA[피자 백명점 2025<br/>타베로그 3.68 · 리뷰 904<br/>주오구 · 小伝馬町駅<br/><a href="https://tabelog.com/tokyo/A1302/A130204/13114239/">타베로그</a>]]></description>
<Point><coordinates>139.778865,35.688622,0</coordinates></Point></Placemark>
<Placemark><name>Pizza 4P&amp;#39;s</name>
<description><![CDATA[피자 백명점 2025<br/>타베로그 3.75 · 리뷰 1070<br/>미나토구 · 神谷町駅<br/><a href="https://tabelog.com/tokyo/A1307/A130704/13291318/">타베로그</a>]]></description>
<Point><coordinates>139.743589,35.661555,0</coordinates></Point></Placemark>
<Placemark><name>ザ ピッツァバー ON 38TH</name>
<description><![CDATA[피자 백명점 2025<br/>타베로그 4.08 · 리뷰 547<br/>주오구 · 三越前駅<br/><a href="https://tabelog.com/tokyo/A1302/A130202/13167573/">타베로그</a>]]></description>
<Point><coordinates>139.773042,35.686983,0</coordinates></Point></Placemark>
<Placemark><name>ベントエマーレ</name>
<description><![CDATA[피자 백명점 2025<br/>타베로그 3.7 · 리뷰 770<br/>시나가와구 · 不動前駅<br/><a href="https://tabelog.com/tokyo/A1317/A131710/13114520/">타베로그</a>]]></description>
<Point><coordinates>139.711198,35.623567,0</coordinates></Point></Placemark>
<Placemark><name>ピッツェリア・ロマーナ・イル・ペンティート</name>
<description><![CDATA[피자 백명점 2025<br/>타베로그 4.01 · 리뷰 394<br/>시부야구 · 南新宿駅<br/><a href="https://tabelog.com/tokyo/A1318/A131810/13000684/">타베로그</a>]]></description>
<Point><coordinates>139.696678,35.682262,0</coordinates></Point></Placemark>
<Placemark><name>アンティーカ・ピッツェリア・ダ・ミケーレ 恵比寿</name>
<description><![CDATA[피자 백명점 2025<br/>타베로그 3.65 · 리뷰 3673<br/>시부야구 · 恵比寿駅<br/><a href="https://tabelog.com/tokyo/A1303/A130302/13136144/">타베로그</a>]]></description>
<Point><coordinates>139.71178,35.645272,0</coordinates></Point></Placemark>
<Placemark><name>ピッツェリア パーレンテッシ</name>
<description><![CDATA[피자 백명점 2025<br/>타베로그 3.71 · 리뷰 964<br/>메구로구 · 池尻大橋駅<br/><a href="https://tabelog.com/tokyo/A1317/A131705/13006076/">타베로그</a>]]></description>
<Point><coordinates>139.687254,35.649742,0</coordinates></Point></Placemark>
<Placemark><name>SAVOY とまととちーず店</name>
<description><![CDATA[피자 백명점 2025<br/>타베로그 3.74 · 리뷰 711<br/>미나토구 · 麻布十番駅<br/><a href="https://tabelog.com/tokyo/A1307/A130702/13155593/">타베로그</a>]]></description>
<Point><coordinates>139.735285,35.653749,0</coordinates></Point></Placemark>
<Placemark><name>ファカロー ピッツァ ギャラリー</name>
<description><![CDATA[피자 백명점 2025<br/>타베로그 3.91 · 리뷰 356<br/>다이토구 · 新御徒町駅<br/><a href="https://tabelog.com/tokyo/A1311/A131101/13269491/">타베로그</a>]]></description>
<Point><coordinates>139.783609,35.705011,0</coordinates></Point></Placemark>
<Placemark><name>ピッツェリア ファッブリカ 1090</name>
<description><![CDATA[피자 백명점 2025<br/>타베로그 3.95 · 리뷰 351<br/>오타구 · 御嶽山駅<br/><a href="https://tabelog.com/tokyo/A1317/A131714/13265988/">타베로그</a>]]></description>
<Point><coordinates>139.681375,35.585095,0</coordinates></Point></Placemark>
<Placemark><name>アランジャルシ</name>
<description><![CDATA[피자 백명점 2025<br/>타베로그 3.67 · 리뷰 413<br/>분쿄구 · 湯島駅<br/><a href="https://tabelog.com/tokyo/A1311/A131101/13057017/">타베로그</a>]]></description>
<Point><coordinates>139.767294,35.707931,0</coordinates></Point></Placemark>
<Placemark><name>CRAZY PIZZA SQUARE</name>
<description><![CDATA[피자 백명점 2025<br/>타베로그 3.68 · 리뷰 523<br/>신주쿠구 · 神楽坂駅<br/><a href="https://tabelog.com/tokyo/A1309/A130905/13268166/">타베로그</a>]]></description>
<Point><coordinates>139.730989,35.704938,0</coordinates></Point></Placemark>
<Placemark><name>尾山台 山田</name>
<description><![CDATA[피자 백명점 2025<br/>타베로그 3.73 · 리뷰 162<br/>세타가야구 · 尾山台駅<br/><a href="https://tabelog.com/tokyo/A1317/A131715/13284332/">타베로그</a>]]></description>
<Point><coordinates>139.653558,35.608362,0</coordinates></Point></Placemark>
<Placemark><name>ピッツァ ストラーダ</name>
<description><![CDATA[피자 백명점 2025<br/>타베로그 3.71 · 리뷰 806<br/>미나토구 · 麻布十番駅<br/><a href="https://tabelog.com/tokyo/A1307/A130702/13131245/">타베로그</a>]]></description>
<Point><coordinates>139.734645,35.653328,0</coordinates></Point></Placemark>
<Placemark><name>Pizzeria Bakka M&amp;#39;unica</name>
<description><![CDATA[피자 백명점 2025<br/>타베로그 3.7 · 리뷰 1840<br/>시나가와구 · 鮫洲駅<br/><a href="https://tabelog.com/tokyo/A1315/A131501/13182694/">타베로그</a>]]></description>
<Point><coordinates>139.743407,35.604949,0</coordinates></Point></Placemark>
<Placemark><name>ナポリスタカ 神谷町店</name>
<description><![CDATA[피자 백명점 2025<br/>타베로그 3.58 · 리뷰 1713<br/>미나토구 · 神谷町駅<br/><a href="https://tabelog.com/tokyo/A1307/A130704/13132020/">타베로그</a>]]></description>
<Point><coordinates>139.743256,35.660201,0</coordinates></Point></Placemark>
<Placemark><name>ラ・トリプレッタ</name>
<description><![CDATA[피자 백명점 2025<br/>타베로그 3.74 · 리뷰 1582<br/>시나가와구 · 武蔵小山駅<br/><a href="https://tabelog.com/tokyo/A1317/A131710/13165472/">타베로그</a>]]></description>
<Point><coordinates>139.705548,35.620251,0</coordinates></Point></Placemark>
<Placemark><name>ピッツェリアGG 吉祥寺</name>
<description><![CDATA[피자 백명점 2025<br/>타베로그 3.69 · 리뷰 1540<br/>武蔵野구 · 吉祥寺駅<br/><a href="https://tabelog.com/tokyo/A1320/A132001/13047308/">타베로그</a>]]></description>
<Point><coordinates>139.578697,35.700947,0</coordinates></Point></Placemark>
<Placemark><name>マッシモッタヴィオ</name>
<description><![CDATA[피자 백명점 2025<br/>타베로그 3.67 · 리뷰 1859<br/>스기나미구 · 永福町駅<br/><a href="https://tabelog.com/tokyo/A1318/A131805/13132982/">타베로그</a>]]></description>
<Point><coordinates>139.642776,35.676947,0</coordinates></Point></Placemark>
<Placemark><name>リンシエメ</name>
<description><![CDATA[피자 백명점 2025<br/>타베로그 3.65 · 리뷰 860<br/>고토구 · 亀戸駅<br/><a href="https://tabelog.com/tokyo/A1312/A131202/13193917/">타베로그</a>]]></description>
<Point><coordinates>139.825687,35.694718,0</coordinates></Point></Placemark>
<Placemark><name>400℃ PIZZA TOKYO</name>
<description><![CDATA[피자 백명점 2025<br/>타베로그 4.01 · 리뷰 1306<br/>신주쿠구 · 牛込神楽坂駅<br/><a href="https://tabelog.com/tokyo/A1309/A130905/13294495/">타베로그</a>]]></description>
<Point><coordinates>139.739395,35.700228,0</coordinates></Point></Placemark>
<Placemark><name>RODEO</name>
<description><![CDATA[이탈리안 백명점 2025<br/>타베로그 3.74 · 리뷰 1205<br/>메구로구 · 中目黒駅<br/><a href="https://tabelog.com/tokyo/A1317/A131701/13213575/">타베로그</a>]]></description>
<Point><coordinates>139.702063,35.640763,0</coordinates></Point></Placemark>
<Placemark><name>tens.</name>
<description><![CDATA[이탈리안 백명점 2025<br/>타베로그 4.28 · 리뷰 179<br/>미나토구 · 外苑前駅<br/><a href="https://tabelog.com/tokyo/A1306/A130603/13301005/">타베로그</a>]]></description>
<Point><coordinates>139.716851,35.669728,0</coordinates></Point></Placemark>
<Placemark><name>マジカメンテ</name>
<description><![CDATA[이탈리안 백명점 2025<br/>타베로그 3.68 · 리뷰 283<br/>시부야구 · 恵比寿駅<br/><a href="https://tabelog.com/tokyo/A1303/A130302/13121950/">타베로그</a>]]></description>
<Point><coordinates>139.719092,35.643915,0</coordinates></Point></Placemark>
<Placemark><name>トラットリア グランボッカ</name>
<description><![CDATA[이탈리안 백명점 2025<br/>타베로그 3.67 · 리뷰 1842<br/>지요다구 · 飯田橋駅<br/><a href="https://tabelog.com/tokyo/A1309/A130905/13173167/">타베로그</a>]]></description>
<Point><coordinates>139.743507,35.699007,0</coordinates></Point></Placemark>
<Placemark><name>インカント</name>
<description><![CDATA[이탈리안 백명점 2025<br/>타베로그 3.69 · 리뷰 381<br/>미나토구 · 広尾駅<br/><a href="https://tabelog.com/tokyo/A1307/A130703/13043684/">타베로그</a>]]></description>
<Point><coordinates>139.723972,35.647352,0</coordinates></Point></Placemark>
<Placemark><name>RAMA 白金</name>
<description><![CDATA[이탈리안 백명점 2025<br/>타베로그 3.62 · 리뷰 247<br/>미나토구 · 白金台駅<br/><a href="https://tabelog.com/tokyo/A1316/A131602/13239806/">타베로그</a>]]></description>
<Point><coordinates>139.72184,35.644108,0</coordinates></Point></Placemark>
<Placemark><name>クオーレアズーロ</name>
<description><![CDATA[이탈리안 백명점 2025<br/>타베로그 3.68 · 리뷰 308<br/>메구로구 · 中目黒駅<br/><a href="https://tabelog.com/tokyo/A1317/A131701/13140792/">타베로그</a>]]></description>
<Point><coordinates>139.695167,35.640963,0</coordinates></Point></Placemark>
<Placemark><name>イル・ジョット</name>
<description><![CDATA[이탈리안 백명점 2025<br/>타베로그 3.71 · 리뷰 133<br/>세타가야구 · 世田谷区<br/><a href="https://tabelog.com/tokyo/A1317/A131707/13001389/">타베로그</a>]]></description>
<Point><coordinates>139.655787,35.625575,0</coordinates></Point></Placemark>
<Placemark><name>トラットリア ピッツェリア ラルテ</name>
<description><![CDATA[이탈리안 백명점 2025<br/>타베로그 3.78 · 리뷰 978<br/>세타가야구 · 三軒茶屋駅<br/><a href="https://tabelog.com/tokyo/A1317/A131706/13128533/">타베로그</a>]]></description>
<Point><coordinates>139.672429,35.643054,0</coordinates></Point></Placemark>
<Placemark><name>トラットリア タンタボッカ</name>
<description><![CDATA[이탈리안 백명점 2025<br/>타베로그 3.67 · 리뷰 1580<br/>시부야구 · 北参道駅<br/><a href="https://tabelog.com/tokyo/A1304/A130403/13058484/">타베로그</a>]]></description>
<Point><coordinates>139.704298,35.679656,0</coordinates></Point></Placemark>
<Placemark><name>リストランテ・ホンダ</name>
<description><![CDATA[이탈리안 백명점 2025<br/>타베로그 3.77 · 리뷰 589<br/>미나토구 · 外苑前駅<br/><a href="https://tabelog.com/tokyo/A1306/A130603/13016590/">타베로그</a>]]></description>
<Point><coordinates>139.714552,35.670258,0</coordinates></Point></Placemark>
<Placemark><name>トルナヴェント</name>
<description><![CDATA[이탈리안 백명점 2025<br/>타베로그 3.67 · 리뷰 214<br/>미나토구 · 六本木駅<br/><a href="https://tabelog.com/tokyo/A1307/A130701/13022053/">타베로그</a>]]></description>
<Point><coordinates>139.724987,35.659514,0</coordinates></Point></Placemark>
<Placemark><name>プリズマ</name>
<description><![CDATA[이탈리안 백명점 2025<br/>타베로그 4.31 · 리뷰 250<br/>미나토구 · 表参道駅<br/><a href="https://tabelog.com/tokyo/A1306/A130602/13123890/">타베로그</a>]]></description>
<Point><coordinates>139.71661,35.661569,0</coordinates></Point></Placemark>
<Placemark><name>ペレグリーノ</name>
<description><![CDATA[이탈리안 백명점 2025<br/>타베로그 4.36 · 리뷰 346<br/>시부야구 · 広尾駅<br/><a href="https://tabelog.com/tokyo/A1303/A130302/13072775/">타베로그</a>]]></description>
<Point><coordinates>139.718527,35.648047,0</coordinates></Point></Placemark>
<Placemark><name>ペペロッソ</name>
<description><![CDATA[이탈리안 백명점 2025<br/>타베로그 3.81 · 리뷰 440<br/>세타가야구 · 池ノ上駅<br/><a href="https://tabelog.com/tokyo/A1318/A131801/13243643/">타베로그</a>]]></description>
<Point><coordinates>139.672823,35.661007,0</coordinates></Point></Placemark>
<Placemark><name>リストランテ ペガソ</name>
<description><![CDATA[이탈리안 백명점 2025<br/>타베로그 3.75 · 리뷰 452<br/>미나토구 · 広尾駅<br/><a href="https://tabelog.com/tokyo/A1307/A130703/13152248/">타베로그</a>]]></description>
<Point><coordinates>139.718449,35.657739,0</coordinates></Point></Placemark>
<Placemark><name>ピャチェーレ</name>
<description><![CDATA[이탈리안 백명점 2025<br/>타베로그 3.54 · 리뷰 450<br/>지요다구 · 東京駅<br/><a href="https://tabelog.com/tokyo/A1302/A130201/13069992/">타베로그</a>]]></description>
<Point><coordinates>139.76945,35.682389,0</coordinates></Point></Placemark>
<Placemark><name>インフィニート ヒロ</name>
<description><![CDATA[이탈리안 백명점 2025<br/>타베로그 3.67 · 리뷰 216<br/>미나토구 · 赤坂駅<br/><a href="https://tabelog.com/tokyo/A1308/A130801/13253595/">타베로그</a>]]></description>
<Point><coordinates>139.736302,35.674251,0</coordinates></Point></Placemark>
<Placemark><name>Convivio</name>
<description><![CDATA[이탈리안 백명점 2025<br/>타베로그 3.7 · 리뷰 501<br/>시부야구 · 北参道駅<br/><a href="https://tabelog.com/tokyo/A1309/A130901/13149817/">타베로그</a>]]></description>
<Point><coordinates>139.708037,35.675925,0</coordinates></Point></Placemark>
<Placemark><name>マンサルヴァ</name>
<description><![CDATA[이탈리안 백명점 2025<br/>타베로그 3.74 · 리뷰 616<br/>시부야구 · 恵比寿駅<br/><a href="https://tabelog.com/tokyo/A1303/A130302/13114704/">타베로그</a>]]></description>
<Point><coordinates>139.715731,35.644767,0</coordinates></Point></Placemark>
<Placemark><name>パルテノペ 恵比寿店</name>
<description><![CDATA[이탈리안 백명점 2025<br/>타베로그 3.66 · 리뷰 1863<br/>시부야구 · 恵比寿駅<br/><a href="https://tabelog.com/tokyo/A1303/A130302/13005480/">타베로그</a>]]></description>
<Point><coordinates>139.713984,35.646169,0</coordinates></Point></Placemark>
<Placemark><name>TACUBO 白金台</name>
<description><![CDATA[이탈리안 백명점 2025<br/>타베로그 4.08 · 리뷰 254<br/>미나토구 · 白金台駅<br/><a href="https://tabelog.com/tokyo/A1316/A131602/13302758/">타베로그</a>]]></description>
<Point><coordinates>139.72279,35.639645,0</coordinates></Point></Placemark>
<Placemark><name>Gucci Osteria da Massimo Bottura Tokyo</name>
<description><![CDATA[이탈리안 백명점 2025<br/>타베로그 3.7 · 리뷰 467<br/>주오구 · 銀座駅<br/><a href="https://tabelog.com/tokyo/A1301/A130101/13257180/">타베로그</a>]]></description>
<Point><coordinates>139.762162,35.670493,0</coordinates></Point></Placemark>
<Placemark><name>代官山ASO チェレステ 日本橋店</name>
<description><![CDATA[이탈리안 백명점 2025<br/>타베로그 3.69 · 리뷰 843<br/>주오구 · 三越前駅<br/><a href="https://tabelog.com/tokyo/A1302/A130202/13021095/">타베로그</a>]]></description>
<Point><coordinates>139.774139,35.685071,0</coordinates></Point></Placemark>
<Placemark><name>イル・テアトロ</name>
<description><![CDATA[이탈리안 백명점 2025<br/>타베로그 3.65 · 리뷰 542<br/>분쿄구 · 早稲田（都電）駅<br/><a href="https://tabelog.com/tokyo/A1309/A130905/13003823/">타베로그</a>]]></description>
<Point><coordinates>139.725506,35.71298,0</coordinates></Point></Placemark>
<Placemark><name>ブルガリ イル・リストランテ ルカ・ファンティン</name>
<description><![CDATA[이탈리안 백명점 2025<br/>타베로그 3.72 · 리뷰 484<br/>주오구 · 銀座一丁目駅<br/><a href="https://tabelog.com/tokyo/A1301/A130101/13045135/">타베로그</a>]]></description>
<Point><coordinates>139.767204,35.672907,0</coordinates></Point></Placemark>
<Placemark><name>サーラ アマービレ</name>
<description><![CDATA[이탈리안 백명점 2025<br/>타베로그 3.7 · 리뷰 812<br/>주오구 · 銀座一丁目駅<br/><a href="https://tabelog.com/tokyo/A1301/A130101/13113809/">타베로그</a>]]></description>
<Point><coordinates>139.76716,35.673715,0</coordinates></Point></Placemark>
<Placemark><name>テストキッチンエイチ</name>
<description><![CDATA[이탈리안 백명점 2025<br/>타베로그 3.67 · 리뷰 553<br/>미나토구 · 表参道駅<br/><a href="https://tabelog.com/tokyo/A1306/A130602/13220384/">타베로그</a>]]></description>
<Point><coordinates>139.713126,35.660926,0</coordinates></Point></Placemark>
<Placemark><name>エリオ・ロカンダ・イタリアーナ</name>
<description><![CDATA[이탈리안 백명점 2025<br/>타베로그 3.73 · 리뷰 1271<br/>지요다구 · 半蔵門駅<br/><a href="https://tabelog.com/tokyo/A1308/A130803/13000293/">타베로그</a>]]></description>
<Point><coordinates>139.740674,35.68351,0</coordinates></Point></Placemark>
<Placemark><name>ラ・ビスボッチャ</name>
<description><![CDATA[이탈리안 백명점 2025<br/>타베로그 3.72 · 리뷰 1440<br/>시부야구 · 広尾駅<br/><a href="https://tabelog.com/tokyo/A1307/A130703/13001647/">타베로그</a>]]></description>
<Point><coordinates>139.722507,35.645919,0</coordinates></Point></Placemark>
<Placemark><name>FARO</name>
<description><![CDATA[이탈리안 백명점 2025<br/>타베로그 3.74 · 리뷰 296<br/>주오구 · 新橋駅<br/><a href="https://tabelog.com/tokyo/A1301/A130101/13002640/">타베로그</a>]]></description>
<Point><coordinates>139.761903,35.668556,0</coordinates></Point></Placemark>
<Placemark><name>ピアッティ カステリーナ</name>
<description><![CDATA[이탈리안 백명점 2025<br/>타베로그 3.71 · 리뷰 1211<br/>신주쿠구 · 神楽坂駅<br/><a href="https://tabelog.com/tokyo/A1309/A130905/13130769/">타베로그</a>]]></description>
<Point><coordinates>139.730849,35.705854,0</coordinates></Point></Placemark>
<Placemark><name>L&amp;#39;appartamento di NAOKI</name>
<description><![CDATA[이탈리안 백명점 2025<br/>타베로그 3.9 · 리뷰 107<br/>주오구 · 人形町駅<br/><a href="https://tabelog.com/tokyo/A1302/A130204/13259645/">타베로그</a>]]></description>
<Point><coordinates>139.78403,35.685628,0</coordinates></Point></Placemark>
<Placemark><name>ワインレストラン ラ・マルゲリータ</name>
<description><![CDATA[이탈리안 백명점 2025<br/>타베로그 3.71 · 리뷰 182<br/>오타구 · 雑色駅<br/><a href="https://tabelog.com/tokyo/A1315/A131503/13193685/">타베로그</a>]]></description>
<Point><coordinates>139.707198,35.548871,0</coordinates></Point></Placemark>
<Placemark><name>nacol</name>
<description><![CDATA[이탈리안 백명점 2025<br/>타베로그 4.13 · 리뷰 540<br/>다이토구 · 浅草（つくばＥＸＰ）駅<br/><a href="https://tabelog.com/tokyo/A1311/A131102/13293222/">타베로그</a>]]></description>
<Point><coordinates>139.798821,35.717269,0</coordinates></Point></Placemark>
<Placemark><name>オステリア・トラマンダーレ</name>
<description><![CDATA[이탈리안 백명점 2025<br/>타베로그 3.65 · 리뷰 246<br/>주오구 · 馬喰横山駅<br/><a href="https://tabelog.com/tokyo/A1302/A130204/13282008/">타베로그</a>]]></description>
<Point><coordinates>139.783245,35.68937,0</coordinates></Point></Placemark>
<Placemark><name>プリンチピオ</name>
<description><![CDATA[이탈리안 백명점 2025<br/>타베로그 3.69 · 리뷰 286<br/>미나토구 · 麻布十番駅<br/><a href="https://tabelog.com/tokyo/A1307/A130702/13144481/">타베로그</a>]]></description>
<Point><coordinates>139.734852,35.655754,0</coordinates></Point></Placemark>
<Placemark><name>commedia</name>
<description><![CDATA[이탈리안 백명점 2025<br/>타베로그 4.22 · 리뷰 171<br/>고토구 · 木場駅<br/><a href="https://tabelog.com/tokyo/A1313/A131303/13276923/">타베로그</a>]]></description>
<Point><coordinates>139.810339,35.668499,0</coordinates></Point></Placemark>
<Placemark><name>いんぼすこ 神宮前</name>
<description><![CDATA[이탈리안 백명점 2025<br/>타베로그 3.99 · 리뷰 87<br/>시부야구 · 明治神宮前駅<br/><a href="https://tabelog.com/tokyo/A1306/A130601/13272681/">타베로그</a>]]></description>
<Point><coordinates>139.709789,35.673108,0</coordinates></Point></Placemark>
<Placemark><name>リストランテASO</name>
<description><![CDATA[이탈리안 백명점 2025<br/>타베로그 3.67 · 리뷰 806<br/>시부야구 · 代官山駅<br/><a href="https://tabelog.com/tokyo/A1303/A130303/13003356/">타베로그</a>]]></description>
<Point><coordinates>139.699352,35.648507,0</coordinates></Point></Placemark>
<Placemark><name>オステリア・オリエーラ</name>
<description><![CDATA[이탈리안 백명점 2025<br/>타베로그 3.68 · 리뷰 525<br/>신주쿠구 · 新宿三丁目駅<br/><a href="https://tabelog.com/tokyo/A1304/A130401/13099830/">타베로그</a>]]></description>
<Point><coordinates>139.706013,35.691026,0</coordinates></Point></Placemark>
<Placemark><name>リナシメント</name>
<description><![CDATA[이탈리안 백명점 2025<br/>타베로그 3.7 · 리뷰 807<br/>메구로구 · 目黒駅<br/><a href="https://tabelog.com/tokyo/A1317/A131701/13201061/">타베로그</a>]]></description>
<Point><coordinates>139.710727,35.631185,0</coordinates></Point></Placemark>
<Placemark><name>リストランテ･ヒロ  青山</name>
<description><![CDATA[이탈리안 백명점 2025<br/>타베로그 3.64 · 리뷰 621<br/>미나토구 · 表参道駅<br/><a href="https://tabelog.com/tokyo/A1306/A130602/13002025/">타베로그</a>]]></description>
<Point><coordinates>139.712993,35.663691,0</coordinates></Point></Placemark>
<Placemark><name>オステリア セルヴァジーナ</name>
<description><![CDATA[이탈리안 백명점 2025<br/>타베로그 3.73 · 리뷰 308<br/>도시마구 · 駒込駅<br/><a href="https://tabelog.com/tokyo/A1323/A132301/13135740/">타베로그</a>]]></description>
<Point><coordinates>139.746201,35.73677,0</coordinates></Point></Placemark>
<Placemark><name>ドンブラボー</name>
<description><![CDATA[이탈리안 백명점 2025<br/>타베로그 4.07 · 리뷰 792<br/>調布구 · 国領駅<br/><a href="https://tabelog.com/tokyo/A1326/A132601/13144681/">타베로그</a>]]></description>
<Point><coordinates>139.559631,35.648243,0</coordinates></Point></Placemark>
<Placemark><name>ラ・ピッコラ・ターヴォラ</name>
<description><![CDATA[이탈리안 백명점 2025<br/>타베로그 3.72 · 리뷰 1527<br/>스기나미구 · 永福町駅<br/><a href="https://tabelog.com/tokyo/A1318/A131805/13005575/">타베로그</a>]]></description>
<Point><coordinates>139.643566,35.676913,0</coordinates></Point></Placemark>
<Placemark><name>オルランド</name>
<description><![CDATA[이탈리안 백명점 2025<br/>타베로그 3.71 · 리뷰 330<br/>메구로구 · 神泉駅<br/><a href="https://tabelog.com/tokyo/A1303/A130301/13174925/">타베로그</a>]]></description>
<Point><coordinates>139.69247,35.65323,0</coordinates></Point></Placemark>
<Placemark><name>DK</name>
<description><![CDATA[이탈리안 백명점 2025<br/>타베로그 3.97 · 리뷰 98<br/>미나토구 · 外苑前駅<br/><a href="https://tabelog.com/tokyo/A1306/A130603/13278055/">타베로그</a>]]></description>
<Point><coordinates>139.720216,35.666078,0</coordinates></Point></Placemark>
<Placemark><name>イル テアトリーノ ダ サローネ</name>
<description><![CDATA[이탈리안 백명점 2025<br/>타베로그 3.76 · 리뷰 855<br/>미나토구 · 広尾駅<br/><a href="https://tabelog.com/tokyo/A1307/A130703/13110652/">타베로그</a>]]></description>
<Point><coordinates>139.718742,35.658593,0</coordinates></Point></Placemark>
<Placemark><name>チニャーレエノテカ</name>
<description><![CDATA[이탈리안 백명점 2025<br/>타베로그 3.73 · 리뷰 254<br/>메구로구 · 神泉駅<br/><a href="https://tabelog.com/tokyo/A1318/A131801/13189915/">타베로그</a>]]></description>
<Point><coordinates>139.689191,35.655675,0</coordinates></Point></Placemark>
<Placemark><name>セルサルサーレ</name>
<description><![CDATA[이탈리안 백명점 2025<br/>타베로그 3.73 · 리뷰 903<br/>시부야구 · 代官山駅<br/><a href="https://tabelog.com/tokyo/A1303/A130302/13166739/">타베로그</a>]]></description>
<Point><coordinates>139.706977,35.648702,0</coordinates></Point></Placemark>
<Placemark><name>オッジ ダルマット 西麻布店</name>
<description><![CDATA[이탈리안 백명점 2025<br/>타베로그 3.7 · 리뷰 1036<br/>미나토구 · 六本木駅<br/><a href="https://tabelog.com/tokyo/A1307/A130701/13057753/">타베로그</a>]]></description>
<Point><coordinates>139.724248,35.660866,0</coordinates></Point></Placemark>
<Placemark><name>アロマフレスカ</name>
<description><![CDATA[이탈리안 백명점 2025<br/>타베로그 3.86 · 리뷰 520<br/>주오구 · 銀座一丁目駅<br/><a href="https://tabelog.com/tokyo/A1301/A130101/13129298/">타베로그</a>]]></description>
<Point><coordinates>139.76717,35.673697,0</coordinates></Point></Placemark>
<Placemark><name>アルマーニ リストランテ</name>
<description><![CDATA[이탈리안 백명점 2025<br/>타베로그 3.59 · 리뷰 766<br/>주오구 · 銀座駅<br/><a href="https://tabelog.com/tokyo/A1301/A130101/13044618/">타베로그</a>]]></description>
<Point><coordinates>139.763979,35.671689,0</coordinates></Point></Placemark>
<Placemark><name>TACUBO</name>
<description><![CDATA[이탈리안 백명점 2025<br/>타베로그 4.35 · 리뷰 1120<br/>시부야구 · 代官山駅<br/><a href="https://tabelog.com/tokyo/A1303/A130303/13109940/">타베로그</a>]]></description>
<Point><coordinates>139.706032,35.650868,0</coordinates></Point></Placemark>
<Placemark><name>ダペピ</name>
<description><![CDATA[이탈리안 백명점 2025<br/>타베로그 3.7 · 리뷰 197<br/>분쿄구 · 巣鴨駅<br/><a href="https://tabelog.com/tokyo/A1323/A132301/13124157/">타베로그</a>]]></description>
<Point><coordinates>139.739469,35.730334,0</coordinates></Point></Placemark>
<Placemark><name>ICARO miyamoto</name>
<description><![CDATA[이탈리안 백명점 2025<br/>타베로그 3.77 · 리뷰 676<br/>메구로구 · 中目黒駅<br/><a href="https://tabelog.com/tokyo/A1317/A131701/13050216/">타베로그</a>]]></description>
<Point><coordinates>139.696896,35.641942,0</coordinates></Point></Placemark>
<Placemark><name>エミリア</name>
<description><![CDATA[이탈리안 백명점 2025<br/>타베로그 3.69 · 리뷰 874<br/>시부야구 · 北参道駅<br/><a href="https://tabelog.com/tokyo/A1306/A130601/13099554/">타베로그</a>]]></description>
<Point><coordinates>139.710785,35.674296,0</coordinates></Point></Placemark>
<Placemark><name>aniko</name>
<description><![CDATA[이탈리안 백명점 2025<br/>타베로그 3.7 · 리뷰 693<br/>미나토구 · 赤坂駅<br/><a href="https://tabelog.com/tokyo/A1308/A130801/13240038/">타베로그</a>]]></description>
<Point><coordinates>139.735719,35.670795,0</coordinates></Point></Placemark>
<Placemark><name>K+</name>
<description><![CDATA[이탈리안 백명점 2025<br/>타베로그 3.78 · 리뷰 693<br/>미나토구 · 広尾駅<br/><a href="https://tabelog.com/tokyo/A1307/A130703/13213748/">타베로그</a>]]></description>
<Point><coordinates>139.723152,35.65656,0</coordinates></Point></Placemark>
<Placemark><name>canade</name>
<description><![CDATA[이탈리안 백명점 2025<br/>타베로그 3.84 · 리뷰 131<br/>분쿄구 · 本郷三丁目駅<br/><a href="https://tabelog.com/tokyo/A1310/A131004/13253467/">타베로그</a>]]></description>
<Point><coordinates>139.758342,35.705254,0</coordinates></Point></Placemark>
<Placemark><name>La Brianza</name>
<description><![CDATA[이탈리안 백명점 2025<br/>타베로그 3.74 · 리뷰 2519<br/>미나토구 · 六本木駅<br/><a href="https://tabelog.com/tokyo/A1307/A130701/13194346/">타베로그</a>]]></description>
<Point><coordinates>139.730019,35.658839,0</coordinates></Point></Placemark>
<Placemark><name>タランテッラ ダ ルイジ</name>
<description><![CDATA[이탈리안 백명점 2025<br/>타베로그 3.71 · 리뷰 969<br/>미나토구 · 白金高輪駅<br/><a href="https://tabelog.com/tokyo/A1316/A131602/13122166/">타베로그</a>]]></description>
<Point><coordinates>139.731271,35.644655,0</coordinates></Point></Placemark>
<Placemark><name>シチリア屋</name>
<description><![CDATA[이탈리안 백명점 2025<br/>타베로그 3.67 · 리뷰 324<br/>분쿄구 · 東大前駅<br/><a href="https://tabelog.com/tokyo/A1323/A132301/13172747/">타베로그</a>]]></description>
<Point><coordinates>139.752508,35.715791,0</coordinates></Point></Placemark>
<Placemark><name>リストランテ シンティッラ</name>
<description><![CDATA[이탈리안 백명점 2025<br/>타베로그 3.75 · 리뷰 365<br/>메구로구 · 中目黒駅<br/><a href="https://tabelog.com/tokyo/A1317/A131701/13240309/">타베로그</a>]]></description>
<Point><coordinates>139.696072,35.641379,0</coordinates></Point></Placemark>
<Placemark><name>アンティカ オステリア カルネヤ</name>
<description><![CDATA[이탈리안 백명점 2025<br/>타베로그 3.76 · 리뷰 1019<br/>신주쿠구 · 牛込柳町駅<br/><a href="https://tabelog.com/tokyo/A1309/A130905/13045549/">타베로그</a>]]></description>
<Point><coordinates>139.729869,35.699058,0</coordinates></Point></Placemark>
<Placemark><name>malca</name>
<description><![CDATA[이탈리안 백명점 2025<br/>타베로그 4.28 · 리뷰 530<br/>미나토구 · 外苑前駅<br/><a href="https://tabelog.com/tokyo/A1306/A130603/13277748/">타베로그</a>]]></description>
<Point><coordinates>139.717003,35.668612,0</coordinates></Point></Placemark>
<Placemark><name>草片</name>
<description><![CDATA[이탈리안 백명점 2025<br/>타베로그 3.71 · 리뷰 318<br/>미나토구 · 広尾駅<br/><a href="https://tabelog.com/tokyo/A1307/A130703/13191105/">타베로그</a>]]></description>
<Point><coordinates>139.723558,35.657522,0</coordinates></Point></Placemark>
<Placemark><name>ロマンティコ</name>
<description><![CDATA[이탈리안 백명점 2025<br/>타베로그 3.7 · 리뷰 302<br/>미나토구 · 白金台駅<br/><a href="https://tabelog.com/tokyo/A1316/A131602/13021521/">타베로그</a>]]></description>
<Point><coordinates>139.722612,35.638445,0</coordinates></Point></Placemark>
<Placemark><name>ARMONICO</name>
<description><![CDATA[이탈리안 백명점 2025<br/>타베로그 3.86 · 리뷰 495<br/>시부야구 · 代官山駅<br/><a href="https://tabelog.com/tokyo/A1303/A130303/13156479/">타베로그</a>]]></description>
<Point><coordinates>139.703611,35.650683,0</coordinates></Point></Placemark>
<Placemark><name>三和</name>
<description><![CDATA[이탈리안 백명점 2025<br/>타베로그 4.47 · 리뷰 488<br/>미나토구 · 白金台駅<br/><a href="https://tabelog.com/tokyo/A1316/A131602/13264755/">타베로그</a>]]></description>
<Point><coordinates>139.722802,35.637763,0</coordinates></Point></Placemark>
<Placemark><name>PRIMO PASSO</name>
<description><![CDATA[이탈리안 백명점 2025<br/>타베로그 4.13 · 리뷰 302<br/>주오구 · 新富町駅<br/><a href="https://tabelog.com/tokyo/A1313/A131301/13280320/">타베로그</a>]]></description>
<Point><coordinates>139.771746,35.670231,0</coordinates></Point></Placemark>
<Placemark><name>ポンテ デル ピアット</name>
<description><![CDATA[이탈리안 백명점 2025<br/>타베로그 3.73 · 리뷰 467<br/>시부야구 · 広尾駅<br/><a href="https://tabelog.com/tokyo/A1307/A130703/13166111/">타베로그</a>]]></description>
<Point><coordinates>139.720295,35.649068,0</coordinates></Point></Placemark>
<Placemark><name>トラットリア・築地パラディーゾ</name>
<description><![CDATA[이탈리안 백명점 2025<br/>타베로그 3.71 · 리뷰 1482<br/>주오구 · 築地市場駅<br/><a href="https://tabelog.com/tokyo/A1313/A131301/13132422/">타베로그</a>]]></description>
<Point><coordinates>139.77099,35.664003,0</coordinates></Point></Placemark>
<Placemark><name>ラ スフォリーナ</name>
<description><![CDATA[이탈리안 백명점 2025<br/>타베로그 3.7 · 리뷰 939<br/>미나토구 · 乃木坂駅<br/><a href="https://tabelog.com/tokyo/A1306/A130603/13157731/">타베로그</a>]]></description>
<Point><coordinates>139.727847,35.665483,0</coordinates></Point></Placemark>
<Placemark><name>リストランティーノ ルベロ</name>
<description><![CDATA[이탈리안 백명점 2025<br/>타베로그 3.73 · 리뷰 1019<br/>시나가와구 · 目黒駅<br/><a href="https://tabelog.com/tokyo/A1316/A131601/13045711/">타베로그</a>]]></description>
<Point><coordinates>139.719195,35.634118,0</coordinates></Point></Placemark>
<Placemark><name>falo</name>
<description><![CDATA[이탈리안 백명점 2025<br/>타베로그 3.72 · 리뷰 403<br/>시부야구 · 代官山駅<br/><a href="https://tabelog.com/tokyo/A1303/A130303/13197255/">타베로그</a>]]></description>
<Point><coordinates>139.704207,35.650015,0</coordinates></Point></Placemark>
<Placemark><name>SALONE TOKYO</name>
<description><![CDATA[이탈리안 백명점 2025<br/>타베로그 3.76 · 리뷰 1290<br/>지요다구 · 日比谷駅<br/><a href="https://tabelog.com/tokyo/A1301/A130102/13218266/">타베로그</a>]]></description>
<Point><coordinates>139.759639,35.673971,0</coordinates></Point></Placemark>
<Placemark><name>TATSUMI</name>
<description><![CDATA[이탈리안 백명점 2025<br/>타베로그 3.75 · 리뷰 146<br/>미나토구 · 白金台駅<br/><a href="https://tabelog.com/tokyo/A1316/A131602/13266170/">타베로그</a>]]></description>
<Point><coordinates>139.722912,35.643807,0</coordinates></Point></Placemark>
<Placemark><name>luogo 自由ヶ丘店</name>
<description><![CDATA[이탈리안 백명점 2025<br/>타베로그 4.07 · 리뷰 215<br/>메구로구 · 自由が丘駅<br/><a href="https://tabelog.com/tokyo/A1317/A131703/13279663/">타베로그</a>]]></description>
<Point><coordinates>139.669881,35.611447,0</coordinates></Point></Placemark>
<Placemark><name>リストランテ ラ チャウ</name>
<description><![CDATA[이탈리안 백명점 2025<br/>타베로그 3.7 · 리뷰 1112<br/>미나토구 · 田町駅<br/><a href="https://tabelog.com/tokyo/A1314/A131402/13044737/">타베로그</a>]]></description>
<Point><coordinates>139.752024,35.644433,0</coordinates></Point></Placemark>
<Placemark><name>メグリヴァ</name>
<description><![CDATA[이탈리안 백명점 2025<br/>타베로그 4.32 · 리뷰 240<br/>메구로구 · 中目黒駅<br/><a href="https://tabelog.com/tokyo/A1317/A131701/13225445/">타베로그</a>]]></description>
<Point><coordinates>139.699013,35.64702,0</coordinates></Point></Placemark>
<Placemark><name>unito</name>
<description><![CDATA[이탈리안 백명점 2025<br/>타베로그 3.7 · 리뷰 771<br/>메구로구 · 中目黒駅<br/><a href="https://tabelog.com/tokyo/A1317/A131701/13020531/">타베로그</a>]]></description>
<Point><coordinates>139.696911,35.646674,0</coordinates></Point></Placemark>
<Placemark><name>merachi</name>
<description><![CDATA[이탈리안 백명점 2025<br/>타베로그 3.93 · 리뷰 277<br/>미나토구 · 乃木坂駅<br/><a href="https://tabelog.com/tokyo/A1307/A130701/13266913/">타베로그</a>]]></description>
<Point><coordinates>139.72401,35.661525,0</coordinates></Point></Placemark>
<Placemark><name>Il Lato</name>
<description><![CDATA[이탈리안 백명점 2025<br/>타베로그 3.87 · 리뷰 345<br/>신주쿠구 · 新宿三丁目駅<br/><a href="https://tabelog.com/tokyo/A1304/A130401/13256289/">타베로그</a>]]></description>
<Point><coordinates>139.705646,35.691047,0</coordinates></Point></Placemark>
<Placemark><name>misola</name>
<description><![CDATA[이탈리안 백명점 2025<br/>타베로그 3.73 · 리뷰 199<br/>미나토구 · 表参道駅<br/><a href="https://tabelog.com/tokyo/A1306/A130602/13258218/">타베로그</a>]]></description>
<Point><coordinates>139.714613,35.666316,0</coordinates></Point></Placemark>
<Placemark><name>Regalo</name>
<description><![CDATA[이탈리안 백명점 2025<br/>타베로그 3.78 · 리뷰 494<br/>시부야구 · 参宮橋駅<br/><a href="https://tabelog.com/tokyo/A1318/A131810/13057629/">타베로그</a>]]></description>
<Point><coordinates>139.692866,35.678346,0</coordinates></Point></Placemark>
<Placemark><name>リストランテ 濱崎</name>
<description><![CDATA[이탈리안 백명점 2025<br/>타베로그 3.71 · 리뷰 121<br/>시부야구 · 明治神宮前駅<br/><a href="https://tabelog.com/tokyo/A1306/A130601/13270773/">타베로그</a>]]></description>
<Point><coordinates>139.706716,35.671621,0</coordinates></Point></Placemark>
<Placemark><name>リストランテ ラ・バリック トウキョウ</name>
<description><![CDATA[이탈리안 백명점 2025<br/>타베로그 3.75 · 리뷰 601<br/>분쿄구 · 江戸川橋駅<br/><a href="https://tabelog.com/tokyo/A1309/A130905/13044652/">타베로그</a>]]></description>
<Point><coordinates>139.734866,35.709848,0</coordinates></Point></Placemark>
<Placemark><name>リストランテ アクアパッツァ</name>
<description><![CDATA[이탈리안 백명점 2025<br/>타베로그 3.74 · 리뷰 745<br/>미나토구 · 外苑前駅<br/><a href="https://tabelog.com/tokyo/A1306/A130603/13004578/">타베로그</a>]]></description>
<Point><coordinates>139.716702,35.66911,0</coordinates></Point></Placemark>
<Placemark><name>ボッテガ</name>
<description><![CDATA[이탈리안 백명점 2025<br/>타베로그 3.95 · 리뷰 514<br/>시부야구 · 広尾駅<br/><a href="https://tabelog.com/tokyo/A1307/A130703/13204358/">타베로그</a>]]></description>
<Point><coordinates>139.720414,35.649475,0</coordinates></Point></Placemark>
<Placemark><name>WAJO</name>
<description><![CDATA[이탈리안 백명점 2025<br/>타베로그 3.97 · 리뷰 205<br/>시부야구 · 代官山駅<br/><a href="https://tabelog.com/tokyo/A1303/A130303/13254957/">타베로그</a>]]></description>
<Point><coordinates>139.704407,35.649349,0</coordinates></Point></Placemark>
<Placemark><name>カーザ ヴィニタリア</name>
<description><![CDATA[이탈리안 백명점 2025<br/>타베로그 3.76 · 리뷰 707<br/>미나토구 · 麻布十番駅<br/><a href="https://tabelog.com/tokyo/A1307/A130702/13010456/">타베로그</a>]]></description>
<Point><coordinates>139.737102,35.651226,0</coordinates></Point></Placemark>
<Placemark><name>ヴィンチェロ</name>
<description><![CDATA[이탈리안 백명점 2025<br/>타베로그 3.73 · 리뷰 323<br/>신주쿠구 · 新宿御苑前駅<br/><a href="https://tabelog.com/tokyo/A1304/A130402/13004299/">타베로그</a>]]></description>
<Point><coordinates>139.712398,35.692867,0</coordinates></Point></Placemark>
<Placemark><name>ピアット・スズキ</name>
<description><![CDATA[이탈리안 백명점 2025<br/>타베로그 3.67 · 리뷰 311<br/>미나토구 · 麻布十番駅<br/><a href="https://tabelog.com/tokyo/A1307/A130702/13004441/">타베로그</a>]]></description>
<Point><coordinates>139.734921,35.656318,0</coordinates></Point></Placemark>
<Placemark><name>フィオッキ</name>
<description><![CDATA[이탈리안 백명점 2025<br/>타베로그 4.17 · 리뷰 427<br/>세타가야구 · 祖師ケ谷大蔵駅<br/><a href="https://tabelog.com/tokyo/A1318/A131814/13003427/">타베로그</a>]]></description>
<Point><coordinates>139.606526,35.642988,0</coordinates></Point></Placemark>
<Placemark><name>アンティカ オステリア デル ポンテ</name>
<description><![CDATA[이탈리안 백명점 2025<br/>타베로그 3.76 · 리뷰 855<br/>지요다구 · 二重橋前駅<br/><a href="https://tabelog.com/tokyo/A1302/A130201/13004061/">타베로그</a>]]></description>
<Point><coordinates>139.764108,35.681129,0</coordinates></Point></Placemark>
<Placemark><name>メログラーノ</name>
<description><![CDATA[이탈리안 백명점 2025<br/>타베로그 3.7 · 리뷰 297<br/>시부야구 · 広尾駅<br/><a href="https://tabelog.com/tokyo/A1307/A130703/13187211/">타베로그</a>]]></description>
<Point><coordinates>139.719409,35.649209,0</coordinates></Point></Placemark>
<Placemark><name>笠井</name>
<description><![CDATA[이탈리안 백명점 2025<br/>타베로그 3.79 · 리뷰 303<br/>메구로구 · 都立大学駅<br/><a href="https://tabelog.com/tokyo/A1317/A131702/13242439/">타베로그</a>]]></description>
<Point><coordinates>139.668222,35.61795,0</coordinates></Point></Placemark>
<Placemark><name>イル プレージョ</name>
<description><![CDATA[이탈리안 백명점 2025<br/>타베로그 3.72 · 리뷰 552<br/>시부야구 · 代々木上原駅<br/><a href="https://tabelog.com/tokyo/A1318/A131811/13147391/">타베로그</a>]]></description>
<Point><coordinates>139.682546,35.668943,0</coordinates></Point></Placemark>
<Placemark><name>てん茂</name>
<description><![CDATA[텐푸라 백명점 2025<br/>타베로그 3.51 · 리뷰 86<br/>주오구 · 新日本橋駅<br/><a href="https://tabelog.com/tokyo/A1302/A130202/13000320/">타베로그</a>]]></description>
<Point><coordinates>139.773607,35.689242,0</coordinates></Point></Placemark>
<Placemark><name>てんぷら 下村</name>
<description><![CDATA[텐푸라 백명점 2025<br/>타베로그 3.83 · 리뷰 331<br/>다이토구 · 新御徒町駅<br/><a href="https://tabelog.com/tokyo/A1311/A131101/13213663/">타베로그</a>]]></description>
<Point><coordinates>139.785356,35.704216,0</coordinates></Point></Placemark>
<Placemark><name>てんぷら 山の上 三越日本橋店内</name>
<description><![CDATA[텐푸라 백명점 2025<br/>타베로그 3.55 · 리뷰 364<br/>주오구 · 三越前駅<br/><a href="https://tabelog.com/tokyo/A1302/A130202/13044042/">타베로그</a>]]></description>
<Point><coordinates>139.773271,35.685773,0</coordinates></Point></Placemark>
<Placemark><name>天麩羅 巽</name>
<description><![CDATA[텐푸라 백명점 2025<br/>타베로그 3.82 · 리뷰 124<br/>지요다구 · 大手町駅<br/><a href="https://tabelog.com/tokyo/A1302/A130201/13141129/">타베로그</a>]]></description>
<Point><coordinates>139.7615,35.684794,0</coordinates></Point></Placemark>
<Placemark><name>天冨久</name>
<description><![CDATA[텐푸라 백명점 2025<br/>타베로그 3.63 · 리뷰 959<br/>오타구 · 大森駅<br/><a href="https://tabelog.com/tokyo/A1315/A131502/13082681/">타베로그</a>]]></description>
<Point><coordinates>139.72924,35.585276,0</coordinates></Point></Placemark>
<Placemark><name>日本橋 蕎ノ字</name>
<description><![CDATA[텐푸라 백명점 2025<br/>타베로그 4.46 · 리뷰 498<br/>주오구 · 人形町駅<br/><a href="https://tabelog.com/tokyo/A1302/A130204/13201969/">타베로그</a>]]></description>
<Point><coordinates>139.784547,35.686243,0</coordinates></Point></Placemark>
<Placemark><name>てんぷら 拓</name>
<description><![CDATA[텐푸라 백명점 2025<br/>타베로그 3.94 · 리뷰 170<br/>신주쿠구 · 飯田橋駅<br/><a href="https://tabelog.com/tokyo/A1309/A130905/13293838/">타베로그</a>]]></description>
<Point><coordinates>139.741055,35.702205,0</coordinates></Point></Placemark>
<Placemark><name>天冨良 よこ田</name>
<description><![CDATA[텐푸라 백명점 2025<br/>타베로그 3.67 · 리뷰 866<br/>미나토구 · 麻布十番駅<br/><a href="https://tabelog.com/tokyo/A1307/A130702/13001340/">타베로그</a>]]></description>
<Point><coordinates>139.732723,35.656952,0</coordinates></Point></Placemark>
<Placemark><name>天ぷら 元吉</name>
<description><![CDATA[텐푸라 백명점 2025<br/>타베로그 4.08 · 리뷰 143<br/>시부야구 · 代官山駅<br/><a href="https://tabelog.com/tokyo/A1303/A130302/13270939/">타베로그</a>]]></description>
<Point><coordinates>139.707561,35.649544,0</coordinates></Point></Placemark>
<Placemark><name>天婦羅 みやしろ</name>
<description><![CDATA[텐푸라 백명점 2025<br/>타베로그 3.77 · 리뷰 538<br/>메구로구 · 中目黒駅<br/><a href="https://tabelog.com/tokyo/A1317/A131701/13220479/">타베로그</a>]]></description>
<Point><coordinates>139.697295,35.641556,0</coordinates></Point></Placemark>
<Placemark><name>天亭</name>
<description><![CDATA[텐푸라 백명점 2025<br/>타베로그 3.67 · 리뷰 392<br/>주오구 · 新橋駅<br/><a href="https://tabelog.com/tokyo/A1301/A130103/13002621/">타베로그</a>]]></description>
<Point><coordinates>139.761291,35.669008,0</coordinates></Point></Placemark>
<Placemark><name>江戸前晋作</name>
<description><![CDATA[텐푸라 백명점 2025<br/>타베로그 4.09 · 리뷰 333<br/>주오구 · 人形町駅<br/><a href="https://tabelog.com/tokyo/A1302/A130204/13270572/">타베로그</a>]]></description>
<Point><coordinates>139.783992,35.685599,0</coordinates></Point></Placemark>
<Placemark><name>みかわ 是山居</name>
<description><![CDATA[텐푸라 백명점 2025<br/>타베로그 4.14 · 리뷰 836<br/>고토구 · 門前仲町駅<br/><a href="https://tabelog.com/tokyo/A1313/A131303/13090866/">타베로그</a>]]></description>
<Point><coordinates>139.79308,35.675465,0</coordinates></Point></Placemark>
<Placemark><name>喜わ</name>
<description><![CDATA[텐푸라 백명점 2025<br/>타베로그 3.61 · 리뷰 100<br/>시부야구 · 代々木上原駅<br/><a href="https://tabelog.com/tokyo/A1318/A131811/13243177/">타베로그</a>]]></description>
<Point><coordinates>139.682619,35.669255,0</coordinates></Point></Placemark>
<Placemark><name>清壽</name>
<description><![CDATA[텐푸라 백명점 2025<br/>타베로그 3.7 · 리뷰 232<br/>주오구 · 築地駅<br/><a href="https://tabelog.com/tokyo/A1313/A131301/13058904/">타베로그</a>]]></description>
<Point><coordinates>139.771255,35.666328,0</coordinates></Point></Placemark>
<Placemark><name>てんぷら山の上 Ginza</name>
<description><![CDATA[텐푸라 백명점 2025<br/>타베로그 3.69 · 리뷰 304<br/>주오구 · 東銀座駅<br/><a href="https://tabelog.com/tokyo/A1301/A130101/13207702/">타베로그</a>]]></description>
<Point><coordinates>139.764169,35.669258,0</coordinates></Point></Placemark>
<Placemark><name>てんぷら 高七</name>
<description><![CDATA[텐푸라 백명점 2025<br/>타베로그 3.67 · 리뷰 633<br/>신주쿠구 · 若松河田駅<br/><a href="https://tabelog.com/tokyo/A1305/A130504/13010870/">타베로그</a>]]></description>
<Point><coordinates>139.721073,35.701231,0</coordinates></Point></Placemark>
<Placemark><name>てんぷら黒川</name>
<description><![CDATA[텐푸라 백명점 2025<br/>타베로그 3.65 · 리뷰 659<br/>주오구 · 築地駅<br/><a href="https://tabelog.com/tokyo/A1313/A131301/13002365/">타베로그</a>]]></description>
<Point><coordinates>139.772031,35.664687,0</coordinates></Point></Placemark>
<Placemark><name>てんぷら 近藤</name>
<description><![CDATA[텐푸라 백명점 2025<br/>타베로그 3.97 · 리뷰 1178<br/>주오구 · 銀座駅<br/><a href="https://tabelog.com/tokyo/A1301/A130101/13004993/">타베로그</a>]]></description>
<Point><coordinates>139.763187,35.671178,0</coordinates></Point></Placemark>
<Placemark><name>茂竹</name>
<description><![CDATA[텐푸라 백명점 2025<br/>타베로그 3.69 · 리뷰 272<br/>주오구 · 銀座駅<br/><a href="https://tabelog.com/tokyo/A1301/A130101/13007760/">타베로그</a>]]></description>
<Point><coordinates>139.762152,35.67124,0</coordinates></Point></Placemark>
<Placemark><name>天ぷら 銀屋</name>
<description><![CDATA[텐푸라 백명점 2025<br/>타베로그 3.76 · 리뷰 72<br/>미나토구 · 白金台駅<br/><a href="https://tabelog.com/tokyo/A1316/A131602/13153190/">타베로그</a>]]></description>
<Point><coordinates>139.723221,35.637473,0</coordinates></Point></Placemark>
<Placemark><name>てんぷら 深町</name>
<description><![CDATA[텐푸라 백명점 2025<br/>타베로그 4.05 · 리뷰 1017<br/>주오구 · 京橋駅<br/><a href="https://tabelog.com/tokyo/A1302/A130202/13004105/">타베로그</a>]]></description>
<Point><coordinates>139.77044,35.676454,0</coordinates></Point></Placemark>
<Placemark><name>くすのき 本店</name>
<description><![CDATA[텐푸라 백명점 2025<br/>타베로그 4.29 · 리뷰 382<br/>신주쿠구 · 四ツ谷駅<br/><a href="https://tabelog.com/tokyo/A1309/A130902/13223239/">타베로그</a>]]></description>
<Point><coordinates>139.728068,35.685998,0</coordinates></Point></Placemark>
<Placemark><name>天ぷら 逢坂</name>
<description><![CDATA[텐푸라 백명점 2025<br/>타베로그 3.66 · 리뷰 371<br/>미나토구 · 虎ノ門ヒルズ駅<br/><a href="https://tabelog.com/tokyo/A1308/A130802/13007533/">타베로그</a>]]></description>
<Point><coordinates>139.751515,35.667136,0</coordinates></Point></Placemark>
<Placemark><name>天ぷら浅沼</name>
<description><![CDATA[텐푸라 백명점 2025<br/>타베로그 4.44 · 리뷰 538<br/>주오구 · 日本橋駅<br/><a href="https://tabelog.com/tokyo/A1302/A130202/13275655/">타베로그</a>]]></description>
<Point><coordinates>139.774614,35.680999,0</coordinates></Point></Placemark>
<Placemark><name>天 よこた</name>
<description><![CDATA[텐푸라 백명점 2025<br/>타베로그 4.02 · 리뷰 243<br/>미나토구 · 麻布十番駅<br/><a href="https://tabelog.com/tokyo/A1307/A130702/13258792/">타베로그</a>]]></description>
<Point><coordinates>139.732513,35.657,0</coordinates></Point></Placemark>
<Placemark><name>旬恵庵 あら垣</name>
<description><![CDATA[텐푸라 백명점 2025<br/>타베로그 3.72 · 리뷰 92<br/>주오구 · 新富町駅<br/><a href="https://tabelog.com/tokyo/A1313/A131301/13210026/">타베로그</a>]]></description>
<Point><coordinates>139.778189,35.669632,0</coordinates></Point></Placemark>
<Placemark><name>天ぷら 蕎楽亭</name>
<description><![CDATA[텐푸라 백명점 2025<br/>타베로그 3.68 · 리뷰 46<br/>신주쿠구 · 若松河田駅<br/><a href="https://tabelog.com/tokyo/A1309/A130903/13171952/">타베로그</a>]]></description>
<Point><coordinates>139.717166,35.694895,0</coordinates></Point></Placemark>
<Placemark><name>天ぷら あらたみかわ</name>
<description><![CDATA[텐푸라 백명점 2025<br/>타베로그 4.03 · 리뷰 169<br/>미나토구 · 虎ノ門ヒルズ駅<br/><a href="https://tabelog.com/tokyo/A1308/A130802/13299995/">타베로그</a>]]></description>
<Point><coordinates>139.751261,35.666937,0</coordinates></Point></Placemark>
<Placemark><name>CHIKAMINE</name>
<description><![CDATA[텐푸라 백명점 2025<br/>타베로그 3.97 · 리뷰 204<br/>시부야구 · 渋谷駅<br/><a href="https://tabelog.com/tokyo/A1303/A130301/13280028/">타베로그</a>]]></description>
<Point><coordinates>139.70644,35.655662,0</coordinates></Point></Placemark>
<Placemark><name>天冨良 いわ井</name>
<description><![CDATA[텐푸라 백명점 2025<br/>타베로그 3.67 · 리뷰 80<br/>주오구 · 銀座駅<br/><a href="https://tabelog.com/tokyo/A1301/A130101/13183675/">타베로그</a>]]></description>
<Point><coordinates>139.761109,35.670141,0</coordinates></Point></Placemark>
<Placemark><name>なかがわ</name>
<description><![CDATA[텐푸라 백명점 2025<br/>타베로그 3.71 · 리뷰 294<br/>주오구 · 築地駅<br/><a href="https://tabelog.com/tokyo/A1313/A131301/13002379/">타베로그</a>]]></description>
<Point><coordinates>139.770608,35.667749,0</coordinates></Point></Placemark>
<Placemark><name>天ぷら 福たろう</name>
<description><![CDATA[텐푸라 백명점 2025<br/>타베로그 3.7 · 리뷰 243<br/>다이토구 · 根津駅<br/><a href="https://tabelog.com/tokyo/A1311/A131106/13204299/">타베로그</a>]]></description>
<Point><coordinates>139.767254,35.719181,0</coordinates></Point></Placemark>
<Placemark><name>てんぷら前平</name>
<description><![CDATA[텐푸라 백명점 2025<br/>타베로그 3.71 · 리뷰 89<br/>미나토구 · 麻布十番駅<br/><a href="https://tabelog.com/tokyo/A1307/A130702/13212060/">타베로그</a>]]></description>
<Point><coordinates>139.733905,35.655634,0</coordinates></Point></Placemark>
<Placemark><name>天ぷら やぐち</name>
<description><![CDATA[텐푸라 백명점 2025<br/>타베로그 3.4 · 리뷰 148<br/>주오구 · 人形町駅<br/><a href="https://tabelog.com/tokyo/A1302/A130204/13248312/">타베로그</a>]]></description>
<Point><coordinates>139.784023,35.686162,0</coordinates></Point></Placemark>
<Placemark><name>たきや</name>
<description><![CDATA[텐푸라 백명점 2025<br/>타베로그 4.51 · 리뷰 421<br/>미나토구 · 麻布十番駅<br/><a href="https://tabelog.com/tokyo/A1307/A130702/13185763/">타베로그</a>]]></description>
<Point><coordinates>139.734777,35.655602,0</coordinates></Point></Placemark>
<Placemark><name>赤坂おぎ乃</name>
<description><![CDATA[일본요리 백명점 2025<br/>타베로그 4.5 · 리뷰 408<br/>미나토구 · 赤坂駅<br/><a href="https://tabelog.com/tokyo/A1308/A130801/13245499/">타베로그</a>]]></description>
<Point><coordinates>139.73529,35.670898,0</coordinates></Point></Placemark>
<Placemark><name>赤坂 詠月</name>
<description><![CDATA[일본요리 백명점 2025<br/>타베로그 3.92 · 리뷰 363<br/>미나토구 · 赤坂見附駅<br/><a href="https://tabelog.com/tokyo/A1308/A130801/13116523/">타베로그</a>]]></description>
<Point><coordinates>139.737549,35.674581,0</coordinates></Point></Placemark>
<Placemark><name>森ふじ</name>
<description><![CDATA[일본요리 백명점 2025<br/>타베로그 4.02 · 리뷰 156<br/>신주쿠구 · 牛込神楽坂駅<br/><a href="https://tabelog.com/tokyo/A1309/A130905/13240181/">타베로그</a>]]></description>
<Point><coordinates>139.733789,35.697725,0</coordinates></Point></Placemark>
<Placemark><name>愚直に</name>
<description><![CDATA[일본요리 백명점 2025<br/>타베로그 3.88 · 리뷰 197<br/>신주쿠구 · 飯田橋駅<br/><a href="https://tabelog.com/tokyo/A1309/A130905/13251541/">타베로그</a>]]></description>
<Point><coordinates>139.74003,35.701597,0</coordinates></Point></Placemark>
<Placemark><name>江戸前芝浜</name>
<description><![CDATA[일본요리 백명점 2025<br/>타베로그 3.76 · 리뷰 75<br/>미나토구 · 芝公園駅<br/><a href="https://tabelog.com/tokyo/A1314/A131401/13260165/">타베로그</a>]]></description>
<Point><coordinates>139.750528,35.651414,0</coordinates></Point></Placemark>
<Placemark><name>うぶか</name>
<description><![CDATA[일본요리 백명점 2025<br/>타베로그 3.84 · 리뷰 335<br/>신주쿠구 · 四谷三丁目駅<br/><a href="https://tabelog.com/tokyo/A1309/A130903/13139225/">타베로그</a>]]></description>
<Point><coordinates>139.72244,35.688653,0</coordinates></Point></Placemark>
<Placemark><name>川田</name>
<description><![CDATA[일본요리 백명점 2025<br/>타베로그 3.91 · 리뷰 231<br/>주오구 · 人形町駅<br/><a href="https://tabelog.com/tokyo/A1302/A130204/13232330/">타베로그</a>]]></description>
<Point><coordinates>139.78171,35.68539,0</coordinates></Point></Placemark>
<Placemark><name>麻布室井</name>
<description><![CDATA[일본요리 백명점 2025<br/>타베로그 4.15 · 리뷰 138<br/>주오구 · 銀座駅<br/><a href="https://tabelog.com/tokyo/A1301/A130101/13292026/">타베로그</a>]]></description>
<Point><coordinates>139.763191,35.671104,0</coordinates></Point></Placemark>
<Placemark><name>銀座 よし澤</name>
<description><![CDATA[일본요리 백명점 2025<br/>타베로그 3.74 · 리뷰 427<br/>주오구 · 銀座一丁目駅<br/><a href="https://tabelog.com/tokyo/A1301/A130101/13175030/">타베로그</a>]]></description>
<Point><coordinates>139.769405,35.673399,0</coordinates></Point></Placemark>
<Placemark><name>味幸</name>
<description><![CDATA[일본요리 백명점 2025<br/>타베로그 4.35 · 리뷰 108<br/>주오구 · 新富町駅<br/><a href="https://tabelog.com/tokyo/A1313/A131301/13277529/">타베로그</a>]]></description>
<Point><coordinates>139.777769,35.669904,0</coordinates></Point></Placemark>
<Placemark><name>津の守坂 小柴</name>
<description><![CDATA[일본요리 백명점 2025<br/>타베로그 3.93 · 리뷰 239<br/>신주쿠구 · 曙橋駅<br/><a href="https://tabelog.com/tokyo/A1309/A130903/13200286/">타베로그</a>]]></description>
<Point><coordinates>139.724678,35.691056,0</coordinates></Point></Placemark>
<Placemark><name>御料理 辻</name>
<description><![CDATA[일본요리 백명점 2025<br/>타베로그 3.73 · 리뷰 148<br/>미나토구 · 麻布十番駅<br/><a href="https://tabelog.com/tokyo/A1307/A130702/13209899/">타베로그</a>]]></description>
<Point><coordinates>139.73887,35.657224,0</coordinates></Point></Placemark>
<Placemark><name>かわさき</name>
<description><![CDATA[일본요리 백명점 2025<br/>타베로그 3.74 · 리뷰 85<br/>미나토구 · 広尾駅<br/><a href="https://tabelog.com/tokyo/A1307/A130703/13219503/">타베로그</a>]]></description>
<Point><coordinates>139.71896,35.658643,0</coordinates></Point></Placemark>
<Placemark><name>赤坂 菊乃井</name>
<description><![CDATA[일본요리 백명점 2025<br/>타베로그 3.87 · 리뷰 577<br/>미나토구 · 赤坂駅<br/><a href="https://tabelog.com/tokyo/A1308/A130801/13002514/">타베로그</a>]]></description>
<Point><coordinates>139.734028,35.669892,0</coordinates></Point></Placemark>
<Placemark><name>おかもと</name>
<description><![CDATA[일본요리 백명점 2025<br/>타베로그 3.87 · 리뷰 90<br/>미나토구 · 神谷町駅<br/><a href="https://tabelog.com/tokyo/A1307/A130704/13144115/">타베로그</a>]]></description>
<Point><coordinates>139.744446,35.662668,0</coordinates></Point></Placemark>
<Placemark><name>虎白</name>
<description><![CDATA[일본요리 백명점 2025<br/>타베로그 4.35 · 리뷰 201<br/>신주쿠구 · 飯田橋駅<br/><a href="https://tabelog.com/tokyo/A1309/A130905/13296900/">타베로그</a>]]></description>
<Point><coordinates>139.74084,35.700831,0</coordinates></Point></Placemark>
<Placemark><name>麻布十番 ふくだ</name>
<description><![CDATA[일본요리 백명점 2025<br/>타베로그 3.75 · 리뷰 125<br/>미나토구 · 麻布十番駅<br/><a href="https://tabelog.com/tokyo/A1307/A130702/13174951/">타베로그</a>]]></description>
<Point><coordinates>139.735054,35.653652,0</coordinates></Point></Placemark>
<Placemark><name>車力門 おの澤</name>
<description><![CDATA[일본요리 백명점 2025<br/>타베로그 4.04 · 리뷰 405<br/>신주쿠구 · 四谷三丁目駅<br/><a href="https://tabelog.com/tokyo/A1309/A130903/13247076/">타베로그</a>]]></description>
<Point><coordinates>139.722594,35.689236,0</coordinates></Point></Placemark>
<Placemark><name>松蔭鶴水</name>
<description><![CDATA[일본요리 백명점 2025<br/>타베로그 3.73 · 리뷰 156<br/>세타가야구 · 松陰神社前駅<br/><a href="https://tabelog.com/tokyo/A1317/A131709/13220685/">타베로그</a>]]></description>
<Point><coordinates>139.655677,35.644539,0</coordinates></Point></Placemark>
<Placemark><name>日本料理 太月</name>
<description><![CDATA[일본요리 백명점 2025<br/>타베로그 4.19 · 리뷰 645<br/>미나토구 · 表参道駅<br/><a href="https://tabelog.com/tokyo/A1306/A130602/13160021/">타베로그</a>]]></description>
<Point><coordinates>139.709478,35.664094,0</coordinates></Point></Placemark>
<Placemark><name>櫻木</name>
<description><![CDATA[일본요리 백명점 2025<br/>타베로그 4.1 · 리뷰 164<br/>주오구 · 築地駅<br/><a href="https://tabelog.com/tokyo/A1313/A131301/13275135/">타베로그</a>]]></description>
<Point><coordinates>139.773734,35.667903,0</coordinates></Point></Placemark>
<Placemark><name>白金台こばやし</name>
<description><![CDATA[일본요리 백명점 2025<br/>타베로그 3.81 · 리뷰 196<br/>시나가와구 · 白金台駅<br/><a href="https://tabelog.com/tokyo/A1316/A131602/13162454/">타베로그</a>]]></description>
<Point><coordinates>139.719406,35.641423,0</coordinates></Point></Placemark>
<Placemark><name>割烹 室井</name>
<description><![CDATA[일본요리 백명점 2025<br/>타베로그 4.19 · 리뷰 134<br/>미나토구 · 乃木坂駅<br/><a href="https://tabelog.com/tokyo/A1307/A130701/13286652/">타베로그</a>]]></description>
<Point><coordinates>139.720778,35.6617,0</coordinates></Point></Placemark>
<Placemark><name>霞町 やまがみ</name>
<description><![CDATA[일본요리 백명점 2025<br/>타베로그 3.83 · 리뷰 91<br/>미나토구 · 広尾駅<br/><a href="https://tabelog.com/tokyo/A1307/A130703/13220317/">타베로그</a>]]></description>
<Point><coordinates>139.723194,35.658652,0</coordinates></Point></Placemark>
<Placemark><name>銀座 鼓門</name>
<description><![CDATA[일본요리 백명점 2025<br/>타베로그 3.69 · 리뷰 111<br/>주오구 · 銀座駅<br/><a href="https://tabelog.com/tokyo/A1301/A130101/13270743/">타베로그</a>]]></description>
<Point><coordinates>139.762015,35.669808,0</coordinates></Point></Placemark>
<Placemark><name>NK</name>
<description><![CDATA[일본요리 백명점 2025<br/>타베로그 4.46 · 리뷰 329<br/>신주쿠구 · 牛込神楽坂駅<br/><a href="https://tabelog.com/tokyo/A1309/A130905/13249655/">타베로그</a>]]></description>
<Point><coordinates>139.7393,35.701296,0</coordinates></Point></Placemark>
<Placemark><name>味ひろ</name>
<description><![CDATA[일본요리 백명점 2025<br/>타베로그 4.16 · 리뷰 110<br/>주오구 · 新富町駅<br/><a href="https://tabelog.com/tokyo/A1313/A131301/13293039/">타베로그</a>]]></description>
<Point><coordinates>139.777138,35.670564,0</coordinates></Point></Placemark>
<Placemark><name>時喰み</name>
<description><![CDATA[일본요리 백명점 2025<br/>타베로그 3.74 · 리뷰 438<br/>주오구 · 東銀座駅<br/><a href="https://tabelog.com/tokyo/A1301/A130101/13233337/">타베로그</a>]]></description>
<Point><coordinates>139.768869,35.670828,0</coordinates></Point></Placemark>
<Placemark><name>西麻布野口</name>
<description><![CDATA[일본요리 백명점 2025<br/>타베로그 3.77 · 리뷰 162<br/>미나토구 · 乃木坂駅<br/><a href="https://tabelog.com/tokyo/A1307/A130701/13267556/">타베로그</a>]]></description>
<Point><coordinates>139.72424,35.661418,0</coordinates></Point></Placemark>
<Placemark><name>恵比寿 くろいわ</name>
<description><![CDATA[일본요리 백명점 2025<br/>타베로그 3.74 · 리뷰 148<br/>시부야구 · 恵比寿駅<br/><a href="https://tabelog.com/tokyo/A1303/A130302/13186582/">타베로그</a>]]></description>
<Point><coordinates>139.714587,35.645113,0</coordinates></Point></Placemark>
<Placemark><name>徳うち山</name>
<description><![CDATA[일본요리 백명점 2025<br/>타베로그 3.76 · 리뷰 552<br/>주오구 · 東銀座駅<br/><a href="https://tabelog.com/tokyo/A1301/A130101/13129656/">타베로그</a>]]></description>
<Point><coordinates>139.76874,35.670325,0</coordinates></Point></Placemark>
<Placemark><name>麻布 幸村</name>
<description><![CDATA[일본요리 백명점 2025<br/>타베로그 3.89 · 리뷰 184<br/>미나토구 · 麻布十番駅<br/><a href="https://tabelog.com/tokyo/A1307/A130702/13005316/">타베로그</a>]]></description>
<Point><coordinates>139.73293,35.657337,0</coordinates></Point></Placemark>
<Placemark><name>銀座ふじやま</name>
<description><![CDATA[일본요리 백명점 2025<br/>타베로그 3.76 · 리뷰 162<br/>주오구 · 銀座駅<br/><a href="https://tabelog.com/tokyo/A1301/A130101/13232735/">타베로그</a>]]></description>
<Point><coordinates>139.765532,35.673129,0</coordinates></Point></Placemark>
<Placemark><name>とく山</name>
<description><![CDATA[일본요리 백명점 2025<br/>타베로그 3.85 · 리뷰 228<br/>미나토구 · 広尾駅<br/><a href="https://tabelog.com/tokyo/A1307/A130703/13002088/">타베로그</a>]]></description>
<Point><coordinates>139.722519,35.65937,0</coordinates></Point></Placemark>
<Placemark><name>豪龍久保</name>
<description><![CDATA[일본요리 백명점 2025<br/>타베로그 3.77 · 리뷰 56<br/>미나토구 · 乃木坂駅<br/><a href="https://tabelog.com/tokyo/A1307/A130701/13260180/">타베로그</a>]]></description>
<Point><coordinates>139.723396,35.660653,0</coordinates></Point></Placemark>
<Placemark><name>常</name>
<description><![CDATA[일본요리 백명점 2025<br/>타베로그 3.93 · 리뷰 184<br/>미나토구 · 広尾駅<br/><a href="https://tabelog.com/tokyo/A1307/A130703/13220791/">타베로그</a>]]></description>
<Point><coordinates>139.722374,35.65922,0</coordinates></Point></Placemark>
<Placemark><name>一宇</name>
<description><![CDATA[일본요리 백명점 2025<br/>타베로그 3.72 · 리뷰 108<br/>신주쿠구 · 飯田橋駅<br/><a href="https://tabelog.com/tokyo/A1309/A130905/13268887/">타베로그</a>]]></description>
<Point><coordinates>139.741065,35.700469,0</coordinates></Point></Placemark>
<Placemark><name>新ばし 笹田</name>
<description><![CDATA[일본요리 백명점 2025<br/>타베로그 3.87 · 리뷰 188<br/>미나토구 · 虎ノ門駅<br/><a href="https://tabelog.com/tokyo/A1301/A130103/13020781/">타베로그</a>]]></description>
<Point><coordinates>139.751583,35.668166,0</coordinates></Point></Placemark>
<Placemark><name>松川</name>
<description><![CDATA[일본요리 백명점 2025<br/>타베로그 4.57 · 리뷰 562<br/>미나토구 · 六本木一丁目駅<br/><a href="https://tabelog.com/tokyo/A1307/A130701/13124391/">타베로그</a>]]></description>
<Point><coordinates>139.742399,35.66747,0</coordinates></Point></Placemark>
<Placemark><name>礒田</name>
<description><![CDATA[일본요리 백명점 2025<br/>타베로그 4.37 · 리뷰 226<br/>주오구 · 人形町駅<br/><a href="https://tabelog.com/tokyo/A1302/A130204/13303109/">타베로그</a>]]></description>
<Point><coordinates>139.782069,35.685276,0</coordinates></Point></Placemark>
<Placemark><name>銀座 小十</name>
<description><![CDATA[일본요리 백명점 2025<br/>타베로그 3.85 · 리뷰 454<br/>주오구 · 銀座駅<br/><a href="https://tabelog.com/tokyo/A1301/A130101/13005683/">타베로그</a>]]></description>
<Point><coordinates>139.763021,35.671453,0</coordinates></Point></Placemark>
<Placemark><name>銀座 しのはら</name>
<description><![CDATA[일본요리 백명점 2025<br/>타베로그 4.58 · 리뷰 1413<br/>주오구 · 銀座一丁目駅<br/><a href="https://tabelog.com/tokyo/A1301/A130101/13200949/">타베로그</a>]]></description>
<Point><coordinates>139.767871,35.672974,0</coordinates></Point></Placemark>
<Placemark><name>蓮 三四七</name>
<description><![CDATA[일본요리 백명점 2025<br/>타베로그 3.99 · 리뷰 242<br/>주오구 · 内幸町駅<br/><a href="https://tabelog.com/tokyo/A1301/A130101/13221959/">타베로그</a>]]></description>
<Point><coordinates>139.760173,35.670172,0</coordinates></Point></Placemark>
<Placemark><name>感情</name>
<description><![CDATA[일본요리 백명점 2025<br/>타베로그 4.26 · 리뷰 274<br/>미나토구 · 六本木駅<br/><a href="https://tabelog.com/tokyo/A1307/A130701/13267945/">타베로그</a>]]></description>
<Point><coordinates>139.731632,35.664487,0</coordinates></Point></Placemark>
<Placemark><name>宮わき</name>
<description><![CDATA[일본요리 백명점 2025<br/>타베로그 3.93 · 리뷰 270<br/>미나토구 · 赤羽橋駅<br/><a href="https://tabelog.com/tokyo/A1314/A131401/13276093/">타베로그</a>]]></description>
<Point><coordinates>139.743975,35.654438,0</coordinates></Point></Placemark>
<Placemark><name>多仁本</name>
<description><![CDATA[일본요리 백명점 2025<br/>타베로그 4.2 · 리뷰 151<br/>신주쿠구 · 飯田橋駅<br/><a href="https://tabelog.com/tokyo/A1309/A130905/13288233/">타베로그</a>]]></description>
<Point><coordinates>139.741054,35.70225,0</coordinates></Point></Placemark>
<Placemark><name>茂幸</name>
<description><![CDATA[일본요리 백명점 2025<br/>타베로그 3.71 · 리뷰 75<br/>시부야구 · 代々木上原駅<br/><a href="https://tabelog.com/tokyo/A1318/A131807/13250288/">타베로그</a>]]></description>
<Point><coordinates>139.678738,35.673148,0</coordinates></Point></Placemark>
<Placemark><name>膳司 水光庵</name>
<description><![CDATA[일본요리 백명점 2025<br/>타베로그 4.22 · 리뷰 131<br/>미나토구 · 赤羽橋駅<br/><a href="https://tabelog.com/tokyo/A1307/A130702/13286120/">타베로그</a>]]></description>
<Point><coordinates>139.74057,35.657123,0</coordinates></Point></Placemark>
<Placemark><name>炎水</name>
<description><![CDATA[일본요리 백명점 2025<br/>타베로그 4.03 · 리뷰 224<br/>메구로구 · 中目黒駅<br/><a href="https://tabelog.com/tokyo/A1317/A131701/13254619/">타베로그</a>]]></description>
<Point><coordinates>139.702446,35.6443,0</coordinates></Point></Placemark>
<Placemark><name>よし澤</name>
<description><![CDATA[일본요리 백명점 2025<br/>타베로그 3.75 · 리뷰 425<br/>미나토구 · 六本木駅<br/><a href="https://tabelog.com/tokyo/A1307/A130701/13226102/">타베로그</a>]]></description>
<Point><coordinates>139.728951,35.660101,0</coordinates></Point></Placemark>
<Placemark><name>山﨑</name>
<description><![CDATA[일본요리 백명점 2025<br/>타베로그 4.41 · 리뷰 524<br/>미나토구 · 乃木坂駅<br/><a href="https://tabelog.com/tokyo/A1307/A130701/13225691/">타베로그</a>]]></description>
<Point><coordinates>139.723304,35.661796,0</coordinates></Point></Placemark>
<Placemark><name>赤坂とゝや魚新</name>
<description><![CDATA[일본요리 백명점 2025<br/>타베로그 3.72 · 리뷰 382<br/>미나토구 · 赤坂駅<br/><a href="https://tabelog.com/tokyo/A1308/A130801/13002818/">타베로그</a>]]></description>
<Point><coordinates>139.73573,35.674019,0</coordinates></Point></Placemark>
<Placemark><name>寛幸</name>
<description><![CDATA[일본요리 백명점 2025<br/>타베로그 3.74 · 리뷰 238<br/>주오구 · 東銀座駅<br/><a href="https://tabelog.com/tokyo/A1301/A130101/13187102/">타베로그</a>]]></description>
<Point><coordinates>139.767539,35.670796,0</coordinates></Point></Placemark>
<Placemark><name>新ばし 星野</name>
<description><![CDATA[일본요리 백명점 2025<br/>타베로그 4.65 · 리뷰 326<br/>미나토구 · 御成門駅<br/><a href="https://tabelog.com/tokyo/A1314/A131401/13136847/">타베로그</a>]]></description>
<Point><coordinates>139.755321,35.662433,0</coordinates></Point></Placemark>
<Placemark><name>香嵐</name>
<description><![CDATA[일본요리 백명점 2025<br/>타베로그 4.01 · 리뷰 108<br/>주오구 · 東銀座駅<br/><a href="https://tabelog.com/tokyo/A1301/A130101/13263638/">타베로그</a>]]></description>
<Point><coordinates>139.766764,35.671583,0</coordinates></Point></Placemark>
<Placemark><name>帰燕</name>
<description><![CDATA[일본요리 백명점 2025<br/>타베로그 3.76 · 리뷰 622<br/>미나토구 · 溜池山王駅<br/><a href="https://tabelog.com/tokyo/A1308/A130802/13100055/">타베로그</a>]]></description>
<Point><coordinates>139.739825,35.668911,0</coordinates></Point></Placemark>
<Placemark><name>と村</name>
<description><![CDATA[일본요리 백명점 2025<br/>타베로그 3.87 · 리뷰 189<br/>미나토구 · 虎ノ門駅<br/><a href="https://tabelog.com/tokyo/A1308/A130802/13005027/">타베로그</a>]]></description>
<Point><coordinates>139.750167,35.668961,0</coordinates></Point></Placemark>
<Placemark><name>喰善 あべ</name>
<description><![CDATA[일본요리 백명점 2025<br/>타베로그 3.8 · 리뷰 192<br/>주오구 · 銀座駅<br/><a href="https://tabelog.com/tokyo/A1301/A130101/13162190/">타베로그</a>]]></description>
<Point><coordinates>139.763664,35.670728,0</coordinates></Point></Placemark>
<Placemark><name>鈴田式</name>
<description><![CDATA[일본요리 백명점 2025<br/>타베로그 4.23 · 리뷰 445<br/>미나토구 · 乃木坂駅<br/><a href="https://tabelog.com/tokyo/A1307/A130701/13293100/">타베로그</a>]]></description>
<Point><coordinates>139.725317,35.661137,0</coordinates></Point></Placemark>
<Placemark><name>ひろ作</name>
<description><![CDATA[일본요리 백명점 2025<br/>타베로그 3.9 · 리뷰 392<br/>미나토구 · 新橋駅<br/><a href="https://tabelog.com/tokyo/A1301/A130103/13015266/">타베로그</a>]]></description>
<Point><coordinates>139.755181,35.666233,0</coordinates></Point></Placemark>
<Placemark><name>神楽坂 石かわ</name>
<description><![CDATA[일본요리 백명점 2025<br/>타베로그 4.4 · 리뷰 722<br/>신주쿠구 · 牛込神楽坂駅<br/><a href="https://tabelog.com/tokyo/A1309/A130905/13004079/">타베로그</a>]]></description>
<Point><coordinates>139.739475,35.701212,0</coordinates></Point></Placemark>
<Placemark><name>御成門はる</name>
<description><![CDATA[일본요리 백명점 2025<br/>타베로그 4.09 · 리뷰 247<br/>미나토구 · 御成門駅<br/><a href="https://tabelog.com/tokyo/A1314/A131401/13233057/">타베로그</a>]]></description>
<Point><coordinates>139.754452,35.660183,0</coordinates></Point></Placemark>
<Placemark><name>くろぎ</name>
<description><![CDATA[일본요리 백명점 2025<br/>타베로그 4.31 · 리뷰 505<br/>미나토구 · 大門駅<br/><a href="https://tabelog.com/tokyo/A1314/A131401/13094789/">타베로그</a>]]></description>
<Point><coordinates>139.752657,35.657426,0</coordinates></Point></Placemark>
<Placemark><name>明寂</name>
<description><![CDATA[일본요리 백명점 2025<br/>타베로그 4.45 · 리뷰 318<br/>미나토구 · 六本木駅<br/><a href="https://tabelog.com/tokyo/A1307/A130701/13270958/">타베로그</a>]]></description>
<Point><coordinates>139.726705,35.659437,0</coordinates></Point></Placemark>
<Placemark><name>銀座くどう</name>
<description><![CDATA[일본요리 백명점 2025<br/>타베로그 3.67 · 리뷰 194<br/>주오구 · 東銀座駅<br/><a href="https://tabelog.com/tokyo/A1301/A130101/13212919/">타베로그</a>]]></description>
<Point><coordinates>139.7669,35.668572,0</coordinates></Point></Placemark>
<Placemark><name>日本料理 晴山</name>
<description><![CDATA[일본요리 백명점 2025<br/>타베로그 4.46 · 리뷰 1231<br/>미나토구 · 田町駅<br/><a href="https://tabelog.com/tokyo/A1314/A131402/13127807/">타베로그</a>]]></description>
<Point><coordinates>139.739965,35.647499,0</coordinates></Point></Placemark>
<Placemark><name>時限堂</name>
<description><![CDATA[일본요리 백명점 2025<br/>타베로그 4.18 · 리뷰 319<br/>미나토구 · 赤坂見附駅<br/><a href="https://tabelog.com/tokyo/A1308/A130801/13292021/">타베로그</a>]]></description>
<Point><coordinates>139.736203,35.677281,0</coordinates></Point></Placemark>
<Placemark><name>まき村</name>
<description><![CDATA[일본요리 백명점 2025<br/>타베로그 4.43 · 리뷰 407<br/>시나가와구 · 大森海岸駅<br/><a href="https://tabelog.com/tokyo/A1315/A131502/13003338/">타베로그</a>]]></description>
<Point><coordinates>139.735435,35.590848,0</coordinates></Point></Placemark>
<Placemark><name>味享</name>
<description><![CDATA[일본요리 백명점 2025<br/>타베로그 4.39 · 리뷰 254<br/>미나토구 · 内幸町駅<br/><a href="https://tabelog.com/tokyo/A1301/A130103/13228116/">타베로그</a>]]></description>
<Point><coordinates>139.753348,35.667562,0</coordinates></Point></Placemark>
<Placemark><name>豊後もん 江とう</name>
<description><![CDATA[일본요리 백명점 2025<br/>타베로그 3.82 · 리뷰 72<br/>신주쿠구 · 牛込神楽坂駅<br/><a href="https://tabelog.com/tokyo/A1309/A130905/13268276/">타베로그</a>]]></description>
<Point><coordinates>139.739432,35.701267,0</coordinates></Point></Placemark>
<Placemark><name>龍吟</name>
<description><![CDATA[일본요리 백명점 2025<br/>타베로그 4.15 · 리뷰 328<br/>지요다구 · 日比谷駅<br/><a href="https://tabelog.com/tokyo/A1301/A130102/13001457/">타베로그</a>]]></description>
<Point><coordinates>139.759287,35.67428,0</coordinates></Point></Placemark>
<Placemark><name>はらまさ</name>
<description><![CDATA[일본요리 백명점 2025<br/>타베로그 3.92 · 리뷰 775<br/>신주쿠구 · 四谷三丁目駅<br/><a href="https://tabelog.com/tokyo/A1309/A130903/13151542/">타베로그</a>]]></description>
<Point><coordinates>139.716547,35.687939,0</coordinates></Point></Placemark>
<Placemark><name>うち山</name>
<description><![CDATA[일본요리 백명점 2025<br/>타베로그 3.78 · 리뷰 672<br/>주오구 · 新富町駅<br/><a href="https://tabelog.com/tokyo/A1301/A130101/13002322/">타베로그</a>]]></description>
<Point><coordinates>139.770062,35.672166,0</coordinates></Point></Placemark>
<Placemark><name>樋口</name>
<description><![CDATA[일본요리 백명점 2025<br/>타베로그 4.17 · 리뷰 214<br/>시부야구 · 北参道駅<br/><a href="https://tabelog.com/tokyo/A1306/A130601/13001215/">타베로그</a>]]></description>
<Point><coordinates>139.710144,35.673489,0</coordinates></Point></Placemark>
<Placemark><name>日本料理 柳燕</name>
<description><![CDATA[일본요리 백명점 2025<br/>타베로그 3.75 · 리뷰 130<br/>주오구 · 人形町駅<br/><a href="https://tabelog.com/tokyo/A1302/A130204/13258874/">타베로그</a>]]></description>
<Point><coordinates>139.783988,35.685616,0</coordinates></Point></Placemark>
<Placemark><name>乃木坂 しん</name>
<description><![CDATA[일본요리 백명점 2025<br/>타베로그 3.98 · 리뷰 190<br/>미나토구 · 乃木坂駅<br/><a href="https://tabelog.com/tokyo/A1307/A130701/13196404/">타베로그</a>]]></description>
<Point><coordinates>139.728991,35.668589,0</coordinates></Point></Placemark>
<Placemark><name>銀座 きた川</name>
<description><![CDATA[일본요리 백명점 2025<br/>타베로그 4.36 · 리뷰 418<br/>주오구 · 銀座一丁目駅<br/><a href="https://tabelog.com/tokyo/A1301/A130101/13275790/">타베로그</a>]]></description>
<Point><coordinates>139.768278,35.672137,0</coordinates></Point></Placemark>
<Placemark><name>わたなべ</name>
<description><![CDATA[일본요리 백명점 2025<br/>타베로그 3.84 · 리뷰 144<br/>미나토구 · 白金高輪駅<br/><a href="https://tabelog.com/tokyo/A1316/A131602/13254996/">타베로그</a>]]></description>
<Point><coordinates>139.733887,35.643183,0</coordinates></Point></Placemark>
<Placemark><name>麻布 かどわき</name>
<description><![CDATA[일본요리 백명점 2025<br/>타베로그 4.02 · 리뷰 605<br/>미나토구 · 麻布十番駅<br/><a href="https://tabelog.com/tokyo/A1307/A130702/13001664/">타베로그</a>]]></description>
<Point><coordinates>139.73362,35.655948,0</coordinates></Point></Placemark>
<Placemark><name>赤坂 渡なべ</name>
<description><![CDATA[일본요리 백명점 2025<br/>타베로그 3.76 · 리뷰 259<br/>미나토구 · 赤坂駅<br/><a href="https://tabelog.com/tokyo/A1308/A130801/13224478/">타베로그</a>]]></description>
<Point><coordinates>139.738012,35.670644,0</coordinates></Point></Placemark>
<Placemark><name>茶寮 宮坂</name>
<description><![CDATA[일본요리 백명점 2025<br/>타베로그 3.69 · 리뷰 366<br/>미나토구 · 六本木駅<br/><a href="https://tabelog.com/tokyo/A1307/A130701/13216329/">타베로그</a>]]></description>
<Point><coordinates>139.729383,35.658711,0</coordinates></Point></Placemark>
<Placemark><name>日本料理 久丹</name>
<description><![CDATA[일본요리 백명점 2025<br/>타베로그 4 · 리뷰 265<br/>주오구 · 新富町駅<br/><a href="https://tabelog.com/tokyo/A1313/A131301/13220750/">타베로그</a>]]></description>
<Point><coordinates>139.774029,35.671612,0</coordinates></Point></Placemark>
<Placemark><name>あき山</name>
<description><![CDATA[일본요리 백명점 2025<br/>타베로그 3.83 · 리뷰 128<br/>미나토구 · 白金台駅<br/><a href="https://tabelog.com/tokyo/A1316/A131602/13218136/">타베로그</a>]]></description>
<Point><coordinates>139.72475,35.644471,0</coordinates></Point></Placemark>
<Placemark><name>銀座 稲葉</name>
<description><![CDATA[일본요리 백명점 2025<br/>타베로그 3.84 · 리뷰 377<br/>주오구 · 東銀座駅<br/><a href="https://tabelog.com/tokyo/A1301/A130101/13259495/">타베로그</a>]]></description>
<Point><coordinates>139.763099,35.667699,0</coordinates></Point></Placemark>
<Placemark><name>かんだ</name>
<description><![CDATA[일본요리 백명점 2025<br/>타베로그 4.16 · 리뷰 177<br/>미나토구 · 虎ノ門ヒルズ駅<br/><a href="https://tabelog.com/tokyo/A1308/A130802/13270674/">타베로그</a>]]></description>
<Point><coordinates>139.748176,35.665899,0</coordinates></Point></Placemark>
<Placemark><name>紀茂登</name>
<description><![CDATA[일본요리 백명점 2025<br/>타베로그 4.33 · 리뷰 454<br/>신주쿠구 · 神楽坂駅<br/><a href="https://tabelog.com/tokyo/A1309/A130905/13226856/">타베로그</a>]]></description>
<Point><coordinates>139.739877,35.706319,0</coordinates></Point></Placemark>
<Placemark><name>鉄板焼き いわ倉</name>
<description><![CDATA[일본요리 백명점 2025<br/>타베로그 3.75 · 리뷰 409<br/>신주쿠구 · 牛込神楽坂駅<br/><a href="https://tabelog.com/tokyo/A1309/A130905/13189075/">타베로그</a>]]></description>
<Point><coordinates>139.737824,35.702135,0</coordinates></Point></Placemark>
<Placemark><name>ぎんざ 一二岐</name>
<description><![CDATA[일본요리 백명점 2025<br/>타베로그 3.79 · 리뷰 607<br/>주오구 · 新富町駅<br/><a href="https://tabelog.com/tokyo/A1313/A131301/13115557/">타베로그</a>]]></description>
<Point><coordinates>139.770378,35.671344,0</coordinates></Point></Placemark>
<Placemark><name>宮坂</name>
<description><![CDATA[일본요리 백명점 2025<br/>타베로그 4.24 · 리뷰 164<br/>미나토구 · 表参道駅<br/><a href="https://tabelog.com/tokyo/A1306/A130602/13264981/">타베로그</a>]]></description>
<Point><coordinates>139.714387,35.662465,0</coordinates></Point></Placemark>
<Placemark><name>茜坂大沼</name>
<description><![CDATA[일본요리 백명점 2025<br/>타베로그 3.84 · 리뷰 313<br/>미나토구 · 赤坂駅<br/><a href="https://tabelog.com/tokyo/A1308/A130801/13244397/">타베로그</a>]]></description>
<Point><coordinates>139.737809,35.674058,0</coordinates></Point></Placemark>
<Placemark><name>お料理 志ぶう</name>
<description><![CDATA[일본요리 백명점 2025<br/>타베로그 3.69 · 리뷰 40<br/>주오구 · 銀座一丁目駅<br/><a href="https://tabelog.com/tokyo/A1301/A130101/13215411/">타베로그</a>]]></description>
<Point><coordinates>139.76657,35.674439,0</coordinates></Point></Placemark>
<Placemark><name>伯雲</name>
<description><![CDATA[일본요리 백명점 2025<br/>타베로그 4.23 · 리뷰 243<br/>미나토구 · 外苑前駅<br/><a href="https://tabelog.com/tokyo/A1306/A130603/13255456/">타베로그</a>]]></description>
<Point><coordinates>139.718114,35.66606,0</coordinates></Point></Placemark>
<Placemark><name>日本料理 山崎</name>
<description><![CDATA[일본요리 백명점 2025<br/>타베로그 4.06 · 리뷰 352<br/>주오구 · 宝町駅<br/><a href="https://tabelog.com/tokyo/A1302/A130202/13287123/">타베로그</a>]]></description>
<Point><coordinates>139.771434,35.676505,0</coordinates></Point></Placemark>
<Placemark><name>赤坂 島袋</name>
<description><![CDATA[일본요리 백명점 2025<br/>타베로그 4.21 · 리뷰 127<br/>미나토구 · 赤坂見附駅<br/><a href="https://tabelog.com/tokyo/A1308/A130801/13300943/">타베로그</a>]]></description>
<Point><coordinates>139.736183,35.676466,0</coordinates></Point></Placemark>
<Placemark><name>無題</name>
<description><![CDATA[일본요리 백명점 2025<br/>타베로그 3.71 · 리뷰 55<br/>미나토구 · 神谷町駅<br/><a href="https://tabelog.com/tokyo/A1307/A130701/13296933/">타베로그</a>]]></description>
<Point><coordinates>139.740943,35.660758,0</coordinates></Point></Placemark>
<Placemark><name>初音鮨</name>
<description><![CDATA[스시 백명점 2025<br/>타베로그 4.24 · 리뷰 1327<br/>오타구 · 蒲田駅<br/><a href="https://tabelog.com/tokyo/A1315/A131503/13017742/">타베로그</a>]]></description>
<Point><coordinates>139.714555,35.565552,0</coordinates></Point></Placemark>
<Placemark><name>鮨 梢</name>
<description><![CDATA[스시 백명점 2025<br/>타베로그 3.74 · 리뷰 121<br/>미나토구 · 高輪台駅<br/><a href="https://tabelog.com/tokyo/A1316/A131603/13263453/">타베로그</a>]]></description>
<Point><coordinates>139.73238,35.633426,0</coordinates></Point></Placemark>
<Placemark><name>鮨桂太</name>
<description><![CDATA[스시 백명점 2025<br/>타베로그 3.8 · 리뷰 481<br/>주오구 · 築地駅<br/><a href="https://tabelog.com/tokyo/A1313/A131301/13213360/">타베로그</a>]]></description>
<Point><coordinates>139.773671,35.665415,0</coordinates></Point></Placemark>
<Placemark><name>鮨 いまむら</name>
<description><![CDATA[스시 백명점 2025<br/>타베로그 3.8 · 리뷰 133<br/>미나토구 · 白金台駅<br/><a href="https://tabelog.com/tokyo/A1316/A131602/13247741/">타베로그</a>]]></description>
<Point><coordinates>139.725437,35.644204,0</coordinates></Point></Placemark>
<Placemark><name>島津</name>
<description><![CDATA[스시 백명점 2025<br/>타베로그 4.55 · 리뷰 570<br/>미나토구 · 白金高輪駅<br/><a href="https://tabelog.com/tokyo/A1316/A131602/13252991/">타베로그</a>]]></description>
<Point><coordinates>139.733648,35.643175,0</coordinates></Point></Placemark>
<Placemark><name>東麻布 天本</name>
<description><![CDATA[스시 백명점 2025<br/>타베로그 4.6 · 리뷰 653<br/>미나토구 · 赤羽橋駅<br/><a href="https://tabelog.com/tokyo/A1314/A131401/13196420/">타베로그</a>]]></description>
<Point><coordinates>139.743456,35.657318,0</coordinates></Point></Placemark>
<Placemark><name>新ばし しみづ</name>
<description><![CDATA[스시 백명점 2025<br/>타베로그 4.3 · 리뷰 806<br/>미나토구 · 新橋駅<br/><a href="https://tabelog.com/tokyo/A1301/A130103/13002892/">타베로그</a>]]></description>
<Point><coordinates>139.756381,35.666469,0</coordinates></Point></Placemark>
<Placemark><name>鮨 鈴木</name>
<description><![CDATA[스시 백명점 2025<br/>타베로그 4.17 · 리뷰 93<br/>주오구 · 銀座駅<br/><a href="https://tabelog.com/tokyo/A1301/A130101/13299923/">타베로그</a>]]></description>
<Point><coordinates>139.761895,35.670979,0</coordinates></Point></Placemark>
<Placemark><name>恵比寿 えんどう</name>
<description><![CDATA[스시 백명점 2025<br/>타베로그 3.99 · 리뷰 368<br/>시부야구 · 恵比寿駅<br/><a href="https://tabelog.com/tokyo/A1303/A130302/13231081/">타베로그</a>]]></description>
<Point><coordinates>139.71053,35.644706,0</coordinates></Point></Placemark>
<Placemark><name>鮨 みずかみ</name>
<description><![CDATA[스시 백명점 2025<br/>타베로그 4.26 · 리뷰 335<br/>지요다구 · 半蔵門駅<br/><a href="https://tabelog.com/tokyo/A1308/A130803/13220742/">타베로그</a>]]></description>
<Point><coordinates>139.743316,35.687743,0</coordinates></Point></Placemark>
<Placemark><name>鮨 ゆうき</name>
<description><![CDATA[스시 백명점 2025<br/>타베로그 4.3 · 리뷰 328<br/>시부야구 · 広尾駅<br/><a href="https://tabelog.com/tokyo/A1307/A130703/13294395/">타베로그</a>]]></description>
<Point><coordinates>139.720405,35.649831,0</coordinates></Point></Placemark>
<Placemark><name>江戸前鮓 すし通</name>
<description><![CDATA[스시 백명점 2025<br/>타베로그 3.72 · 리뷰 700<br/>미나토구 · 六本木駅<br/><a href="https://tabelog.com/tokyo/A1307/A130701/13061640/">타베로그</a>]]></description>
<Point><coordinates>139.726517,35.660113,0</coordinates></Point></Placemark>
<Placemark><name>鮨 まつうら</name>
<description><![CDATA[스시 백명점 2025<br/>타베로그 4.34 · 리뷰 324<br/>미나토구 · 白金高輪駅<br/><a href="https://tabelog.com/tokyo/A1316/A131602/13239788/">타베로그</a>]]></description>
<Point><coordinates>139.727701,35.644491,0</coordinates></Point></Placemark>
<Placemark><name>すきやばし 次郎</name>
<description><![CDATA[스시 백명점 2025<br/>타베로그 3.84 · 리뷰 437<br/>주오구 · 銀座駅<br/><a href="https://tabelog.com/tokyo/A1301/A130101/13002260/">타베로그</a>]]></description>
<Point><coordinates>139.763947,35.672749,0</coordinates></Point></Placemark>
<Placemark><name>小笹寿し</name>
<description><![CDATA[스시 백명점 2025<br/>타베로그 3.61 · 리뷰 243<br/>주오구 · 新橋駅<br/><a href="https://tabelog.com/tokyo/A1301/A130103/13000569/">타베로그</a>]]></description>
<Point><coordinates>139.760446,35.668486,0</coordinates></Point></Placemark>
<Placemark><name>らんまる</name>
<description><![CDATA[스시 백명점 2025<br/>타베로그 4.05 · 리뷰 728<br/>메구로구 · 不動前駅<br/><a href="https://tabelog.com/tokyo/A1317/A131710/13217903/">타베로그</a>]]></description>
<Point><coordinates>139.708715,35.627105,0</coordinates></Point></Placemark>
<Placemark><name>鮨 太一</name>
<description><![CDATA[스시 백명점 2025<br/>타베로그 3.75 · 리뷰 521<br/>주오구 · 銀座駅<br/><a href="https://tabelog.com/tokyo/A1301/A130101/13060788/">타베로그</a>]]></description>
<Point><coordinates>139.761346,35.671221,0</coordinates></Point></Placemark>
<Placemark><name>すし 喜邑</name>
<description><![CDATA[스시 백명점 2025<br/>타베로그 4.24 · 리뷰 523<br/>세타가야구 · 二子玉川駅<br/><a href="https://tabelog.com/tokyo/A1317/A131708/13026584/">타베로그</a>]]></description>
<Point><coordinates>139.62436,35.616032,0</coordinates></Point></Placemark>
<Placemark><name>鮨 在</name>
<description><![CDATA[스시 백명점 2025<br/>타베로그 4.1 · 리뷰 525<br/>시부야구 · 広尾駅<br/><a href="https://tabelog.com/tokyo/A1307/A130703/13233764/">타베로그</a>]]></description>
<Point><coordinates>139.721092,35.650472,0</coordinates></Point></Placemark>
<Placemark><name>鮨 西崎</name>
<description><![CDATA[스시 백명점 2025<br/>타베로그 4.36 · 리뷰 309<br/>세타가야구 · 東北沢駅<br/><a href="https://tabelog.com/tokyo/A1318/A131811/13270984/">타베로그</a>]]></description>
<Point><coordinates>139.671477,35.668917,0</coordinates></Point></Placemark>
<Placemark><name>鮨 はしもと</name>
<description><![CDATA[스시 백명점 2025<br/>타베로그 4.48 · 리뷰 682<br/>주오구 · 新富町駅<br/><a href="https://tabelog.com/tokyo/A1313/A131301/13238306/">타베로그</a>]]></description>
<Point><coordinates>139.774478,35.672939,0</coordinates></Point></Placemark>
<Placemark><name>さき田</name>
<description><![CDATA[스시 백명점 2025<br/>타베로그 3.81 · 리뷰 128<br/>三鷹구 · 三鷹市<br/><a href="https://tabelog.com/tokyo/A1320/A132001/13216828/">타베로그</a>]]></description>
<Point><coordinates>139.569534,35.691559,0</coordinates></Point></Placemark>
<Placemark><name>鮓 ふじなが</name>
<description><![CDATA[스시 백명점 2025<br/>타베로그 4.31 · 리뷰 296<br/>미나토구 · 麻布十番駅<br/><a href="https://tabelog.com/tokyo/A1307/A130702/13265370/">타베로그</a>]]></description>
<Point><coordinates>139.733793,35.656575,0</coordinates></Point></Placemark>
<Placemark><name>鮨 美幸</name>
<description><![CDATA[스시 백명점 2025<br/>타베로그 4.13 · 리뷰 282<br/>주오구 · 新富町駅<br/><a href="https://tabelog.com/tokyo/A1313/A131301/13273113/">타베로그</a>]]></description>
<Point><coordinates>139.775009,35.67231,0</coordinates></Point></Placemark>
<Placemark><name>すが弥</name>
<description><![CDATA[스시 백명점 2025<br/>타베로그 4.09 · 리뷰 557<br/>미나토구 · 赤羽橋駅<br/><a href="https://tabelog.com/tokyo/A1314/A131401/13228776/">타베로그</a>]]></description>
<Point><coordinates>139.742475,35.655313,0</coordinates></Point></Placemark>
<Placemark><name>鮨 一幸</name>
<description><![CDATA[스시 백명점 2025<br/>타베로그 4.61 · 리뷰 174<br/>주오구 · 東銀座駅<br/><a href="https://tabelog.com/tokyo/A1301/A130101/13300481/">타베로그</a>]]></description>
<Point><coordinates>139.76548,35.669502,0</coordinates></Point></Placemark>
<Placemark><name>高柿の鮨</name>
<description><![CDATA[스시 백명점 2025<br/>타베로그 3.73 · 리뷰 254<br/>주오구 · 水天宮前駅<br/><a href="https://tabelog.com/tokyo/A1302/A130204/13231297/">타베로그</a>]]></description>
<Point><coordinates>139.783997,35.682765,0</coordinates></Point></Placemark>
<Placemark><name>あら輝</name>
<description><![CDATA[스시 백명점 2025<br/>타베로그 4.23 · 리뷰 109<br/>미나토구 · 赤坂駅<br/><a href="https://tabelog.com/tokyo/A1308/A130801/13296725/">타베로그</a>]]></description>
<Point><coordinates>139.735379,35.671054,0</coordinates></Point></Placemark>
<Placemark><name>きよ田</name>
<description><![CDATA[스시 백명점 2025<br/>타베로그 4.05 · 리뷰 335<br/>주오구 · 銀座駅<br/><a href="https://tabelog.com/tokyo/A1301/A130101/13070238/">타베로그</a>]]></description>
<Point><coordinates>139.760963,35.671468,0</coordinates></Point></Placemark>
<Placemark><name>くろ﨑</name>
<description><![CDATA[스시 백명점 2025<br/>타베로그 4.37 · 리뷰 359<br/>미나토구 · 表参道駅<br/><a href="https://tabelog.com/tokyo/A1306/A130602/13268824/">타베로그</a>]]></description>
<Point><coordinates>139.716778,35.66601,0</coordinates></Point></Placemark>
<Placemark><name>寺子屋 すし匠</name>
<description><![CDATA[스시 백명점 2025<br/>타베로그 4.03 · 리뷰 149<br/>미나토구 · 神谷町駅<br/><a href="https://tabelog.com/tokyo/A1307/A130704/13291238/">타베로그</a>]]></description>
<Point><coordinates>139.742964,35.662045,0</coordinates></Point></Placemark>
<Placemark><name>すし家 一柳</name>
<description><![CDATA[스시 백명점 2025<br/>타베로그 3.8 · 리뷰 443<br/>주오구 · 銀座一丁目駅<br/><a href="https://tabelog.com/tokyo/A1301/A130101/13156961/">타베로그</a>]]></description>
<Point><coordinates>139.767087,35.674957,0</coordinates></Point></Placemark>
<Placemark><name>鮨 しゅん輔 阿佐ヶ谷</name>
<description><![CDATA[스시 백명점 2025<br/>타베로그 4.32 · 리뷰 720<br/>스기나미구 · 阿佐ケ谷駅<br/><a href="https://tabelog.com/tokyo/A1319/A131905/13127515/">타베로그</a>]]></description>
<Point><coordinates>139.633921,35.7045,0</coordinates></Point></Placemark>
<Placemark><name>匠 進吾</name>
<description><![CDATA[스시 백명점 2025<br/>타베로그 4.2 · 리뷰 336<br/>미나토구 · 青山一丁目駅<br/><a href="https://tabelog.com/tokyo/A1306/A130603/13155925/">타베로그</a>]]></description>
<Point><coordinates>139.723887,35.671354,0</coordinates></Point></Placemark>
<Placemark><name>冨所</name>
<description><![CDATA[스시 백명점 2025<br/>타베로그 3.85 · 리뷰 646<br/>미나토구 · 御成門駅<br/><a href="https://tabelog.com/tokyo/A1314/A131401/13223846/">타베로그</a>]]></description>
<Point><coordinates>139.754072,35.661912,0</coordinates></Point></Placemark>
<Placemark><name>あじゅう田</name>
<description><![CDATA[스시 백명점 2025<br/>타베로그 3.79 · 리뷰 407<br/>시부야구 · 神泉駅<br/><a href="https://tabelog.com/tokyo/A1303/A130301/13257494/">타베로그</a>]]></description>
<Point><coordinates>139.695161,35.662586,0</coordinates></Point></Placemark>
<Placemark><name>鮨 龍次郎</name>
<description><![CDATA[스시 백명점 2025<br/>타베로그 4.38 · 리뷰 971<br/>미나토구 · 外苑前駅<br/><a href="https://tabelog.com/tokyo/A1306/A130603/13240787/">타베로그</a>]]></description>
<Point><coordinates>139.721094,35.671305,0</coordinates></Point></Placemark>
<Placemark><name>鮨しゅんじ</name>
<description><![CDATA[스시 백명점 2025<br/>타베로그 4.39 · 리뷰 215<br/>미나토구 · 麻布十番駅<br/><a href="https://tabelog.com/tokyo/A1307/A130701/13282687/">타베로그</a>]]></description>
<Point><coordinates>139.728715,35.657067,0</coordinates></Point></Placemark>
<Placemark><name>鮨 ます田</name>
<description><![CDATA[스시 백명점 2025<br/>타베로그 4.19 · 리뷰 196<br/>미나토구 · 表参道駅<br/><a href="https://tabelog.com/tokyo/A1306/A130602/13268503/">타베로그</a>]]></description>
<Point><coordinates>139.714623,35.665612,0</coordinates></Point></Placemark>
<Placemark><name>千葉たかおか</name>
<description><![CDATA[스시 백명점 2025<br/>타베로그 4.31 · 리뷰 176<br/>주오구 · 東京駅<br/><a href="https://tabelog.com/tokyo/A1302/A130201/13282854/">타베로그</a>]]></description>
<Point><coordinates>139.768952,35.679068,0</coordinates></Point></Placemark>
<Placemark><name>銀座いち分</name>
<description><![CDATA[스시 백명점 2025<br/>타베로그 3.73 · 리뷰 119<br/>주오구 · 新富町駅<br/><a href="https://tabelog.com/tokyo/A1301/A130101/13209942/">타베로그</a>]]></description>
<Point><coordinates>139.770164,35.671986,0</coordinates></Point></Placemark>
<Placemark><name>新橋鶴八</name>
<description><![CDATA[스시 백명점 2025<br/>타베로그 3.83 · 리뷰 322<br/>미나토구 · 新橋駅<br/><a href="https://tabelog.com/tokyo/A1301/A130103/13173432/">타베로그</a>]]></description>
<Point><coordinates>139.757389,35.666289,0</coordinates></Point></Placemark>
<Placemark><name>鮨 さいとう 麻布台</name>
<description><![CDATA[스시 백명점 2025<br/>타베로그 3.76 · 리뷰 390<br/>미나토구 · 神谷町駅<br/><a href="https://tabelog.com/tokyo/A1307/A130701/13295096/">타베로그</a>]]></description>
<Point><coordinates>139.740904,35.661701,0</coordinates></Point></Placemark>
<Placemark><name>鮨 はしぐち</name>
<description><![CDATA[스시 백명점 2025<br/>타베로그 3.95 · 리뷰 269<br/>미나토구 · 赤坂見附駅<br/><a href="https://tabelog.com/tokyo/A1308/A130801/13134517/">타베로그</a>]]></description>
<Point><coordinates>139.732318,35.677627,0</coordinates></Point></Placemark>
<Placemark><name>佐野鮨</name>
<description><![CDATA[스시 백명점 2025<br/>타베로그 4.01 · 리뷰 271<br/>미나토구 · 芝公園駅<br/><a href="https://tabelog.com/tokyo/A1314/A131401/13290845/">타베로그</a>]]></description>
<Point><coordinates>139.750703,35.651537,0</coordinates></Point></Placemark>
<Placemark><name>不動前 すし 岩澤</name>
<description><![CDATA[스시 백명점 2025<br/>타베로그 3.7 · 리뷰 323<br/>시나가와구 · 不動前駅<br/><a href="https://tabelog.com/tokyo/A1317/A131710/13193460/">타베로그</a>]]></description>
<Point><coordinates>139.71703,35.624231,0</coordinates></Point></Placemark>
<Placemark><name>鮨 竜介</name>
<description><![CDATA[스시 백명점 2025<br/>타베로그 3.8 · 리뷰 284<br/>주오구 · 銀座駅<br/><a href="https://tabelog.com/tokyo/A1301/A130101/13185503/">타베로그</a>]]></description>
<Point><coordinates>139.760231,35.670309,0</coordinates></Point></Placemark>
<Placemark><name>鮨 なんば 日比谷</name>
<description><![CDATA[스시 백명점 2025<br/>타베로그 4.51 · 리뷰 1049<br/>지요다구 · 日比谷駅<br/><a href="https://tabelog.com/tokyo/A1301/A130102/13219857/">타베로그</a>]]></description>
<Point><coordinates>139.759394,35.674188,0</coordinates></Point></Placemark>
<Placemark><name>戸越銀座 鮨 ばんど</name>
<description><![CDATA[스시 백명점 2025<br/>타베로그 3.73 · 리뷰 314<br/>시나가와구 · 戸越銀座駅<br/><a href="https://tabelog.com/tokyo/A1317/A131712/13255116/">타베로그</a>]]></description>
<Point><coordinates>139.716,35.620381,0</coordinates></Point></Placemark>
<Placemark><name>鮨 あらい</name>
<description><![CDATA[스시 백명점 2025<br/>타베로그 4.59 · 리뷰 1058<br/>주오구 · 銀座駅<br/><a href="https://tabelog.com/tokyo/A1301/A130101/13188186/">타베로그</a>]]></description>
<Point><coordinates>139.762723,35.668081,0</coordinates></Point></Placemark>
<Placemark><name>鮨 浩也</name>
<description><![CDATA[스시 백명점 2025<br/>타베로그 3.74 · 리뷰 568<br/>미나토구 · 大門駅<br/><a href="https://tabelog.com/tokyo/A1314/A131401/13247407/">타베로그</a>]]></description>
<Point><coordinates>139.756132,35.659476,0</coordinates></Point></Placemark>
<Placemark><name>鮨 めい乃</name>
<description><![CDATA[스시 백명점 2025<br/>타베로그 4.45 · 리뷰 174<br/>미나토구 · 麻布十番駅<br/><a href="https://tabelog.com/tokyo/A1307/A130702/13292357/">타베로그</a>]]></description>
<Point><coordinates>139.734229,35.656744,0</coordinates></Point></Placemark>
<Placemark><name>佐たけ</name>
<description><![CDATA[스시 백명점 2025<br/>타베로그 3.79 · 리뷰 523<br/>주오구 · 築地市場駅<br/><a href="https://tabelog.com/tokyo/A1301/A130103/13258466/">타베로그</a>]]></description>
<Point><coordinates>139.763856,35.666494,0</coordinates></Point></Placemark>
<Placemark><name>鮨 やすみつ</name>
<description><![CDATA[스시 백명점 2025<br/>타베로그 4.01 · 리뷰 154<br/>신주쿠구 · 四谷三丁目駅<br/><a href="https://tabelog.com/tokyo/A1309/A130902/13212833/">타베로그</a>]]></description>
<Point><coordinates>139.725283,35.688123,0</coordinates></Point></Placemark>
<Placemark><name>さわ田</name>
<description><![CDATA[스시 백명점 2025<br/>타베로그 4.52 · 리뷰 613<br/>주오구 · 銀座駅<br/><a href="https://tabelog.com/tokyo/A1301/A130101/13001043/">타베로그</a>]]></description>
<Point><coordinates>139.765253,35.67047,0</coordinates></Point></Placemark>
<Placemark><name>鮨 陸</name>
<description><![CDATA[스시 백명점 2025<br/>타베로그 4.36 · 리뷰 220<br/>시부야구 · 広尾駅<br/><a href="https://tabelog.com/tokyo/A1307/A130703/13301089/">타베로그</a>]]></description>
<Point><coordinates>139.721256,35.649897,0</coordinates></Point></Placemark>
<Placemark><name>寿司 健</name>
<description><![CDATA[스시 백명점 2025<br/>타베로그 3.87 · 리뷰 163<br/>주오구 · 東銀座駅<br/><a href="https://tabelog.com/tokyo/A1301/A130101/13271362/">타베로그</a>]]></description>
<Point><coordinates>139.763579,35.66823,0</coordinates></Point></Placemark>
<Placemark><name>きざ㐂</name>
<description><![CDATA[스시 백명점 2025<br/>타베로그 4.15 · 리뷰 626<br/>미나토구 · 赤坂見附駅<br/><a href="https://tabelog.com/tokyo/A1308/A130801/13221218/">타베로그</a>]]></description>
<Point><coordinates>139.735918,35.6764,0</coordinates></Point></Placemark>
<Placemark><name>鮨　まつ本</name>
<description><![CDATA[스시 백명점 2025<br/>타베로그 3.84 · 리뷰 362<br/>이타바시구 · 新板橋駅<br/><a href="https://tabelog.com/tokyo/A1322/A132201/13185463/">타베로그</a>]]></description>
<Point><coordinates>139.719205,35.747717,0</coordinates></Point></Placemark>
<Placemark><name>鮨処 やまと</name>
<description><![CDATA[스시 백명점 2025<br/>타베로그 4.3 · 리뷰 603<br/>주오구 · 築地駅<br/><a href="https://tabelog.com/tokyo/A1313/A131301/13262384/">타베로그</a>]]></description>
<Point><coordinates>139.773759,35.667926,0</coordinates></Point></Placemark>
<Placemark><name>鮨 さいとう</name>
<description><![CDATA[스시 백명점 2025<br/>타베로그 4.6 · 리뷰 1402<br/>미나토구 · 六本木一丁目駅<br/><a href="https://tabelog.com/tokyo/A1308/A130802/13015251/">타베로그</a>]]></description>
<Point><coordinates>139.739597,35.665385,0</coordinates></Point></Placemark>
<Placemark><name>鮨 由う</name>
<description><![CDATA[스시 백명점 2025<br/>타베로그 4 · 리뷰 353<br/>주오구 · 銀座一丁目駅<br/><a href="https://tabelog.com/tokyo/A1301/A130101/13291436/">타베로그</a>]]></description>
<Point><coordinates>139.76978,35.673027,0</coordinates></Point></Placemark>
<Placemark><name>三谷</name>
<description><![CDATA[스시 백명점 2025<br/>타베로그 4.48 · 리뷰 348<br/>신주쿠구 · 四ツ谷駅<br/><a href="https://tabelog.com/tokyo/A1309/A130902/13042204/">타베로그</a>]]></description>
<Point><coordinates>139.727882,35.687544,0</coordinates></Point></Placemark>
<Placemark><name>はっこく</name>
<description><![CDATA[스시 백명점 2025<br/>타베로그 3.85 · 리뷰 774<br/>주오구 · 銀座駅<br/><a href="https://tabelog.com/tokyo/A1301/A130101/13217157/">타베로그</a>]]></description>
<Point><coordinates>139.762719,35.670456,0</coordinates></Point></Placemark>
<Placemark><name>鮨 さえ喜</name>
<description><![CDATA[스시 백명점 2025<br/>타베로그 3.98 · 리뷰 285<br/>주오구 · 銀座駅<br/><a href="https://tabelog.com/tokyo/A1301/A130101/13239506/">타베로그</a>]]></description>
<Point><coordinates>139.761311,35.67185,0</coordinates></Point></Placemark>
<Placemark><name>鮨 波やし</name>
<description><![CDATA[스시 백명점 2025<br/>타베로그 3.69 · 리뷰 140<br/>스기나미구 · 高円寺駅<br/><a href="https://tabelog.com/tokyo/A1319/A131904/13238504/">타베로그</a>]]></description>
<Point><coordinates>139.650194,35.706703,0</coordinates></Point></Placemark>
<Placemark><name>紀尾井町 三谷</name>
<description><![CDATA[스시 백명점 2025<br/>타베로그 3.86 · 리뷰 814<br/>지요다구 · 永田町駅<br/><a href="https://tabelog.com/tokyo/A1308/A130801/13198197/">타베로그</a>]]></description>
<Point><coordinates>139.737984,35.679219,0</coordinates></Point></Placemark>
<Placemark><name>いちかわ</name>
<description><![CDATA[스시 백명점 2025<br/>타베로그 4.15 · 리뷰 303<br/>미나토구 · 白金高輪駅<br/><a href="https://tabelog.com/tokyo/A1316/A131602/13210722/">타베로그</a>]]></description>
<Point><coordinates>139.735888,35.647983,0</coordinates></Point></Placemark>
<Placemark><name>きよ田 離れ</name>
<description><![CDATA[스시 백명점 2025<br/>타베로그 3.92 · 리뷰 62<br/>주오구 · 銀座駅<br/><a href="https://tabelog.com/tokyo/A1301/A130101/13256392/">타베로그</a>]]></description>
<Point><coordinates>139.763679,35.671664,0</coordinates></Point></Placemark>
<Placemark><name>すし匠</name>
<description><![CDATA[스시 백명점 2025<br/>타베로그 4.44 · 리뷰 1159<br/>신주쿠구 · 四ツ谷駅<br/><a href="https://tabelog.com/tokyo/A1309/A130902/13000852/">타베로그</a>]]></description>
<Point><coordinates>139.728328,35.685585,0</coordinates></Point></Placemark>
<Placemark><name>すきやばし 次郎 六本木ヒルズ店</name>
<description><![CDATA[스시 백명점 2025<br/>타베로그 3.65 · 리뷰 211<br/>미나토구 · 六本木駅<br/><a href="https://tabelog.com/tokyo/A1307/A130701/13004426/">타베로그</a>]]></description>
<Point><coordinates>139.729153,35.658705,0</coordinates></Point></Placemark>
<Placemark><name>麻布十番 秦野よしき</name>
<description><![CDATA[스시 백명점 2025<br/>타베로그 4.04 · 리뷰 212<br/>미나토구 · 麻布十番駅<br/><a href="https://tabelog.com/tokyo/A1307/A130702/13158874/">타베로그</a>]]></description>
<Point><coordinates>139.734726,35.655647,0</coordinates></Point></Placemark>
<Placemark><name>すし 良月</name>
<description><![CDATA[스시 백명점 2025<br/>타베로그 4.49 · 리뷰 435<br/>시부야구 · 広尾駅<br/><a href="https://tabelog.com/tokyo/A1303/A130302/13241432/">타베로그</a>]]></description>
<Point><coordinates>139.722194,35.6453,0</coordinates></Point></Placemark>
<Placemark><name>鮨 利﨑</name>
<description><![CDATA[스시 백명점 2025<br/>타베로그 3.69 · 리뷰 452<br/>시부야구 · 代々木公園駅<br/><a href="https://tabelog.com/tokyo/A1303/A130301/13235258/">타베로그</a>]]></description>
<Point><coordinates>139.693935,35.664176,0</coordinates></Point></Placemark>
<Placemark><name>すし 田いら</name>
<description><![CDATA[스시 백명점 2025<br/>타베로그 3.85 · 리뷰 111<br/>미나토구 · 港区<br/><a href="https://tabelog.com/tokyo/A1307/A130702/13271063/">타베로그</a>]]></description>
<Point><coordinates>139.728051,35.657132,0</coordinates></Point></Placemark>
<Placemark><name>紀文寿司</name>
<description><![CDATA[스시 백명점 2025<br/>타베로그 3.68 · 리뷰 430<br/>다이토구 · 浅草（東武・都営・メトロ）駅<br/><a href="https://tabelog.com/tokyo/A1311/A131102/13016811/">타베로그</a>]]></description>
<Point><coordinates>139.795471,35.711598,0</coordinates></Point></Placemark>
<Placemark><name>海味</name>
<description><![CDATA[스시 백명점 2025<br/>타베로그 3.92 · 리뷰 784<br/>미나토구 · 外苑前駅<br/><a href="https://tabelog.com/tokyo/A1306/A130603/13001179/">타베로그</a>]]></description>
<Point><coordinates>139.717905,35.667639,0</coordinates></Point></Placemark>
<Placemark><name>鮨 尚充</name>
<description><![CDATA[스시 백명점 2025<br/>타베로그 4.43 · 리뷰 709<br/>메구로구 · 中目黒駅<br/><a href="https://tabelog.com/tokyo/A1317/A131701/13128483/">타베로그</a>]]></description>
<Point><coordinates>139.695217,35.647426,0</coordinates></Point></Placemark>
<Placemark><name>日本橋蛎殻町 すぎた</name>
<description><![CDATA[스시 백명점 2025<br/>타베로그 4.62 · 리뷰 1005<br/>주오구 · 水天宮前駅<br/><a href="https://tabelog.com/tokyo/A1302/A130204/13018162/">타베로그</a>]]></description>
<Point><coordinates>139.784929,35.681938,0</coordinates></Point></Placemark>
<Placemark><name>鮨竹</name>
<description><![CDATA[스시 백명점 2025<br/>타베로그 3.72 · 리뷰 288<br/>주오구 · 銀座駅<br/><a href="https://tabelog.com/tokyo/A1301/A130101/13169506/">타베로그</a>]]></description>
<Point><coordinates>139.761954,35.669784,0</coordinates></Point></Placemark>
<Placemark><name>鮨 心白</name>
<description><![CDATA[스시 백명점 2025<br/>타베로그 4.06 · 리뷰 254<br/>시부야구 · 恵比寿駅<br/><a href="https://tabelog.com/tokyo/A1303/A130302/13239713/">타베로그</a>]]></description>
<Point><coordinates>139.71446,35.644952,0</coordinates></Point></Placemark>
<Placemark><name>波濤</name>
<description><![CDATA[스시 백명점 2025<br/>타베로그 4.41 · 리뷰 342<br/>신주쿠구 · 牛込神楽坂駅<br/><a href="https://tabelog.com/tokyo/A1309/A130905/13245540/">타베로그</a>]]></description>
<Point><coordinates>139.738865,35.702195,0</coordinates></Point></Placemark>
<Placemark><name>鮨 きのした</name>
<description><![CDATA[스시 백명점 2025<br/>타베로그 3.71 · 리뷰 109<br/>미나토구 · 六本木駅<br/><a href="https://tabelog.com/tokyo/A1307/A130701/13219373/">타베로그</a>]]></description>
<Point><coordinates>139.726198,35.66225,0</coordinates></Point></Placemark>
<Placemark><name>鮓 村瀬</name>
<description><![CDATA[스시 백명점 2025<br/>타베로그 3.9 · 리뷰 741<br/>미나토구 · 六本木駅<br/><a href="https://tabelog.com/tokyo/A1307/A130701/13174475/">타베로그</a>]]></description>
<Point><coordinates>139.727682,35.661639,0</coordinates></Point></Placemark>
<Placemark><name>木挽町 とも樹</name>
<description><![CDATA[스시 백명점 2025<br/>타베로그 3.87 · 리뷰 133<br/>주오구 · 東銀座駅<br/><a href="https://tabelog.com/tokyo/A1301/A130101/13040702/">타베로그</a>]]></description>
<Point><coordinates>139.768104,35.670091,0</coordinates></Point></Placemark>
<Placemark><name>すし匠 齋藤</name>
<description><![CDATA[스시 백명점 2025<br/>타베로그 4.27 · 리뷰 519<br/>미나토구 · 赤坂見附駅<br/><a href="https://tabelog.com/tokyo/A1308/A130801/13023988/">타베로그</a>]]></description>
<Point><coordinates>139.73562,35.676095,0</coordinates></Point></Placemark>
<Placemark><name>すし処 宮葉</name>
<description><![CDATA[스시 백명점 2025<br/>타베로그 3.66 · 리뷰 602<br/>미나토구 · 浜松町駅<br/><a href="https://tabelog.com/tokyo/A1314/A131401/13019499/">타베로그</a>]]></description>
<Point><coordinates>139.755883,35.653635,0</coordinates></Point></Placemark>
<Placemark><name>小笹寿し</name>
<description><![CDATA[스시 백명점 2025<br/>타베로그 3.97 · 리뷰 158<br/>세타가야구 · 下北沢駅<br/><a href="https://tabelog.com/tokyo/A1318/A131802/13001397/">타베로그</a>]]></description>
<Point><coordinates>139.668451,35.655744,0</coordinates></Point></Placemark>
<Placemark><name>青空</name>
<description><![CDATA[스시 백명점 2025<br/>타베로그 4.38 · 리뷰 467<br/>주오구 · 新橋駅<br/><a href="https://tabelog.com/tokyo/A1301/A130103/13032283/">타베로그</a>]]></description>
<Point><coordinates>139.759253,35.669232,0</coordinates></Point></Placemark>
<Placemark><name>銀座 鮨 かねさか 本店</name>
<description><![CDATA[스시 백명점 2025<br/>타베로그 3.91 · 리뷰 570<br/>주오구 · 新橋駅<br/><a href="https://tabelog.com/tokyo/A1301/A130103/13005003/">타베로그</a>]]></description>
<Point><coordinates>139.762638,35.667994,0</coordinates></Point></Placemark>
<Placemark><name>うを徳</name>
<description><![CDATA[스시 백명점 2025<br/>타베로그 4 · 리뷰 401<br/>스미다구 · 東向島駅<br/><a href="https://tabelog.com/tokyo/A1312/A131203/13017947/">타베로그</a>]]></description>
<Point><coordinates>139.817437,35.723929,0</coordinates></Point></Placemark>
<Placemark><name>鮨 あお</name>
<description><![CDATA[스시 백명점 2025<br/>타베로그 4.06 · 리뷰 344<br/>미나토구 · 表参道駅<br/><a href="https://tabelog.com/tokyo/A1306/A130602/13246982/">타베로그</a>]]></description>
<Point><coordinates>139.710407,35.664244,0</coordinates></Point></Placemark>
<Placemark><name>鮨 よしたけ</name>
<description><![CDATA[스시 백명점 2025<br/>타베로그 4.23 · 리뷰 267<br/>주오구 · 新橋駅<br/><a href="https://tabelog.com/tokyo/A1301/A130101/13024076/">타베로그</a>]]></description>
<Point><coordinates>139.76198,35.668925,0</coordinates></Point></Placemark>
<Placemark><name>鮨 いしやま</name>
<description><![CDATA[스시 백명점 2025<br/>타베로그 3.78 · 리뷰 259<br/>주오구 · 銀座駅<br/><a href="https://tabelog.com/tokyo/A1301/A130101/13225073/">타베로그</a>]]></description>
<Point><coordinates>139.765532,35.673129,0</coordinates></Point></Placemark>
<Placemark><name>鮨 つぼみ</name>
<description><![CDATA[스시 백명점 2025<br/>타베로그 4.19 · 리뷰 608<br/>메구로구 · 中目黒駅<br/><a href="https://tabelog.com/tokyo/A1317/A131701/13221782/">타베로그</a>]]></description>
<Point><coordinates>139.69296,35.6467,0</coordinates></Point></Placemark>
<Placemark><name>紀尾井町 三谷 別邸</name>
<description><![CDATA[스시 백명점 2025<br/>타베로그 3.78 · 리뷰 220<br/>지요다구 · 永田町駅<br/><a href="https://tabelog.com/tokyo/A1308/A130801/13262994/">타베로그</a>]]></description>
<Point><coordinates>139.73704,35.679286,0</coordinates></Point></Placemark>
<Placemark><name>鮨 たかはし</name>
<description><![CDATA[스시 백명점 2025<br/>타베로그 4.02 · 리뷰 471<br/>주오구 · 銀座一丁目駅<br/><a href="https://tabelog.com/tokyo/A1301/A130101/13165933/">타베로그</a>]]></description>
<Point><coordinates>139.769619,35.673246,0</coordinates></Point></Placemark>
<Placemark><name>鮨 奥</name>
<description><![CDATA[스시 백명점 2025<br/>타베로그 3.92 · 리뷰 149<br/>다이토구 · 浅草（つくばＥＸＰ）駅<br/><a href="https://tabelog.com/tokyo/A1311/A131102/13257709/">타베로그</a>]]></description>
<Point><coordinates>139.793143,35.718053,0</coordinates></Point></Placemark>
<Placemark><name>鮨 大地</name>
<description><![CDATA[스시 백명점 2025<br/>타베로그 3.96 · 리뷰 123<br/>미나토구 · 広尾駅<br/><a href="https://tabelog.com/tokyo/A1307/A130703/13150503/">타베로그</a>]]></description>
<Point><coordinates>139.727484,35.647058,0</coordinates></Point></Placemark>
<Placemark><name>鮨 佐がわ</name>
<description><![CDATA[스시 백명점 2025<br/>타베로그 3.78 · 리뷰 116<br/>미나토구 · 六本木駅<br/><a href="https://tabelog.com/tokyo/A1307/A130701/13252500/">타베로그</a>]]></description>
<Point><coordinates>139.733564,35.664729,0</coordinates></Point></Placemark>
<Placemark><name>かがやき</name>
<description><![CDATA[스키야키·샤브 백명점 2024<br/>타베로그 3.63 · 리뷰 341<br/>주오구 · 宝町駅<br/><a href="https://tabelog.com/tokyo/A1301/A130101/13187129/">타베로그</a>]]></description>
<Point><coordinates>139.770601,35.672931,0</coordinates></Point></Placemark>
<Placemark><name>日本橋 伊勢重</name>
<description><![CDATA[스키야키·샤브 백명점 2024<br/>타베로그 3.55 · 리뷰 404<br/>주오구 · 馬喰横山駅<br/><a href="https://tabelog.com/tokyo/A1302/A130204/13008056/">타베로그</a>]]></description>
<Point><coordinates>139.780675,35.691774,0</coordinates></Point></Placemark>
<Placemark><name>いし橋</name>
<description><![CDATA[스키야키·샤브 백명점 2024<br/>타베로그 3.62 · 리뷰 353<br/>지요다구 · 末広町駅<br/><a href="https://tabelog.com/tokyo/A1311/A131101/13021036/">타베로그</a>]]></description>
<Point><coordinates>139.769869,35.702839,0</coordinates></Point></Placemark>
<Placemark><name>岡半</name>
<description><![CDATA[스키야키·샤브 백명점 2024<br/>타베로그 3.61 · 리뷰 174<br/>지요다구 · 四ツ谷駅<br/><a href="https://tabelog.com/tokyo/A1308/A130803/13019041/">타베로그</a>]]></description>
<Point><coordinates>139.733559,35.681116,0</coordinates></Point></Placemark>
<Placemark><name>シャングリラズシークレット 六本木店</name>
<description><![CDATA[스키야키·샤브 백명점 2024<br/>타베로그 3.54 · 리뷰 1102<br/>미나토구 · 六本木駅<br/><a href="https://tabelog.com/tokyo/A1307/A130701/13175214/">타베로그</a>]]></description>
<Point><coordinates>139.731554,35.664243,0</coordinates></Point></Placemark>
<Placemark><name>モリタ屋 東京丸の内店</name>
<description><![CDATA[스키야키·샤브 백명점 2024<br/>타베로그 3.59 · 리뷰 414<br/>지요다구 · 二重橋前駅<br/><a href="https://tabelog.com/tokyo/A1302/A130201/13006083/">타베로그</a>]]></description>
<Point><coordinates>139.763649,35.681351,0</coordinates></Point></Placemark>
<Placemark><name>かがやき</name>
<description><![CDATA[스키야키·샤브 백명점 2024<br/>타베로그 3.62 · 리뷰 422<br/>다이토구 · 三ノ輪駅<br/><a href="https://tabelog.com/tokyo/A1324/A132401/13083284/">타베로그</a>]]></description>
<Point><coordinates>139.789563,35.726417,0</coordinates></Point></Placemark>
<Placemark><name>PRETTY PORK FACTORY</name>
<description><![CDATA[스키야키·샤브 백명점 2024<br/>타베로그 3.7 · 리뷰 1130<br/>신주쿠구 · 西武新宿駅<br/><a href="https://tabelog.com/tokyo/A1304/A130401/13254601/">타베로그</a>]]></description>
<Point><coordinates>139.703013,35.694758,0</coordinates></Point></Placemark>
<Placemark><name>赤坂武蔵</name>
<description><![CDATA[스키야키·샤브 백명점 2024<br/>타베로그 3.53 · 리뷰 406<br/>미나토구 · 赤坂駅<br/><a href="https://tabelog.com/tokyo/A1308/A130801/13038448/">타베로그</a>]]></description>
<Point><coordinates>139.738008,35.673161,0</coordinates></Point></Placemark>
<Placemark><name>東京肉しゃぶ家</name>
<description><![CDATA[스키야키·샤브 백명점 2024<br/>타베로그 3.89 · 리뷰 618<br/>신주쿠구 · 東新宿駅<br/><a href="https://tabelog.com/tokyo/A1304/A130401/13196268/">타베로그</a>]]></description>
<Point><coordinates>139.703361,35.69839,0</coordinates></Point></Placemark>
<Placemark><name>伊吹</name>
<description><![CDATA[스키야키·샤브 백명점 2024<br/>타베로그 3.55 · 리뷰 392<br/>신주쿠구 · 新宿駅<br/><a href="https://tabelog.com/tokyo/A1304/A130401/13136926/">타베로그</a>]]></description>
<Point><coordinates>139.697665,35.689002,0</coordinates></Point></Placemark>
<Placemark><name>人形町今半 本店</name>
<description><![CDATA[스키야키·샤브 백명점 2024<br/>타베로그 3.68 · 리뷰 1518<br/>주오구 · 人形町駅<br/><a href="https://tabelog.com/tokyo/A1302/A130204/13003059/">타베로그</a>]]></description>
<Point><coordinates>139.783679,35.685779,0</coordinates></Point></Placemark>
<Placemark><name>浅草今半 国際通り本店</name>
<description><![CDATA[스키야키·샤브 백명점 2024<br/>타베로그 3.63 · 리뷰 775<br/>다이토구 · 浅草（つくばＥＸＰ）駅<br/><a href="https://tabelog.com/tokyo/A1311/A131102/13003649/">타베로그</a>]]></description>
<Point><coordinates>139.792239,35.713942,0</coordinates></Point></Placemark>
<Placemark><name>ますだや</name>
<description><![CDATA[스키야키·샤브 백명점 2024<br/>타베로그 3.57 · 리뷰 243<br/>신주쿠구 · 飯田橋駅<br/><a href="https://tabelog.com/tokyo/A1309/A130905/13040653/">타베로그</a>]]></description>
<Point><coordinates>139.741239,35.700948,0</coordinates></Point></Placemark>
<Placemark><name>ちんや</name>
<description><![CDATA[스키야키·샤브 백명점 2024<br/>타베로그 3.63 · 리뷰 385<br/>다이토구 · 浅草（東武・都営・メトロ）駅<br/><a href="https://tabelog.com/tokyo/A1311/A131102/13268750/">타베로그</a>]]></description>
<Point><coordinates>139.801383,35.715022,0</coordinates></Point></Placemark>
<Placemark><name>米久本店</name>
<description><![CDATA[스키야키·샤브 백명점 2024<br/>타베로그 3.65 · 리뷰 1278<br/>다이토구 · 浅草（つくばＥＸＰ）駅<br/><a href="https://tabelog.com/tokyo/A1311/A131102/13003667/">타베로그</a>]]></description>
<Point><coordinates>139.793718,35.715932,0</coordinates></Point></Placemark>
<Placemark><name>ざくろ TBS店</name>
<description><![CDATA[스키야키·샤브 백명점 2024<br/>타베로그 3.54 · 리뷰 483<br/>미나토구 · 赤坂駅<br/><a href="https://tabelog.com/tokyo/A1308/A130801/13002758/">타베로그</a>]]></description>
<Point><coordinates>139.736166,35.673181,0</coordinates></Point></Placemark>
<Placemark><name>人形町 今半 東京ガーデンテラス紀尾井町店</name>
<description><![CDATA[스키야키·샤브 백명점 2024<br/>타베로그 3.62 · 리뷰 233<br/>지요다구 · 永田町駅<br/><a href="https://tabelog.com/tokyo/A1308/A130803/13199422/">타베로그</a>]]></description>
<Point><coordinates>139.738175,35.679228,0</coordinates></Point></Placemark>
<Placemark><name>松阪牛 よし田</name>
<description><![CDATA[스키야키·샤브 백명점 2024<br/>타베로그 3.69 · 리뷰 770<br/>신주쿠구 · 初台駅<br/><a href="https://tabelog.com/tokyo/A1318/A131807/13188515/">타베로그</a>]]></description>
<Point><coordinates>139.6871,35.682798,0</coordinates></Point></Placemark>
<Placemark><name>すき焼割烹 日山</name>
<description><![CDATA[스키야키·샤브 백명점 2024<br/>타베로그 3.72 · 리뷰 577<br/>주오구 · 人形町駅<br/><a href="https://tabelog.com/tokyo/A1302/A130204/13003043/">타베로그</a>]]></description>
<Point><coordinates>139.78302,35.685732,0</coordinates></Point></Placemark>
<Placemark><name>PRETTY PORK FACTORY &amp;amp; KATSUプリポー</name>
<description><![CDATA[스키야키·샤브 백명점 2024<br/>타베로그 3.74 · 리뷰 772<br/>시부야구 · 明治神宮前駅<br/><a href="https://tabelog.com/tokyo/A1306/A130601/13295369/">타베로그</a>]]></description>
<Point><coordinates>139.704899,35.668425,0</coordinates></Point></Placemark>
<Placemark><name>今福</name>
<description><![CDATA[스키야키·샤브 백명점 2024<br/>타베로그 3.61 · 리뷰 530<br/>미나토구 · 白金高輪駅<br/><a href="https://tabelog.com/tokyo/A1316/A131602/13136201/">타베로그</a>]]></description>
<Point><coordinates>139.734151,35.64541,0</coordinates></Point></Placemark>
<Placemark><name>ざくろ 銀座店</name>
<description><![CDATA[스키야키·샤브 백명점 2024<br/>타베로그 3.69 · 리뷰 793<br/>주오구 · 銀座駅<br/><a href="https://tabelog.com/tokyo/A1301/A130101/13002261/">타베로그</a>]]></description>
<Point><coordinates>139.766197,35.671664,0</coordinates></Point></Placemark>
<Placemark><name>今半 別館</name>
<description><![CDATA[스키야키·샤브 백명점 2024<br/>타베로그 3.63 · 리뷰 495<br/>다이토구 · 浅草（東武・都営・メトロ）駅<br/><a href="https://tabelog.com/tokyo/A1311/A131102/13003656/">타베로그</a>]]></description>
<Point><coordinates>139.796935,35.713146,0</coordinates></Point></Placemark>
<Placemark><name>松木家</name>
<description><![CDATA[스키야키·샤브 백명점 2024<br/>타베로그 3.54 · 리뷰 255<br/>시부야구 · 神泉駅<br/><a href="https://tabelog.com/tokyo/A1303/A130301/13007240/">타베로그</a>]]></description>
<Point><coordinates>139.694713,35.657178,0</coordinates></Point></Placemark>
<Placemark><name>人形町今半 銀座店</name>
<description><![CDATA[스키야키·샤브 백명점 2024<br/>타베로그 3.67 · 리뷰 279<br/>주오구 · 銀座駅<br/><a href="https://tabelog.com/tokyo/A1301/A130101/13016566/">타베로그</a>]]></description>
<Point><coordinates>139.762818,35.670119,0</coordinates></Point></Placemark>
<Placemark><name>人形町今半 上野広小路店</name>
<description><![CDATA[스키야키·샤브 백명점 2024<br/>타베로그 3.61 · 리뷰 419<br/>다이토구 · 上野広小路駅<br/><a href="https://tabelog.com/tokyo/A1311/A131101/13005082/">타베로그</a>]]></description>
<Point><coordinates>139.772645,35.707483,0</coordinates></Point></Placemark>
<Placemark><name>三田ばさら 本店</name>
<description><![CDATA[스키야키·샤브 백명점 2024<br/>타베로그 3.6 · 리뷰 836<br/>미나토구 · 三田駅<br/><a href="https://tabelog.com/tokyo/A1314/A131402/13094054/">타베로그</a>]]></description>
<Point><coordinates>139.745204,35.650725,0</coordinates></Point></Placemark>
<Placemark><name>東京肉しゃぶ家 秀彬</name>
<description><![CDATA[스키야키·샤브 백명점 2024<br/>타베로그 4.16 · 리뷰 157<br/>주오구 · 銀座駅<br/><a href="https://tabelog.com/tokyo/A1301/A130101/13287203/">타베로그</a>]]></description>
<Point><coordinates>139.760519,35.668719,0</coordinates></Point></Placemark>
<Placemark><name>代々木 今半</name>
<description><![CDATA[스키야키·샤브 백명점 2024<br/>타베로그 3.65 · 리뷰 398<br/>시부야구 · 南新宿駅<br/><a href="https://tabelog.com/tokyo/A1318/A131810/13001039/">타베로그</a>]]></description>
<Point><coordinates>139.698265,35.682276,0</coordinates></Point></Placemark>
<Placemark><name>牛幸 本店</name>
<description><![CDATA[스키야키·샤브 백명점 2024<br/>타베로그 3.59 · 리뷰 485<br/>주오구 · 茅場町駅<br/><a href="https://tabelog.com/tokyo/A1302/A130203/13007682/">타베로그</a>]]></description>
<Point><coordinates>139.782775,35.677177,0</coordinates></Point></Placemark>
<Placemark><name>野方餃子</name>
<description><![CDATA[교자 백명점 2024<br/>타베로그 3.65 · 리뷰 988<br/>나카노구 · 野方駅<br/><a href="https://tabelog.com/tokyo/A1321/A132104/13154377/">타베로그</a>]]></description>
<Point><coordinates>139.652201,35.723051,0</coordinates></Point></Placemark>
<Placemark><name>亀戸ぎょうざ 錦糸町店</name>
<description><![CDATA[교자 백명점 2024<br/>타베로그 3.49 · 리뷰 2203<br/>스미다구 · 錦糸町駅<br/><a href="https://tabelog.com/tokyo/A1312/A131201/13041091/">타베로그</a>]]></description>
<Point><coordinates>139.813181,35.694636,0</coordinates></Point></Placemark>
<Placemark><name>東京餃子楼 三軒茶屋店</name>
<description><![CDATA[교자 백명점 2024<br/>타베로그 3.49 · 리뷰 1369<br/>세타가야구 · 西太子堂駅<br/><a href="https://tabelog.com/tokyo/A1317/A131706/13004530/">타베로그</a>]]></description>
<Point><coordinates>139.667639,35.64322,0</coordinates></Point></Placemark>
<Placemark><name>鎮海楼</name>
<description><![CDATA[교자 백명점 2024<br/>타베로그 3.54 · 리뷰 699<br/>시나가와구 · 目黒駅<br/><a href="https://tabelog.com/tokyo/A1316/A131601/13020138/">타베로그</a>]]></description>
<Point><coordinates>139.716903,35.634586,0</coordinates></Point></Placemark>
<Placemark><name>えびすの安兵衛</name>
<description><![CDATA[교자 백명점 2024<br/>타베로그 3.65 · 리뷰 2117<br/>시부야구 · 恵比寿駅<br/><a href="https://tabelog.com/tokyo/A1303/A130302/13117106/">타베로그</a>]]></description>
<Point><coordinates>139.714701,35.645614,0</coordinates></Point></Placemark>
<Placemark><name>餃子の王さま</name>
<description><![CDATA[교자 백명점 2024<br/>타베로그 3.49 · 리뷰 2515<br/>다이토구 · 浅草（東武・都営・メトロ）駅<br/><a href="https://tabelog.com/tokyo/A1311/A131102/13016814/">타베로그</a>]]></description>
<Point><coordinates>139.795656,35.712141,0</coordinates></Point></Placemark>
<Placemark><name>永楽</name>
<description><![CDATA[교자 백명점 2024<br/>타베로그 3.5 · 리뷰 310<br/>에도가와구 · 京成小岩駅<br/><a href="https://tabelog.com/tokyo/A1312/A131204/13052293/">타베로그</a>]]></description>
<Point><coordinates>139.889282,35.740555,0</coordinates></Point></Placemark>
<Placemark><name>亜細亜割烹 蓮月</name>
<description><![CDATA[교자 백명점 2024<br/>타베로그 3.57 · 리뷰 509<br/>미나토구 · 乃木坂駅<br/><a href="https://tabelog.com/tokyo/A1307/A130701/13182912/">타베로그</a>]]></description>
<Point><coordinates>139.724786,35.666559,0</coordinates></Point></Placemark>
<Placemark><name>おけ以</name>
<description><![CDATA[교자 백명점 2024<br/>타베로그 3.65 · 리뷰 2877<br/>지요다구 · 飯田橋駅<br/><a href="https://tabelog.com/tokyo/A1309/A130905/13000410/">타베로그</a>]]></description>
<Point><coordinates>139.744499,35.698892,0</coordinates></Point></Placemark>
<Placemark><name>亀戸餃子 本店</name>
<description><![CDATA[교자 백명점 2024<br/>타베로그 3.51 · 리뷰 3472<br/>고토구 · 亀戸駅<br/><a href="https://tabelog.com/tokyo/A1312/A131202/13003078/">타베로그</a>]]></description>
<Point><coordinates>139.826245,35.698548,0</coordinates></Point></Placemark>
<Placemark><name>您好</name>
<description><![CDATA[교자 백명점 2024<br/>타베로그 3.67 · 리뷰 1073<br/>시부야구 · 幡ケ谷駅<br/><a href="https://tabelog.com/tokyo/A1318/A131807/13001812/">타베로그</a>]]></description>
<Point><coordinates>139.678365,35.675243,0</coordinates></Point></Placemark>
<Placemark><name>餃子坊 豚八戒</name>
<description><![CDATA[교자 백명점 2024<br/>타베로그 3.66 · 리뷰 1123<br/>스기나미구 · 阿佐ケ谷駅<br/><a href="https://tabelog.com/tokyo/A1319/A131905/13090377/">타베로그</a>]]></description>
<Point><coordinates>139.634946,35.704481,0</coordinates></Point></Placemark>
<Placemark><name>東亭</name>
<description><![CDATA[교자 백명점 2024<br/>타베로그 3.47 · 리뷰 440<br/>도시마구 · 向原駅<br/><a href="https://tabelog.com/tokyo/A1305/A130501/13008958/">타베로그</a>]]></description>
<Point><coordinates>139.719785,35.732513,0</coordinates></Point></Placemark>
<Placemark><name>PAIRON 飯田橋本店</name>
<description><![CDATA[교자 백명점 2024<br/>타베로그 3.49 · 리뷰 1415<br/>신주쿠구 · 飯田橋駅<br/><a href="https://tabelog.com/tokyo/A1309/A130905/13127427/">타베로그</a>]]></description>
<Point><coordinates>139.741539,35.705846,0</coordinates></Point></Placemark>
<Placemark><name>手作り餃子の店 吉春</name>
<description><![CDATA[교자 백명점 2024<br/>타베로그 3.66 · 리뷰 207<br/>調布구 · 国領駅<br/><a href="https://tabelog.com/tokyo/A1326/A132601/13254805/">타베로그</a>]]></description>
<Point><coordinates>139.56192,35.64655,0</coordinates></Point></Placemark>
<Placemark><name>龍門</name>
<description><![CDATA[교자 백명점 2024<br/>타베로그 3.67 · 리뷰 515<br/>오타구 · 大鳥居駅<br/><a href="https://tabelog.com/tokyo/A1315/A131504/13017770/">타베로그</a>]]></description>
<Point><coordinates>139.739139,35.554053,0</coordinates></Point></Placemark>
<Placemark><name>餃子のハルピン</name>
<description><![CDATA[교자 백명점 2024<br/>타베로그 3.49 · 리뷰 738<br/>三鷹구 · 三鷹駅<br/><a href="https://tabelog.com/tokyo/A1320/A132002/13005875/">타베로그</a>]]></description>
<Point><coordinates>139.560562,35.697754,0</coordinates></Point></Placemark>
<Placemark><name>按田餃子 代々木上原店</name>
<description><![CDATA[교자 백명점 2024<br/>타베로그 3.52 · 리뷰 1776<br/>시부야구 · 代々木上原駅<br/><a href="https://tabelog.com/tokyo/A1318/A131811/13140146/">타베로그</a>]]></description>
<Point><coordinates>139.681912,35.670602,0</coordinates></Point></Placemark>
<Placemark><name>亀戸ぎょうざ 両国支店</name>
<description><![CDATA[교자 백명점 2024<br/>타베로그 3.51 · 리뷰 1584<br/>스미다구 · 両国駅<br/><a href="https://tabelog.com/tokyo/A1312/A131201/13039735/">타베로그</a>]]></description>
<Point><coordinates>139.79727,35.694987,0</coordinates></Point></Placemark>
<Placemark><name>來々軒</name>
<description><![CDATA[교자 백명점 2024<br/>타베로그 3.59 · 리뷰 1539<br/>고토구 · 木場駅<br/><a href="https://tabelog.com/tokyo/A1313/A131303/13098822/">타베로그</a>]]></description>
<Point><coordinates>139.811466,35.669137,0</coordinates></Point></Placemark>
<Placemark><name>餃子館</name>
<description><![CDATA[교자 백명점 2024<br/>타베로그 3.66 · 리뷰 366<br/>세타가야구 · 八幡山駅<br/><a href="https://tabelog.com/tokyo/A1318/A131809/13108385/">타베로그</a>]]></description>
<Point><coordinates>139.618896,35.671103,0</coordinates></Point></Placemark>
<Placemark><name>餃子マニア 品川本店</name>
<description><![CDATA[교자 백명점 2024<br/>타베로그 3.57 · 리뷰 1088<br/>미나토구 · 品川駅<br/><a href="https://tabelog.com/tokyo/A1314/A131403/13247755/">타베로그</a>]]></description>
<Point><coordinates>139.737342,35.626876,0</coordinates></Point></Placemark>
<Placemark><name>難波千日前 釜たけうどん 八重洲北口店</name>
<description><![CDATA[우동 백명점 2024<br/>타베로그 3.72 · 리뷰 3154<br/>지요다구 · 東京駅<br/><a href="https://tabelog.com/tokyo/A1302/A130201/13156494/">타베로그</a>]]></description>
<Point><coordinates>139.768082,35.682478,0</coordinates></Point></Placemark>
<Placemark><name>うどん 慎</name>
<description><![CDATA[우동 백명점 2024<br/>타베로그 3.68 · 리뷰 2645<br/>시부야구 · 南新宿駅<br/><a href="https://tabelog.com/tokyo/A1304/A130401/13125862/">타베로그</a>]]></description>
<Point><coordinates>139.697009,35.686497,0</coordinates></Point></Placemark>
<Placemark><name>自家製さぬきうどんと肉 甚三 大門店</name>
<description><![CDATA[우동 백명점 2024<br/>타베로그 3.68 · 리뷰 2226<br/>미나토구 · 大門駅<br/><a href="https://tabelog.com/tokyo/A1314/A131401/13188754/">타베로그</a>]]></description>
<Point><coordinates>139.753618,35.654868,0</coordinates></Point></Placemark>
<Placemark><name>根津 釜竹</name>
<description><![CDATA[우동 백명점 2024<br/>타베로그 3.66 · 리뷰 1296<br/>분쿄구 · 根津駅<br/><a href="https://tabelog.com/tokyo/A1311/A131106/13020252/">타베로그</a>]]></description>
<Point><coordinates>139.766972,35.718091,0</coordinates></Point></Placemark>
<Placemark><name>手打うどん長谷川</name>
<description><![CDATA[우동 백명점 2024<br/>타베로그 3.69 · 리뷰 841<br/>네리마구 · 大泉学園駅<br/><a href="https://tabelog.com/tokyo/A1321/A132103/13105083/">타베로그</a>]]></description>
<Point><coordinates>139.585172,35.750775,0</coordinates></Point></Placemark>
<Placemark><name>うどん山長</name>
<description><![CDATA[우동 백명점 2024<br/>타베로그 3.67 · 리뷰 2553<br/>시부야구 · 恵比寿駅<br/><a href="https://tabelog.com/tokyo/A1303/A130302/13045327/">타베로그</a>]]></description>
<Point><coordinates>139.711124,35.6483,0</coordinates></Point></Placemark>
<Placemark><name>おにやんま 五反田本店</name>
<description><![CDATA[우동 백명점 2024<br/>타베로그 3.74 · 리뷰 5069<br/>시나가와구 · 五反田駅<br/><a href="https://tabelog.com/tokyo/A1316/A131603/13111869/">타베로그</a>]]></description>
<Point><coordinates>139.723961,35.625435,0</coordinates></Point></Placemark>
<Placemark><name>おにやんま 新橋店</name>
<description><![CDATA[우동 백명점 2024<br/>타베로그 3.71 · 리뷰 3897<br/>미나토구 · 新橋駅<br/><a href="https://tabelog.com/tokyo/A1301/A130103/13162575/">타베로그</a>]]></description>
<Point><coordinates>139.756648,35.665833,0</coordinates></Point></Placemark>
<Placemark><name>よしふじ</name>
<description><![CDATA[우동 백명점 2024<br/>타베로그 3.65 · 리뷰 473<br/>小平구 · 小平駅<br/><a href="https://tabelog.com/tokyo/A1328/A132804/13080472/">타베로그</a>]]></description>
<Point><coordinates>139.498991,35.737073,0</coordinates></Point></Placemark>
<Placemark><name>とこ井</name>
<description><![CDATA[우동 백명점 2024<br/>타베로그 3.64 · 리뷰 1044<br/>스기나미구 · 高円寺駅<br/><a href="https://tabelog.com/tokyo/A1319/A131904/13153065/">타베로그</a>]]></description>
<Point><coordinates>139.649137,35.703325,0</coordinates></Point></Placemark>
<Placemark><name>五代目 花山うどん 銀座店</name>
<description><![CDATA[우동 백명점 2024<br/>타베로그 3.64 · 리뷰 1456<br/>주오구 · 東銀座駅<br/><a href="https://tabelog.com/tokyo/A1301/A130101/13200630/">타베로그</a>]]></description>
<Point><coordinates>139.769146,35.669909,0</coordinates></Point></Placemark>
<Placemark><name>玉丁本店 八重洲店</name>
<description><![CDATA[우동 백명점 2024<br/>타베로그 3.63 · 리뷰 2177<br/>주오구 · 東京駅<br/><a href="https://tabelog.com/tokyo/A1302/A130201/13015841/">타베로그</a>]]></description>
<Point><coordinates>139.768256,35.679266,0</coordinates></Point></Placemark>
<Placemark><name>本格手打 もり家 東京店</name>
<description><![CDATA[우동 백명점 2024<br/>타베로그 3.69 · 리뷰 1617<br/>미나토구 · 浜松町駅<br/><a href="https://tabelog.com/tokyo/A1314/A131401/13227953/">타베로그</a>]]></description>
<Point><coordinates>139.755857,35.654419,0</coordinates></Point></Placemark>
<Placemark><name>雅楽</name>
<description><![CDATA[우동 백명점 2024<br/>타베로그 3.63 · 리뷰 882<br/>지요다구 · 飯田橋駅<br/><a href="https://tabelog.com/tokyo/A1309/A130905/13032356/">타베로그</a>]]></description>
<Point><coordinates>139.74682,35.70186,0</coordinates></Point></Placemark>
<Placemark><name>手打うどん いわしや 青山店</name>
<description><![CDATA[우동 백명점 2024<br/>타베로그 3.66 · 리뷰 1358<br/>미나토구 · 青山一丁目駅<br/><a href="https://tabelog.com/tokyo/A1306/A130603/13224471/">타베로그</a>]]></description>
<Point><coordinates>139.723142,35.672995,0</coordinates></Point></Placemark>
<Placemark><name>酒と味噌煮込み 味噌煮込罠</name>
<description><![CDATA[우동 백명점 2024<br/>타베로그 3.68 · 리뷰 1120<br/>분쿄구 · 本郷三丁目駅<br/><a href="https://tabelog.com/tokyo/A1310/A131004/13036030/">타베로그</a>]]></description>
<Point><coordinates>139.761444,35.706405,0</coordinates></Point></Placemark>
<Placemark><name>本格手打うどん あらた</name>
<description><![CDATA[우동 백명점 2024<br/>타베로그 3.67 · 리뷰 426<br/>八王子구 · 八王子駅<br/><a href="https://tabelog.com/tokyo/A1329/A132904/13025001/">타베로그</a>]]></description>
<Point><coordinates>139.333543,35.66023,0</coordinates></Point></Placemark>
<Placemark><name>讃岐うどん いそや</name>
<description><![CDATA[우동 백명점 2024<br/>타베로그 3.67 · 리뷰 504<br/>八王子구 · 京王八王子駅<br/><a href="https://tabelog.com/tokyo/A1329/A132904/13022380/">타베로그</a>]]></description>
<Point><coordinates>139.339734,35.661353,0</coordinates></Point></Placemark>
<Placemark><name>ウドンスタンド五頭</name>
<description><![CDATA[우동 백명점 2024<br/>타베로그 3.63 · 리뷰 515<br/>武蔵野구 · 三鷹駅<br/><a href="https://tabelog.com/tokyo/A1320/A132002/13117283/">타베로그</a>]]></description>
<Point><coordinates>139.560721,35.70734,0</coordinates></Point></Placemark>
<Placemark><name>賞讃</name>
<description><![CDATA[우동 백명점 2024<br/>타베로그 3.64 · 리뷰 491<br/>가쓰시카구 · 京成立石駅<br/><a href="https://tabelog.com/tokyo/A1324/A132403/13022111/">타베로그</a>]]></description>
<Point><coordinates>139.845902,35.730343,0</coordinates></Point></Placemark>
<Placemark><name>純手打ち讃岐うどん五郎</name>
<description><![CDATA[우동 백명점 2024<br/>타베로그 3.68 · 리뷰 889<br/>스미다구 · 錦糸町駅<br/><a href="https://tabelog.com/tokyo/A1312/A131201/13156107/">타베로그</a>]]></description>
<Point><coordinates>139.810593,35.695826,0</coordinates></Point></Placemark>
<Placemark><name>楢製麺</name>
<description><![CDATA[우동 백명점 2024<br/>타베로그 3.65 · 리뷰 1643<br/>시부야구 · 南新宿駅<br/><a href="https://tabelog.com/tokyo/A1304/A130401/13234984/">타베로그</a>]]></description>
<Point><coordinates>139.699313,35.685299,0</coordinates></Point></Placemark>
<Placemark><name>麺匠 釜善</name>
<description><![CDATA[우동 백명점 2024<br/>타베로그 3.83 · 리뷰 1264<br/>지요다구 · 淡路町駅<br/><a href="https://tabelog.com/tokyo/A1310/A131002/13201863/">타베로그</a>]]></description>
<Point><coordinates>139.768322,35.693696,0</coordinates></Point></Placemark>
<Placemark><name>五島うどん びぜん家</name>
<description><![CDATA[우동 백명점 2024<br/>타베로그 3.65 · 리뷰 600<br/>小金井구 · 武蔵小金井駅<br/><a href="https://tabelog.com/tokyo/A1325/A132501/13126103/">타베로그</a>]]></description>
<Point><coordinates>139.503707,35.699771,0</coordinates></Point></Placemark>
<Placemark><name>竹や</name>
<description><![CDATA[우동 백명점 2024<br/>타베로그 3.67 · 리뷰 1587<br/>분쿄구 · 御茶ノ水駅<br/><a href="https://tabelog.com/tokyo/A1310/A131002/13005072/">타베로그</a>]]></description>
<Point><coordinates>139.766111,35.701827,0</coordinates></Point></Placemark>
<Placemark><name>むさしの エン座</name>
<description><![CDATA[우동 백명점 2024<br/>타베로그 3.65 · 리뷰 411<br/>네리마구 · 石神井公園駅<br/><a href="https://tabelog.com/tokyo/A1321/A132103/13022818/">타베로그</a>]]></description>
<Point><coordinates>139.599474,35.737539,0</coordinates></Point></Placemark>
<Placemark><name>正太郎うどん</name>
<description><![CDATA[우동 백명점 2024<br/>타베로그 3.62 · 리뷰 411<br/>네리마구 · 上井草駅<br/><a href="https://tabelog.com/tokyo/A1321/A132105/13095768/">타베로그</a>]]></description>
<Point><coordinates>139.603506,35.729906,0</coordinates></Point></Placemark>
<Placemark><name>手打うどん あかう</name>
<description><![CDATA[우동 백명점 2024<br/>타베로그 3.66 · 리뷰 1018<br/>아라카와구 · 日暮里駅<br/><a href="https://tabelog.com/tokyo/A1311/A131105/13018604/">타베로그</a>]]></description>
<Point><coordinates>139.770837,35.730773,0</coordinates></Point></Placemark>
<Placemark><name>関西風手打うどん いらっしゃい</name>
<description><![CDATA[우동 백명점 2024<br/>타베로그 3.65 · 리뷰 487<br/>다이토구 · 入谷駅<br/><a href="https://tabelog.com/tokyo/A1311/A131104/13042758/">타베로그</a>]]></description>
<Point><coordinates>139.781687,35.720371,0</coordinates></Point></Placemark>
<Placemark><name>トウキョウライトブルー ホンゴウスリー</name>
<description><![CDATA[우동 백명점 2024<br/>타베로그 3.68 · 리뷰 1514<br/>분쿄구 · 本郷三丁目駅<br/><a href="https://tabelog.com/tokyo/A1310/A131004/13240246/">타베로그</a>]]></description>
<Point><coordinates>139.760563,35.706479,0</coordinates></Point></Placemark>
<Placemark><name>讃岐うどん 蔵之介</name>
<description><![CDATA[우동 백명점 2024<br/>타베로그 3.66 · 리뷰 1426<br/>도시마구 · 高田馬場駅<br/><a href="https://tabelog.com/tokyo/A1305/A130503/13049983/">타베로그</a>]]></description>
<Point><coordinates>139.707519,35.71451,0</coordinates></Point></Placemark>
<Placemark><name>讃岐のおうどん 花は咲く 新中野本店</name>
<description><![CDATA[우동 백명점 2024<br/>타베로그 3.65 · 리뷰 1303<br/>나카노구 · 新中野駅<br/><a href="https://tabelog.com/tokyo/A1319/A131902/13156851/">타베로그</a>]]></description>
<Point><coordinates>139.667749,35.699192,0</coordinates></Point></Placemark>
<Placemark><name>手打ちうどん こげら</name>
<description><![CDATA[우동 백명점 2024<br/>타베로그 3.69 · 리뷰 379<br/>東村山구 · 東村山市<br/><a href="https://tabelog.com/tokyo/A1328/A132805/13163619/">타베로그</a>]]></description>
<Point><coordinates>139.450984,35.742184,0</coordinates></Point></Placemark>
<Placemark><name>慶屋</name>
<description><![CDATA[우동 백명점 2024<br/>타베로그 3.67 · 리뷰 1113<br/>지요다구 · 日比谷駅<br/><a href="https://tabelog.com/tokyo/A1301/A130102/13044658/">타베로그</a>]]></description>
<Point><coordinates>139.761713,35.673747,0</coordinates></Point></Placemark>
<Placemark><name>切麦や 甚六</name>
<description><![CDATA[우동 백명점 2024<br/>타베로그 3.64 · 리뷰 2162<br/>신주쿠구 · 新宿御苑前駅<br/><a href="https://tabelog.com/tokyo/A1304/A130402/13182646/">타베로그</a>]]></description>
<Point><coordinates>139.71187,35.689167,0</coordinates></Point></Placemark>
<Placemark><name>稲庭うどんとめし 金子半之助 コレド室町店</name>
<description><![CDATA[우동 백명점 2024<br/>타베로그 3.63 · 리뷰 2399<br/>주오구 · 三越前駅<br/><a href="https://tabelog.com/tokyo/A1302/A130202/13193074/">타베로그</a>]]></description>
<Point><coordinates>139.774512,35.686969,0</coordinates></Point></Placemark>
<Placemark><name>手打 しまだ</name>
<description><![CDATA[우동 백명점 2024<br/>타베로그 3.63 · 리뷰 1192<br/>미나토구 · 表参道駅<br/><a href="https://tabelog.com/tokyo/A1306/A130602/13006991/">타베로그</a>]]></description>
<Point><coordinates>139.713899,35.665868,0</coordinates></Point></Placemark>
<Placemark><name>一滴八銭屋 新宿本店</name>
<description><![CDATA[우동 백명점 2024<br/>타베로그 3.62 · 리뷰 2073<br/>신주쿠구 · 新宿駅<br/><a href="https://tabelog.com/tokyo/A1304/A130401/13000760/">타베로그</a>]]></description>
<Point><coordinates>139.697174,35.689049,0</coordinates></Point></Placemark>
<Placemark><name>豚や</name>
<description><![CDATA[우동 백명점 2024<br/>타베로그 3.64 · 리뷰 541<br/>스기나미구 · 杉並区<br/><a href="https://tabelog.com/tokyo/A1319/A131907/13018776/">타베로그</a>]]></description>
<Point><coordinates>139.607607,35.710961,0</coordinates></Point></Placemark>
<Placemark><name>天茶屋 七蔵</name>
<description><![CDATA[우동 백명점 2024<br/>타베로그 3.7 · 리뷰 2607<br/>미나토구 · 新橋駅<br/><a href="https://tabelog.com/tokyo/A1301/A130103/13002602/">타베로그</a>]]></description>
<Point><coordinates>139.759539,35.666162,0</coordinates></Point></Placemark>
<Placemark><name>村山 満月うどん</name>
<description><![CDATA[우동 백명점 2024<br/>타베로그 3.84 · 리뷰 621<br/>武蔵村山구 · 武蔵村山市<br/><a href="https://tabelog.com/tokyo/A1329/A132901/13026307/">타베로그</a>]]></description>
<Point><coordinates>139.379357,35.757731,0</coordinates></Point></Placemark>
<Placemark><name>谷や</name>
<description><![CDATA[우동 백명점 2024<br/>타베로그 3.66 · 리뷰 2901<br/>주오구 · 水天宮前駅<br/><a href="https://tabelog.com/tokyo/A1302/A130204/13114085/">타베로그</a>]]></description>
<Point><coordinates>139.785716,35.684637,0</coordinates></Point></Placemark>
<Placemark><name>あんぷく 池袋店</name>
<description><![CDATA[우동 백명점 2024<br/>타베로그 3.6 · 리뷰 1862<br/>도시마구 · 池袋駅<br/><a href="https://tabelog.com/tokyo/A1305/A130501/13097934/">타베로그</a>]]></description>
<Point><coordinates>139.70906,35.732501,0</coordinates></Point></Placemark>
<Placemark><name>釜あげうどん はつとみ</name>
<description><![CDATA[우동 백명점 2024<br/>타베로그 3.68 · 리뷰 729<br/>분쿄구 · 江戸川橋駅<br/><a href="https://tabelog.com/tokyo/A1309/A130905/13095976/">타베로그</a>]]></description>
<Point><coordinates>139.730375,35.70952,0</coordinates></Point></Placemark>
<Placemark><name>こんぴら茶屋</name>
<description><![CDATA[우동 백명점 2024<br/>타베로그 3.65 · 리뷰 2282<br/>시나가와구 · 目黒駅<br/><a href="https://tabelog.com/tokyo/A1316/A131601/13013189/">타베로그</a>]]></description>
<Point><coordinates>139.717627,35.633826,0</coordinates></Point></Placemark>
<Placemark><name>小平うどん 小平本店</name>
<description><![CDATA[우동 백명점 2024<br/>타베로그 3.63 · 리뷰 1027<br/>小平구 · 小平市<br/><a href="https://tabelog.com/tokyo/A1328/A132804/13087964/">타베로그</a>]]></description>
<Point><coordinates>139.496761,35.716954,0</coordinates></Point></Placemark>
<Placemark><name>うどん 丸香</name>
<description><![CDATA[우동 백명점 2024<br/>타베로그 3.81 · 리뷰 6933<br/>지요다구 · 神保町駅<br/><a href="https://tabelog.com/tokyo/A1310/A131003/13000629/">타베로그</a>]]></description>
<Point><coordinates>139.760132,35.696707,0</coordinates></Point></Placemark>
<Placemark><name>太常うどん 銀座本店</name>
<description><![CDATA[우동 백명점 2024<br/>타베로그 3.65 · 리뷰 1184<br/>주오구 · 東銀座駅<br/><a href="https://tabelog.com/tokyo/A1301/A130101/13104580/">타베로그</a>]]></description>
<Point><coordinates>139.765283,35.667337,0</coordinates></Point></Placemark>
<Placemark><name>cuud</name>
<description><![CDATA[우동 백명점 2024<br/>타베로그 3.62 · 리뷰 2778<br/>오타구 · 羽田空港第１ターミナル（東京モノレール）駅<br/><a href="https://tabelog.com/tokyo/A1315/A131504/13193378/">타베로그</a>]]></description>
<Point><coordinates>139.785042,35.548096,0</coordinates></Point></Placemark>
<Placemark><name>うちたて家</name>
<description><![CDATA[우동 백명점 2024<br/>타베로그 3.69 · 리뷰 3252<br/>도시마구 · 池袋駅<br/><a href="https://tabelog.com/tokyo/A1305/A130501/13003889/">타베로그</a>]]></description>
<Point><coordinates>139.712664,35.726157,0</coordinates></Point></Placemark>
<Placemark><name>おにやんま 人形町店</name>
<description><![CDATA[우동 백명점 2024<br/>타베로그 3.67 · 리뷰 1479<br/>주오구 · 人形町駅<br/><a href="https://tabelog.com/tokyo/A1302/A130204/13216456/">타베로그</a>]]></description>
<Point><coordinates>139.782777,35.686007,0</coordinates></Point></Placemark>
<Placemark><name>手打うどん すみた</name>
<description><![CDATA[우동 백명점 2024<br/>타베로그 3.71 · 리뷰 1570<br/>기타구 · 赤羽岩淵駅<br/><a href="https://tabelog.com/tokyo/A1323/A132305/13003783/">타베로그</a>]]></description>
<Point><coordinates>139.726632,35.780508,0</coordinates></Point></Placemark>
<Placemark><name>おにやんま 中目黒店</name>
<description><![CDATA[우동 백명점 2024<br/>타베로그 3.62 · 리뷰 1885<br/>메구로구 · 中目黒駅<br/><a href="https://tabelog.com/tokyo/A1317/A131701/13199054/">타베로그</a>]]></description>
<Point><coordinates>139.698496,35.644642,0</coordinates></Point></Placemark>
<Placemark><name>香川 一福 神田店</name>
<description><![CDATA[우동 백명점 2024<br/>타베로그 3.61 · 리뷰 3433<br/>지요다구 · 小川町駅<br/><a href="https://tabelog.com/tokyo/A1310/A131002/13185500/">타베로그</a>]]></description>
<Point><coordinates>139.767174,35.691914,0</coordinates></Point></Placemark>
<Placemark><name>きつね庵</name>
<description><![CDATA[우동 백명점 2024<br/>타베로그 3.66 · 리뷰 1002<br/>주오구 · 東銀座駅<br/><a href="https://tabelog.com/tokyo/A1301/A130101/13181414/">타베로그</a>]]></description>
<Point><coordinates>139.767391,35.671665,0</coordinates></Point></Placemark>
<Placemark><name>手打うどん 福助</name>
<description><![CDATA[우동 백명점 2024<br/>타베로그 3.63 · 리뷰 341<br/>小平구 · 青梅街道駅<br/><a href="https://tabelog.com/tokyo/A1328/A132804/13149268/">타베로그</a>]]></description>
<Point><coordinates>139.474961,35.727428,0</coordinates></Point></Placemark>
<Placemark><name>葉隠</name>
<description><![CDATA[우동 백명점 2024<br/>타베로그 3.65 · 리뷰 849<br/>미나토구 · 赤坂見附駅<br/><a href="https://tabelog.com/tokyo/A1308/A130801/13024229/">타베로그</a>]]></description>
<Point><coordinates>139.736526,35.676423,0</coordinates></Point></Placemark>
<Placemark><name>讃岐うどん いわい</name>
<description><![CDATA[우동 백명점 2024<br/>타베로그 3.8 · 리뷰 1367<br/>기타구 · 十条駅<br/><a href="https://tabelog.com/tokyo/A1323/A132304/13141130/">타베로그</a>]]></description>
<Point><coordinates>139.718877,35.76154,0</coordinates></Point></Placemark>
<Placemark><name>おにやんま 東品川店</name>
<description><![CDATA[우동 백명점 2024<br/>타베로그 3.66 · 리뷰 1321<br/>시나가와구 · 青物横丁駅<br/><a href="https://tabelog.com/tokyo/A1315/A131501/13142095/">타베로그</a>]]></description>
<Point><coordinates>139.745344,35.610859,0</coordinates></Point></Placemark>
<Placemark><name>うさぎや 本店</name>
<description><![CDATA[화과자 백명점 2023<br/>타베로그 3.79 · 리뷰 1634<br/>주오구 · 日本橋駅<br/><a href="https://tabelog.com/tokyo/A1302/A130202/13003250/">타베로그</a>]]></description>
<Point><coordinates>139.772796,35.683549,0</coordinates></Point></Placemark>
<Placemark><name>菊丸</name>
<description><![CDATA[화과자 백명점 2023<br/>타베로그 3.72 · 리뷰 706<br/>다이토구 · 田原町駅<br/><a href="https://tabelog.com/tokyo/A1311/A131102/13092157/">타베로그</a>]]></description>
<Point><coordinates>139.789274,35.712271,0</coordinates></Point></Placemark>
<Placemark><name>ちもと</name>
<description><![CDATA[화과자 백명점 2023<br/>타베로그 3.77 · 리뷰 1024<br/>메구로구 · 都立大学駅<br/><a href="https://tabelog.com/tokyo/A1317/A131702/13003218/">타베로그</a>]]></description>
<Point><coordinates>139.674874,35.618201,0</coordinates></Point></Placemark>
<Placemark><name>一元屋</name>
<description><![CDATA[화과자 백명점 2023<br/>타베로그 3.71 · 리뷰 297<br/>지요다구 · 半蔵門駅<br/><a href="https://tabelog.com/tokyo/A1308/A130803/13006404/">타베로그</a>]]></description>
<Point><coordinates>139.741663,35.684707,0</coordinates></Point></Placemark>
<Placemark><name>石田屋</name>
<description><![CDATA[화과자 백명점 2023<br/>타베로그 3.7 · 리뷰 634<br/>이타바시구 · 上板橋駅<br/><a href="https://tabelog.com/tokyo/A1322/A132203/13003807/">타베로그</a>]]></description>
<Point><coordinates>139.675377,35.762925,0</coordinates></Point></Placemark>
<Placemark><name>越後屋若狭</name>
<description><![CDATA[화과자 백명점 2023<br/>타베로그 3.7 · 리뷰 244<br/>스미다구 · 浜町駅<br/><a href="https://tabelog.com/tokyo/A1312/A131201/13046248/">타베로그</a>]]></description>
<Point><coordinates>139.792029,35.691463,0</coordinates></Point></Placemark>
<Placemark><name>中里</name>
<description><![CDATA[화과자 백명점 2023<br/>타베로그 3.68 · 리뷰 546<br/>기타구 · 駒込駅<br/><a href="https://tabelog.com/tokyo/A1323/A132301/13022864/">타베로그</a>]]></description>
<Point><coordinates>139.7496,35.736878,0</coordinates></Point></Placemark>
<Placemark><name>時屋 新宿小田急ハルク店</name>
<description><![CDATA[화과자 백명점 2023<br/>타베로그 3.71 · 리뷰 1378<br/>신주쿠구 · 新宿西口駅<br/><a href="https://tabelog.com/tokyo/A1304/A130401/13006696/">타베로그</a>]]></description>
<Point><coordinates>139.698284,35.692529,0</coordinates></Point></Placemark>
<Placemark><name>五十鈴</name>
<description><![CDATA[화과자 백명점 2023<br/>타베로그 3.73 · 리뷰 822<br/>신주쿠구 · 牛込神楽坂駅<br/><a href="https://tabelog.com/tokyo/A1309/A130905/13023132/">타베로그</a>]]></description>
<Point><coordinates>139.739006,35.701742,0</coordinates></Point></Placemark>
<Placemark><name>鳴門金時本舗 栗尾商店 グランスタ店</name>
<description><![CDATA[화과자 백명점 2023<br/>타베로그 3.73 · 리뷰 687<br/>지요다구 · 東京駅<br/><a href="https://tabelog.com/tokyo/A1302/A130201/13143553/">타베로그</a>]]></description>
<Point><coordinates>139.765806,35.681483,0</coordinates></Point></Placemark>
<Placemark><name>甘味処 みつばち 本店</name>
<description><![CDATA[화과자 백명점 2023<br/>타베로그 3.73 · 리뷰 1293<br/>분쿄구 · 湯島駅<br/><a href="https://tabelog.com/tokyo/A1311/A131101/13003590/">타베로그</a>]]></description>
<Point><coordinates>139.771099,35.708078,0</coordinates></Point></Placemark>
<Placemark><name>天まめ</name>
<description><![CDATA[화과자 백명점 2023<br/>타베로그 3.75 · 리뷰 529<br/>주오구 · 築地駅<br/><a href="https://tabelog.com/tokyo/A1313/A131301/13168055/">타베로그</a>]]></description>
<Point><coordinates>139.772444,35.66949,0</coordinates></Point></Placemark>
<Placemark><name>桃太郎</name>
<description><![CDATA[화과자 백명점 2023<br/>타베로그 3.7 · 리뷰 617<br/>다이토구 · 浅草（つくばＥＸＰ）駅<br/><a href="https://tabelog.com/tokyo/A1311/A131102/13008578/">타베로그</a>]]></description>
<Point><coordinates>139.791987,35.712399,0</coordinates></Point></Placemark>
<Placemark><name>黒松本舗 草月</name>
<description><![CDATA[화과자 백명점 2023<br/>타베로그 3.79 · 리뷰 1988<br/>기타구 · 東十条駅<br/><a href="https://tabelog.com/tokyo/A1323/A132304/13003793/">타베로그</a>]]></description>
<Point><coordinates>139.729157,35.763302,0</coordinates></Point></Placemark>
<Placemark><name>目白 志むら</name>
<description><![CDATA[화과자 백명점 2023<br/>타베로그 3.77 · 리뷰 1921<br/>도시마구 · 目白駅<br/><a href="https://tabelog.com/tokyo/A1305/A130502/13003855/">타베로그</a>]]></description>
<Point><coordinates>139.705626,35.722341,0</coordinates></Point></Placemark>
<Placemark><name>今川焼　かしわや</name>
<description><![CDATA[화과자 백명점 2023<br/>타베로그 3.71 · 리뷰 761<br/>세타가야구 · 三軒茶屋駅<br/><a href="https://tabelog.com/tokyo/A1317/A131706/13114710/">타베로그</a>]]></description>
<Point><coordinates>139.669258,35.643775,0</coordinates></Point></Placemark>
<Placemark><name>松島屋</name>
<description><![CDATA[화과자 백명점 2023<br/>타베로그 3.78 · 리뷰 1393<br/>미나토구 · 泉岳寺駅<br/><a href="https://tabelog.com/tokyo/A1314/A131403/13007137/">타베로그</a>]]></description>
<Point><coordinates>139.737421,35.640557,0</coordinates></Point></Placemark>
<Placemark><name>瑞穂</name>
<description><![CDATA[화과자 백명점 2023<br/>타베로그 3.79 · 리뷰 1362<br/>시부야구 · 明治神宮前駅<br/><a href="https://tabelog.com/tokyo/A1306/A130601/13001154/">타베로그</a>]]></description>
<Point><coordinates>139.705608,35.666987,0</coordinates></Point></Placemark>
<Placemark><name>千葉屋</name>
<description><![CDATA[화과자 백명점 2023<br/>타베로그 3.79 · 리뷰 1559<br/>다이토구 · 浅草（つくばＥＸＰ）駅<br/><a href="https://tabelog.com/tokyo/A1311/A131102/13008691/">타베로그</a>]]></description>
<Point><coordinates>139.794895,35.716863,0</coordinates></Point></Placemark>
<Placemark><name>甘味おかめ 交通会館店</name>
<description><![CDATA[화과자 백명점 2023<br/>타베로그 3.73 · 리뷰 1006<br/>지요다구 · 有楽町駅<br/><a href="https://tabelog.com/tokyo/A1301/A130102/13042986/">타베로그</a>]]></description>
<Point><coordinates>139.764371,35.674664,0</coordinates></Point></Placemark>
<Placemark><name>虎ノ門 岡埜榮泉</name>
<description><![CDATA[화과자 백명점 2023<br/>타베로그 3.74 · 리뷰 1107<br/>미나토구 · 虎ノ門ヒルズ駅<br/><a href="https://tabelog.com/tokyo/A1308/A130802/13001513/">타베로그</a>]]></description>
<Point><coordinates>139.747378,35.666095,0</coordinates></Point></Placemark>
<Placemark><name>塩野</name>
<description><![CDATA[화과자 백명점 2023<br/>타베로그 3.76 · 리뷰 873<br/>미나토구 · 赤坂駅<br/><a href="https://tabelog.com/tokyo/A1308/A130801/13002747/">타베로그</a>]]></description>
<Point><coordinates>139.738368,35.672954,0</coordinates></Point></Placemark>
<Placemark><name>宝来屋本店</name>
<description><![CDATA[화과자 백명점 2023<br/>타베로그 3.7 · 리뷰 433<br/>지요다구 · 九段下駅<br/><a href="https://tabelog.com/tokyo/A1309/A130906/13006396/">타베로그</a>]]></description>
<Point><coordinates>139.744871,35.69368,0</coordinates></Point></Placemark>
<Placemark><name>つ久し</name>
<description><![CDATA[화과자 백명점 2023<br/>타베로그 3.68 · 리뷰 383<br/>메구로구 · 都立大学駅<br/><a href="https://tabelog.com/tokyo/A1317/A131702/13035752/">타베로그</a>]]></description>
<Point><coordinates>139.673448,35.622486,0</coordinates></Point></Placemark>
<Placemark><name>玉英堂 彦九郎</name>
<description><![CDATA[화과자 백명점 2023<br/>타베로그 3.73 · 리뷰 1024<br/>주오구 · 人形町駅<br/><a href="https://tabelog.com/tokyo/A1302/A130204/13006478/">타베로그</a>]]></description>
<Point><coordinates>139.783593,35.685107,0</coordinates></Point></Placemark>
<Placemark><name>柳屋</name>
<description><![CDATA[화과자 백명점 2023<br/>타베로그 3.78 · 리뷰 2615<br/>주오구 · 人形町駅<br/><a href="https://tabelog.com/tokyo/A1302/A130204/13003065/">타베로그</a>]]></description>
<Point><coordinates>139.784024,35.685396,0</coordinates></Point></Placemark>
<Placemark><name>うさぎや</name>
<description><![CDATA[화과자 백명점 2023<br/>타베로그 3.84 · 리뷰 3919<br/>다이토구 · 上野広小路駅<br/><a href="https://tabelog.com/tokyo/A1311/A131101/13003599/">타베로그</a>]]></description>
<Point><coordinates>139.771832,35.706159,0</coordinates></Point></Placemark>
<Placemark><name>小ざさ</name>
<description><![CDATA[화과자 백명점 2023<br/>타베로그 3.76 · 리뷰 1439<br/>武蔵野구 · 吉祥寺駅<br/><a href="https://tabelog.com/tokyo/A1320/A132001/13005817/">타베로그</a>]]></description>
<Point><coordinates>139.579113,35.703986,0</coordinates></Point></Placemark>
<Placemark><name>初音</name>
<description><![CDATA[화과자 백명점 2023<br/>타베로그 3.7 · 리뷰 1114<br/>주오구 · 水天宮前駅<br/><a href="https://tabelog.com/tokyo/A1302/A130204/13003045/">타베로그</a>]]></description>
<Point><coordinates>139.783863,35.684324,0</coordinates></Point></Placemark>
<Placemark><name>浪花家総本店</name>
<description><![CDATA[화과자 백명점 2023<br/>타베로그 3.78 · 리뷰 2772<br/>미나토구 · 麻布十番駅<br/><a href="https://tabelog.com/tokyo/A1307/A130702/13002775/">타베로그</a>]]></description>
<Point><coordinates>139.735118,35.656199,0</coordinates></Point></Placemark>
<Placemark><name>甘味おかめ 有楽町店</name>
<description><![CDATA[화과자 백명점 2023<br/>타베로그 3.73 · 리뷰 1374<br/>지요다구 · 有楽町駅<br/><a href="https://tabelog.com/tokyo/A1301/A130102/13011479/">타베로그</a>]]></description>
<Point><coordinates>139.763387,35.674178,0</coordinates></Point></Placemark>
<Placemark><name>和菓子処 大角玉屋 銀座店</name>
<description><![CDATA[화과자 백명점 2023<br/>타베로그 3.74 · 리뷰 1144<br/>지요다구 · 有楽町駅<br/><a href="https://tabelog.com/tokyo/A1301/A130102/13060712/">타베로그</a>]]></description>
<Point><coordinates>139.764132,35.673776,0</coordinates></Point></Placemark>
<Placemark><name>目黒ひいらぎ 碑文谷公園通り店</name>
<description><![CDATA[화과자 백명점 2023<br/>타베로그 3.72 · 리뷰 631<br/>메구로구 · 学芸大学駅<br/><a href="https://tabelog.com/tokyo/A1317/A131702/13135121/">타베로그</a>]]></description>
<Point><coordinates>139.683385,35.628967,0</coordinates></Point></Placemark>
<Placemark><name>いり江</name>
<description><![CDATA[화과자 백명점 2023<br/>타베로그 3.72 · 리뷰 804<br/>고토구 · 門前仲町駅<br/><a href="https://tabelog.com/tokyo/A1313/A131303/13008019/">타베로그</a>]]></description>
<Point><coordinates>139.795956,35.672746,0</coordinates></Point></Placemark>
<Placemark><name>志”満ん草餅</name>
<description><![CDATA[화과자 백명점 2023<br/>타베로그 3.82 · 리뷰 1133<br/>스미다구 · 東向島駅<br/><a href="https://tabelog.com/tokyo/A1312/A131203/13002934/">타베로그</a>]]></description>
<Point><coordinates>139.812327,35.723195,0</coordinates></Point></Placemark>
<Placemark><name>甘いっ子</name>
<description><![CDATA[화과자 백명점 2023<br/>타베로그 3.72 · 리뷰 620<br/>스기나미구 · 西荻窪駅<br/><a href="https://tabelog.com/tokyo/A1319/A131907/13006646/">타베로그</a>]]></description>
<Point><coordinates>139.599069,35.701024,0</coordinates></Point></Placemark>
<Placemark><name>浪花家 江戸川橋</name>
<description><![CDATA[화과자 백명점 2023<br/>타베로그 3.69 · 리뷰 607<br/>분쿄구 · 江戸川橋駅<br/><a href="https://tabelog.com/tokyo/A1309/A130905/13006453/">타베로그</a>]]></description>
<Point><coordinates>139.73247,35.708142,0</coordinates></Point></Placemark>
<Placemark><name>喜田屋</name>
<description><![CDATA[화과자 백명점 2023<br/>타베로그 3.72 · 리뷰 611<br/>스기나미구 · 西荻窪駅<br/><a href="https://tabelog.com/tokyo/A1319/A131907/13044291/">타베로그</a>]]></description>
<Point><coordinates>139.600778,35.705568,0</coordinates></Point></Placemark>
<Placemark><name>あんや</name>
<description><![CDATA[화과자 백명점 2023<br/>타베로그 3.73 · 리뷰 781<br/>세타가야구 · 成城学園前駅<br/><a href="https://tabelog.com/tokyo/A1318/A131814/13007428/">타베로그</a>]]></description>
<Point><coordinates>139.59824,35.640228,0</coordinates></Point></Placemark>
<Placemark><name>越後鶴屋</name>
<description><![CDATA[화과자 백명점 2023<br/>타베로그 3.74 · 리뷰 859<br/>스기나미구 · 西荻窪駅<br/><a href="https://tabelog.com/tokyo/A1319/A131907/13006656/">타베로그</a>]]></description>
<Point><coordinates>139.599586,35.702487,0</coordinates></Point></Placemark>
<Placemark><name>高尾山スミカ</name>
<description><![CDATA[화과자 백명점 2023<br/>타베로그 3.68 · 리뷰 856<br/>八王子구 · 八王子市<br/><a href="https://tabelog.com/tokyo/A1329/A132905/13042628/">타베로그</a>]]></description>
<Point><coordinates>139.256174,35.63108,0</coordinates></Point></Placemark>
<Placemark><name>言問団子</name>
<description><![CDATA[화과자 백명점 2023<br/>타베로그 3.74 · 리뷰 753<br/>스미다구 · 曳舟駅<br/><a href="https://tabelog.com/tokyo/A1312/A131203/13002945/">타베로그</a>]]></description>
<Point><coordinates>139.809098,35.718494,0</coordinates></Point></Placemark>
<Placemark><name>亀十</name>
<description><![CDATA[화과자 백명점 2023<br/>타베로그 3.79 · 리뷰 4383<br/>다이토구 · 浅草（東武・都営・メトロ）駅<br/><a href="https://tabelog.com/tokyo/A1311/A131102/13003655/">타베로그</a>]]></description>
<Point><coordinates>139.796782,35.710733,0</coordinates></Point></Placemark>
<Placemark><name>根津のたいやき</name>
<description><![CDATA[화과자 백명점 2023<br/>타베로그 3.71 · 리뷰 770<br/>분쿄구 · 根津駅<br/><a href="https://tabelog.com/tokyo/A1311/A131106/13003570/">타베로그</a>]]></description>
<Point><coordinates>139.762654,35.720292,0</coordinates></Point></Placemark>
<Placemark><name>長命寺 桜もち</name>
<description><![CDATA[화과자 백명점 2023<br/>타베로그 3.74 · 리뷰 994<br/>스미다구 · 曳舟駅<br/><a href="https://tabelog.com/tokyo/A1312/A131203/13002949/">타베로그</a>]]></description>
<Point><coordinates>139.808705,35.718058,0</coordinates></Point></Placemark>
<Placemark><name>天野屋</name>
<description><![CDATA[화과자 백명점 2023<br/>타베로그 3.71 · 리뷰 769<br/>분쿄구 · 御茶ノ水駅<br/><a href="https://tabelog.com/tokyo/A1310/A131002/13006339/">타베로그</a>]]></description>
<Point><coordinates>139.767087,35.701148,0</coordinates></Point></Placemark>
<Placemark><name>いちょうの木</name>
<description><![CDATA[화과자 백명점 2023<br/>타베로그 3.67 · 리뷰 466<br/>시나가와구 · 北品川駅<br/><a href="https://tabelog.com/tokyo/A1314/A131405/13087366/">타베로그</a>]]></description>
<Point><coordinates>139.741105,35.620054,0</coordinates></Point></Placemark>
<Placemark><name>かりんとう ゆしま花月</name>
<description><![CDATA[화과자 백명점 2023<br/>타베로그 3.77 · 리뷰 1101<br/>분쿄구 · 上野広小路駅<br/><a href="https://tabelog.com/tokyo/A1311/A131101/13008524/">타베로그</a>]]></description>
<Point><coordinates>139.771676,35.707715,0</coordinates></Point></Placemark>
<Placemark><name>ナニワヤ・カフェ</name>
<description><![CDATA[화과자 백명점 2023<br/>타베로그 3.71 · 리뷰 494<br/>미나토구 · 麻布十番駅<br/><a href="https://tabelog.com/tokyo/A1307/A130702/13021127/">타베로그</a>]]></description>
<Point><coordinates>139.73519,35.656167,0</coordinates></Point></Placemark>
<Placemark><name>和菓子処 菊家</name>
<description><![CDATA[화과자 백명점 2023<br/>타베로그 3.81 · 리뷰 357<br/>미나토구 · 表参道駅<br/><a href="https://tabelog.com/tokyo/A1306/A130602/13006970/">타베로그</a>]]></description>
<Point><coordinates>139.713899,35.661286,0</coordinates></Point></Placemark>
<Placemark><name>しろいくろ</name>
<description><![CDATA[화과자 백명점 2023<br/>타베로그 3.7 · 리뷰 720<br/>미나토구 · 麻布十番駅<br/><a href="https://tabelog.com/tokyo/A1307/A130702/13151089/">타베로그</a>]]></description>
<Point><coordinates>139.734041,35.655801,0</coordinates></Point></Placemark>
<Placemark><name>浅田家</name>
<description><![CDATA[화과자 백명점 2023<br/>타베로그 3.81 · 리뷰 684<br/>미나토구 · 溜池山王駅<br/><a href="https://tabelog.com/tokyo/A1308/A130802/13024135/">타베로그</a>]]></description>
<Point><coordinates>139.741878,35.670684,0</coordinates></Point></Placemark>
<Placemark><name>たい焼 写楽</name>
<description><![CDATA[화과자 백명점 2023<br/>타베로그 3.71 · 리뷰 687<br/>다이토구 · 浅草（つくばＥＸＰ）駅<br/><a href="https://tabelog.com/tokyo/A1311/A131102/13045299/">타베로그</a>]]></description>
<Point><coordinates>139.794934,35.716961,0</coordinates></Point></Placemark>
<Placemark><name>京菓子 岬屋</name>
<description><![CDATA[화과자 백명점 2023<br/>타베로그 3.68 · 리뷰 224<br/>시부야구 · 駒場東大前駅<br/><a href="https://tabelog.com/tokyo/A1318/A131801/13007329/">타베로그</a>]]></description>
<Point><coordinates>139.684995,35.663543,0</coordinates></Point></Placemark>
<Placemark><name>高木屋老舗</name>
<description><![CDATA[화과자 백명점 2023<br/>타베로그 3.72 · 리뷰 1195<br/>가쓰시카구 · 柴又駅<br/><a href="https://tabelog.com/tokyo/A1324/A132403/13018079/">타베로그</a>]]></description>
<Point><coordinates>139.876541,35.757759,0</coordinates></Point></Placemark>
<Placemark><name>喫茶去</name>
<description><![CDATA[화과자 백명점 2023<br/>타베로그 3.72 · 리뷰 471<br/>다이토구 · 京成上野駅<br/><a href="https://tabelog.com/tokyo/A1311/A131101/13049802/">타베로그</a>]]></description>
<Point><coordinates>139.772737,35.713788,0</coordinates></Point></Placemark>
<Placemark><name>日本橋 錦豊琳 かりんとう専門店</name>
<description><![CDATA[화과자 백명점 2023<br/>타베로그 3.74 · 리뷰 985<br/>지요다구 · 東京駅<br/><a href="https://tabelog.com/tokyo/A1302/A130201/13045125/">타베로그</a>]]></description>
<Point><coordinates>139.767364,35.681325,0</coordinates></Point></Placemark>
<Placemark><name>菊見せんべい総本店</name>
<description><![CDATA[화과자 백명점 2023<br/>타베로그 3.71 · 리뷰 543<br/>분쿄구 · 千駄木駅<br/><a href="https://tabelog.com/tokyo/A1311/A131106/13018372/">타베로그</a>]]></description>
<Point><coordinates>139.763977,35.724788,0</coordinates></Point></Placemark>
<Placemark><name>赤坂青野 本店</name>
<description><![CDATA[화과자 백명점 2023<br/>타베로그 3.72 · 리뷰 994<br/>미나토구 · 赤坂駅<br/><a href="https://tabelog.com/tokyo/A1308/A130801/13002803/">타베로그</a>]]></description>
<Point><coordinates>139.732091,35.669088,0</coordinates></Point></Placemark>
<Placemark><name>御菓子処 さゝま</name>
<description><![CDATA[화과자 백명점 2023<br/>타베로그 3.8 · 리뷰 1247<br/>지요다구 · 神保町駅<br/><a href="https://tabelog.com/tokyo/A1310/A131003/13000627/">타베로그</a>]]></description>
<Point><coordinates>139.761124,35.695052,0</coordinates></Point></Placemark>
<Placemark><name>麻布 昇月堂</name>
<description><![CDATA[화과자 백명점 2023<br/>타베로그 3.7 · 리뷰 356<br/>미나토구 · 広尾駅<br/><a href="https://tabelog.com/tokyo/A1307/A130703/13036997/">타베로그</a>]]></description>
<Point><coordinates>139.718505,35.65759,0</coordinates></Point></Placemark>
<Placemark><name>HIGASHIYA man</name>
<description><![CDATA[화과자 백명점 2023<br/>타베로그 3.7 · 리뷰 828<br/>미나토구 · 表参道駅<br/><a href="https://tabelog.com/tokyo/A1306/A130602/13050885/">타베로그</a>]]></description>
<Point><coordinates>139.713869,35.664537,0</coordinates></Point></Placemark>
<Placemark><name>吉野家</name>
<description><![CDATA[화과자 백명점 2023<br/>타베로그 3.69 · 리뷰 509<br/>가쓰시카구 · 柴又駅<br/><a href="https://tabelog.com/tokyo/A1324/A132403/13047535/">타베로그</a>]]></description>
<Point><coordinates>139.876907,35.757959,0</coordinates></Point></Placemark>
<Placemark><name>羽二重団子 本店</name>
<description><![CDATA[화과자 백명점 2023<br/>타베로그 3.72 · 리뷰 1020<br/>아라카와구 · 日暮里駅<br/><a href="https://tabelog.com/tokyo/A1311/A131105/13003775/">타베로그</a>]]></description>
<Point><coordinates>139.773765,35.726736,0</coordinates></Point></Placemark>
<Placemark><name>うさぎや 中央通り店</name>
<description><![CDATA[화과자 백명점 2023<br/>타베로그 3.78 · 리뷰 1276<br/>주오구 · 日本橋駅<br/><a href="https://tabelog.com/tokyo/A1302/A130202/13041161/">타베로그</a>]]></description>
<Point><coordinates>139.773721,35.682962,0</coordinates></Point></Placemark>
<Placemark><name>虎ノ門 岡埜榮泉 新宿タカシマヤ店</name>
<description><![CDATA[화과자 백명점 2023<br/>타베로그 3.75 · 리뷰 654<br/>시부야구 · 新宿駅<br/><a href="https://tabelog.com/tokyo/A1304/A130401/13056538/">타베로그</a>]]></description>
<Point><coordinates>139.702084,35.687849,0</coordinates></Point></Placemark>
<Placemark><name>元祖塩大福 みずの</name>
<description><![CDATA[화과자 백명점 2023<br/>타베로그 3.72 · 리뷰 1503<br/>도시마구 · 巣鴨駅<br/><a href="https://tabelog.com/tokyo/A1323/A132301/13044660/">타베로그</a>]]></description>
<Point><coordinates>139.736112,35.735149,0</coordinates></Point></Placemark>
<Placemark><name>梅むら</name>
<description><![CDATA[화과자 백명점 2023<br/>타베로그 3.77 · 리뷰 894<br/>다이토구 · 浅草（つくばＥＸＰ）駅<br/><a href="https://tabelog.com/tokyo/A1311/A131102/13008698/">타베로그</a>]]></description>
<Point><coordinates>139.796715,35.716727,0</coordinates></Point></Placemark>
<Placemark><name>高橋の酒まんじゅう</name>
<description><![CDATA[화과자 백명점 2023<br/>타베로그 3.72 · 리뷰 435<br/>스기나미구 · 荻窪駅<br/><a href="https://tabelog.com/tokyo/A1319/A131906/13044820/">타베로그</a>]]></description>
<Point><coordinates>139.622768,35.705744,0</coordinates></Point></Placemark>
<Placemark><name>翠江堂 本店</name>
<description><![CDATA[화과자 백명점 2023<br/>타베로그 3.63 · 리뷰 836<br/>주오구 · 八丁堀駅<br/><a href="https://tabelog.com/tokyo/A1302/A130203/13007680/">타베로그</a>]]></description>
<Point><coordinates>139.782003,35.675,0</coordinates></Point></Placemark>
<Placemark><name>雅庵</name>
<description><![CDATA[화과자 백명점 2023<br/>타베로그 3.81 · 리뷰 761<br/>메구로구 · 中目黒駅<br/><a href="https://tabelog.com/tokyo/A1317/A131701/13073813/">타베로그</a>]]></description>
<Point><coordinates>139.692127,35.647571,0</coordinates></Point></Placemark>
<Placemark><name>銀座甘楽 銀座本店</name>
<description><![CDATA[화과자 백명점 2023<br/>타베로그 3.71 · 리뷰 918<br/>주오구 · 日比谷駅<br/><a href="https://tabelog.com/tokyo/A1301/A130101/13051031/">타베로그</a>]]></description>
<Point><coordinates>139.760255,35.671522,0</coordinates></Point></Placemark>
<Placemark><name>うさぎや</name>
<description><![CDATA[화과자 백명점 2023<br/>타베로그 3.77 · 리뷰 841<br/>스기나미구 · 阿佐ケ谷駅<br/><a href="https://tabelog.com/tokyo/A1319/A131905/13000731/">타베로그</a>]]></description>
<Point><coordinates>139.637723,35.705293,0</coordinates></Point></Placemark>
<Placemark><name>茶寮都路里 大丸東京店</name>
<description><![CDATA[화과자 백명점 2023<br/>타베로그 3.62 · 리뷰 1336<br/>지요다구 · 東京駅<br/><a href="https://tabelog.com/tokyo/A1302/A130201/13044461/">타베로그</a>]]></description>
<Point><coordinates>139.769252,35.681431,0</coordinates></Point></Placemark>
<Placemark><name>竹むら</name>
<description><![CDATA[화과자 백명점 2023<br/>타베로그 3.76 · 리뷰 1634<br/>지요다구 · 淡路町駅<br/><a href="https://tabelog.com/tokyo/A1310/A131002/13000342/">타베로그</a>]]></description>
<Point><coordinates>139.769067,35.696684,0</coordinates></Point></Placemark>
<Placemark><name>つる瀬 湯島本店</name>
<description><![CDATA[화과자 백명점 2023<br/>타베로그 3.74 · 리뷰 1616<br/>분쿄구 · 湯島駅<br/><a href="https://tabelog.com/tokyo/A1311/A131101/13003616/">타베로그</a>]]></description>
<Point><coordinates>139.770152,35.708108,0</coordinates></Point></Placemark>
<Placemark><name>天音</name>
<description><![CDATA[화과자 백명점 2023<br/>타베로그 3.72 · 리뷰 1531<br/>武蔵野구 · 吉祥寺駅<br/><a href="https://tabelog.com/tokyo/A1320/A132001/13019467/">타베로그</a>]]></description>
<Point><coordinates>139.579251,35.703849,0</coordinates></Point></Placemark>
<Placemark><name>清寿軒</name>
<description><![CDATA[화과자 백명점 2023<br/>타베로그 3.77 · 리뷰 1362<br/>주오구 · 小伝馬町駅<br/><a href="https://tabelog.com/tokyo/A1302/A130204/13213772/">타베로그</a>]]></description>
<Point><coordinates>139.77944,35.688013,0</coordinates></Point></Placemark>
<Placemark><name>梅花亭 神楽坂本店</name>
<description><![CDATA[화과자 백명점 2023<br/>타베로그 3.75 · 리뷰 934<br/>신주쿠구 · 神楽坂駅<br/><a href="https://tabelog.com/tokyo/A1309/A130905/13040265/">타베로그</a>]]></description>
<Point><coordinates>139.73698,35.703031,0</coordinates></Point></Placemark>
<Placemark><name>日本橋 長門</name>
<description><![CDATA[화과자 백명점 2023<br/>타베로그 3.85 · 리뷰 1585<br/>주오구 · 日本橋駅<br/><a href="https://tabelog.com/tokyo/A1302/A130202/13011481/">타베로그</a>]]></description>
<Point><coordinates>139.771632,35.681073,0</coordinates></Point></Placemark>
<Placemark><name>茶庭 然花抄院 渋谷ヒカリエ ShinQs店</name>
<description><![CDATA[화과자 백명점 2023<br/>타베로그 3.69 · 리뷰 1037<br/>시부야구 · 渋谷駅<br/><a href="https://tabelog.com/tokyo/A1303/A130301/13140148/">타베로그</a>]]></description>
<Point><coordinates>139.703152,35.658791,0</coordinates></Point></Placemark>
<Placemark><name>かどや</name>
<description><![CDATA[화과자 백명점 2023<br/>타베로그 3.74 · 리뷰 796<br/>아다치구 · 北千住駅<br/><a href="https://tabelog.com/tokyo/A1324/A132402/13008735/">타베로그</a>]]></description>
<Point><coordinates>139.804257,35.75412,0</coordinates></Point></Placemark>
<Placemark><name>北斎茶房</name>
<description><![CDATA[화과자 백명점 2023<br/>타베로그 3.75 · 리뷰 1410<br/>스미다구 · 錦糸町駅<br/><a href="https://tabelog.com/tokyo/A1312/A131201/13009563/">타베로그</a>]]></description>
<Point><coordinates>139.80742,35.69737,0</coordinates></Point></Placemark>
<Placemark><name>かりんとう 小桜</name>
<description><![CDATA[화과자 백명점 2023<br/>타베로그 3.7 · 리뷰 507<br/>다이토구 · 浅草（つくばＥＸＰ）駅<br/><a href="https://tabelog.com/tokyo/A1311/A131102/13009553/">타베로그</a>]]></description>
<Point><coordinates>139.796436,35.718458,0</coordinates></Point></Placemark>
<Placemark><name>たいやき ひいらぎ</name>
<description><![CDATA[화과자 백명점 2023<br/>타베로그 3.79 · 리뷰 2401<br/>시부야구 · 恵比寿駅<br/><a href="https://tabelog.com/tokyo/A1303/A130302/13026096/">타베로그</a>]]></description>
<Point><coordinates>139.711654,35.647692,0</coordinates></Point></Placemark>
<Placemark><name>追分だんご本舗 新宿本店</name>
<description><![CDATA[화과자 백명점 2023<br/>타베로그 3.76 · 리뷰 2208<br/>신주쿠구 · 新宿三丁目駅<br/><a href="https://tabelog.com/tokyo/A1304/A130401/13000836/">타베로그</a>]]></description>
<Point><coordinates>139.705365,35.690498,0</coordinates></Point></Placemark>
<Placemark><name>だるまや餅菓子店</name>
<description><![CDATA[화과자 백명점 2023<br/>타베로그 3.76 · 리뷰 887<br/>기타구 · 十条駅<br/><a href="https://tabelog.com/tokyo/A1323/A132304/13008769/">타베로그</a>]]></description>
<Point><coordinates>139.721398,35.762237,0</coordinates></Point></Placemark>
<Placemark><name>亀澤堂</name>
<description><![CDATA[화과자 백명점 2023<br/>타베로그 3.7 · 리뷰 844<br/>지요다구 · 神保町駅<br/><a href="https://tabelog.com/tokyo/A1310/A131003/13021812/">타베로그</a>]]></description>
<Point><coordinates>139.75824,35.696302,0</coordinates></Point></Placemark>
<Placemark><name>たいやき わかば</name>
<description><![CDATA[화과자 백명점 2023<br/>타베로그 3.79 · 리뷰 2933<br/>신주쿠구 · 四ツ谷駅<br/><a href="https://tabelog.com/tokyo/A1309/A130902/13000848/">타베로그</a>]]></description>
<Point><coordinates>139.72688,35.685995,0</coordinates></Point></Placemark>
<Placemark><name>廚 くろぎ</name>
<description><![CDATA[화과자 백명점 2023<br/>타베로그 3.81 · 리뷰 1645<br/>다이토구 · 上野広小路駅<br/><a href="https://tabelog.com/tokyo/A1311/A131101/13214654/">타베로그</a>]]></description>
<Point><coordinates>139.772927,35.706817,0</coordinates></Point></Placemark>
<Placemark><name>たちばな</name>
<description><![CDATA[화과자 백명점 2023<br/>타베로그 3.78 · 리뷰 1246<br/>주오구 · 新橋駅<br/><a href="https://tabelog.com/tokyo/A1301/A130103/13022189/">타베로그</a>]]></description>
<Point><coordinates>139.760976,35.668561,0</coordinates></Point></Placemark>
<Placemark><name>すずめや</name>
<description><![CDATA[화과자 백명점 2023<br/>타베로그 3.79 · 리뷰 1886<br/>도시마구 · 池袋駅<br/><a href="https://tabelog.com/tokyo/A1305/A130501/13009255/">타베로그</a>]]></description>
<Point><coordinates>139.713452,35.726711,0</coordinates></Point></Placemark>
<Placemark><name>坂本屋</name>
<description><![CDATA[화과자 백명점 2023<br/>타베로그 3.69 · 리뷰 443<br/>신주쿠구 · 四ツ谷駅<br/><a href="https://tabelog.com/tokyo/A1309/A130902/13006759/">타베로그</a>]]></description>
<Point><coordinates>139.727101,35.686489,0</coordinates></Point></Placemark>
<Placemark><name>徳太樓</name>
<description><![CDATA[화과자 백명점 2023<br/>타베로그 3.72 · 리뷰 532<br/>다이토구 · 浅草（つくばＥＸＰ）駅<br/><a href="https://tabelog.com/tokyo/A1311/A131102/13008704/">타베로그</a>]]></description>
<Point><coordinates>139.795322,35.717562,0</coordinates></Point></Placemark>
<Placemark><name>芋甚</name>
<description><![CDATA[화과자 백명점 2023<br/>타베로그 3.71 · 리뷰 755<br/>분쿄구 · 根津駅<br/><a href="https://tabelog.com/tokyo/A1311/A131106/13003559/">타베로그</a>]]></description>
<Point><coordinates>139.763616,35.720244,0</coordinates></Point></Placemark>
<Placemark><name>福尾商店</name>
<description><![CDATA[화과자 백명점 2023<br/>타베로그 3.7 · 리뷰 476<br/>지요다구 · 淡路町駅<br/><a href="https://tabelog.com/tokyo/A1310/A131002/13044318/">타베로그</a>]]></description>
<Point><coordinates>139.769874,35.694167,0</coordinates></Point></Placemark>
<Placemark><name>浅草浪花家</name>
<description><![CDATA[화과자 백명점 2023<br/>타베로그 3.76 · 리뷰 1660<br/>다이토구 · 浅草（つくばＥＸＰ）駅<br/><a href="https://tabelog.com/tokyo/A1311/A131102/13120735/">타베로그</a>]]></description>
<Point><coordinates>139.792748,35.714818,0</coordinates></Point></Placemark>
<Placemark><name>空也</name>
<description><![CDATA[화과자 백명점 2023<br/>타베로그 3.8 · 리뷰 2239<br/>주오구 · 銀座駅<br/><a href="https://tabelog.com/tokyo/A1301/A130101/13002591/">타베로그</a>]]></description>
<Point><coordinates>139.762778,35.67086,0</coordinates></Point></Placemark>
<Placemark><name>い志い</name>
<description><![CDATA[화과자 백명점 2023<br/>타베로그 3.73 · 리뷰 755<br/>가쓰시카구 · 柴又駅<br/><a href="https://tabelog.com/tokyo/A1324/A132403/13098265/">타베로그</a>]]></description>
<Point><coordinates>139.876686,35.757853,0</coordinates></Point></Placemark>
<Placemark><name>果実園リーベル 東京店</name>
<description><![CDATA[스위츠 백명점 2023<br/>타베로그 3.75 · 리뷰 1971<br/>지요다구 · 東京駅<br/><a href="https://tabelog.com/tokyo/A1302/A130201/13131338/">타베로그</a>]]></description>
<Point><coordinates>139.767982,35.682241,0</coordinates></Point></Placemark>
<Placemark><name>クラブハリエ 日本橋三越店</name>
<description><![CDATA[스위츠 백명점 2023<br/>타베로그 3.76 · 리뷰 994<br/>주오구 · 三越前駅<br/><a href="https://tabelog.com/tokyo/A1302/A130202/13004023/">타베로그</a>]]></description>
<Point><coordinates>139.773967,35.685167,0</coordinates></Point></Placemark>
<Placemark><name>パティスリー プレジール</name>
<description><![CDATA[스위츠 백명점 2023<br/>타베로그 3.82 · 리뷰 697<br/>세타가야구 · 西太子堂駅<br/><a href="https://tabelog.com/tokyo/A1317/A131706/13045491/">타베로그</a>]]></description>
<Point><coordinates>139.665981,35.650687,0</coordinates></Point></Placemark>
<Placemark><name>パティスリー ラ・グリシーヌ</name>
<description><![CDATA[스위츠 백명점 2023<br/>타베로그 3.81 · 리뷰 581<br/>메구로구 · 池尻大橋駅<br/><a href="https://tabelog.com/tokyo/A1317/A131705/13150993/">타베로그</a>]]></description>
<Point><coordinates>139.691058,35.650597,0</coordinates></Point></Placemark>
<Placemark><name>パティスリートレカルム</name>
<description><![CDATA[스위츠 백명점 2023<br/>타베로그 3.83 · 리뷰 791<br/>분쿄구 · 千石駅<br/><a href="https://tabelog.com/tokyo/A1323/A132301/13175122/">타베로그</a>]]></description>
<Point><coordinates>139.7424,35.72861,0</coordinates></Point></Placemark>
<Placemark><name>リベルターブル 赤坂店</name>
<description><![CDATA[스위츠 백명점 2023<br/>타베로그 3.67 · 리뷰 1463<br/>미나토구 · 赤坂駅<br/><a href="https://tabelog.com/tokyo/A1308/A130801/13160987/">타베로그</a>]]></description>
<Point><coordinates>139.738643,35.673188,0</coordinates></Point></Placemark>
<Placemark><name>アトリエコータ 神楽坂店</name>
<description><![CDATA[스위츠 백명점 2023<br/>타베로그 3.79 · 리뷰 1807<br/>신주쿠구 · 神楽坂駅<br/><a href="https://tabelog.com/tokyo/A1309/A130905/13136823/">타베로그</a>]]></description>
<Point><coordinates>139.73637,35.703631,0</coordinates></Point></Placemark>
<Placemark><name>ひみつ堂</name>
<description><![CDATA[스위츠 백명점 2023<br/>타베로그 3.77 · 리뷰 2985<br/>다이토구 · 千駄木駅<br/><a href="https://tabelog.com/tokyo/A1311/A131106/13126796/">타베로그</a>]]></description>
<Point><coordinates>139.766606,35.727345,0</coordinates></Point></Placemark>
<Placemark><name>パティシエ・ヒロ ヤマモト</name>
<description><![CDATA[스위츠 백명점 2023<br/>타베로그 3.81 · 리뷰 464<br/>에도가와구 · 篠崎駅<br/><a href="https://tabelog.com/tokyo/A1312/A131205/13121679/">타베로그</a>]]></description>
<Point><coordinates>139.904082,35.708617,0</coordinates></Point></Placemark>
<Placemark><name>フレデリック カッセル 銀座三越店</name>
<description><![CDATA[스위츠 백명점 2023<br/>타베로그 3.88 · 리뷰 1899<br/>주오구 · 銀座駅<br/><a href="https://tabelog.com/tokyo/A1301/A130101/13116839/">타베로그</a>]]></description>
<Point><coordinates>139.765948,35.671281,0</coordinates></Point></Placemark>
<Placemark><name>リュードパッシー</name>
<description><![CDATA[스위츠 백명점 2023<br/>타베로그 3.9 · 리뷰 675<br/>메구로구 · 学芸大学駅<br/><a href="https://tabelog.com/tokyo/A1317/A131702/13005155/">타베로그</a>]]></description>
<Point><coordinates>139.683238,35.627559,0</coordinates></Point></Placemark>
<Placemark><name>パティスリー・パリセヴェイユ</name>
<description><![CDATA[스위츠 백명점 2023<br/>타베로그 3.87 · 리뷰 3183<br/>메구로구 · 自由が丘駅<br/><a href="https://tabelog.com/tokyo/A1317/A131703/13005198/">타베로그</a>]]></description>
<Point><coordinates>139.666582,35.606972,0</coordinates></Point></Placemark>
<Placemark><name>ショコラティエ パレ ド オール 東京</name>
<description><![CDATA[스위츠 백명점 2023<br/>타베로그 3.87 · 리뷰 2083<br/>지요다구 · 大手町駅<br/><a href="https://tabelog.com/tokyo/A1302/A130201/13038473/">타베로그</a>]]></description>
<Point><coordinates>139.764008,35.682741,0</coordinates></Point></Placemark>
<Placemark><name>オーボンヴュータン 日本橋高島屋店</name>
<description><![CDATA[스위츠 백명점 2023<br/>타베로그 3.78 · 리뷰 748<br/>주오구 · 日本橋駅<br/><a href="https://tabelog.com/tokyo/A1302/A130202/13023670/">타베로그</a>]]></description>
<Point><coordinates>139.773376,35.681125,0</coordinates></Point></Placemark>
<Placemark><name>成城アルプス</name>
<description><![CDATA[스위츠 백명점 2023<br/>타베로그 3.74 · 리뷰 1007<br/>세타가야구 · 成城学園前駅<br/><a href="https://tabelog.com/tokyo/A1318/A131814/13002002/">타베로그</a>]]></description>
<Point><coordinates>139.598062,35.640362,0</coordinates></Point></Placemark>
<Placemark><name>ホットケーキパーラー フルフル 赤坂店</name>
<description><![CDATA[스위츠 백명점 2023<br/>타베로그 3.78 · 리뷰 1217<br/>미나토구 · 赤坂駅<br/><a href="https://tabelog.com/tokyo/A1308/A130801/13155288/">타베로그</a>]]></description>
<Point><coordinates>139.738827,35.67036,0</coordinates></Point></Placemark>
<Placemark><name>フジウ</name>
<description><![CDATA[스위츠 백명점 2023<br/>타베로그 3.75 · 리뷰 653<br/>日野구 · 高幡不動駅<br/><a href="https://tabelog.com/tokyo/A1329/A132903/13006009/">타베로그</a>]]></description>
<Point><coordinates>139.412601,35.661598,0</coordinates></Point></Placemark>
<Placemark><name>ツッカベッカライ カヤヌマ</name>
<description><![CDATA[스위츠 백명점 2023<br/>타베로그 3.82 · 리뷰 1279<br/>미나토구 · 溜池山王駅<br/><a href="https://tabelog.com/tokyo/A1308/A130802/13002756/">타베로그</a>]]></description>
<Point><coordinates>139.743928,35.670294,0</coordinates></Point></Placemark>
<Placemark><name>ブロンディール</name>
<description><![CDATA[스위츠 백명점 2023<br/>타베로그 3.83 · 리뷰 407<br/>네리마구 · 石神井公園駅<br/><a href="https://tabelog.com/tokyo/A1321/A132103/13184127/">타베로그</a>]]></description>
<Point><coordinates>139.601309,35.7502,0</coordinates></Point></Placemark>
<Placemark><name>パティスリー ユウ ササゲ</name>
<description><![CDATA[스위츠 백명점 2023<br/>타베로그 3.83 · 리뷰 874<br/>세타가야구 · 千歳烏山駅<br/><a href="https://tabelog.com/tokyo/A1318/A131809/13155662/">타베로그</a>]]></description>
<Point><coordinates>139.598958,35.6699,0</coordinates></Point></Placemark>
<Placemark><name>ビヤンネートル</name>
<description><![CDATA[스위츠 백명점 2023<br/>타베로그 3.75 · 리뷰 942<br/>시부야구 · 代々木上原駅<br/><a href="https://tabelog.com/tokyo/A1318/A131811/13113676/">타베로그</a>]]></description>
<Point><coordinates>139.68253,35.668241,0</coordinates></Point></Placemark>
<Placemark><name>パティスリーサロン・ドゥ・テ アミティエ</name>
<description><![CDATA[스위츠 백명점 2023<br/>타베로그 3.74 · 리뷰 885<br/>신주쿠구 · 神楽坂駅<br/><a href="https://tabelog.com/tokyo/A1309/A130905/13047005/">타베로그</a>]]></description>
<Point><coordinates>139.735693,35.706375,0</coordinates></Point></Placemark>
<Placemark><name>アヴランシュ・ゲネー</name>
<description><![CDATA[스위츠 백명점 2023<br/>타베로그 3.86 · 리뷰 1449<br/>분쿄구 · 春日駅<br/><a href="https://tabelog.com/tokyo/A1310/A131004/13186450/">타베로그</a>]]></description>
<Point><coordinates>139.753586,35.709454,0</coordinates></Point></Placemark>
<Placemark><name>パティスリー ラブリコチエ</name>
<description><![CDATA[스위츠 백명점 2023<br/>타베로그 3.78 · 리뷰 909<br/>나카노구 · 高円寺駅<br/><a href="https://tabelog.com/tokyo/A1319/A131904/13100828/">타베로그</a>]]></description>
<Point><coordinates>139.651316,35.70936,0</coordinates></Point></Placemark>
<Placemark><name>フルーフ・デゥ・セゾン</name>
<description><![CDATA[스위츠 백명점 2023<br/>타베로그 3.72 · 리뷰 1092<br/>지요다구 · 末広町駅<br/><a href="https://tabelog.com/tokyo/A1311/A131101/13009142/">타베로그</a>]]></description>
<Point><coordinates>139.772919,35.70236,0</coordinates></Point></Placemark>
<Placemark><name>GAZTA</name>
<description><![CDATA[스위츠 백명점 2023<br/>타베로그 3.86 · 리뷰 1422<br/>미나토구 · 白金高輪駅<br/><a href="https://tabelog.com/tokyo/A1316/A131602/13223261/">타베로그</a>]]></description>
<Point><coordinates>139.733483,35.645274,0</coordinates></Point></Placemark>
<Placemark><name>レ・カカオ 本店</name>
<description><![CDATA[스위츠 백명점 2023<br/>타베로그 3.8 · 리뷰 1341<br/>시나가와구 · 五反田駅<br/><a href="https://tabelog.com/tokyo/A1316/A131603/13203619/">타베로그</a>]]></description>
<Point><coordinates>139.729217,35.625274,0</coordinates></Point></Placemark>
<Placemark><name>パーラー ローレル</name>
<description><![CDATA[스위츠 백명점 2023<br/>타베로그 3.77 · 리뷰 681<br/>세타가야구 · 九品仏駅<br/><a href="https://tabelog.com/tokyo/A1317/A131715/13003097/">타베로그</a>]]></description>
<Point><coordinates>139.658587,35.606635,0</coordinates></Point></Placemark>
<Placemark><name>ラトリエ モトゾー</name>
<description><![CDATA[스위츠 백명점 2023<br/>타베로그 3.76 · 리뷰 657<br/>메구로구 · 池尻大橋駅<br/><a href="https://tabelog.com/tokyo/A1317/A131705/13199223/">타베로그</a>]]></description>
<Point><coordinates>139.686338,35.650765,0</coordinates></Point></Placemark>
<Placemark><name>パティスリィ ドゥ・ボン・クーフゥ 武蔵小山本店</name>
<description><![CDATA[스위츠 백명점 2023<br/>타베로그 3.75 · 리뷰 961<br/>시나가와구 · 武蔵小山駅<br/><a href="https://tabelog.com/tokyo/A1317/A131710/13032289/">타베로그</a>]]></description>
<Point><coordinates>139.706345,35.619928,0</coordinates></Point></Placemark>
<Placemark><name>PATISSERIE ASAKO IWAYANAGI</name>
<description><![CDATA[스위츠 백명점 2023<br/>타베로그 3.83 · 리뷰 1488<br/>세타가야구 · 等々力駅<br/><a href="https://tabelog.com/tokyo/A1317/A131715/13189509/">타베로그</a>]]></description>
<Point><coordinates>139.650158,35.608061,0</coordinates></Point></Placemark>
<Placemark><name>クリオロ 東京本店</name>
<description><![CDATA[스위츠 백명점 2023<br/>타베로그 3.77 · 리뷰 1270<br/>이타바시구 · 小竹向原駅<br/><a href="https://tabelog.com/tokyo/A1322/A132202/13194959/">타베로그</a>]]></description>
<Point><coordinates>139.682453,35.744461,0</coordinates></Point></Placemark>
<Placemark><name>エシレ・メゾン デュ ブール</name>
<description><![CDATA[스위츠 백명점 2023<br/>타베로그 3.79 · 리뷰 2545<br/>지요다구 · 二重橋前駅<br/><a href="https://tabelog.com/tokyo/A1302/A130201/13096439/">타베로그</a>]]></description>
<Point><coordinates>139.762541,35.678579,0</coordinates></Point></Placemark>
<Placemark><name>アルカション 本店</name>
<description><![CDATA[스위츠 백명점 2023<br/>타베로그 3.76 · 리뷰 718<br/>네리마구 · 保谷駅<br/><a href="https://tabelog.com/tokyo/A1321/A132103/13023168/">타베로그</a>]]></description>
<Point><coordinates>139.569677,35.748981,0</coordinates></Point></Placemark>
<Placemark><name>エーグルドゥース</name>
<description><![CDATA[스위츠 백명점 2023<br/>타베로그 3.88 · 리뷰 2496<br/>신주쿠구 · 目白駅<br/><a href="https://tabelog.com/tokyo/A1305/A130502/13005641/">타베로그</a>]]></description>
<Point><coordinates>139.70064,35.722476,0</coordinates></Point></Placemark>
<Placemark><name>ラ・ヴィエイユ・フランス 本店</name>
<description><![CDATA[스위츠 백명점 2023<br/>타베로그 3.76 · 리뷰 714<br/>세타가야구 · 千歳烏山駅<br/><a href="https://tabelog.com/tokyo/A1318/A131809/13043939/">타베로그</a>]]></description>
<Point><coordinates>139.603209,35.662983,0</coordinates></Point></Placemark>
<Placemark><name>巴裡 小川軒 新橋店</name>
<description><![CDATA[스위츠 백명점 2023<br/>타베로그 3.76 · 리뷰 1423<br/>미나토구 · 新橋駅<br/><a href="https://tabelog.com/tokyo/A1301/A130103/13024996/">타베로그</a>]]></description>
<Point><coordinates>139.759755,35.66627,0</coordinates></Point></Placemark>
<Placemark><name>レピキュリアン</name>
<description><![CDATA[스위츠 백명점 2023<br/>타베로그 3.75 · 리뷰 1064<br/>武蔵野구 · 吉祥寺駅<br/><a href="https://tabelog.com/tokyo/A1320/A132001/13005891/">타베로그</a>]]></description>
<Point><coordinates>139.578316,35.701978,0</coordinates></Point></Placemark>
<Placemark><name>ラ・プレシューズ 紀尾井町店</name>
<description><![CDATA[스위츠 백명점 2023<br/>타베로그 3.75 · 리뷰 1070<br/>지요다구 · 永田町駅<br/><a href="https://tabelog.com/tokyo/A1308/A130801/13198490/">타베로그</a>]]></description>
<Point><coordinates>139.737337,35.679692,0</coordinates></Point></Placemark>
<Placemark><name>オーボンヴュータン 尾山台店</name>
<description><![CDATA[스위츠 백명점 2023<br/>타베로그 3.85 · 리뷰 1408<br/>세타가야구 · 尾山台駅<br/><a href="https://tabelog.com/tokyo/A1317/A131715/13181654/">타베로그</a>]]></description>
<Point><coordinates>139.651767,35.604074,0</coordinates></Point></Placemark>
<Placemark><name>パティスリー リョーコ</name>
<description><![CDATA[스위츠 백명점 2023<br/>타베로그 3.89 · 리뷰 1346<br/>미나토구 · 高輪台駅<br/><a href="https://tabelog.com/tokyo/A1316/A131603/13137010/">타베로그</a>]]></description>
<Point><coordinates>139.732803,35.635023,0</coordinates></Point></Placemark>
<Placemark><name>パティシェリア</name>
<description><![CDATA[스위츠 백명점 2023<br/>타베로그 3.75 · 리뷰 779<br/>시부야구 · 新宿駅<br/><a href="https://tabelog.com/tokyo/A1304/A130401/13039063/">타베로그</a>]]></description>
<Point><coordinates>139.702109,35.687745,0</coordinates></Point></Placemark>
<Placemark><name>西洋菓子 しろたえ</name>
<description><![CDATA[스위츠 백명점 2023<br/>타베로그 3.79 · 리뷰 3161<br/>미나토구 · 赤坂見附駅<br/><a href="https://tabelog.com/tokyo/A1308/A130801/13002850/">타베로그</a>]]></description>
<Point><coordinates>139.735418,35.676665,0</coordinates></Point></Placemark>
<Placemark><name>Patisserie JUN UJITA</name>
<description><![CDATA[스위츠 백명점 2023<br/>타베로그 3.8 · 리뷰 674<br/>메구로구 · 都立大学駅<br/><a href="https://tabelog.com/tokyo/A1317/A131702/13133033/">타베로그</a>]]></description>
<Point><coordinates>139.686314,35.619827,0</coordinates></Point></Placemark>
<Placemark><name>パティスリー カカオエット・パリ</name>
<description><![CDATA[스위츠 백명점 2023<br/>타베로그 3.77 · 리뷰 913<br/>메구로구 · 中目黒駅<br/><a href="https://tabelog.com/tokyo/A1317/A131701/13039525/">타베로그</a>]]></description>
<Point><coordinates>139.69426,35.647004,0</coordinates></Point></Placemark>
<Placemark><name>ロートンヌ 中野店</name>
<description><![CDATA[스위츠 백명점 2023<br/>타베로그 3.85 · 리뷰 667<br/>나카노구 · 新江古田駅<br/><a href="https://tabelog.com/tokyo/A1321/A132101/13118933/">타베로그</a>]]></description>
<Point><coordinates>139.670695,35.732252,0</coordinates></Point></Placemark>
<Placemark><name>ハリッツ 上原店</name>
<description><![CDATA[스위츠 백명점 2023<br/>타베로그 3.79 · 리뷰 1710<br/>시부야구 · 代々木上原駅<br/><a href="https://tabelog.com/tokyo/A1318/A131811/13023466/">타베로그</a>]]></description>
<Point><coordinates>139.682024,35.669339,0</coordinates></Point></Placemark>
<Placemark><name>ノワ・ドゥ・ブール 新宿伊勢丹店</name>
<description><![CDATA[스위츠 백명점 2023<br/>타베로그 3.79 · 리뷰 1885<br/>신주쿠구 · 新宿三丁目駅<br/><a href="https://tabelog.com/tokyo/A1304/A130401/13124571/">타베로그</a>]]></description>
<Point><coordinates>139.704555,35.691748,0</coordinates></Point></Placemark>
<Placemark><name>フランス菓子 パティシエ ショコラティエ イナムラショウゾウ</name>
<description><![CDATA[스위츠 백명점 2023<br/>타베로그 3.84 · 리뷰 1521<br/>다이토구 · 日暮里駅<br/><a href="https://tabelog.com/tokyo/A1311/A131105/13047298/">타베로그</a>]]></description>
<Point><coordinates>139.769375,35.7274,0</coordinates></Point></Placemark>
<Placemark><name>フィオレンティーナ ペストリーブティック</name>
<description><![CDATA[스위츠 백명점 2023<br/>타베로그 3.77 · 리뷰 922<br/>미나토구 · 六本木駅<br/><a href="https://tabelog.com/tokyo/A1307/A130701/13060521/">타베로그</a>]]></description>
<Point><coordinates>139.728372,35.659642,0</coordinates></Point></Placemark>
<Placemark><name>パティスリー SATSUKI</name>
<description><![CDATA[스위츠 백명점 2023<br/>타베로그 3.8 · 리뷰 1856<br/>지요다구 · 麹町駅<br/><a href="https://tabelog.com/tokyo/A1308/A130803/13000178/">타베로그</a>]]></description>
<Point><coordinates>139.734049,35.680919,0</coordinates></Point></Placemark>
<Placemark><name>ラ･メゾン･デュ･ショコラ 丸の内店</name>
<description><![CDATA[스위츠 백명점 2023<br/>타베로그 3.84 · 리뷰 1337<br/>지요다구 · 有楽町駅<br/><a href="https://tabelog.com/tokyo/A1301/A130102/13000036/">타베로그</a>]]></description>
<Point><coordinates>139.76195,35.676116,0</coordinates></Point></Placemark>
<Placemark><name>ラデュレ サロン・ド・テ 銀座三越店</name>
<description><![CDATA[스위츠 백명점 2023<br/>타베로그 3.77 · 리뷰 1499<br/>주오구 · 銀座駅<br/><a href="https://tabelog.com/tokyo/A1301/A130101/13053865/">타베로그</a>]]></description>
<Point><coordinates>139.76541,35.671295,0</coordinates></Point></Placemark>
<Placemark><name>和kitchen かんな</name>
<description><![CDATA[스위츠 백명점 2023<br/>타베로그 3.76 · 리뷰 1559<br/>세타가야구 · 三軒茶屋駅<br/><a href="https://tabelog.com/tokyo/A1317/A131706/13156812/">타베로그</a>]]></description>
<Point><coordinates>139.679607,35.643414,0</coordinates></Point></Placemark>
<Placemark><name>ダンデライオン・チョコレート ファクトリー&amp;amp;カフェ蔵前</name>
<description><![CDATA[스위츠 백명점 2023<br/>타베로그 3.74 · 리뷰 2334<br/>다이토구 · 蔵前駅<br/><a href="https://tabelog.com/tokyo/A1311/A131103/13191976/">타베로그</a>]]></description>
<Point><coordinates>139.789633,35.703669,0</coordinates></Point></Placemark>
<Placemark><name>クレープリー チロル</name>
<description><![CDATA[스위츠 백명점 2023<br/>타베로그 3.84 · 리뷰 733<br/>세타가야구 · 祖師ケ谷大蔵駅<br/><a href="https://tabelog.com/tokyo/A1318/A131814/13205650/">타베로그</a>]]></description>
<Point><coordinates>139.608194,35.641193,0</coordinates></Point></Placemark>
<Placemark><name>クリオロ 中目黒店</name>
<description><![CDATA[스위츠 백명점 2023<br/>타베로그 3.78 · 리뷰 1314<br/>메구로구 · 中目黒駅<br/><a href="https://tabelog.com/tokyo/A1317/A131701/13077927/">타베로그</a>]]></description>
<Point><coordinates>139.699641,35.644373,0</coordinates></Point></Placemark>
<Placemark><name>ザ マンダリン オリエンタル グルメショップ</name>
<description><![CDATA[스위츠 백명점 2023<br/>타베로그 3.78 · 리뷰 1484<br/>주오구 · 三越前駅<br/><a href="https://tabelog.com/tokyo/A1302/A130202/13022977/">타베로그</a>]]></description>
<Point><coordinates>139.77299,35.686804,0</coordinates></Point></Placemark>
<Placemark><name>モンサンクレール</name>
<description><![CDATA[스위츠 백명점 2023<br/>타베로그 3.79 · 리뷰 1977<br/>메구로구 · 自由が丘駅<br/><a href="https://tabelog.com/tokyo/A1317/A131703/13003221/">타베로그</a>]]></description>
<Point><coordinates>139.666484,35.612728,0</coordinates></Point></Placemark>
<Placemark><name>ヨハン 本店</name>
<description><![CDATA[스위츠 백명점 2023<br/>타베로그 3.76 · 리뷰 1056<br/>메구로구 · 中目黒駅<br/><a href="https://tabelog.com/tokyo/A1317/A131701/13003450/">타베로그</a>]]></description>
<Point><coordinates>139.698572,35.645782,0</coordinates></Point></Placemark>
<Placemark><name>ミニマル 富ヶ谷本店</name>
<description><![CDATA[스위츠 백명점 2023<br/>타베로그 3.85 · 리뷰 856<br/>시부야구 · 代々木公園駅<br/><a href="https://tabelog.com/tokyo/A1303/A130301/13175834/">타베로그</a>]]></description>
<Point><coordinates>139.687645,35.666805,0</coordinates></Point></Placemark>
<Placemark><name>ピエール・エルメ・パリ Aoyama</name>
<description><![CDATA[스위츠 백명점 2023<br/>타베로그 3.62 · 리뷰 1843<br/>시부야구 · 表参道駅<br/><a href="https://tabelog.com/tokyo/A1306/A130602/13014316/">타베로그</a>]]></description>
<Point><coordinates>139.709685,35.662792,0</coordinates></Point></Placemark>
<Placemark><name>LESS</name>
<description><![CDATA[스위츠 백명점 2023<br/>타베로그 3.93 · 리뷰 593<br/>메구로구 · 恵比寿駅<br/><a href="https://tabelog.com/tokyo/A1303/A130302/13239458/">타베로그</a>]]></description>
<Point><coordinates>139.712134,35.642008,0</coordinates></Point></Placemark>
<Placemark><name>アルノー・ラエール 広尾本店</name>
<description><![CDATA[스위츠 백명점 2023<br/>타베로그 3.8 · 리뷰 603<br/>시부야구 · 広尾駅<br/><a href="https://tabelog.com/tokyo/A1307/A130703/13217253/">타베로그</a>]]></description>
<Point><coordinates>139.720421,35.648839,0</coordinates></Point></Placemark>
<Placemark><name>和栗や 谷中店</name>
<description><![CDATA[스위츠 백명점 2023<br/>타베로그 3.78 · 리뷰 1796<br/>다이토구 · 千駄木駅<br/><a href="https://tabelog.com/tokyo/A1311/A131106/13130539/">타베로그</a>]]></description>
<Point><coordinates>139.765301,35.727588,0</coordinates></Point></Placemark>
<Placemark><name>マッターホーン</name>
<description><![CDATA[스위츠 백명점 2023<br/>타베로그 3.74 · 리뷰 1575<br/>메구로구 · 学芸大学駅<br/><a href="https://tabelog.com/tokyo/A1317/A131702/13003197/">타베로그</a>]]></description>
<Point><coordinates>139.684734,35.628113,0</coordinates></Point></Placemark>
<Placemark><name>メゾン・ダーニ</name>
<description><![CDATA[스위츠 백명점 2023<br/>타베로그 3.8 · 리뷰 1179<br/>미나토구 · 白金高輪駅<br/><a href="https://tabelog.com/tokyo/A1316/A131602/13183428/">타베로그</a>]]></description>
<Point><coordinates>139.733254,35.645521,0</coordinates></Point></Placemark>
<Placemark><name>ナタ・デ・クリスチアノ</name>
<description><![CDATA[스위츠 백명점 2023<br/>타베로그 3.82 · 리뷰 1796<br/>시부야구 · 代々木公園駅<br/><a href="https://tabelog.com/tokyo/A1318/A131810/13153384/">타베로그</a>]]></description>
<Point><coordinates>139.691297,35.667262,0</coordinates></Point></Placemark>
<Placemark><name>パンケーキママカフェ VoiVoi</name>
<description><![CDATA[스위츠 백명점 2023<br/>타베로그 3.72 · 리뷰 973<br/>세타가야구 · 三軒茶屋駅<br/><a href="https://tabelog.com/tokyo/A1317/A131706/13038342/">타베로그</a>]]></description>
<Point><coordinates>139.672065,35.643063,0</coordinates></Point></Placemark>
<Placemark><name>パティスリー タダシ ヤナギ 八雲店</name>
<description><![CDATA[스위츠 백명점 2023<br/>타베로그 3.73 · 리뷰 463<br/>메구로구 · 都立大学駅<br/><a href="https://tabelog.com/tokyo/A1317/A131702/13019733/">타베로그</a>]]></description>
<Point><coordinates>139.671166,35.615823,0</coordinates></Point></Placemark>
<Placemark><name>パティスリー イル・プルー・シュル・ラ・セーヌ</name>
<description><![CDATA[스위츠 백명점 2023<br/>타베로그 3.77 · 리뷰 737<br/>시부야구 · 代官山駅<br/><a href="https://tabelog.com/tokyo/A1303/A130303/13001912/">타베로그</a>]]></description>
<Point><coordinates>139.698765,35.649544,0</coordinates></Point></Placemark>
<Placemark><name>テオブロマ 渋谷本店</name>
<description><![CDATA[스위츠 백명점 2023<br/>타베로그 3.8 · 리뷰 853<br/>시부야구 · 代々木公園駅<br/><a href="https://tabelog.com/tokyo/A1318/A131810/13005471/">타베로그</a>]]></description>
<Point><coordinates>139.691776,35.666535,0</coordinates></Point></Placemark>
<Placemark><name>カカオ サンパカ 丸の内本店</name>
<description><![CDATA[스위츠 백명점 2023<br/>타베로그 3.77 · 리뷰 1327<br/>지요다구 · 二重橋前駅<br/><a href="https://tabelog.com/tokyo/A1302/A130201/13096438/">타베로그</a>]]></description>
<Point><coordinates>139.762525,35.678644,0</coordinates></Point></Placemark>
<Placemark><name>ロートンヌ 秋津本店</name>
<description><![CDATA[스위츠 백명점 2023<br/>타베로그 3.8 · 리뷰 817<br/>東村山구 · 新秋津駅<br/><a href="https://tabelog.com/tokyo/A1328/A132806/13005967/">타베로그</a>]]></description>
<Point><coordinates>139.494441,35.778174,0</coordinates></Point></Placemark>
<Placemark><name>ラ・プレシューズ 四谷店</name>
<description><![CDATA[스위츠 백명점 2023<br/>타베로그 3.74 · 리뷰 502<br/>지요다구 · 四ツ谷駅<br/><a href="https://tabelog.com/tokyo/A1309/A130902/13138331/">타베로그</a>]]></description>
<Point><coordinates>139.730385,35.686179,0</coordinates></Point></Placemark>
<Placemark><name>パティスリー レザネフォール 恵比寿本店</name>
<description><![CDATA[스위츠 백명점 2023<br/>타베로그 3.78 · 리뷰 1388<br/>시부야구 · 代官山駅<br/><a href="https://tabelog.com/tokyo/A1303/A130302/13149501/">타베로그</a>]]></description>
<Point><coordinates>139.70629,35.646455,0</coordinates></Point></Placemark>
<Placemark><name>Toshi Yoroizuka Mid Town</name>
<description><![CDATA[스위츠 백명점 2023<br/>타베로그 3.79 · 리뷰 2173<br/>미나토구 · 六本木駅<br/><a href="https://tabelog.com/tokyo/A1307/A130701/13037382/">타베로그</a>]]></description>
<Point><coordinates>139.731392,35.665441,0</coordinates></Point></Placemark>
<Placemark><name>トシ・ヨロイヅカ 東京</name>
<description><![CDATA[스위츠 백명점 2023<br/>타베로그 3.75 · 리뷰 1939<br/>주오구 · 京橋駅<br/><a href="https://tabelog.com/tokyo/A1302/A130202/13202758/">타베로그</a>]]></description>
<Point><coordinates>139.769973,35.677009,0</coordinates></Point></Placemark>
<Placemark><name>ザ・ペニンシュラ ブティック＆カフェ</name>
<description><![CDATA[스위츠 백명점 2023<br/>타베로그 3.8 · 리뷰 1326<br/>지요다구 · 日比谷駅<br/><a href="https://tabelog.com/tokyo/A1301/A130102/13043019/">타베로그</a>]]></description>
<Point><coordinates>139.760315,35.674848,0</coordinates></Point></Placemark>
<Placemark><name>フレンチ パウンド ハウス 大和郷本店</name>
<description><![CDATA[스위츠 백명점 2023<br/>타베로그 3.77 · 리뷰 1644<br/>도시마구 · 巣鴨駅<br/><a href="https://tabelog.com/tokyo/A1323/A132301/13003828/">타베로그</a>]]></description>
<Point><coordinates>139.741915,35.732967,0</coordinates></Point></Placemark>
<Placemark><name>フルーツパーラーゴトー</name>
<description><![CDATA[스위츠 백명점 2023<br/>타베로그 3.77 · 리뷰 1675<br/>다이토구 · 浅草（つくばＥＸＰ）駅<br/><a href="https://tabelog.com/tokyo/A1311/A131102/13095672/">타베로그</a>]]></description>
<Point><coordinates>139.793815,35.715761,0</coordinates></Point></Placemark>
<Placemark><name>ル・コワンヴェール パトリック・ルメル</name>
<description><![CDATA[스위츠 백명점 2023<br/>타베로그 3.74 · 리뷰 961<br/>신주쿠구 · 飯田橋駅<br/><a href="https://tabelog.com/tokyo/A1309/A130905/13058480/">타베로그</a>]]></description>
<Point><coordinates>139.740646,35.699923,0</coordinates></Point></Placemark>
<Placemark><name>パティスリー・スリール</name>
<description><![CDATA[스위츠 백명점 2023<br/>타베로그 3.74 · 리뷰 587<br/>메구로구 · 祐天寺駅<br/><a href="https://tabelog.com/tokyo/A1317/A131701/13018799/">타베로그</a>]]></description>
<Point><coordinates>139.686598,35.634711,0</coordinates></Point></Placemark>
<Placemark><name>ラトリエ ア マ ファソン</name>
<description><![CDATA[스위츠 백명점 2023<br/>타베로그 3.76 · 리뷰 629<br/>세타가야구 · 上野毛駅<br/><a href="https://tabelog.com/tokyo/A1317/A131715/13242556/">타베로그</a>]]></description>
<Point><coordinates>139.638812,35.612604,0</coordinates></Point></Placemark>
<Placemark><name>アステリスク</name>
<description><![CDATA[스위츠 백명점 2023<br/>타베로그 3.85 · 리뷰 1823<br/>시부야구 · 代々木上原駅<br/><a href="https://tabelog.com/tokyo/A1318/A131811/13140735/">타베로그</a>]]></description>
<Point><coordinates>139.681381,35.668281,0</coordinates></Point></Placemark>
<Placemark><name>スタイルズケイクス＆カンパニー</name>
<description><![CDATA[스위츠 백명점 2023<br/>타베로그 3.78 · 리뷰 962<br/>지요다구 · 神保町駅<br/><a href="https://tabelog.com/tokyo/A1310/A131003/13125138/">타베로그</a>]]></description>
<Point><coordinates>139.760483,35.696743,0</coordinates></Point></Placemark>
<Placemark><name>ケンズカフェ東京 総本店</name>
<description><![CDATA[스위츠 백명점 2023<br/>타베로그 3.84 · 리뷰 1687<br/>신주쿠구 · 新宿御苑前駅<br/><a href="https://tabelog.com/tokyo/A1304/A130402/13024643/">타베로그</a>]]></description>
<Point><coordinates>139.713885,35.688722,0</coordinates></Point></Placemark>
<Placemark><name>ア コテ パティスリー</name>
<description><![CDATA[스위츠 백명점 2023<br/>타베로그 3.76 · 리뷰 619<br/>미나토구 · 白金台駅<br/><a href="https://tabelog.com/tokyo/A1316/A131602/13051424/">타베로그</a>]]></description>
<Point><coordinates>139.729285,35.636004,0</coordinates></Point></Placemark>
<Placemark><name>アディクト オ シュクル</name>
<description><![CDATA[스위츠 백명점 2023<br/>타베로그 3.76 · 리뷰 783<br/>메구로구 · 都立大学駅<br/><a href="https://tabelog.com/tokyo/A1317/A131702/13171753/">타베로그</a>]]></description>
<Point><coordinates>139.672481,35.618549,0</coordinates></Point></Placemark>
<Placemark><name>オクシタニアル 東京本店</name>
<description><![CDATA[스위츠 백명점 2023<br/>타베로그 3.75 · 리뷰 1029<br/>주오구 · 水天宮前駅<br/><a href="https://tabelog.com/tokyo/A1302/A130204/13164246/">타베로그</a>]]></description>
<Point><coordinates>139.784572,35.683471,0</coordinates></Point></Placemark>
<Placemark><name>パティスリー カーヴァンソン</name>
<description><![CDATA[스위츠 백명점 2023<br/>타베로그 3.86 · 리뷰 810<br/>신주쿠구 · 飯田橋駅<br/><a href="https://tabelog.com/tokyo/A1309/A130905/13035194/">타베로그</a>]]></description>
<Point><coordinates>139.741191,35.703891,0</coordinates></Point></Placemark>
<Placemark><name>松之助 N.Y. 東京・代官山店</name>
<description><![CDATA[스위츠 백명점 2023<br/>타베로그 3.76 · 리뷰 1290<br/>시부야구 · 代官山駅<br/><a href="https://tabelog.com/tokyo/A1303/A130303/13005179/">타베로그</a>]]></description>
<Point><coordinates>139.700287,35.648218,0</coordinates></Point></Placemark>
<Placemark><name>アテスウェイ</name>
<description><![CDATA[스위츠 백명점 2023<br/>타베로그 3.88 · 리뷰 2642<br/>武蔵野구 · 西荻窪駅<br/><a href="https://tabelog.com/tokyo/A1320/A132001/13005853/">타베로그</a>]]></description>
<Point><coordinates>139.59073,35.709044,0</coordinates></Point></Placemark>
<Placemark><name>マテリエル</name>
<description><![CDATA[스위츠 백명점 2023<br/>타베로그 3.81 · 리뷰 986<br/>이타바시구 · 大山駅<br/><a href="https://tabelog.com/tokyo/A1322/A132203/13110008/">타베로그</a>]]></description>
<Point><coordinates>139.698776,35.748273,0</coordinates></Point></Placemark>
<Placemark><name>リョウラ</name>
<description><![CDATA[스위츠 백명점 2023<br/>타베로그 3.86 · 리뷰 974<br/>세타가야구 · 用賀駅<br/><a href="https://tabelog.com/tokyo/A1317/A131707/13188208/">타베로그</a>]]></description>
<Point><coordinates>139.633119,35.628941,0</coordinates></Point></Placemark>
<Placemark><name>シュークリー</name>
<description><![CDATA[스위츠 백명점 2023<br/>타베로그 3.78 · 리뷰 1741<br/>주오구 · 人形町駅<br/><a href="https://tabelog.com/tokyo/A1302/A130204/13050996/">타베로그</a>]]></description>
<Point><coordinates>139.78156,35.685284,0</coordinates></Point></Placemark>
<Placemark><name>近江屋洋菓子店</name>
<description><![CDATA[스위츠 백명점 2023<br/>타베로그 3.74 · 리뷰 2273<br/>지요다구 · 淡路町駅<br/><a href="https://tabelog.com/tokyo/A1310/A131002/13000337/">타베로그</a>]]></description>
<Point><coordinates>139.767778,35.69648,0</coordinates></Point></Placemark>
<Placemark><name>ノリエット</name>
<description><![CDATA[스위츠 백명점 2023<br/>타베로그 3.73 · 리뷰 566<br/>세타가야구 · 下高井戸駅<br/><a href="https://tabelog.com/tokyo/A1318/A131809/13000687/">타베로그</a>]]></description>
<Point><coordinates>139.63879,35.665651,0</coordinates></Point></Placemark>
<Placemark><name>おかしやうっちー</name>
<description><![CDATA[스위츠 백명점 2023<br/>타베로그 4.16 · 리뷰 720<br/>시부야구 · 北参道駅<br/><a href="https://tabelog.com/tokyo/A1309/A130901/13238644/">타베로그</a>]]></description>
<Point><coordinates>139.708107,35.677445,0</coordinates></Point></Placemark>
<Placemark><name>チリムーロ</name>
<description><![CDATA[스위츠 백명점 2023<br/>타베로그 3.82 · 리뷰 662<br/>시부야구 · 渋谷駅<br/><a href="https://tabelog.com/tokyo/A1303/A130301/13164533/">타베로그</a>]]></description>
<Point><coordinates>139.705169,35.653672,0</coordinates></Point></Placemark>
<Placemark><name>バー キサラ</name>
<description><![CDATA[바 백명점 2022<br/>타베로그 3.81 · 리뷰 253<br/>미나토구 · 赤坂駅<br/><a href="https://tabelog.com/tokyo/A1308/A130801/13116198/">타베로그</a>]]></description>
<Point><coordinates>139.737141,35.673655,0</coordinates></Point></Placemark>
<Placemark><name>EST!</name>
<description><![CDATA[바 백명점 2022<br/>타베로그 3.83 · 리뷰 377<br/>분쿄구 · 湯島駅<br/><a href="https://tabelog.com/tokyo/A1311/A131101/13003582/">타베로그</a>]]></description>
<Point><coordinates>139.770229,35.708649,0</coordinates></Point></Placemark>
<Placemark><name>BAR オーパ 門前仲町店</name>
<description><![CDATA[바 백명점 2022<br/>타베로그 3.74 · 리뷰 293<br/>고토구 · 門前仲町駅<br/><a href="https://tabelog.com/tokyo/A1313/A131303/13004091/">타베로그</a>]]></description>
<Point><coordinates>139.798937,35.670283,0</coordinates></Point></Placemark>
<Placemark><name>イーグル</name>
<description><![CDATA[바 백명점 2022<br/>타베로그 3.74 · 리뷰 1032<br/>신주쿠구 · 新宿西口駅<br/><a href="https://tabelog.com/tokyo/A1304/A130401/13000922/">타베로그</a>]]></description>
<Point><coordinates>139.701565,35.692855,0</coordinates></Point></Placemark>
<Placemark><name>サンルーカルバー</name>
<description><![CDATA[바 백명점 2022<br/>타베로그 4.03 · 리뷰 464<br/>신주쿠구 · 神楽坂駅<br/><a href="https://tabelog.com/tokyo/A1309/A130905/13112228/">타베로그</a>]]></description>
<Point><coordinates>139.73531,35.703604,0</coordinates></Point></Placemark>
<Placemark><name>ル・パラン</name>
<description><![CDATA[바 백명점 2022<br/>타베로그 3.76 · 리뷰 256<br/>신주쿠구 · 新宿三丁目駅<br/><a href="https://tabelog.com/tokyo/A1304/A130401/13000988/">타베로그</a>]]></description>
<Point><coordinates>139.705835,35.691133,0</coordinates></Point></Placemark>
<Placemark><name>BAR五</name>
<description><![CDATA[바 백명점 2022<br/>타베로그 3.69 · 리뷰 249<br/>시부야구 · 恵比寿駅<br/><a href="https://tabelog.com/tokyo/A1303/A130302/13093230/">타베로그</a>]]></description>
<Point><coordinates>139.708112,35.647828,0</coordinates></Point></Placemark>
<Placemark><name>オードヴィー</name>
<description><![CDATA[바 백명점 2022<br/>타베로그 3.68 · 리뷰 163<br/>신주쿠구 · 都庁前駅<br/><a href="https://tabelog.com/tokyo/A1304/A130401/13012013/">타베로그</a>]]></description>
<Point><coordinates>139.691017,35.69104,0</coordinates></Point></Placemark>
<Placemark><name>数寄屋橋サンボア</name>
<description><![CDATA[바 백명점 2022<br/>타베로그 3.75 · 리뷰 270<br/>주오구 · 銀座駅<br/><a href="https://tabelog.com/tokyo/A1301/A130101/13120361/">타베로그</a>]]></description>
<Point><coordinates>139.760625,35.670572,0</coordinates></Point></Placemark>
<Placemark><name>バー オーディン</name>
<description><![CDATA[바 백명점 2022<br/>타베로그 3.71 · 리뷰 463<br/>시부야구 · 恵比寿駅<br/><a href="https://tabelog.com/tokyo/A1303/A130302/13077494/">타베로그</a>]]></description>
<Point><coordinates>139.709918,35.647927,0</coordinates></Point></Placemark>
<Placemark><name>BAR 保志</name>
<description><![CDATA[바 백명점 2022<br/>타베로그 3.8 · 리뷰 513<br/>주오구 · 銀座駅<br/><a href="https://tabelog.com/tokyo/A1301/A130101/13007819/">타베로그</a>]]></description>
<Point><coordinates>139.761124,35.671357,0</coordinates></Point></Placemark>
<Placemark><name>MORI BAR</name>
<description><![CDATA[바 백명점 2022<br/>타베로그 3.69 · 리뷰 192<br/>주오구 · 銀座駅<br/><a href="https://tabelog.com/tokyo/A1301/A130101/13283340/">타베로그</a>]]></description>
<Point><coordinates>139.761703,35.670087,0</coordinates></Point></Placemark>
<Placemark><name>BAR オーパ 銀座</name>
<description><![CDATA[바 백명점 2022<br/>타베로그 3.79 · 리뷰 338<br/>주오구 · 銀座一丁目駅<br/><a href="https://tabelog.com/tokyo/A1301/A130101/13002248/">타베로그</a>]]></description>
<Point><coordinates>139.766628,35.674781,0</coordinates></Point></Placemark>
<Placemark><name>オールドインペリアル バー</name>
<description><![CDATA[바 백명점 2022<br/>타베로그 3.8 · 리뷰 477<br/>지요다구 · 日比谷駅<br/><a href="https://tabelog.com/tokyo/A1301/A130102/13002169/">타베로그</a>]]></description>
<Point><coordinates>139.75877,35.672371,0</coordinates></Point></Placemark>
<Placemark><name>Bar P.M.9</name>
<description><![CDATA[바 백명점 2022<br/>타베로그 3.77 · 리뷰 226<br/>미나토구 · 新橋駅<br/><a href="https://tabelog.com/tokyo/A1301/A130103/13122052/">타베로그</a>]]></description>
<Point><coordinates>139.756415,35.666542,0</coordinates></Point></Placemark>
<Placemark><name>バー・ラ・ユロット</name>
<description><![CDATA[바 백명점 2022<br/>타베로그 3.69 · 리뷰 165<br/>미나토구 · 麻布十番駅<br/><a href="https://tabelog.com/tokyo/A1307/A130702/13030834/">타베로그</a>]]></description>
<Point><coordinates>139.730783,35.655943,0</coordinates></Point></Placemark>
<Placemark><name>Bar 内藤</name>
<description><![CDATA[바 백명점 2022<br/>타베로그 3.74 · 리뷰 238<br/>주오구 · 人形町駅<br/><a href="https://tabelog.com/tokyo/A1302/A130204/13165260/">타베로그</a>]]></description>
<Point><coordinates>139.783148,35.686369,0</coordinates></Point></Placemark>
<Placemark><name>リトル スミス</name>
<description><![CDATA[바 백명점 2022<br/>타베로그 3.74 · 리뷰 358<br/>주오구 · 銀座駅<br/><a href="https://tabelog.com/tokyo/A1301/A130101/13004998/">타베로그</a>]]></description>
<Point><coordinates>139.761095,35.670983,0</coordinates></Point></Placemark>
<Placemark><name>Bar Tiare</name>
<description><![CDATA[바 백명점 2022<br/>타베로그 3.77 · 리뷰 391<br/>미나토구 · 赤坂見附駅<br/><a href="https://tabelog.com/tokyo/A1308/A130801/13100967/">타베로그</a>]]></description>
<Point><coordinates>139.735699,35.676125,0</coordinates></Point></Placemark>
<Placemark><name>石の華</name>
<description><![CDATA[바 백명점 2022<br/>타베로그 3.73 · 리뷰 392<br/>시부야구 · 渋谷駅<br/><a href="https://tabelog.com/tokyo/A1303/A130301/13004802/">타베로그</a>]]></description>
<Point><coordinates>139.705003,35.657989,0</coordinates></Point></Placemark>
<Placemark><name>カルーソー</name>
<description><![CDATA[바 백명점 2022<br/>타베로그 3.71 · 리뷰 187<br/>신주쿠구 · 新宿三丁目駅<br/><a href="https://tabelog.com/tokyo/A1304/A130401/13111408/">타베로그</a>]]></description>
<Point><coordinates>139.706768,35.690872,0</coordinates></Point></Placemark>
<Placemark><name>スタア・バー・ギンザ</name>
<description><![CDATA[바 백명점 2022<br/>타베로그 3.78 · 리뷰 420<br/>주오구 · 銀座一丁目駅<br/><a href="https://tabelog.com/tokyo/A1301/A130101/13002270/">타베로그</a>]]></description>
<Point><coordinates>139.766914,35.674763,0</coordinates></Point></Placemark>
<Placemark><name>Oak</name>
<description><![CDATA[바 백명점 2022<br/>타베로그 3.73 · 리뷰 230<br/>지요다구 · 東京駅<br/><a href="https://tabelog.com/tokyo/A1302/A130201/13147497/">타베로그</a>]]></description>
<Point><coordinates>139.765757,35.680776,0</coordinates></Point></Placemark>
<Placemark><name>歯車</name>
<description><![CDATA[바 백명점 2022<br/>타베로그 3.76 · 리뷰 370<br/>신주쿠구 · 飯田橋駅<br/><a href="https://tabelog.com/tokyo/A1309/A130905/13045080/">타베로그</a>]]></description>
<Point><coordinates>139.739827,35.700192,0</coordinates></Point></Placemark>
<Placemark><name>ベンフィディック</name>
<description><![CDATA[바 백명점 2022<br/>타베로그 3.67 · 리뷰 189<br/>신주쿠구 · 新宿駅<br/><a href="https://tabelog.com/tokyo/A1304/A130401/13159249/">타베로그</a>]]></description>
<Point><coordinates>139.69662,35.689491,0</coordinates></Point></Placemark>
<Placemark><name>BAR 酒仙堂</name>
<description><![CDATA[바 백명점 2022<br/>타베로그 3.75 · 리뷰 143<br/>주오구 · 東銀座駅<br/><a href="https://tabelog.com/tokyo/A1301/A130101/13014392/">타베로그</a>]]></description>
<Point><coordinates>139.764959,35.669477,0</coordinates></Point></Placemark>
<Placemark><name>Radio</name>
<description><![CDATA[바 백명점 2022<br/>타베로그 3.85 · 리뷰 323<br/>미나토구 · 表参道駅<br/><a href="https://tabelog.com/tokyo/A1306/A130602/13001207/">타베로그</a>]]></description>
<Point><coordinates>139.714642,35.665886,0</coordinates></Point></Placemark>
<Placemark><name>浅草サンボア</name>
<description><![CDATA[바 백명점 2022<br/>타베로그 3.77 · 리뷰 393<br/>다이토구 · 浅草（つくばＥＸＰ）駅<br/><a href="https://tabelog.com/tokyo/A1311/A131102/13123270/">타베로그</a>]]></description>
<Point><coordinates>139.794474,35.711901,0</coordinates></Point></Placemark>
<Placemark><name>フォーシーズンズ</name>
<description><![CDATA[바 백명점 2022<br/>타베로그 3.78 · 리뷰 251<br/>주오구 · 銀座駅<br/><a href="https://tabelog.com/tokyo/A1301/A130101/13037276/">타베로그</a>]]></description>
<Point><coordinates>139.764345,35.672269,0</coordinates></Point></Placemark>
<Placemark><name>ロイヤル バー</name>
<description><![CDATA[바 백명점 2022<br/>타베로그 3.75 · 리뷰 222<br/>지요다구 · 大手町駅<br/><a href="https://tabelog.com/tokyo/A1302/A130201/13141138/">타베로그</a>]]></description>
<Point><coordinates>139.761465,35.684558,0</coordinates></Point></Placemark>
<Placemark><name>BAR Too</name>
<description><![CDATA[바 백명점 2022<br/>타베로그 3.72 · 리뷰 247<br/>도시마구 · 都電雑司ケ谷駅<br/><a href="https://tabelog.com/tokyo/A1305/A130501/13015798/">타베로그</a>]]></description>
<Point><coordinates>139.714979,35.724835,0</coordinates></Point></Placemark>
<Placemark><name>スクリュードライバー</name>
<description><![CDATA[바 백명점 2022<br/>타베로그 3.7 · 리뷰 232<br/>武蔵野구 · 吉祥寺駅<br/><a href="https://tabelog.com/tokyo/A1320/A132001/13015885/">타베로그</a>]]></description>
<Point><coordinates>139.581898,35.705116,0</coordinates></Point></Placemark>
<Placemark><name>サンボア 銀座店</name>
<description><![CDATA[바 백명점 2022<br/>타베로그 3.79 · 리뷰 494<br/>주오구 · 銀座駅<br/><a href="https://tabelog.com/tokyo/A1301/A130101/13005012/">타베로그</a>]]></description>
<Point><coordinates>139.763033,35.671677,0</coordinates></Point></Placemark>
<Placemark><name>バー・カプリ</name>
<description><![CDATA[바 백명점 2022<br/>타베로그 3.72 · 리뷰 200<br/>지요다구 · 麹町駅<br/><a href="https://tabelog.com/tokyo/A1308/A130803/13019043/">타베로그</a>]]></description>
<Point><coordinates>139.734317,35.6808,0</coordinates></Point></Placemark>
<Placemark><name>BAR 鶴亀</name>
<description><![CDATA[바 백명점 2022<br/>타베로그 3.68 · 리뷰 233<br/>주오구 · 水天宮前駅<br/><a href="https://tabelog.com/tokyo/A1302/A130204/13118284/">타베로그</a>]]></description>
<Point><coordinates>139.783325,35.683502,0</coordinates></Point></Placemark>
</Document></kml>