이름,위도,경도,구,최근역,백명점장르,최신연도,타베로그점수,리뷰수,타베로그,구글지도
ソーワ,35.662571,139.746519,미나토구,神谷町駅,아이스·젤라토,2026,3.57,269,https://tabelog.com/tokyo/A1307/A130704/13259026/,https://www.google.com/maps/search/?api=1&query=%E3%82%BD%E3%83%BC%E3%83%AF%20%E7%A5%9E%E8%B0%B7%E7%94%BA%E9%A7%85
スペールフルッタ,35.72055,139.740082,분쿄구,茗荷谷駅,아이스·젤라토,2026,3.66,369,https://tabelog.com/tokyo/A1323/A132302/13008466/,https://www.google.com/maps/search/?api=1&query=%E3%82%B9%E3%83%9A%E3%83%BC%E3%83%AB%E3%83%95%E3%83%AB%E3%83%83%E3%82%BF%20%E8%8C%97%E8%8D%B7%E8%B0%B7%E9%A7%85
デイリーチコ,35.709256,139.665661,나카노구,中野駅,아이스·젤라토,2026,3.63,1060,https://tabelog.com/tokyo/A1319/A131902/13001083/,https://www.google.com/maps/search/?api=1&query=%E3%83%87%E3%82%A4%E3%83%AA%E3%83%BC%E3%83%81%E3%82%B3%20%E4%B8%AD%E9%87%8E%E9%A7%85
伊太利亜のじぇらぁとや,35.711394,139.797159,다이토구,浅草（東武・都営・メトロ）駅,아이스·젤라토,2026,3.69,936,https://tabelog.com/tokyo/A1311/A131102/13038982/,https://www.google.com/maps/search/?api=1&query=%E4%BC%8A%E5%A4%AA%E5%88%A9%E4%BA%9C%E3%81%AE%E3%81%98%E3%81%87%E3%82%89%E3%81%81%E3%81%A8%E3%82%84%20%E6%B5%85%E8%8D%89%EF%BC%88%E6%9D%B1%E6%AD%A6%E3%83%BB%E9%83%BD%E5%96%B6%E3%83%BB%E3%83%A1%E3%83%88%E3%83%AD%EF%BC%89%E9%A7%85
ジェラテリア アクオリーナ,35.638016,139.691051,메구로구,祐天寺駅,아이스·젤라토,2026,3.97,1723,https://tabelog.com/tokyo/A1317/A131701/13141364/,https://www.google.com/maps/search/?api=1&query=%E3%82%B8%E3%82%A7%E3%83%A9%E3%83%86%E3%83%AA%E3%82%A2%20%E3%82%A2%E3%82%AF%E3%82%AA%E3%83%AA%E3%83%BC%E3%83%8A%20%E7%A5%90%E5%A4%A9%E5%AF%BA%E9%A7%85
アテスウェイ グラスエショコラ,35.708953,139.590835,武蔵野구,西荻窪駅,아이스·젤라토,2026,3.72,434,https://tabelog.com/tokyo/A1320/A132001/13207906/,https://www.google.com/maps/search/?api=1&query=%E3%82%A2%E3%83%86%E3%82%B9%E3%82%A6%E3%82%A7%E3%82%A4%20%E3%82%B0%E3%83%A9%E3%82%B9%E3%82%A8%E3%82%B7%E3%83%A7%E3%82%B3%E3%83%A9%20%E8%A5%BF%E8%8D%BB%E7%AA%AA%E9%A7%85
壽々喜園 浅草本店,35.716353,139.796948,다이토구,浅草（つくばＥＸＰ）駅,아이스·젤라토,2026,3.69,1431,https://tabelog.com/tokyo/A1311/A131102/13153620/,https://www.google.com/maps/search/?api=1&query=%E5%A3%BD%E3%80%85%E5%96%9C%E5%9C%92%20%E6%B5%85%E8%8D%89%E6%9C%AC%E5%BA%97%20%E6%B5%85%E8%8D%89%EF%BC%88%E3%81%A4%E3%81%8F%E3%81%B0%EF%BC%A5%EF%BC%B8%EF%BC%B0%EF%BC%89%E9%A7%85
東毛酪農 63℃,35.71011,139.81189,스미다구,押上駅,아이스·젤라토,2026,3.69,892,https://tabelog.com/tokyo/A1312/A131203/13141281/,https://www.google.com/maps/search/?api=1&query=%E6%9D%B1%E6%AF%9B%E9%85%AA%E8%BE%B2%2063%E2%84%83%20%E6%8A%BC%E4%B8%8A%E9%A7%85
茶の池田や,35.690419,139.698766,신주쿠구,新宿駅,아이스·젤라토,2026,3.7,923,https://tabelog.com/tokyo/A1304/A130401/13049584/,https://www.google.com/maps/search/?api=1&query=%E8%8C%B6%E3%81%AE%E6%B1%A0%E7%94%B0%E3%82%84%20%E6%96%B0%E5%AE%BF%E9%A7%85
ウッドベリーズ 本店,35.702387,139.579382,武蔵野구,吉祥寺駅,아이스·젤라토,2026,3.76,1052,https://tabelog.com/tokyo/A1320/A132001/13005904/,https://www.google.com/maps/search/?api=1&query=%E3%82%A6%E3%83%83%E3%83%89%E3%83%99%E3%83%AA%E3%83%BC%E3%82%BA%20%E6%9C%AC%E5%BA%97%20%E5%90%89%E7%A5%A5%E5%AF%BA%E9%A7%85
ダ ルチアーノ,35.630319,139.402988,八王子구,京王堀之内駅,아이스·젤라토,2026,3.63,451,https://tabelog.com/tokyo/A1329/A132904/13043497/,https://www.google.com/maps/search/?api=1&query=%E3%83%80%20%E3%83%AB%E3%83%81%E3%82%A2%E3%83%BC%E3%83%8E%20%E4%BA%AC%E7%8E%8B%E5%A0%80%E4%B9%8B%E5%86%85%E9%A7%85
ジャパニーズアイス櫻花,35.64769,139.710854,시부야구,恵比寿駅,아이스·젤라토,2026,3.75,2324,https://tabelog.com/tokyo/A1303/A130302/13040777/,https://www.google.com/maps/search/?api=1&query=%E3%82%B8%E3%83%A3%E3%83%91%E3%83%8B%E3%83%BC%E3%82%BA%E3%82%A2%E3%82%A4%E3%82%B9%E6%AB%BB%E8%8A%B1%20%E6%81%B5%E6%AF%94%E5%AF%BF%E9%A7%85
白一   渋谷店,35.664133,139.699195,시부야구,渋谷駅,아이스·젤라토,2026,3.69,1293,https://tabelog.com/tokyo/A1303/A130301/13049692/,https://www.google.com/maps/search/?api=1&query=%E7%99%BD%E4%B8%80%20%20%20%E6%B8%8B%E8%B0%B7%E5%BA%97%20%E6%B8%8B%E8%B0%B7%E9%A7%85
ジェラテリア テオブロマ,35.703155,139.737848,신주쿠구,神楽坂駅,아이스·젤라토,2026,3.74,1398,https://tabelog.com/tokyo/A1309/A130905/13043391/,https://www.google.com/maps/search/?api=1&query=%E3%82%B8%E3%82%A7%E3%83%A9%E3%83%86%E3%83%AA%E3%82%A2%20%E3%83%86%E3%82%AA%E3%83%96%E3%83%AD%E3%83%9E%20%E7%A5%9E%E6%A5%BD%E5%9D%82%E9%A7%85
プレミアム マリオジェラテリア 新宿伊勢丹店,35.691363,139.704321,신주쿠구,新宿三丁目駅,아이스·젤라토,2026,3.74,1595,https://tabelog.com/tokyo/A1304/A130401/13012042/,https://www.google.com/maps/search/?api=1&query=%E3%83%97%E3%83%AC%E3%83%9F%E3%82%A2%E3%83%A0%20%E3%83%9E%E3%83%AA%E3%82%AA%E3%82%B8%E3%82%A7%E3%83%A9%E3%83%86%E3%83%AA%E3%82%A2%20%E6%96%B0%E5%AE%BF%E4%BC%8A%E5%8B%A2%E4%B8%B9%E5%BA%97%20%E6%96%B0%E5%AE%BF%E4%B8%89%E4%B8%81%E7%9B%AE%E9%A7%85
ジェラテリア シンチェリータ,35.709324,139.634677,스기나미구,阿佐ケ谷駅,아이스·젤라토,2026,3.78,1763,https://tabelog.com/tokyo/A1319/A131905/13108556/,https://www.google.com/maps/search/?api=1&query=%E3%82%B8%E3%82%A7%E3%83%A9%E3%83%86%E3%83%AA%E3%82%A2%20%E3%82%B7%E3%83%B3%E3%83%81%E3%82%A7%E3%83%AA%E3%83%BC%E3%82%BF%20%E9%98%BF%E4%BD%90%E3%82%B1%E8%B0%B7%E9%A7%85
レティエ,35.679142,139.708776,시부야구,北参道駅,아이스·젤라토,2026,3.7,841,https://tabelog.com/tokyo/A1309/A130901/13188523/,https://www.google.com/maps/search/?api=1&query=%E3%83%AC%E3%83%86%E3%82%A3%E3%82%A8%20%E5%8C%97%E5%8F%82%E9%81%93%E9%A7%85
リビスコ 銀座店,35.671484,139.766982,주오구,東銀座駅,아이스·젤라토,2026,3.7,1341,https://tabelog.com/tokyo/A1301/A130101/13212493/,https://www.google.com/maps/search/?api=1&query=%E3%83%AA%E3%83%93%E3%82%B9%E3%82%B3%20%E9%8A%80%E5%BA%A7%E5%BA%97%20%E6%9D%B1%E9%8A%80%E5%BA%A7%E9%A7%85
kasiki,35.674528,139.680293,시부야구,幡ケ谷駅,아이스·젤라토,2026,3.57,396,https://tabelog.com/tokyo/A1318/A131807/13278143/,https://www.google.com/maps/search/?api=1&query=kasiki%20%E5%B9%A1%E3%82%B1%E8%B0%B7%E9%A7%85
プレマルシェ・ジェラテリア 東京中目黒駅前店,35.643277,139.699471,메구로구,中目黒駅,아이스·젤라토,2026,3.83,901,https://tabelog.com/tokyo/A1317/A131701/13223646/,https://www.google.com/maps/search/?api=1&query=%E3%83%97%E3%83%AC%E3%83%9E%E3%83%AB%E3%82%B7%E3%82%A7%E3%83%BB%E3%82%B8%E3%82%A7%E3%83%A9%E3%83%86%E3%83%AA%E3%82%A2%20%E6%9D%B1%E4%BA%AC%E4%B8%AD%E7%9B%AE%E9%BB%92%E9%A7%85%E5%89%8D%E5%BA%97%20%E4%B8%AD%E7%9B%AE%E9%BB%92%E9%A7%85
FLOTO,35.679189,139.691899,시부야구,参宮橋駅,아이스·젤라토,2026,3.57,359,https://tabelog.com/tokyo/A1318/A131810/13207001/,https://www.google.com/maps/search/?api=1&query=FLOTO%20%E5%8F%82%E5%AE%AE%E6%A9%8B%E9%A7%85
Giolitti Cafe 有楽町店,35.67438,139.763654,지요다구,有楽町駅,아이스·젤라토,2026,3.58,513,https://tabelog.com/tokyo/A1301/A130102/13262740/,https://www.google.com/maps/search/?api=1&query=Giolitti%20Cafe%20%E6%9C%89%E6%A5%BD%E7%94%BA%E5%BA%97%20%E6%9C%89%E6%A5%BD%E7%94%BA%E9%A7%85
森乃園,35.685368,139.783643,주오구,人形町駅,아이스·젤라토 / 화과자,2026,3.72,1068,https://tabelog.com/tokyo/A1302/A130204/13041947/,https://www.google.com/maps/search/?api=1&query=%E6%A3%AE%E4%B9%83%E5%9C%92%20%E4%BA%BA%E5%BD%A2%E7%94%BA%E9%A7%85
ウッドベリーズ マルシェ,35.705009,139.581953,武蔵野구,吉祥寺駅,아이스·젤라토,2026,3.7,699,https://tabelog.com/tokyo/A1320/A132001/13161095/,https://www.google.com/maps/search/?api=1&query=%E3%82%A6%E3%83%83%E3%83%89%E3%83%99%E3%83%AA%E3%83%BC%E3%82%BA%20%E3%83%9E%E3%83%AB%E3%82%B7%E3%82%A7%20%E5%90%89%E7%A5%A5%E5%AF%BA%E9%A7%85
祇園辻利 東京スカイツリータウン・ソラマチ店,35.710358,139.812851,스미다구,押上駅,아이스·젤라토,2026,3.58,977,https://tabelog.com/tokyo/A1312/A131203/13141261/,https://www.google.com/maps/search/?api=1&query=%E7%A5%87%E5%9C%92%E8%BE%BB%E5%88%A9%20%E6%9D%B1%E4%BA%AC%E3%82%B9%E3%82%AB%E3%82%A4%E3%83%84%E3%83%AA%E3%83%BC%E3%82%BF%E3%82%A6%E3%83%B3%E3%83%BB%E3%82%BD%E3%83%A9%E3%83%9E%E3%83%81%E5%BA%97%20%E6%8A%BC%E4%B8%8A%E9%A7%85
入谷鬼子母神門前のだや,35.720296,139.783092,다이토구,入谷駅,장어,2026,3.95,1315,https://tabelog.com/tokyo/A1311/A131104/13152282/,https://www.google.com/maps/search/?api=1&query=%E5%85%A5%E8%B0%B7%E9%AC%BC%E5%AD%90%E6%AF%8D%E7%A5%9E%E9%96%80%E5%89%8D%E3%81%AE%E3%81%A0%E3%82%84%20%E5%85%A5%E8%B0%B7%E9%A7%85
参宮橋 あさや,35.678525,139.693357,시부야구,参宮橋駅,장어,2026,4.33,377,https://tabelog.com/tokyo/A1318/A131810/13289291/,https://www.google.com/maps/search/?api=1&query=%E5%8F%82%E5%AE%AE%E6%A9%8B%20%E3%81%82%E3%81%95%E3%82%84%20%E5%8F%82%E5%AE%AE%E6%A9%8B%E9%A7%85
うなぎ秋本,35.684724,139.737474,지요다구,麹町駅,장어,2026,3.67,699,https://tabelog.com/tokyo/A1308/A130803/13000415/,https://www.google.com/maps/search/?api=1&query=%E3%81%86%E3%81%AA%E3%81%8E%E7%A7%8B%E6%9C%AC%20%E9%BA%B9%E7%94%BA%E9%A7%85
五代目 野田岩 麻布飯倉本店,35.658132,139.74338,미나토구,赤羽橋駅,장어,2026,3.68,1530,https://tabelog.com/tokyo/A1314/A131401/13002789/,https://www.google.com/maps/search/?api=1&query=%E4%BA%94%E4%BB%A3%E7%9B%AE%20%E9%87%8E%E7%94%B0%E5%B2%A9%20%E9%BA%BB%E5%B8%83%E9%A3%AF%E5%80%89%E6%9C%AC%E5%BA%97%20%E8%B5%A4%E7%BE%BD%E6%A9%8B%E9%A7%85
活鰻の店 つぐみ庵,35.737917,139.752758,기타구,駒込駅,장어,2026,4.25,225,https://tabelog.com/tokyo/A1323/A132301/13080463/,https://www.google.com/maps/search/?api=1&query=%E6%B4%BB%E9%B0%BB%E3%81%AE%E5%BA%97%20%E3%81%A4%E3%81%90%E3%81%BF%E5%BA%B5%20%E9%A7%92%E8%BE%BC%E9%A7%85
うなぎ時任,35.656238,139.733324,미나토구,麻布十番駅,장어,2026,3.71,597,https://tabelog.com/tokyo/A1307/A130702/13224663/,https://www.google.com/maps/search/?api=1&query=%E3%81%86%E3%81%AA%E3%81%8E%E6%99%82%E4%BB%BB%20%E9%BA%BB%E5%B8%83%E5%8D%81%E7%95%AA%E9%A7%85
うなぎ 目白ぞろ芽,35.721581,139.706392,도시마구,目白駅,장어,2026,3.68,738,https://tabelog.com/tokyo/A1305/A130502/13224277/,https://www.google.com/maps/search/?api=1&query=%E3%81%86%E3%81%AA%E3%81%8E%20%E7%9B%AE%E7%99%BD%E3%81%9E%E3%82%8D%E8%8A%BD%20%E7%9B%AE%E7%99%BD%E9%A7%85
わたべ,35.711328,139.752083,분쿄구,春日駅,장어,2026,4.06,827,https://tabelog.com/tokyo/A1310/A131003/13042184/,https://www.google.com/maps/search/?api=1&query=%E3%82%8F%E3%81%9F%E3%81%B9%20%E6%98%A5%E6%97%A5%E9%A7%85
尾花,35.731637,139.796901,아라카와구,南千住駅,장어,2026,3.76,1577,https://tabelog.com/tokyo/A1324/A132401/13003509/,https://www.google.com/maps/search/?api=1&query=%E5%B0%BE%E8%8A%B1%20%E5%8D%97%E5%8D%83%E4%BD%8F%E9%A7%85
鰻専門店 愛川,35.711352,139.707569,신주쿠구,西早稲田駅,장어,2026,3.71,1394,https://tabelog.com/tokyo/A1305/A130503/13029734/,https://www.google.com/maps/search/?api=1&query=%E9%B0%BB%E5%B0%82%E9%96%80%E5%BA%97%20%E6%84%9B%E5%B7%9D%20%E8%A5%BF%E6%97%A9%E7%A8%B2%E7%94%B0%E9%A7%85
銀座 四代目 高橋屋 銀座店,35.670184,139.767935,주오구,東銀座駅,장어,2026,3.75,508,https://tabelog.com/tokyo/A1301/A130101/13262334/,https://www.google.com/maps/search/?api=1&query=%E9%8A%80%E5%BA%A7%20%E5%9B%9B%E4%BB%A3%E7%9B%AE%20%E9%AB%98%E6%A9%8B%E5%B1%8B%20%E9%8A%80%E5%BA%A7%E5%BA%97%20%E6%9D%B1%E9%8A%80%E5%BA%A7%E9%A7%85
うなぎ 平八,35.597104,139.667792,오타구,田園調布駅,장어,2026,3.69,412,https://tabelog.com/tokyo/A1317/A131704/13017676/,https://www.google.com/maps/search/?api=1&query=%E3%81%86%E3%81%AA%E3%81%8E%20%E5%B9%B3%E5%85%AB%20%E7%94%B0%E5%9C%92%E8%AA%BF%E5%B8%83%E9%A7%85
やしま,35.706631,139.784811,다이토구,新御徒町駅,장어,2026,3.69,302,https://tabelog.com/tokyo/A1311/A131101/13024325/,https://www.google.com/maps/search/?api=1&query=%E3%82%84%E3%81%97%E3%81%BE%20%E6%96%B0%E5%BE%A1%E5%BE%92%E7%94%BA%E9%A7%85
明神下 神田川 本店,35.700381,139.768992,지요다구,末広町駅,장어,2026,3.71,523,https://tabelog.com/tokyo/A1310/A131002/13000346/,https://www.google.com/maps/search/?api=1&query=%E6%98%8E%E7%A5%9E%E4%B8%8B%20%E7%A5%9E%E7%94%B0%E5%B7%9D%20%E6%9C%AC%E5%BA%97%20%E6%9C%AB%E5%BA%83%E7%94%BA%E9%A7%85
神泉いちのや,35.657074,139.691433,시부야구,神泉駅,장어,2026,3.66,773,https://tabelog.com/tokyo/A1303/A130301/13004659/,https://www.google.com/maps/search/?api=1&query=%E7%A5%9E%E6%B3%89%E3%81%84%E3%81%A1%E3%81%AE%E3%82%84%20%E7%A5%9E%E6%B3%89%E9%A7%85
炭焼 うな富士 有楽町店,35.670337,139.759027,주오구,内幸町駅,장어,2026,3.69,2864,https://tabelog.com/tokyo/A1301/A130103/13250032/,https://www.google.com/maps/search/?api=1&query=%E7%82%AD%E7%84%BC%20%E3%81%86%E3%81%AA%E5%AF%8C%E5%A3%AB%20%E6%9C%89%E6%A5%BD%E7%94%BA%E5%BA%97%20%E5%86%85%E5%B9%B8%E7%94%BA%E9%A7%85
八重洲鰻はし本,35.681657,139.771288,주오구,日本橋駅,장어,2026,3.93,298,https://tabelog.com/tokyo/A1302/A130202/13303042/,https://www.google.com/maps/search/?api=1&query=%E5%85%AB%E9%87%8D%E6%B4%B2%E9%B0%BB%E3%81%AF%E3%81%97%E6%9C%AC%20%E6%97%A5%E6%9C%AC%E6%A9%8B%E9%A7%85
うなぎ 丸富,35.610697,139.744545,시나가와구,青物横丁駅,장어,2026,3.65,670,https://tabelog.com/tokyo/A1315/A131501/13026638/,https://www.google.com/maps/search/?api=1&query=%E3%81%86%E3%81%AA%E3%81%8E%20%E4%B8%B8%E5%AF%8C%20%E9%9D%92%E7%89%A9%E6%A8%AA%E4%B8%81%E9%A7%85
鰻禅,35.708845,139.805722,스미다구,本所吾妻橋駅,장어,2026,3.76,983,https://tabelog.com/tokyo/A1312/A131203/13058979/,https://www.google.com/maps/search/?api=1&query=%E9%B0%BB%E7%A6%85%20%E6%9C%AC%E6%89%80%E5%90%BE%E5%A6%BB%E6%A9%8B%E9%A7%85
石ばし,35.709281,139.738477,분쿄구,江戸川橋駅,장어,2026,3.77,676,https://tabelog.com/tokyo/A1309/A130905/13003531/,https://www.google.com/maps/search/?api=1&query=%E7%9F%B3%E3%81%B0%E3%81%97%20%E6%B1%9F%E6%88%B8%E5%B7%9D%E6%A9%8B%E9%A7%85
かぶと,35.733764,139.709041,도시마구,池袋駅,장어,2026,4.41,1382,https://tabelog.com/tokyo/A1305/A130501/13016660/,https://www.google.com/maps/search/?api=1&query=%E3%81%8B%E3%81%B6%E3%81%A8%20%E6%B1%A0%E8%A2%8B%E9%A7%85
鰻家,35.728065,139.682273,도시마구,東長崎駅,장어,2026,3.77,1083,https://tabelog.com/tokyo/A1321/A132101/13012445/,https://www.google.com/maps/search/?api=1&query=%E9%B0%BB%E5%AE%B6%20%E6%9D%B1%E9%95%B7%E5%B4%8E%E9%A7%85
初小川,35.709764,139.794536,다이토구,浅草（東武・都営・メトロ）駅,장어,2026,3.75,797,https://tabelog.com/tokyo/A1311/A131102/13003702/,https://www.google.com/maps/search/?api=1&query=%E5%88%9D%E5%B0%8F%E5%B7%9D%20%E6%B5%85%E8%8D%89%EF%BC%88%E6%9D%B1%E6%AD%A6%E3%83%BB%E9%83%BD%E5%96%B6%E3%83%BB%E3%83%A1%E3%83%88%E3%83%AD%EF%BC%89%E9%A7%85
はし本,35.709366,139.736354,분쿄구,江戸川橋駅,장어,2026,3.74,933,https://tabelog.com/tokyo/A1309/A130905/13018616/,https://www.google.com/maps/search/?api=1&query=%E3%81%AF%E3%81%97%E6%9C%AC%20%E6%B1%9F%E6%88%B8%E5%B7%9D%E6%A9%8B%E9%A7%85
うなぎ 魚政,35.732086,139.835555,가쓰시카구,四ツ木駅,장어,2026,4.26,1244,https://tabelog.com/tokyo/A1324/A132403/13035339/,https://www.google.com/maps/search/?api=1&query=%E3%81%86%E3%81%AA%E3%81%8E%20%E9%AD%9A%E6%94%BF%20%E5%9B%9B%E3%83%84%E6%9C%A8%E9%A7%85
日本橋いづもや,35.68783,139.770964,주오구,新日本橋駅,장어,2026,3.67,473,https://tabelog.com/tokyo/A1302/A130202/13011198/,https://www.google.com/maps/search/?api=1&query=%E6%97%A5%E6%9C%AC%E6%A9%8B%E3%81%84%E3%81%A5%E3%82%82%E3%82%84%20%E6%96%B0%E6%97%A5%E6%9C%AC%E6%A9%8B%E9%A7%85
トロ コーヒーアンドベーカリー,35.658958,139.662736,세타가야구,世田谷代田駅,빵,2026,3.71,658,https://tabelog.com/tokyo/A1318/A131812/13118819/,https://www.google.com/maps/search/?api=1&query=%E3%83%88%E3%83%AD%20%E3%82%B3%E3%83%BC%E3%83%92%E3%83%BC%E3%82%A2%E3%83%B3%E3%83%89%E3%83%99%E3%83%BC%E3%82%AB%E3%83%AA%E3%83%BC%20%E4%B8%96%E7%94%B0%E8%B0%B7%E4%BB%A3%E7%94%B0%E9%A7%85
ブーランジェリーブルディガラ 広尾本店,35.65109,139.723719,미나토구,広尾駅,빵,2026,3.75,1009,https://tabelog.com/tokyo/A1307/A130703/13000523/,https://www.google.com/maps/search/?api=1&query=%E3%83%96%E3%83%BC%E3%83%A9%E3%83%B3%E3%82%B8%E3%82%A7%E3%83%AA%E3%83%BC%E3%83%96%E3%83%AB%E3%83%87%E3%82%A3%E3%82%AC%E3%83%A9%20%E5%BA%83%E5%B0%BE%E6%9C%AC%E5%BA%97%20%E5%BA%83%E5%B0%BE%E9%A7%85
エムサイズ,35.6285,139.688775,메구로구,学芸大学駅,빵,2026,3.74,664,https://tabelog.com/tokyo/A1317/A131702/13024601/,https://www.google.com/maps/search/?api=1&query=%E3%82%A8%E3%83%A0%E3%82%B5%E3%82%A4%E3%82%BA%20%E5%AD%A6%E8%8A%B8%E5%A4%A7%E5%AD%A6%E9%A7%85
モンシェール 東陽町工場,35.671499,139.813953,고토구,東陽町駅,빵,2026,3.72,1071,https://tabelog.com/tokyo/A1313/A131303/13024396/,https://www.google.com/maps/search/?api=1&query=%E3%83%A2%E3%83%B3%E3%82%B7%E3%82%A7%E3%83%BC%E3%83%AB%20%E6%9D%B1%E9%99%BD%E7%94%BA%E5%B7%A5%E5%A0%B4%20%E6%9D%B1%E9%99%BD%E7%94%BA%E9%A7%85
マニュファクチュア,35.71236,139.799484,다이토구,浅草（東武・都営・メトロ）駅,빵,2026,3.71,648,https://tabelog.com/tokyo/A1311/A131102/13180700/,https://www.google.com/maps/search/?api=1&query=%E3%83%9E%E3%83%8B%E3%83%A5%E3%83%95%E3%82%A1%E3%82%AF%E3%83%81%E3%83%A5%E3%82%A2%20%E6%B5%85%E8%8D%89%EF%BC%88%E6%9D%B1%E6%AD%A6%E3%83%BB%E9%83%BD%E5%96%B6%E3%83%BB%E3%83%A1%E3%83%88%E3%83%AD%EF%BC%89%E9%A7%85
テコナ　ベーグルワークス,35.668739,139.689115,시부야구,代々木八幡駅,빵,2026,3.78,1374,https://tabelog.com/tokyo/A1318/A131810/13061492/,https://www.google.com/maps/search/?api=1&query=%E3%83%86%E3%82%B3%E3%83%8A%E3%80%80%E3%83%99%E3%83%BC%E3%82%B0%E3%83%AB%E3%83%AF%E3%83%BC%E3%82%AF%E3%82%B9%20%E4%BB%A3%E3%80%85%E6%9C%A8%E5%85%AB%E5%B9%A1%E9%A7%85
下田流,35.791124,139.658046,이타바시구,新高島平駅,빵,2026,3.86,456,https://tabelog.com/tokyo/A1322/A132205/13263179/,https://www.google.com/maps/search/?api=1&query=%E4%B8%8B%E7%94%B0%E6%B5%81%20%E6%96%B0%E9%AB%98%E5%B3%B6%E5%B9%B3%E9%A7%85
リベルテ・パティスリー・ブーランジェリー 東京本店・吉祥寺,35.705885,139.577325,武蔵野구,吉祥寺駅,빵,2026,3.75,1658,https://tabelog.com/tokyo/A1320/A132001/13219660/,https://www.google.com/maps/search/?api=1&query=%E3%83%AA%E3%83%99%E3%83%AB%E3%83%86%E3%83%BB%E3%83%91%E3%83%86%E3%82%A3%E3%82%B9%E3%83%AA%E3%83%BC%E3%83%BB%E3%83%96%E3%83%BC%E3%83%A9%E3%83%B3%E3%82%B8%E3%82%A7%E3%83%AA%E3%83%BC%20%E6%9D%B1%E4%BA%AC%E6%9C%AC%E5%BA%97%E3%83%BB%E5%90%89%E7%A5%A5%E5%AF%BA%20%E5%90%89%E7%A5%A5%E5%AF%BA%E9%A7%85
ル・グルニエ・ア・パン 麹町店,35.685647,139.74175,지요다구,半蔵門駅,빵,2026,3.78,1289,https://tabelog.com/tokyo/A1308/A130803/13011374/,https://www.google.com/maps/search/?api=1&query=%E3%83%AB%E3%83%BB%E3%82%B0%E3%83%AB%E3%83%8B%E3%82%A8%E3%83%BB%E3%82%A2%E3%83%BB%E3%83%91%E3%83%B3%20%E9%BA%B9%E7%94%BA%E5%BA%97%20%E5%8D%8A%E8%94%B5%E9%96%80%E9%A7%85
ヒルサイドパントリー 代官山,35.648725,139.70012,시부야구,代官山駅,빵,2026,3.75,1044,https://tabelog.com/tokyo/A1303/A130303/13002071/,https://www.google.com/maps/search/?api=1&query=%E3%83%92%E3%83%AB%E3%82%B5%E3%82%A4%E3%83%89%E3%83%91%E3%83%B3%E3%83%88%E3%83%AA%E3%83%BC%20%E4%BB%A3%E5%AE%98%E5%B1%B1%20%E4%BB%A3%E5%AE%98%E5%B1%B1%E9%A7%85
ブーランジェリー セイジアサクラ,35.636013,139.733333,미나토구,高輪台駅,빵,2026,3.81,1305,https://tabelog.com/tokyo/A1316/A131603/13055881/,https://www.google.com/maps/search/?api=1&query=%E3%83%96%E3%83%BC%E3%83%A9%E3%83%B3%E3%82%B8%E3%82%A7%E3%83%AA%E3%83%BC%20%E3%82%BB%E3%82%A4%E3%82%B8%E3%82%A2%E3%82%B5%E3%82%AF%E3%83%A9%20%E9%AB%98%E8%BC%AA%E5%8F%B0%E9%A7%85
Bread&amp;Coffee IKEDAYAMA 本店,35.628808,139.72522,시나가와구,五反田駅,빵,2026,3.7,1015,https://tabelog.com/tokyo/A1316/A131603/13192503/,https://www.google.com/maps/search/?api=1&query=Bread%26amp%3BCoffee%20IKEDAYAMA%20%E6%9C%AC%E5%BA%97%20%E4%BA%94%E5%8F%8D%E7%94%B0%E9%A7%85
ジュウニブンベーカリー 新宿店,35.690783,139.699582,신주쿠구,新宿駅,빵,2026,3.76,1551,https://tabelog.com/tokyo/A1304/A130401/13220673/,https://www.google.com/maps/search/?api=1&query=%E3%82%B8%E3%83%A5%E3%82%A6%E3%83%8B%E3%83%96%E3%83%B3%E3%83%99%E3%83%BC%E3%82%AB%E3%83%AA%E3%83%BC%20%E6%96%B0%E5%AE%BF%E5%BA%97%20%E6%96%B0%E5%AE%BF%E9%A7%85
みんなのぱんや,35.678779,139.765062,지요다구,東京駅,빵,2026,3.73,1091,https://tabelog.com/tokyo/A1302/A130201/13020387/,https://www.google.com/maps/search/?api=1&query=%E3%81%BF%E3%82%93%E3%81%AA%E3%81%AE%E3%81%B1%E3%82%93%E3%82%84%20%E6%9D%B1%E4%BA%AC%E9%A7%85
ル パン ドゥ ジョエル・ロブション 渋谷ヒカリエShinQs店,35.659066,139.703326,시부야구,渋谷駅,빵,2026,3.79,1769,https://tabelog.com/tokyo/A1303/A130301/13140263/,https://www.google.com/maps/search/?api=1&query=%E3%83%AB%20%E3%83%91%E3%83%B3%20%E3%83%89%E3%82%A5%20%E3%82%B8%E3%83%A7%E3%82%A8%E3%83%AB%E3%83%BB%E3%83%AD%E3%83%96%E3%82%B7%E3%83%A7%E3%83%B3%20%E6%B8%8B%E8%B0%B7%E3%83%92%E3%82%AB%E3%83%AA%E3%82%A8ShinQs%E5%BA%97%20%E6%B8%8B%E8%B0%B7%E9%A7%85
ブーランジェリー&amp;カフェ マンマーノ,35.670209,139.681347,시부야구,代々木上原駅,빵,2026,3.75,1428,https://tabelog.com/tokyo/A1318/A131811/13059417/,https://www.google.com/maps/search/?api=1&query=%E3%83%96%E3%83%BC%E3%83%A9%E3%83%B3%E3%82%B8%E3%82%A7%E3%83%AA%E3%83%BC%26amp%3B%E3%82%AB%E3%83%95%E3%82%A7%20%E3%83%9E%E3%83%B3%E3%83%9E%E3%83%BC%E3%83%8E%20%E4%BB%A3%E3%80%85%E6%9C%A8%E4%B8%8A%E5%8E%9F%E9%A7%85
パン工房 ブランジェリーケン,35.771161,139.645577,이타바시구,下赤塚駅,빵,2026,3.73,941,https://tabelog.com/tokyo/A1322/A132204/13046260/,https://www.google.com/maps/search/?api=1&query=%E3%83%91%E3%83%B3%E5%B7%A5%E6%88%BF%20%E3%83%96%E3%83%A9%E3%83%B3%E3%82%B8%E3%82%A7%E3%83%AA%E3%83%BC%E3%82%B1%E3%83%B3%20%E4%B8%8B%E8%B5%A4%E5%A1%9A%E9%A7%85
ル パン ドゥ ジョエル･ロブション ニュウマン新宿店,35.689029,139.701911,시부야구,新宿駅,빵,2026,3.78,1959,https://tabelog.com/tokyo/A1304/A130401/13193559/,https://www.google.com/maps/search/?api=1&query=%E3%83%AB%20%E3%83%91%E3%83%B3%20%E3%83%89%E3%82%A5%20%E3%82%B8%E3%83%A7%E3%82%A8%E3%83%AB%EF%BD%A5%E3%83%AD%E3%83%96%E3%82%B7%E3%83%A7%E3%83%B3%20%E3%83%8B%E3%83%A5%E3%82%A6%E3%83%9E%E3%83%B3%E6%96%B0%E5%AE%BF%E5%BA%97%20%E6%96%B0%E5%AE%BF%E9%A7%85
イトキト,35.610117,139.685058,오타구,大岡山駅,빵,2026,3.76,668,https://tabelog.com/tokyo/A1317/A131711/13048404/,https://www.google.com/maps/search/?api=1&query=%E3%82%A4%E3%83%88%E3%82%AD%E3%83%88%20%E5%A4%A7%E5%B2%A1%E5%B1%B1%E9%A7%85
グリオット,35.628758,139.663321,메구로구,駒沢大学駅,빵,2026,3.71,553,https://tabelog.com/tokyo/A1317/A131707/13149820/,https://www.google.com/maps/search/?api=1&query=%E3%82%B0%E3%83%AA%E3%82%AA%E3%83%83%E3%83%88%20%E9%A7%92%E6%B2%A2%E5%A4%A7%E5%AD%A6%E9%A7%85
DONSUKE BAKERY,35.698417,139.710945,신주쿠구,東新宿駅,빵,2026,3.74,706,https://tabelog.com/tokyo/A1304/A130401/13020179/,https://www.google.com/maps/search/?api=1&query=DONSUKE%20BAKERY%20%E6%9D%B1%E6%96%B0%E5%AE%BF%E9%A7%85
ショーマッカー,35.611085,139.684607,오타구,大岡山駅,빵,2026,3.73,523,https://tabelog.com/tokyo/A1317/A131711/13045113/,https://www.google.com/maps/search/?api=1&query=%E3%82%B7%E3%83%A7%E3%83%BC%E3%83%9E%E3%83%83%E3%82%AB%E3%83%BC%20%E5%A4%A7%E5%B2%A1%E5%B1%B1%E9%A7%85
AOSAN 仙川店,35.660622,139.582984,調布구,仙川駅,빵,2026,3.77,803,https://tabelog.com/tokyo/A1326/A132601/13047751/,https://www.google.com/maps/search/?api=1&query=AOSAN%20%E4%BB%99%E5%B7%9D%E5%BA%97%20%E4%BB%99%E5%B7%9D%E9%A7%85
粉花,35.716887,139.79778,다이토구,浅草（つくばＥＸＰ）駅,빵,2026,3.74,641,https://tabelog.com/tokyo/A1311/A131102/13057726/,https://www.google.com/maps/search/?api=1&query=%E7%B2%89%E8%8A%B1%20%E6%B5%85%E8%8D%89%EF%BC%88%E3%81%A4%E3%81%8F%E3%81%B0%EF%BC%A5%EF%BC%B8%EF%BC%B0%EF%BC%89%E9%A7%85
Boulangerie S.Igarashi,35.673783,139.805354,고토구,木場駅,빵,2026,3.7,596,https://tabelog.com/tokyo/A1313/A131303/13266760/,https://www.google.com/maps/search/?api=1&query=Boulangerie%20S.Igarashi%20%E6%9C%A8%E5%A0%B4%E9%A7%85
ポワンタージュ,35.653642,139.735635,미나토구,麻布十番駅,빵,2026,3.79,1637,https://tabelog.com/tokyo/A1307/A130702/13004566/,https://www.google.com/maps/search/?api=1&query=%E3%83%9D%E3%83%AF%E3%83%B3%E3%82%BF%E3%83%BC%E3%82%B8%E3%83%A5%20%E9%BA%BB%E5%B8%83%E5%8D%81%E7%95%AA%E9%A7%85
イエンセン,35.669972,139.687301,시부야구,代々木八幡駅,빵,2026,3.74,684,https://tabelog.com/tokyo/A1318/A131810/13007309/,https://www.google.com/maps/search/?api=1&query=%E3%82%A4%E3%82%A8%E3%83%B3%E3%82%BB%E3%83%B3%20%E4%BB%A3%E3%80%85%E6%9C%A8%E5%85%AB%E5%B9%A1%E9%A7%85
365日,35.669783,139.68957,시부야구,代々木八幡駅,빵,2026,3.7,911,https://tabelog.com/tokyo/A1318/A131810/13263836/,https://www.google.com/maps/search/?api=1&query=365%E6%97%A5%20%E4%BB%A3%E3%80%85%E6%9C%A8%E5%85%AB%E5%B9%A1%E9%A7%85
VIRON 丸の内店,35.678787,139.765118,지요다구,東京駅,빵,2026,3.85,2790,https://tabelog.com/tokyo/A1302/A130201/13043904/,https://www.google.com/maps/search/?api=1&query=VIRON%20%E4%B8%B8%E3%81%AE%E5%86%85%E5%BA%97%20%E6%9D%B1%E4%BA%AC%E9%A7%85
セントル ザ・ベーカリー 青山店,35.662755,139.709254,시부야구,表参道駅,빵,2026,3.74,613,https://tabelog.com/tokyo/A1306/A130602/13227934/,https://www.google.com/maps/search/?api=1&query=%E3%82%BB%E3%83%B3%E3%83%88%E3%83%AB%20%E3%82%B6%E3%83%BB%E3%83%99%E3%83%BC%E3%82%AB%E3%83%AA%E3%83%BC%20%E9%9D%92%E5%B1%B1%E5%BA%97%20%E8%A1%A8%E5%8F%82%E9%81%93%E9%A7%85
バゲットラビット 自由が丘店,35.61153,139.67007,메구로구,自由が丘駅,빵,2026,3.74,1081,https://tabelog.com/tokyo/A1317/A131703/13217782/,https://www.google.com/maps/search/?api=1&query=%E3%83%90%E3%82%B2%E3%83%83%E3%83%88%E3%83%A9%E3%83%93%E3%83%83%E3%83%88%20%E8%87%AA%E7%94%B1%E3%81%8C%E4%B8%98%E5%BA%97%20%E8%87%AA%E7%94%B1%E3%81%8C%E4%B8%98%E9%A7%85
ポム・ド・テール,35.707337,139.595468,스기나미구,西荻窪駅,빵,2026,3.73,561,https://tabelog.com/tokyo/A1319/A131907/13009237/,https://www.google.com/maps/search/?api=1&query=%E3%83%9D%E3%83%A0%E3%83%BB%E3%83%89%E3%83%BB%E3%83%86%E3%83%BC%E3%83%AB%20%E8%A5%BF%E8%8D%BB%E7%AA%AA%E9%A7%85
ラトリエ ドゥ プレジール,35.64168,139.605707,세타가야구,祖師ケ谷大蔵駅,빵,2026,3.89,1279,https://tabelog.com/tokyo/A1318/A131814/13050412/,https://www.google.com/maps/search/?api=1&query=%E3%83%A9%E3%83%88%E3%83%AA%E3%82%A8%20%E3%83%89%E3%82%A5%20%E3%83%97%E3%83%AC%E3%82%B8%E3%83%BC%E3%83%AB%20%E7%A5%96%E5%B8%AB%E3%82%B1%E8%B0%B7%E5%A4%A7%E8%94%B5%E9%A7%85
ブリコラージュ ブレッド アンド カンパニー ベーカリー,35.659195,139.728248,미나토구,六本木駅,빵,2026,3.77,1503,https://tabelog.com/tokyo/A1307/A130701/13222794/,https://www.google.com/maps/search/?api=1&query=%E3%83%96%E3%83%AA%E3%82%B3%E3%83%A9%E3%83%BC%E3%82%B8%E3%83%A5%20%E3%83%96%E3%83%AC%E3%83%83%E3%83%89%20%E3%82%A2%E3%83%B3%E3%83%89%20%E3%82%AB%E3%83%B3%E3%83%91%E3%83%8B%E3%83%BC%20%E3%83%99%E3%83%BC%E3%82%AB%E3%83%AA%E3%83%BC%20%E5%85%AD%E6%9C%AC%E6%9C%A8%E9%A7%85
ラ ブティック ドゥ ジョエル・ロブション 六本木ヒルズ店,35.660111,139.729386,미나토구,六本木駅,빵,2026,3.78,1284,https://tabelog.com/tokyo/A1307/A130701/13020237/,https://www.google.com/maps/search/?api=1&query=%E3%83%A9%20%E3%83%96%E3%83%86%E3%82%A3%E3%83%83%E3%82%AF%20%E3%83%89%E3%82%A5%20%E3%82%B8%E3%83%A7%E3%82%A8%E3%83%AB%E3%83%BB%E3%83%AD%E3%83%96%E3%82%B7%E3%83%A7%E3%83%B3%20%E5%85%AD%E6%9C%AC%E6%9C%A8%E3%83%92%E3%83%AB%E3%82%BA%E5%BA%97%20%E5%85%AD%E6%9C%AC%E6%9C%A8%E9%A7%85
Zopfカレーパン専門店 グランスタ店,35.681476,139.766606,지요다구,東京駅,빵,2026,3.73,2681,https://tabelog.com/tokyo/A1302/A130201/13236598/,https://www.google.com/maps/search/?api=1&query=Zopf%E3%82%AB%E3%83%AC%E3%83%BC%E3%83%91%E3%83%B3%E5%B0%82%E9%96%80%E5%BA%97%20%E3%82%B0%E3%83%A9%E3%83%B3%E3%82%B9%E3%82%BF%E5%BA%97%20%E6%9D%B1%E4%BA%AC%E9%A7%85
ル・ルソール,35.659183,139.682622,메구로구,駒場東大前駅,빵,2026,3.73,629,https://tabelog.com/tokyo/A1318/A131801/13268390/,https://www.google.com/maps/search/?api=1&query=%E3%83%AB%E3%83%BB%E3%83%AB%E3%82%BD%E3%83%BC%E3%83%AB%20%E9%A7%92%E5%A0%B4%E6%9D%B1%E5%A4%A7%E5%89%8D%E9%A7%85
リンデ 吉祥寺本店,35.705558,139.580643,武蔵野구,吉祥寺駅,빵,2026,3.74,1410,https://tabelog.com/tokyo/A1320/A132001/13005831/,https://www.google.com/maps/search/?api=1&query=%E3%83%AA%E3%83%B3%E3%83%87%20%E5%90%89%E7%A5%A5%E5%AF%BA%E6%9C%AC%E5%BA%97%20%E5%90%89%E7%A5%A5%E5%AF%BA%E9%A7%85
満 曙橋本店,35.692893,139.722782,신주쿠구,曙橋駅,빵,2026,3.73,823,https://tabelog.com/tokyo/A1309/A130903/13023138/,https://www.google.com/maps/search/?api=1&query=%E6%BA%80%20%E6%9B%99%E6%A9%8B%E6%9C%AC%E5%BA%97%20%E6%9B%99%E6%A9%8B%E9%A7%85
えんツコ堂 製パン,35.706375,139.596106,스기나미구,西荻窪駅,빵,2026,3.72,663,https://tabelog.com/tokyo/A1319/A131907/13060088/,https://www.google.com/maps/search/?api=1&query=%E3%81%88%E3%82%93%E3%83%84%E3%82%B3%E5%A0%82%20%E8%A3%BD%E3%83%91%E3%83%B3%20%E8%A5%BF%E8%8D%BB%E7%AA%AA%E9%A7%85
俺のBakery 恵比寿,35.643233,139.713205,시부야구,恵比寿駅,빵,2026,3.71,1443,https://tabelog.com/tokyo/A1303/A130302/13201307/,https://www.google.com/maps/search/?api=1&query=%E4%BF%BA%E3%81%AEBakery%20%E6%81%B5%E6%AF%94%E5%AF%BF%20%E6%81%B5%E6%AF%94%E5%AF%BF%E9%A7%85
まちのパーラー,35.743529,139.675333,네리마구,小竹向原駅,빵,2026,3.78,1477,https://tabelog.com/tokyo/A1321/A132101/13126515/,https://www.google.com/maps/search/?api=1&query=%E3%81%BE%E3%81%A1%E3%81%AE%E3%83%91%E3%83%BC%E3%83%A9%E3%83%BC%20%E5%B0%8F%E7%AB%B9%E5%90%91%E5%8E%9F%E9%A7%85
ブーランジェリー ボネダンヌ,35.650118,139.674405,세타가야구,三軒茶屋駅,빵,2026,3.77,730,https://tabelog.com/tokyo/A1317/A131705/13158722/,https://www.google.com/maps/search/?api=1&query=%E3%83%96%E3%83%BC%E3%83%A9%E3%83%B3%E3%82%B8%E3%82%A7%E3%83%AA%E3%83%BC%20%E3%83%9C%E3%83%8D%E3%83%80%E3%83%B3%E3%83%8C%20%E4%B8%89%E8%BB%92%E8%8C%B6%E5%B1%8B%E9%A7%85
パンのペリカン,35.708561,139.791355,다이토구,田原町駅,빵,2026,3.79,2275,https://tabelog.com/tokyo/A1311/A131102/13003662/,https://www.google.com/maps/search/?api=1&query=%E3%83%91%E3%83%B3%E3%81%AE%E3%83%9A%E3%83%AA%E3%82%AB%E3%83%B3%20%E7%94%B0%E5%8E%9F%E7%94%BA%E9%A7%85
トラスパレンテ 学芸大学店,35.629799,139.685146,메구로구,学芸大学駅,빵,2026,3.74,820,https://tabelog.com/tokyo/A1317/A131702/13129736/,https://www.google.com/maps/search/?api=1&query=%E3%83%88%E3%83%A9%E3%82%B9%E3%83%91%E3%83%AC%E3%83%B3%E3%83%86%20%E5%AD%A6%E8%8A%B8%E5%A4%A7%E5%AD%A6%E5%BA%97%20%E5%AD%A6%E8%8A%B8%E5%A4%A7%E5%AD%A6%E9%A7%85
ジャンティーユ,35.635941,139.706025,메구로구,目黒駅,빵,2026,3.73,638,https://tabelog.com/tokyo/A1316/A131601/13044382/,https://www.google.com/maps/search/?api=1&query=%E3%82%B8%E3%83%A3%E3%83%B3%E3%83%86%E3%82%A3%E3%83%BC%E3%83%A6%20%E7%9B%AE%E9%BB%92%E9%A7%85
VIRON 渋谷店,35.660886,139.696785,시부야구,渋谷駅,빵,2026,3.83,3993,https://tabelog.com/tokyo/A1303/A130301/13004626/,https://www.google.com/maps/search/?api=1&query=VIRON%20%E6%B8%8B%E8%B0%B7%E5%BA%97%20%E6%B8%8B%E8%B0%B7%E9%A7%85
ぶーる・ぶーる・ぶらんじぇり,35.66058,139.333856,八王子구,八王子駅,빵,2026,3.74,735,https://tabelog.com/tokyo/A1329/A132904/13048885/,https://www.google.com/maps/search/?api=1&query=%E3%81%B6%E3%83%BC%E3%82%8B%E3%83%BB%E3%81%B6%E3%83%BC%E3%82%8B%E3%83%BB%E3%81%B6%E3%82%89%E3%82%93%E3%81%98%E3%81%87%E3%82%8A%20%E5%85%AB%E7%8E%8B%E5%AD%90%E9%A7%85
ヒンメル,35.606711,139.686091,오타구,大岡山駅,빵,2026,3.75,888,https://tabelog.com/tokyo/A1317/A131711/13048813/,https://www.google.com/maps/search/?api=1&query=%E3%83%92%E3%83%B3%E3%83%A1%E3%83%AB%20%E5%A4%A7%E5%B2%A1%E5%B1%B1%E9%A7%85
Think,35.722286,139.771068,다이토구,鶯谷駅,빵,2026,3.87,793,https://tabelog.com/tokyo/A1311/A131105/13283557/,https://www.google.com/maps/search/?api=1&query=Think%20%E9%B6%AF%E8%B0%B7%E9%A7%85
しかたらむかな,35.700225,139.739386,신주쿠구,牛込神楽坂駅,빵,2026,3.87,744,https://tabelog.com/tokyo/A1309/A130905/13287514/,https://www.google.com/maps/search/?api=1&query=%E3%81%97%E3%81%8B%E3%81%9F%E3%82%89%E3%82%80%E3%81%8B%E3%81%AA%20%E7%89%9B%E8%BE%BC%E7%A5%9E%E6%A5%BD%E5%9D%82%E9%A7%85
チクテベーカリー,35.607707,139.378908,八王子구,南大沢駅,빵,2026,3.75,644,https://tabelog.com/tokyo/A1329/A132904/13153557/,https://www.google.com/maps/search/?api=1&query=%E3%83%81%E3%82%AF%E3%83%86%E3%83%99%E3%83%BC%E3%82%AB%E3%83%AA%E3%83%BC%20%E5%8D%97%E5%A4%A7%E6%B2%A2%E9%A7%85
ネモ・ベーカリー＆カフェ 武蔵小山 本店,35.61926,139.702866,시나가와구,武蔵小山駅,빵,2026,3.73,1060,https://tabelog.com/tokyo/A1317/A131710/13045550/,https://www.google.com/maps/search/?api=1&query=%E3%83%8D%E3%83%A2%E3%83%BB%E3%83%99%E3%83%BC%E3%82%AB%E3%83%AA%E3%83%BC%EF%BC%86%E3%82%AB%E3%83%95%E3%82%A7%20%E6%AD%A6%E8%94%B5%E5%B0%8F%E5%B1%B1%20%E6%9C%AC%E5%BA%97%20%E6%AD%A6%E8%94%B5%E5%B0%8F%E5%B1%B1%E9%A7%85
bricolage bread &amp; co.,35.659225,139.700703,시부야구,渋谷駅,빵,2026,3.7,570,https://tabelog.com/tokyo/A1303/A130301/13261267/,https://www.google.com/maps/search/?api=1&query=bricolage%20bread%20%26amp%3B%20co.%20%E6%B8%8B%E8%B0%B7%E9%A7%85
根津のパン,35.71829,139.765418,분쿄구,根津駅,빵,2026,3.67,445,https://tabelog.com/tokyo/A1311/A131106/13225208/,https://www.google.com/maps/search/?api=1&query=%E6%A0%B9%E6%B4%A5%E3%81%AE%E3%83%91%E3%83%B3%20%E6%A0%B9%E6%B4%A5%E9%A7%85
BAKERY SASA,35.675132,139.668982,시부야구,笹塚駅,빵,2026,3.72,710,https://tabelog.com/tokyo/A1318/A131808/13036943/,https://www.google.com/maps/search/?api=1&query=BAKERY%20SASA%20%E7%AC%B9%E5%A1%9A%E9%A7%85
ラトリエ･デュ･パン,35.662327,139.731527,미나토구,六本木駅,빵,2026,3.78,2186,https://tabelog.com/tokyo/A1307/A130701/13147689/,https://www.google.com/maps/search/?api=1&query=%E3%83%A9%E3%83%88%E3%83%AA%E3%82%A8%EF%BD%A5%E3%83%87%E3%83%A5%EF%BD%A5%E3%83%91%E3%83%B3%20%E5%85%AD%E6%9C%AC%E6%9C%A8%E9%A7%85
クニャーネの店 有楽町店,35.674483,139.763012,지요다구,有楽町駅,빵,2026,3.69,1070,https://tabelog.com/tokyo/A1301/A130102/13266003/,https://www.google.com/maps/search/?api=1&query=%E3%82%AF%E3%83%8B%E3%83%A3%E3%83%BC%E3%83%8D%E3%81%AE%E5%BA%97%20%E6%9C%89%E6%A5%BD%E7%94%BA%E5%BA%97%20%E6%9C%89%E6%A5%BD%E7%94%BA%E9%A7%85
ブーランジェリー・イアナック,35.731555,139.764538,아라카와구,西日暮里駅,빵,2026,3.76,1201,https://tabelog.com/tokyo/A1311/A131105/13048516/,https://www.google.com/maps/search/?api=1&query=%E3%83%96%E3%83%BC%E3%83%A9%E3%83%B3%E3%82%B8%E3%82%A7%E3%83%AA%E3%83%BC%E3%83%BB%E3%82%A4%E3%82%A2%E3%83%8A%E3%83%83%E3%82%AF%20%E8%A5%BF%E6%97%A5%E6%9A%AE%E9%87%8C%E9%A7%85
breadworks 表参道,35.66303,139.712393,미나토구,表参道駅,빵,2026,3.76,1510,https://tabelog.com/tokyo/A1306/A130602/13148002/,https://www.google.com/maps/search/?api=1&query=breadworks%20%E8%A1%A8%E5%8F%82%E9%81%93%20%E8%A1%A8%E5%8F%82%E9%81%93%E9%A7%85
ベーカリー バンク,35.681849,139.778756,주오구,茅場町駅,빵,2026,3.68,1099,https://tabelog.com/tokyo/A1302/A130203/13279852/,https://www.google.com/maps/search/?api=1&query=%E3%83%99%E3%83%BC%E3%82%AB%E3%83%AA%E3%83%BC%20%E3%83%90%E3%83%B3%E3%82%AF%20%E8%8C%85%E5%A0%B4%E7%94%BA%E9%A7%85
ベッカライ・ブロートハイム,35.634971,139.64474,세타가야구,桜新町駅,빵,2026,3.75,890,https://tabelog.com/tokyo/A1317/A131707/13001529/,https://www.google.com/maps/search/?api=1&query=%E3%83%99%E3%83%83%E3%82%AB%E3%83%A9%E3%82%A4%E3%83%BB%E3%83%96%E3%83%AD%E3%83%BC%E3%83%88%E3%83%8F%E3%82%A4%E3%83%A0%20%E6%A1%9C%E6%96%B0%E7%94%BA%E9%A7%85
メゾン ランドゥメンヌ 麻布台,35.660862,139.73837,미나토구,六本木一丁目駅,빵,2026,3.77,1650,https://tabelog.com/tokyo/A1307/A130701/13180316/,https://www.google.com/maps/search/?api=1&query=%E3%83%A1%E3%82%BE%E3%83%B3%20%E3%83%A9%E3%83%B3%E3%83%89%E3%82%A5%E3%83%A1%E3%83%B3%E3%83%8C%20%E9%BA%BB%E5%B8%83%E5%8F%B0%20%E5%85%AD%E6%9C%AC%E6%9C%A8%E4%B8%80%E4%B8%81%E7%9B%AE%E9%A7%85
小麦と酵母 濱田家 三軒茶屋本店,35.642956,139.666832,세타가야구,西太子堂駅,빵,2026,3.75,1107,https://tabelog.com/tokyo/A1317/A131706/13005398/,https://www.google.com/maps/search/?api=1&query=%E5%B0%8F%E9%BA%A6%E3%81%A8%E9%85%B5%E6%AF%8D%20%E6%BF%B1%E7%94%B0%E5%AE%B6%20%E4%B8%89%E8%BB%92%E8%8C%B6%E5%B1%8B%E6%9C%AC%E5%BA%97%20%E8%A5%BF%E5%A4%AA%E5%AD%90%E5%A0%82%E9%A7%85
ブランジュリー パリの空の下,35.642176,139.659954,세타가야구,若林駅,빵,2026,3.71,340,https://tabelog.com/tokyo/A1317/A131709/13100024/,https://www.google.com/maps/search/?api=1&query=%E3%83%96%E3%83%A9%E3%83%B3%E3%82%B8%E3%83%A5%E3%83%AA%E3%83%BC%20%E3%83%91%E3%83%AA%E3%81%AE%E7%A9%BA%E3%81%AE%E4%B8%8B%20%E8%8B%A5%E6%9E%97%E9%A7%85
TOLO PAN TOKYO,35.650132,139.685533,메구로구,池尻大橋駅,빵,2026,3.76,1277,https://tabelog.com/tokyo/A1317/A131705/13093803/,https://www.google.com/maps/search/?api=1&query=TOLO%20PAN%20TOKYO%20%E6%B1%A0%E5%B0%BB%E5%A4%A7%E6%A9%8B%E9%A7%85
カトレア,35.687057,139.798197,고토구,森下駅,빵,2026,3.74,1332,https://tabelog.com/tokyo/A1312/A131201/13002996/,https://www.google.com/maps/search/?api=1&query=%E3%82%AB%E3%83%88%E3%83%AC%E3%82%A2%20%E6%A3%AE%E4%B8%8B%E9%A7%85
ラ ブティック ドゥ ジョエル・ロブション 丸の内ブリックスクエア店,35.678384,139.762584,지요다구,二重橋前駅,빵,2026,3.79,2201,https://tabelog.com/tokyo/A1302/A130201/13096409/,https://www.google.com/maps/search/?api=1&query=%E3%83%A9%20%E3%83%96%E3%83%86%E3%82%A3%E3%83%83%E3%82%AF%20%E3%83%89%E3%82%A5%20%E3%82%B8%E3%83%A7%E3%82%A8%E3%83%AB%E3%83%BB%E3%83%AD%E3%83%96%E3%82%B7%E3%83%A7%E3%83%B3%20%E4%B8%B8%E3%81%AE%E5%86%85%E3%83%96%E3%83%AA%E3%83%83%E3%82%AF%E3%82%B9%E3%82%AF%E3%82%A8%E3%82%A2%E5%BA%97%20%E4%BA%8C%E9%87%8D%E6%A9%8B%E5%89%8D%E9%A7%85
パン焼き工房そーせーじ,35.703549,139.606855,스기나미구,西荻窪駅,빵,2026,3.71,499,https://tabelog.com/tokyo/A1319/A131907/13057538/,https://www.google.com/maps/search/?api=1&query=%E3%83%91%E3%83%B3%E7%84%BC%E3%81%8D%E5%B7%A5%E6%88%BF%E3%81%9D%E3%83%BC%E3%81%9B%E3%83%BC%E3%81%98%20%E8%A5%BF%E8%8D%BB%E7%AA%AA%E9%A7%85
ミカヅキ堂,35.645236,139.669662,세타가야구,三軒茶屋駅,빵,2026,3.73,947,https://tabelog.com/tokyo/A1317/A131706/13197762/,https://www.google.com/maps/search/?api=1&query=%E3%83%9F%E3%82%AB%E3%83%85%E3%82%AD%E5%A0%82%20%E4%B8%89%E8%BB%92%E8%8C%B6%E5%B1%8B%E9%A7%85
ブーランジェリー スドウ,35.643787,139.654906,세타가야구,松陰神社前駅,빵,2026,3.85,1371,https://tabelog.com/tokyo/A1317/A131709/13098861/,https://www.google.com/maps/search/?api=1&query=%E3%83%96%E3%83%BC%E3%83%A9%E3%83%B3%E3%82%B8%E3%82%A7%E3%83%AA%E3%83%BC%20%E3%82%B9%E3%83%89%E3%82%A6%20%E6%9D%BE%E9%99%B0%E7%A5%9E%E7%A4%BE%E5%89%8D%E9%A7%85
ゴントラン シェリエ 東京青山店,35.662801,139.709485,시부야구,表参道駅,빵,2026,3.74,1146,https://tabelog.com/tokyo/A1306/A130602/13260920/,https://www.google.com/maps/search/?api=1&query=%E3%82%B4%E3%83%B3%E3%83%88%E3%83%A9%E3%83%B3%20%E3%82%B7%E3%82%A7%E3%83%AA%E3%82%A8%20%E6%9D%B1%E4%BA%AC%E9%9D%92%E5%B1%B1%E5%BA%97%20%E8%A1%A8%E5%8F%82%E9%81%93%E9%A7%85
アルチザン・ブーランジェ・クピド,35.60347,139.673889,세타가야구,奥沢駅,빵,2026,3.77,857,https://tabelog.com/tokyo/A1317/A131711/13035704/,https://www.google.com/maps/search/?api=1&query=%E3%82%A2%E3%83%AB%E3%83%81%E3%82%B6%E3%83%B3%E3%83%BB%E3%83%96%E3%83%BC%E3%83%A9%E3%83%B3%E3%82%B8%E3%82%A7%E3%83%BB%E3%82%AF%E3%83%94%E3%83%89%20%E5%A5%A5%E6%B2%A2%E9%A7%85
BURDIGALA TOKYO,35.681232,139.76702,지요다구,東京駅,빵,2026,3.75,2891,https://tabelog.com/tokyo/A1302/A130201/13044260/,https://www.google.com/maps/search/?api=1&query=BURDIGALA%20TOKYO%20%E6%9D%B1%E4%BA%AC%E9%A7%85
セントル ザ・ベーカリー,35.675543,139.766603,주오구,銀座一丁目駅,빵,2026,3.86,2872,https://tabelog.com/tokyo/A1301/A130101/13157424/,https://www.google.com/maps/search/?api=1&query=%E3%82%BB%E3%83%B3%E3%83%88%E3%83%AB%20%E3%82%B6%E3%83%BB%E3%83%99%E3%83%BC%E3%82%AB%E3%83%AA%E3%83%BC%20%E9%8A%80%E5%BA%A7%E4%B8%80%E4%B8%81%E7%9B%AE%E9%A7%85
Comme’N TOKYO 本店,35.605789,139.661877,세타가야구,九品仏駅,빵,2026,3.77,1402,https://tabelog.com/tokyo/A1317/A131715/13249511/,https://www.google.com/maps/search/?api=1&query=Comme%E2%80%99N%20TOKYO%20%E6%9C%AC%E5%BA%97%20%E4%B9%9D%E5%93%81%E4%BB%8F%E9%A7%85
フォートナム・アンド・メイソン・コンセプトショップ 日本橋三越店,35.684959,139.774179,주오구,三越前駅,빵,2026,3.73,827,https://tabelog.com/tokyo/A1302/A130202/13059381/,https://www.google.com/maps/search/?api=1&query=%E3%83%95%E3%82%A9%E3%83%BC%E3%83%88%E3%83%8A%E3%83%A0%E3%83%BB%E3%82%A2%E3%83%B3%E3%83%89%E3%83%BB%E3%83%A1%E3%82%A4%E3%82%BD%E3%83%B3%E3%83%BB%E3%82%B3%E3%83%B3%E3%82%BB%E3%83%97%E3%83%88%E3%82%B7%E3%83%A7%E3%83%83%E3%83%97%20%E6%97%A5%E6%9C%AC%E6%A9%8B%E4%B8%89%E8%B6%8A%E5%BA%97%20%E4%B8%89%E8%B6%8A%E5%89%8D%E9%A7%85
ポワンエリーニュ,35.682335,139.763872,지요다구,二重橋前駅,빵,2026,3.79,3401,https://tabelog.com/tokyo/A1302/A130201/13038468/,https://www.google.com/maps/search/?api=1&query=%E3%83%9D%E3%83%AF%E3%83%B3%E3%82%A8%E3%83%AA%E3%83%BC%E3%83%8B%E3%83%A5%20%E4%BA%8C%E9%87%8D%E6%A9%8B%E5%89%8D%E9%A7%85
ル・プチメック 日比谷店,35.673333,139.760113,지요다구,日比谷駅,빵,2026,3.74,2732,https://tabelog.com/tokyo/A1301/A130102/13219670/,https://www.google.com/maps/search/?api=1&query=%E3%83%AB%E3%83%BB%E3%83%97%E3%83%81%E3%83%A1%E3%83%83%E3%82%AF%20%E6%97%A5%E6%AF%94%E8%B0%B7%E5%BA%97%20%E6%97%A5%E6%AF%94%E8%B0%B7%E9%A7%85
トラスパレンテ 中目黒店,35.642608,139.698473,메구로구,中目黒駅,빵,2026,3.75,1190,https://tabelog.com/tokyo/A1317/A131701/13187231/,https://www.google.com/maps/search/?api=1&query=%E3%83%88%E3%83%A9%E3%82%B9%E3%83%91%E3%83%AC%E3%83%B3%E3%83%86%20%E4%B8%AD%E7%9B%AE%E9%BB%92%E5%BA%97%20%E4%B8%AD%E7%9B%AE%E9%BB%92%E9%A7%85
ラ ブティック ドゥ ジョエル・ロブション 恵比寿ガーデンプレイス店,35.641915,139.714538,메구로구,恵比寿駅,빵,2026,3.78,1145,https://tabelog.com/tokyo/A1303/A130302/13014064/,https://www.google.com/maps/search/?api=1&query=%E3%83%A9%20%E3%83%96%E3%83%86%E3%82%A3%E3%83%83%E3%82%AF%20%E3%83%89%E3%82%A5%20%E3%82%B8%E3%83%A7%E3%82%A8%E3%83%AB%E3%83%BB%E3%83%AD%E3%83%96%E3%82%B7%E3%83%A7%E3%83%B3%20%E6%81%B5%E6%AF%94%E5%AF%BF%E3%82%AC%E3%83%BC%E3%83%87%E3%83%B3%E3%83%97%E3%83%AC%E3%82%A4%E3%82%B9%E5%BA%97%20%E6%81%B5%E6%AF%94%E5%AF%BF%E9%A7%85
Comme’N TOKYO 麻布台ヒルズ店,35.66201,139.741661,미나토구,神谷町駅,빵,2026,3.7,881,https://tabelog.com/tokyo/A1307/A130701/13294775/,https://www.google.com/maps/search/?api=1&query=Comme%E2%80%99N%20TOKYO%20%E9%BA%BB%E5%B8%83%E5%8F%B0%E3%83%92%E3%83%AB%E3%82%BA%E5%BA%97%20%E7%A5%9E%E8%B0%B7%E7%94%BA%E9%A7%85
RITUEL LE GRAIN DE BLE 伊勢丹新宿店,35.691582,139.704656,신주쿠구,新宿三丁目駅,빵,2026,3.68,638,https://tabelog.com/tokyo/A1304/A130401/13212053/,https://www.google.com/maps/search/?api=1&query=RITUEL%20LE%20GRAIN%20DE%20BLE%20%E4%BC%8A%E5%8B%A2%E4%B8%B9%E6%96%B0%E5%AE%BF%E5%BA%97%20%E6%96%B0%E5%AE%BF%E4%B8%89%E4%B8%81%E7%9B%AE%E9%A7%85
パーラー江古田,35.739868,139.67108,네리마구,新桜台駅,빵,2026,3.83,1378,https://tabelog.com/tokyo/A1321/A132101/13185945/,https://www.google.com/maps/search/?api=1&query=%E3%83%91%E3%83%BC%E3%83%A9%E3%83%BC%E6%B1%9F%E5%8F%A4%E7%94%B0%20%E6%96%B0%E6%A1%9C%E5%8F%B0%E9%A7%85
ブーランジェリー・ジャンゴ,35.684315,139.789558,주오구,水天宮前駅,빵,2026,3.68,534,https://tabelog.com/tokyo/A1302/A130204/13234707/,https://www.google.com/maps/search/?api=1&query=%E3%83%96%E3%83%BC%E3%83%A9%E3%83%B3%E3%82%B8%E3%82%A7%E3%83%AA%E3%83%BC%E3%83%BB%E3%82%B8%E3%83%A3%E3%83%B3%E3%82%B4%20%E6%B0%B4%E5%A4%A9%E5%AE%AE%E5%89%8D%E9%A7%85
しげくに屋55ベーカリー,35.706139,139.648996,스기나미구,高円寺駅,빵,2026,3.73,854,https://tabelog.com/tokyo/A1319/A131904/13172510/,https://www.google.com/maps/search/?api=1&query=%E3%81%97%E3%81%92%E3%81%8F%E3%81%AB%E5%B1%8B55%E3%83%99%E3%83%BC%E3%82%AB%E3%83%AA%E3%83%BC%20%E9%AB%98%E5%86%86%E5%AF%BA%E9%A7%85
ルヴァン 富ヶ谷店,35.667753,139.685791,시부야구,代々木八幡駅,빵,2026,3.77,1098,https://tabelog.com/tokyo/A1318/A131810/13001841/,https://www.google.com/maps/search/?api=1&query=%E3%83%AB%E3%83%B4%E3%82%A1%E3%83%B3%20%E5%AF%8C%E3%83%B6%E8%B0%B7%E5%BA%97%20%E4%BB%A3%E3%80%85%E6%9C%A8%E5%85%AB%E5%B9%A1%E9%A7%85
365日と日本橋,35.681376,139.773404,주오구,日本橋駅,빵,2026,3.78,1871,https://tabelog.com/tokyo/A1302/A130202/13226439/,https://www.google.com/maps/search/?api=1&query=365%E6%97%A5%E3%81%A8%E6%97%A5%E6%9C%AC%E6%A9%8B%20%E6%97%A5%E6%9C%AC%E6%A9%8B%E9%A7%85
パン屋 塩見,35.6836,139.69593,시부야구,南新宿駅,빵,2026,3.69,407,https://tabelog.com/tokyo/A1304/A130401/13253527/,https://www.google.com/maps/search/?api=1&query=%E3%83%91%E3%83%B3%E5%B1%8B%20%E5%A1%A9%E8%A6%8B%20%E5%8D%97%E6%96%B0%E5%AE%BF%E9%A7%85
パン・デ・フィロゾフ,35.705134,139.737881,신주쿠구,神楽坂駅,빵,2026,3.85,1630,https://tabelog.com/tokyo/A1309/A130905/13213156/,https://www.google.com/maps/search/?api=1&query=%E3%83%91%E3%83%B3%E3%83%BB%E3%83%87%E3%83%BB%E3%83%95%E3%82%A3%E3%83%AD%E3%82%BE%E3%83%95%20%E7%A5%9E%E6%A5%BD%E5%9D%82%E9%A7%85
パサージュ ア ニヴォ,35.702002,139.546583,武蔵野구,武蔵境駅,빵,2026,3.72,707,https://tabelog.com/tokyo/A1320/A132003/13056438/,https://www.google.com/maps/search/?api=1&query=%E3%83%91%E3%82%B5%E3%83%BC%E3%82%B8%E3%83%A5%20%E3%82%A2%20%E3%83%8B%E3%83%B4%E3%82%A9%20%E6%AD%A6%E8%94%B5%E5%A2%83%E9%A7%85
レジニシエ,35.720594,139.764227,분쿄구,根津駅,빵,2026,3.7,428,https://tabelog.com/tokyo/A1311/A131106/13240670/,https://www.google.com/maps/search/?api=1&query=%E3%83%AC%E3%82%B8%E3%83%8B%E3%82%B7%E3%82%A8%20%E6%A0%B9%E6%B4%A5%E9%A7%85
ビーバー ブレッド,35.690943,139.782381,주오구,馬喰横山駅,빵,2026,3.74,1406,https://tabelog.com/tokyo/A1302/A130204/13215647/,https://www.google.com/maps/search/?api=1&query=%E3%83%93%E3%83%BC%E3%83%90%E3%83%BC%20%E3%83%96%E3%83%AC%E3%83%83%E3%83%89%20%E9%A6%AC%E5%96%B0%E6%A8%AA%E5%B1%B1%E9%A7%85
ジャン フランコ,35.6288,139.634863,세타가야구,用賀駅,빵,2026,3.73,601,https://tabelog.com/tokyo/A1317/A131707/13169306/,https://www.google.com/maps/search/?api=1&query=%E3%82%B8%E3%83%A3%E3%83%B3%20%E3%83%95%E3%83%A9%E3%83%B3%E3%82%B3%20%E7%94%A8%E8%B3%80%E9%A7%85
塩パン屋 パン・メゾン すみだ浅草通り店,35.708726,139.802403,스미다구,本所吾妻橋駅,빵,2026,3.67,1132,https://tabelog.com/tokyo/A1312/A131203/13218249/,https://www.google.com/maps/search/?api=1&query=%E5%A1%A9%E3%83%91%E3%83%B3%E5%B1%8B%20%E3%83%91%E3%83%B3%E3%83%BB%E3%83%A1%E3%82%BE%E3%83%B3%20%E3%81%99%E3%81%BF%E3%81%A0%E6%B5%85%E8%8D%89%E9%80%9A%E3%82%8A%E5%BA%97%20%E6%9C%AC%E6%89%80%E5%90%BE%E5%A6%BB%E6%A9%8B%E9%A7%85
カタネベーカリー,35.673538,139.682043,시부야구,代々木上原駅,빵,2026,3.77,1242,https://tabelog.com/tokyo/A1318/A131811/13020931/,https://www.google.com/maps/search/?api=1&query=%E3%82%AB%E3%82%BF%E3%83%8D%E3%83%99%E3%83%BC%E3%82%AB%E3%83%AA%E3%83%BC%20%E4%BB%A3%E3%80%85%E6%9C%A8%E4%B8%8A%E5%8E%9F%E9%A7%85
ル・グルニエ・ア・パン アトレ恵比寿店,35.646653,139.70959,시부야구,恵比寿駅,빵,2026,3.75,1749,https://tabelog.com/tokyo/A1303/A130302/13194633/,https://www.google.com/maps/search/?api=1&query=%E3%83%AB%E3%83%BB%E3%82%B0%E3%83%AB%E3%83%8B%E3%82%A8%E3%83%BB%E3%82%A2%E3%83%BB%E3%83%91%E3%83%B3%20%E3%82%A2%E3%83%88%E3%83%AC%E6%81%B5%E6%AF%94%E5%AF%BF%E5%BA%97%20%E6%81%B5%E6%AF%94%E5%AF%BF%E9%A7%85
amam dacotan 表参道店,35.664549,139.711065,미나토구,表参道駅,빵,2026,3.73,1629,https://tabelog.com/tokyo/A1306/A130602/13263952/,https://www.google.com/maps/search/?api=1&query=amam%20dacotan%20%E8%A1%A8%E5%8F%82%E9%81%93%E5%BA%97%20%E8%A1%A8%E5%8F%82%E9%81%93%E9%A7%85
ファクトリー,35.693178,139.743545,지요다구,九段下駅,빵,2026,3.77,1569,https://tabelog.com/tokyo/A1309/A130904/13093265/,https://www.google.com/maps/search/?api=1&query=%E3%83%95%E3%82%A1%E3%82%AF%E3%83%88%E3%83%AA%E3%83%BC%20%E4%B9%9D%E6%AE%B5%E4%B8%8B%E9%A7%85
ダンディゾン,35.706489,139.576085,武蔵野구,吉祥寺駅,빵,2026,3.82,1533,https://tabelog.com/tokyo/A1320/A132001/13005834/,https://www.google.com/maps/search/?api=1&query=%E3%83%80%E3%83%B3%E3%83%87%E3%82%A3%E3%82%BE%E3%83%B3%20%E5%90%89%E7%A5%A5%E5%AF%BA%E9%A7%85
カフェ・トロワバグ,35.696369,139.758211,지요다구,神保町駅,킷사텐,2026,3.73,1194,https://tabelog.com/tokyo/A1310/A131003/13011637/,https://www.google.com/maps/search/?api=1&query=%E3%82%AB%E3%83%95%E3%82%A7%E3%83%BB%E3%83%88%E3%83%AD%E3%83%AF%E3%83%90%E3%82%B0%20%E7%A5%9E%E4%BF%9D%E7%94%BA%E9%A7%85
タイズ,35.707572,139.764455,분쿄구,本郷三丁目駅,킷사텐,2026,3.75,807,https://tabelog.com/tokyo/A1310/A131004/13018359/,https://www.google.com/maps/search/?api=1&query=%E3%82%BF%E3%82%A4%E3%82%BA%20%E6%9C%AC%E9%83%B7%E4%B8%89%E4%B8%81%E7%9B%AE%E9%A7%85
珈琲道場 侍,35.696968,139.828576,고토구,亀戸駅,킷사텐,2026,3.71,1075,https://tabelog.com/tokyo/A1312/A131202/13018018/,https://www.google.com/maps/search/?api=1&query=%E7%8F%88%E7%90%B2%E9%81%93%E5%A0%B4%20%E4%BE%8D%20%E4%BA%80%E6%88%B8%E9%A7%85
自家焙煎珈琲庵,35.711202,139.75353,분쿄구,春日駅,킷사텐,2026,3.64,511,https://tabelog.com/tokyo/A1310/A131004/13058418/,https://www.google.com/maps/search/?api=1&query=%E8%87%AA%E5%AE%B6%E7%84%99%E7%85%8E%E7%8F%88%E7%90%B2%E5%BA%B5%20%E6%98%A5%E6%97%A5%E9%A7%85
ラドリオ,35.695648,139.759808,지요다구,神保町駅,킷사텐,2026,3.71,1200,https://tabelog.com/tokyo/A1310/A131003/13006555/,https://www.google.com/maps/search/?api=1&query=%E3%83%A9%E3%83%89%E3%83%AA%E3%82%AA%20%E7%A5%9E%E4%BF%9D%E7%94%BA%E9%A7%85
カフェ・アンセーニュ・ダングル 自由が丘店,35.608054,139.67027,메구로구,自由が丘駅,킷사텐,2026,3.71,1001,https://tabelog.com/tokyo/A1317/A131703/13017724/,https://www.google.com/maps/search/?api=1&query=%E3%82%AB%E3%83%95%E3%82%A7%E3%83%BB%E3%82%A2%E3%83%B3%E3%82%BB%E3%83%BC%E3%83%8B%E3%83%A5%E3%83%BB%E3%83%80%E3%83%B3%E3%82%B0%E3%83%AB%20%E8%87%AA%E7%94%B1%E3%81%8C%E4%B8%98%E5%BA%97%20%E8%87%AA%E7%94%B1%E3%81%8C%E4%B8%98%E9%A7%85
コヒア アラビカ,35.675499,139.736633,미나토구,赤坂見附駅,킷사텐,2026,3.69,632,https://tabelog.com/tokyo/A1308/A130801/13013444/,https://www.google.com/maps/search/?api=1&query=%E3%82%B3%E3%83%92%E3%82%A2%20%E3%82%A2%E3%83%A9%E3%83%93%E3%82%AB%20%E8%B5%A4%E5%9D%82%E8%A6%8B%E9%99%84%E9%A7%85
ツェーンコーヒー,35.70662,139.770107,분쿄구,湯島駅,킷사텐,2026,3.71,630,https://tabelog.com/tokyo/A1311/A131101/13043953/,https://www.google.com/maps/search/?api=1&query=%E3%83%84%E3%82%A7%E3%83%BC%E3%83%B3%E3%82%B3%E3%83%BC%E3%83%92%E3%83%BC%20%E6%B9%AF%E5%B3%B6%E9%A7%85
自家焙煎珈琲 凡,35.692732,139.700778,신주쿠구,新宿西口駅,킷사텐,2026,3.71,1152,https://tabelog.com/tokyo/A1304/A130401/13000735/,https://www.google.com/maps/search/?api=1&query=%E8%87%AA%E5%AE%B6%E7%84%99%E7%85%8E%E7%8F%88%E7%90%B2%20%E5%87%A1%20%E6%96%B0%E5%AE%BF%E8%A5%BF%E5%8F%A3%E9%A7%85
トゥジュール デビュテ,35.627086,139.723316,시나가와구,五反田駅,킷사텐,2026,3.72,815,https://tabelog.com/tokyo/A1316/A131603/13059498/,https://www.google.com/maps/search/?api=1&query=%E3%83%88%E3%82%A5%E3%82%B8%E3%83%A5%E3%83%BC%E3%83%AB%20%E3%83%87%E3%83%93%E3%83%A5%E3%83%86%20%E4%BA%94%E5%8F%8D%E7%94%B0%E9%A7%85
皇琲亭,35.731256,139.713865,도시마구,池袋駅,킷사텐,2026,3.74,2123,https://tabelog.com/tokyo/A1305/A130501/13003947/,https://www.google.com/maps/search/?api=1&query=%E7%9A%87%E7%90%B2%E4%BA%AD%20%E6%B1%A0%E8%A2%8B%E9%A7%85
Cafe Bach,35.726824,139.800405,다이토구,南千住駅,킷사텐,2026,3.76,980,https://tabelog.com/tokyo/A1324/A132401/13003759/,https://www.google.com/maps/search/?api=1&query=Cafe%20Bach%20%E5%8D%97%E5%8D%83%E4%BD%8F%E9%A7%85
草枕,35.669044,139.752887,미나토구,内幸町駅,킷사텐,2026,3.76,879,https://tabelog.com/tokyo/A1301/A130103/13043012/,https://www.google.com/maps/search/?api=1&query=%E8%8D%89%E6%9E%95%20%E5%86%85%E5%B9%B8%E7%94%BA%E9%A7%85
トロワ・シャンブル,35.659255,139.667355,세타가야구,下北沢駅,킷사텐,2026,3.7,820,https://tabelog.com/tokyo/A1318/A131802/13013091/,https://www.google.com/maps/search/?api=1&query=%E3%83%88%E3%83%AD%E3%83%AF%E3%83%BB%E3%82%B7%E3%83%A3%E3%83%B3%E3%83%96%E3%83%AB%20%E4%B8%8B%E5%8C%97%E6%B2%A2%E9%A7%85
カフェ ウィーン 日本橋三越本店,35.685904,139.773743,주오구,三越前駅,킷사텐,2026,3.65,604,https://tabelog.com/tokyo/A1302/A130202/13011194/,https://www.google.com/maps/search/?api=1&query=%E3%82%AB%E3%83%95%E3%82%A7%20%E3%82%A6%E3%82%A3%E3%83%BC%E3%83%B3%20%E6%97%A5%E6%9C%AC%E6%A9%8B%E4%B8%89%E8%B6%8A%E6%9C%AC%E5%BA%97%20%E4%B8%89%E8%B6%8A%E5%89%8D%E9%A7%85
カヤバ珈琲,35.721166,139.77073,다이토구,根津駅,킷사텐,2026,3.75,1488,https://tabelog.com/tokyo/A1311/A131104/13019585/,https://www.google.com/maps/search/?api=1&query=%E3%82%AB%E3%83%A4%E3%83%90%E7%8F%88%E7%90%B2%20%E6%A0%B9%E6%B4%A5%E9%A7%85
炭火焼珈琲 蔵,35.732694,139.709807,도시마구,池袋駅,킷사텐,2026,3.7,1143,https://tabelog.com/tokyo/A1305/A130501/13089625/,https://www.google.com/maps/search/?api=1&query=%E7%82%AD%E7%81%AB%E7%84%BC%E7%8F%88%E7%90%B2%20%E8%94%B5%20%E6%B1%A0%E8%A2%8B%E9%A7%85
喫茶サテラ,35.660735,139.706305,시부야구,渋谷駅,킷사텐,2026,3.66,850,https://tabelog.com/tokyo/A1303/A130301/13253683/,https://www.google.com/maps/search/?api=1&query=%E5%96%AB%E8%8C%B6%E3%82%B5%E3%83%86%E3%83%A9%20%E6%B8%8B%E8%B0%B7%E9%A7%85
十一房珈琲店,35.674896,139.765758,주오구,銀座一丁目駅,킷사텐,2026,3.77,1373,https://tabelog.com/tokyo/A1301/A130101/13007721/,https://www.google.com/maps/search/?api=1&query=%E5%8D%81%E4%B8%80%E6%88%BF%E7%8F%88%E7%90%B2%E5%BA%97%20%E9%8A%80%E5%BA%A7%E4%B8%80%E4%B8%81%E7%9B%AE%E9%A7%85
カフェ香咲,35.67121,139.71368,시부야구,外苑前駅,킷사텐,2026,3.69,1125,https://tabelog.com/tokyo/A1306/A130601/13001955/,https://www.google.com/maps/search/?api=1&query=%E3%82%AB%E3%83%95%E3%82%A7%E9%A6%99%E5%92%B2%20%E5%A4%96%E8%8B%91%E5%89%8D%E9%A7%85
ワンモア,35.707784,139.842663,에도가와구,平井駅,킷사텐,2026,3.67,563,https://tabelog.com/tokyo/A1312/A131202/13002937/,https://www.google.com/maps/search/?api=1&query=%E3%83%AF%E3%83%B3%E3%83%A2%E3%82%A2%20%E5%B9%B3%E4%BA%95%E9%A7%85
ミロンガ ヌオーバ,35.695607,139.759694,지요다구,神保町駅,킷사텐,2026,3.65,533,https://tabelog.com/tokyo/A1310/A131003/13281958/,https://www.google.com/maps/search/?api=1&query=%E3%83%9F%E3%83%AD%E3%83%B3%E3%82%AC%20%E3%83%8C%E3%82%AA%E3%83%BC%E3%83%90%20%E7%A5%9E%E4%BF%9D%E7%94%BA%E9%A7%85
カフェ・ラパン,35.705673,139.772662,다이토구,上野広小路駅,킷사텐,2026,3.65,564,https://tabelog.com/tokyo/A1311/A131101/13016744/,https://www.google.com/maps/search/?api=1&query=%E3%82%AB%E3%83%95%E3%82%A7%E3%83%BB%E3%83%A9%E3%83%91%E3%83%B3%20%E4%B8%8A%E9%87%8E%E5%BA%83%E5%B0%8F%E8%B7%AF%E9%A7%85
アメリカン,35.66979,139.768739,주오구,東銀座駅,킷사텐,2026,3.69,2101,https://tabelog.com/tokyo/A1301/A130101/13051375/,https://www.google.com/maps/search/?api=1&query=%E3%82%A2%E3%83%A1%E3%83%AA%E3%82%AB%E3%83%B3%20%E6%9D%B1%E9%8A%80%E5%BA%A7%E9%A7%85
ダフニ,35.649055,139.746087,미나토구,三田駅,킷사텐,2026,3.69,438,https://tabelog.com/tokyo/A1314/A131402/13056306/,https://www.google.com/maps/search/?api=1&query=%E3%83%80%E3%83%95%E3%83%8B%20%E4%B8%89%E7%94%B0%E9%A7%85
天のや,35.653257,139.736374,미나토구,麻布十番駅,킷사텐,2026,3.74,881,https://tabelog.com/tokyo/A1307/A130702/13014306/,https://www.google.com/maps/search/?api=1&query=%E5%A4%A9%E3%81%AE%E3%82%84%20%E9%BA%BB%E5%B8%83%E5%8D%81%E7%95%AA%E9%A7%85
COFFEE HALL くぐつ草,35.704203,139.578292,武蔵野구,吉祥寺駅,킷사텐,2026,3.72,1903,https://tabelog.com/tokyo/A1320/A132001/13005791/,https://www.google.com/maps/search/?api=1&query=COFFEE%20HALL%20%E3%81%8F%E3%81%90%E3%81%A4%E8%8D%89%20%E5%90%89%E7%A5%A5%E5%AF%BA%E9%A7%85
神田伯剌西爾,35.69575,139.759561,지요다구,神保町駅,킷사텐,2026,3.71,1205,https://tabelog.com/tokyo/A1310/A131003/13011590/,https://www.google.com/maps/search/?api=1&query=%E7%A5%9E%E7%94%B0%E4%BC%AF%E5%89%8C%E8%A5%BF%E7%88%BE%20%E7%A5%9E%E4%BF%9D%E7%94%BA%E9%A7%85
銀座ブラジル 浅草支店,35.712176,139.794564,다이토구,浅草（つくばＥＸＰ）駅,킷사텐,2026,3.63,478,https://tabelog.com/tokyo/A1311/A131102/13022134/,https://www.google.com/maps/search/?api=1&query=%E9%8A%80%E5%BA%A7%E3%83%96%E3%83%A9%E3%82%B8%E3%83%AB%20%E6%B5%85%E8%8D%89%E6%94%AF%E5%BA%97%20%E6%B5%85%E8%8D%89%EF%BC%88%E3%81%A4%E3%81%8F%E3%81%B0%EF%BC%A5%EF%BC%B8%EF%BC%B0%EF%BC%89%E9%A7%85
カフェテラス ポンヌフ,35.666288,139.75957,미나토구,新橋駅,킷사텐,2026,3.64,1528,https://tabelog.com/tokyo/A1301/A130103/13024964/,https://www.google.com/maps/search/?api=1&query=%E3%82%AB%E3%83%95%E3%82%A7%E3%83%86%E3%83%A9%E3%82%B9%20%E3%83%9D%E3%83%B3%E3%83%8C%E3%83%95%20%E6%96%B0%E6%A9%8B%E9%A7%85
ヴェルデ,35.646387,139.706494,시부야구,代官山駅,킷사텐,2026,3.71,984,https://tabelog.com/tokyo/A1303/A130302/13050095/,https://www.google.com/maps/search/?api=1&query=%E3%83%B4%E3%82%A7%E3%83%AB%E3%83%87%20%E4%BB%A3%E5%AE%98%E5%B1%B1%E9%A7%85
アンセーニュダングル 原宿店,35.673712,139.704095,시부야구,原宿駅,킷사텐,2026,3.72,769,https://tabelog.com/tokyo/A1306/A130601/13007015/,https://www.google.com/maps/search/?api=1&query=%E3%82%A2%E3%83%B3%E3%82%BB%E3%83%BC%E3%83%8B%E3%83%A5%E3%83%80%E3%83%B3%E3%82%B0%E3%83%AB%20%E5%8E%9F%E5%AE%BF%E5%BA%97%20%E5%8E%9F%E5%AE%BF%E9%A7%85
一六珈琲店,35.695804,139.416763,立川구,立川駅,킷사텐,2026,3.68,598,https://tabelog.com/tokyo/A1329/A132901/13039610/,https://www.google.com/maps/search/?api=1&query=%E4%B8%80%E5%85%AD%E7%8F%88%E7%90%B2%E5%BA%97%20%E7%AB%8B%E5%B7%9D%E9%A7%85
茶亭 羽當,35.66047,139.702785,시부야구,渋谷駅,킷사텐,2026,3.76,2193,https://tabelog.com/tokyo/A1303/A130301/13001169/,https://www.google.com/maps/search/?api=1&query=%E8%8C%B6%E4%BA%AD%20%E7%BE%BD%E7%95%B6%20%E6%B8%8B%E8%B0%B7%E9%A7%85
胡桃堂喫茶店,35.701597,139.48357,国分寺구,国分寺駅,킷사텐,2026,3.7,699,https://tabelog.com/tokyo/A1325/A132502/13206891/,https://www.google.com/maps/search/?api=1&query=%E8%83%A1%E6%A1%83%E5%A0%82%E5%96%AB%E8%8C%B6%E5%BA%97%20%E5%9B%BD%E5%88%86%E5%AF%BA%E9%A7%85
茶房 武蔵野文庫,35.705142,139.576903,武蔵野구,吉祥寺駅,킷사텐,2026,3.7,1132,https://tabelog.com/tokyo/A1320/A132001/13005823/,https://www.google.com/maps/search/?api=1&query=%E8%8C%B6%E6%88%BF%20%E6%AD%A6%E8%94%B5%E9%87%8E%E6%96%87%E5%BA%AB%20%E5%90%89%E7%A5%A5%E5%AF%BA%E9%A7%85
珈琲 王城,35.710037,139.775869,다이토구,京成上野駅,킷사텐,2026,3.64,1414,https://tabelog.com/tokyo/A1311/A131101/13016735/,https://www.google.com/maps/search/?api=1&query=%E7%8F%88%E7%90%B2%20%E7%8E%8B%E5%9F%8E%20%E4%BA%AC%E6%88%90%E4%B8%8A%E9%87%8E%E9%A7%85
ヘッケルン,35.667874,139.752181,미나토구,虎ノ門駅,킷사텐,2026,3.68,915,https://tabelog.com/tokyo/A1308/A130802/13057178/,https://www.google.com/maps/search/?api=1&query=%E3%83%98%E3%83%83%E3%82%B1%E3%83%AB%E3%83%B3%20%E8%99%8E%E3%83%8E%E9%96%80%E9%A7%85
さぼうる,35.69557,139.758603,지요다구,神保町駅,킷사텐,2026,3.7,1754,https://tabelog.com/tokyo/A1310/A131003/13000609/,https://www.google.com/maps/search/?api=1&query=%E3%81%95%E3%81%BC%E3%81%86%E3%82%8B%20%E7%A5%9E%E4%BF%9D%E7%94%BA%E9%A7%85
珈琲舎 蔵,35.697096,139.759347,지요다구,神保町駅,킷사텐,2026,3.72,755,https://tabelog.com/tokyo/A1310/A131003/13011597/,https://www.google.com/maps/search/?api=1&query=%E7%8F%88%E7%90%B2%E8%88%8E%20%E8%94%B5%20%E7%A5%9E%E4%BF%9D%E7%94%BA%E9%A7%85
DEN,35.722175,139.781472,다이토구,鶯谷駅,킷사텐,2026,3.68,979,https://tabelog.com/tokyo/A1311/A131104/13041212/,https://www.google.com/maps/search/?api=1&query=DEN%20%E9%B6%AF%E8%B0%B7%E9%A7%85
ロッジ赤石,35.71701,139.795121,다이토구,浅草（つくばＥＸＰ）駅,킷사텐,2026,3.7,1203,https://tabelog.com/tokyo/A1311/A131102/13058004/,https://www.google.com/maps/search/?api=1&query=%E3%83%AD%E3%83%83%E3%82%B8%E8%B5%A4%E7%9F%B3%20%E6%B5%85%E8%8D%89%EF%BC%88%E3%81%A4%E3%81%8F%E3%81%B0%EF%BC%A5%EF%BC%B8%EF%BC%B0%EF%BC%89%E9%A7%85
古瀬戸珈琲店,35.696155,139.761327,지요다구,神保町駅,킷사텐,2026,3.73,1071,https://tabelog.com/tokyo/A1310/A131002/13006272/,https://www.google.com/maps/search/?api=1&query=%E5%8F%A4%E7%80%AC%E6%88%B8%E7%8F%88%E7%90%B2%E5%BA%97%20%E7%A5%9E%E4%BF%9D%E7%94%BA%E9%A7%85
ローヤル珈琲店 本店,35.71271,139.794395,다이토구,浅草（つくばＥＸＰ）駅,킷사텐,2026,3.68,1053,https://tabelog.com/tokyo/A1311/A131102/13008614/,https://www.google.com/maps/search/?api=1&query=%E3%83%AD%E3%83%BC%E3%83%A4%E3%83%AB%E7%8F%88%E7%90%B2%E5%BA%97%20%E6%9C%AC%E5%BA%97%20%E6%B5%85%E8%8D%89%EF%BC%88%E3%81%A4%E3%81%8F%E3%81%B0%EF%BC%A5%EF%BC%B8%EF%BC%B0%EF%BC%89%E9%A7%85
ピノキオ,35.744781,139.706869,이타바시구,大山駅,킷사텐,2026,3.69,1033,https://tabelog.com/tokyo/A1322/A132203/13088456/,https://www.google.com/maps/search/?api=1&query=%E3%83%94%E3%83%8E%E3%82%AD%E3%82%AA%20%E5%A4%A7%E5%B1%B1%E9%A7%85
YOU,35.669473,139.768667,주오구,東銀座駅,킷사텐,2026,3.73,3656,https://tabelog.com/tokyo/A1301/A130101/13002318/,https://www.google.com/maps/search/?api=1&query=YOU%20%E6%9D%B1%E9%8A%80%E5%BA%A7%E9%A7%85
珈琲 天国,35.713046,139.794135,다이토구,浅草（つくばＥＸＰ）駅,킷사텐,2026,3.64,1012,https://tabelog.com/tokyo/A1311/A131102/13025425/,https://www.google.com/maps/search/?api=1&query=%E7%8F%88%E7%90%B2%20%E5%A4%A9%E5%9B%BD%20%E6%B5%85%E8%8D%89%EF%BC%88%E3%81%A4%E3%81%8F%E3%81%B0%EF%BC%A5%EF%BC%B8%EF%BC%B0%EF%BC%89%E9%A7%85
珈琲専門店 トミィ,35.698805,139.812513,스미다구,錦糸町駅,킷사텐,2026,3.67,711,https://tabelog.com/tokyo/A1312/A131201/13007983/,https://www.google.com/maps/search/?api=1&query=%E7%8F%88%E7%90%B2%E5%B0%82%E9%96%80%E5%BA%97%20%E3%83%88%E3%83%9F%E3%82%A3%20%E9%8C%A6%E7%B3%B8%E7%94%BA%E9%A7%85
トリコロール 本店,35.670223,139.765069,주오구,東銀座駅,킷사텐,2026,3.75,2190,https://tabelog.com/tokyo/A1301/A130101/13007761/,https://www.google.com/maps/search/?api=1&query=%E3%83%88%E3%83%AA%E3%82%B3%E3%83%AD%E3%83%BC%E3%83%AB%20%E6%9C%AC%E5%BA%97%20%E6%9D%B1%E9%8A%80%E5%BA%A7%E9%A7%85
珈琲亭 ルアン,35.586113,139.726797,오타구,大森駅,킷사텐,2026,3.71,1047,https://tabelog.com/tokyo/A1315/A131502/13008294/,https://www.google.com/maps/search/?api=1&query=%E7%8F%88%E7%90%B2%E4%BA%AD%20%E3%83%AB%E3%82%A2%E3%83%B3%20%E5%A4%A7%E6%A3%AE%E9%A7%85
珈琲貴族エジンバラ,35.69051,139.706297,신주쿠구,新宿三丁目駅,킷사텐,2026,3.72,1810,https://tabelog.com/tokyo/A1304/A130401/13017217/,https://www.google.com/maps/search/?api=1&query=%E7%8F%88%E7%90%B2%E8%B2%B4%E6%97%8F%E3%82%A8%E3%82%B8%E3%83%B3%E3%83%90%E3%83%A9%20%E6%96%B0%E5%AE%BF%E4%B8%89%E4%B8%81%E7%9B%AE%E9%A7%85
シビタス,35.561849,139.715438,오타구,蒲田駅,킷사텐,2026,3.73,1270,https://tabelog.com/tokyo/A1315/A131503/13045798/,https://www.google.com/maps/search/?api=1&query=%E3%82%B7%E3%83%93%E3%82%BF%E3%82%B9%20%E8%92%B2%E7%94%B0%E9%A7%85
カフェ・ド・ランブル,35.667931,139.762307,주오구,新橋駅,킷사텐,2026,3.77,1275,https://tabelog.com/tokyo/A1301/A130103/13002564/,https://www.google.com/maps/search/?api=1&query=%E3%82%AB%E3%83%95%E3%82%A7%E3%83%BB%E3%83%89%E3%83%BB%E3%83%A9%E3%83%B3%E3%83%96%E3%83%AB%20%E6%96%B0%E6%A9%8B%E9%A7%85
みやざわ,35.669237,139.760489,주오구,新橋駅,킷사텐,2026,3.68,1039,https://tabelog.com/tokyo/A1301/A130103/13024142/,https://www.google.com/maps/search/?api=1&query=%E3%81%BF%E3%82%84%E3%81%96%E3%82%8F%20%E6%96%B0%E6%A9%8B%E9%A7%85
七つ森,35.700147,139.64745,스기나미구,新高円寺駅,킷사텐,2026,3.66,650,https://tabelog.com/tokyo/A1319/A131904/13000675/,https://www.google.com/maps/search/?api=1&query=%E4%B8%83%E3%81%A4%E6%A3%AE%20%E6%96%B0%E9%AB%98%E5%86%86%E5%AF%BA%E9%A7%85
高山珈琲,35.695365,139.769695,지요다구,淡路町駅,킷사텐,2026,3.76,985,https://tabelog.com/tokyo/A1310/A131002/13011257/,https://www.google.com/maps/search/?api=1&query=%E9%AB%98%E5%B1%B1%E7%8F%88%E7%90%B2%20%E6%B7%A1%E8%B7%AF%E7%94%BA%E9%A7%85
小野珈琲,35.687914,139.798624,고토구,森下駅,킷사텐,2026,3.63,793,https://tabelog.com/tokyo/A1312/A131201/13074345/,https://www.google.com/maps/search/?api=1&query=%E5%B0%8F%E9%87%8E%E7%8F%88%E7%90%B2%20%E6%A3%AE%E4%B8%8B%E9%A7%85
エピタフカレー,35.691068,139.706034,신주쿠구,新宿三丁目駅,카레,2026,3.75,1468,https://tabelog.com/tokyo/A1304/A130401/13246903/,https://www.google.com/maps/search/?api=1&query=%E3%82%A8%E3%83%94%E3%82%BF%E3%83%95%E3%82%AB%E3%83%AC%E3%83%BC%20%E6%96%B0%E5%AE%BF%E4%B8%89%E4%B8%81%E7%9B%AE%E9%A7%85
けらら,35.69173,139.712619,신주쿠구,新宿御苑前駅,카레,2026,3.74,736,https://tabelog.com/tokyo/A1304/A130402/13006680/,https://www.google.com/maps/search/?api=1&query=%E3%81%91%E3%82%89%E3%82%89%20%E6%96%B0%E5%AE%BF%E5%BE%A1%E8%8B%91%E5%89%8D%E9%A7%85
スパイシーカリーハウス半月,35.697845,139.697932,신주쿠구,西武新宿駅,카레,2026,3.79,1607,https://tabelog.com/tokyo/A1304/A130401/13211678/,https://www.google.com/maps/search/?api=1&query=%E3%82%B9%E3%83%91%E3%82%A4%E3%82%B7%E3%83%BC%E3%82%AB%E3%83%AA%E3%83%BC%E3%83%8F%E3%82%A6%E3%82%B9%E5%8D%8A%E6%9C%88%20%E8%A5%BF%E6%AD%A6%E6%96%B0%E5%AE%BF%E9%A7%85
カレーノトリコ,35.693909,139.76989,지요다구,神田駅,카레,2026,3.76,1737,https://tabelog.com/tokyo/A1310/A131002/13224725/,https://www.google.com/maps/search/?api=1&query=%E3%82%AB%E3%83%AC%E3%83%BC%E3%83%8E%E3%83%88%E3%83%AA%E3%82%B3%20%E7%A5%9E%E7%94%B0%E9%A7%85
みのりんご,35.672528,139.703539,시부야구,原宿駅,카레,2026,3.73,1930,https://tabelog.com/tokyo/A1306/A130601/13108716/,https://www.google.com/maps/search/?api=1&query=%E3%81%BF%E3%81%AE%E3%82%8A%E3%82%93%E3%81%94%20%E5%8E%9F%E5%AE%BF%E9%A7%85
タケウチ 神保町本店,35.696803,139.759532,지요다구,神保町駅,카레,2026,3.85,1243,https://tabelog.com/tokyo/A1310/A131003/13160882/,https://www.google.com/maps/search/?api=1&query=%E3%82%BF%E3%82%B1%E3%82%A6%E3%83%81%20%E7%A5%9E%E4%BF%9D%E7%94%BA%E6%9C%AC%E5%BA%97%20%E7%A5%9E%E4%BF%9D%E7%94%BA%E9%A7%85
スープカレー カムイ,35.69592,139.771694,지요다구,岩本町駅,카레,2026,3.74,946,https://tabelog.com/tokyo/A1310/A131002/13121713/,https://www.google.com/maps/search/?api=1&query=%E3%82%B9%E3%83%BC%E3%83%97%E3%82%AB%E3%83%AC%E3%83%BC%20%E3%82%AB%E3%83%A0%E3%82%A4%20%E5%B2%A9%E6%9C%AC%E7%94%BA%E9%A7%85
ガヴィアル,35.695749,139.758448,지요다구,神保町駅,카레,2026,3.76,3528,https://tabelog.com/tokyo/A1310/A131003/13000358/,https://www.google.com/maps/search/?api=1&query=%E3%82%AC%E3%83%B4%E3%82%A3%E3%82%A2%E3%83%AB%20%E7%A5%9E%E4%BF%9D%E7%94%BA%E9%A7%85
エチオピアカリーキッチン 高田馬場店,35.711534,139.710446,신주쿠구,面影橋駅,카레,2026,3.75,976,https://tabelog.com/tokyo/A1305/A130503/13006165/,https://www.google.com/maps/search/?api=1&query=%E3%82%A8%E3%83%81%E3%82%AA%E3%83%94%E3%82%A2%E3%82%AB%E3%83%AA%E3%83%BC%E3%82%AD%E3%83%83%E3%83%81%E3%83%B3%20%E9%AB%98%E7%94%B0%E9%A6%AC%E5%A0%B4%E5%BA%97%20%E9%9D%A2%E5%BD%B1%E6%A9%8B%E9%A7%85
きんもち,35.685108,139.689768,신주쿠구,初台駅,카레,2026,3.74,769,https://tabelog.com/tokyo/A1318/A131807/13009223/,https://www.google.com/maps/search/?api=1&query=%E3%81%8D%E3%82%93%E3%82%82%E3%81%A1%20%E5%88%9D%E5%8F%B0%E9%A7%85
ホンカトリー,35.704166,139.765397,분쿄구,御茶ノ水駅,카레,2026,3.84,932,https://tabelog.com/tokyo/A1310/A131002/13210157/,https://www.google.com/maps/search/?api=1&query=%E3%83%9B%E3%83%B3%E3%82%AB%E3%83%88%E3%83%AA%E3%83%BC%20%E5%BE%A1%E8%8C%B6%E3%83%8E%E6%B0%B4%E9%A7%85
月と亀,35.687695,139.795661,고토구,森下駅,카레,2026,3.87,862,https://tabelog.com/tokyo/A1312/A131201/13262828/,https://www.google.com/maps/search/?api=1&query=%E6%9C%88%E3%81%A8%E4%BA%80%20%E6%A3%AE%E4%B8%8B%E9%A7%85
カレーの店 プーさん,35.698312,139.506176,小金井구,武蔵小金井駅,카레,2026,3.73,1495,https://tabelog.com/tokyo/A1325/A132501/13005962/,https://www.google.com/maps/search/?api=1&query=%E3%82%AB%E3%83%AC%E3%83%BC%E3%81%AE%E5%BA%97%20%E3%83%97%E3%83%BC%E3%81%95%E3%82%93%20%E6%AD%A6%E8%94%B5%E5%B0%8F%E9%87%91%E4%BA%95%E9%A7%85
かれーの店 うどん,35.624862,139.719779,시나가와구,大崎広小路駅,카레,2026,3.72,1467,https://tabelog.com/tokyo/A1316/A131603/13004531/,https://www.google.com/maps/search/?api=1&query=%E3%81%8B%E3%82%8C%E3%83%BC%E3%81%AE%E5%BA%97%20%E3%81%86%E3%81%A9%E3%82%93%20%E5%A4%A7%E5%B4%8E%E5%BA%83%E5%B0%8F%E8%B7%AF%E9%A7%85
&amp;スリランカTOKYO,35.698223,139.757166,지요다구,神保町駅,카레,2026,3.75,1382,https://tabelog.com/tokyo/A1310/A131003/13276047/,https://www.google.com/maps/search/?api=1&query=%26amp%3B%E3%82%B9%E3%83%AA%E3%83%A9%E3%83%B3%E3%82%ABTOKYO%20%E7%A5%9E%E4%BF%9D%E7%94%BA%E9%A7%85
ガネー舎,35.663198,139.756886,미나토구,汐留駅,카레,2026,3.73,1298,https://tabelog.com/tokyo/A1301/A130103/13001507/,https://www.google.com/maps/search/?api=1&query=%E3%82%AC%E3%83%8D%E3%83%BC%E8%88%8E%20%E6%B1%90%E7%95%99%E9%A7%85
トマト,35.702478,139.619742,스기나미구,荻窪駅,카레,2026,4.25,2805,https://tabelog.com/tokyo/A1319/A131906/13001113/,https://www.google.com/maps/search/?api=1&query=%E3%83%88%E3%83%9E%E3%83%88%20%E8%8D%BB%E7%AA%AA%E9%A7%85
プネウマカレー,35.71189,139.706717,신주쿠구,高田馬場駅,카레,2026,3.72,735,https://tabelog.com/tokyo/A1305/A130503/13210644/,https://www.google.com/maps/search/?api=1&query=%E3%83%97%E3%83%8D%E3%82%A6%E3%83%9E%E3%82%AB%E3%83%AC%E3%83%BC%20%E9%AB%98%E7%94%B0%E9%A6%AC%E5%A0%B4%E9%A7%85
ジャパニーズスパイスカレー カリッシュ,35.677261,139.782755,주오구,茅場町駅,카레,2026,3.74,834,https://tabelog.com/tokyo/A1302/A130203/13020472/,https://www.google.com/maps/search/?api=1&query=%E3%82%B8%E3%83%A3%E3%83%91%E3%83%8B%E3%83%BC%E3%82%BA%E3%82%B9%E3%83%91%E3%82%A4%E3%82%B9%E3%82%AB%E3%83%AC%E3%83%BC%20%E3%82%AB%E3%83%AA%E3%83%83%E3%82%B7%E3%83%A5%20%E8%8C%85%E5%A0%B4%E7%94%BA%E9%A7%85
BLAKES for JOURNEY,35.674503,139.711239,시부야구,北参道駅,카레,2026,3.72,556,https://tabelog.com/tokyo/A1306/A130601/13195491/,https://www.google.com/maps/search/?api=1&query=BLAKES%20for%20JOURNEY%20%E5%8C%97%E5%8F%82%E9%81%93%E9%A7%85
３丁目のカレー屋さん,35.674919,139.77078,주오구,宝町駅,카레,2026,3.77,2191,https://tabelog.com/tokyo/A1302/A130202/13025962/,https://www.google.com/maps/search/?api=1&query=%EF%BC%93%E4%B8%81%E7%9B%AE%E3%81%AE%E3%82%AB%E3%83%AC%E3%83%BC%E5%B1%8B%E3%81%95%E3%82%93%20%E5%AE%9D%E7%94%BA%E9%A7%85
スープカレー屋 鴻 神田駿河台店,35.696339,139.761372,지요다구,神保町駅,카레,2026,3.78,1954,https://tabelog.com/tokyo/A1310/A131003/13040204/,https://www.google.com/maps/search/?api=1&query=%E3%82%B9%E3%83%BC%E3%83%97%E3%82%AB%E3%83%AC%E3%83%BC%E5%B1%8B%20%E9%B4%BB%20%E7%A5%9E%E7%94%B0%E9%A7%BF%E6%B2%B3%E5%8F%B0%E5%BA%97%20%E7%A5%9E%E4%BF%9D%E7%94%BA%E9%A7%85
Curry Spice Gelateria KALPASI,35.660917,139.668101,세타가야구,下北沢駅,카레,2026,3.83,2045,https://tabelog.com/tokyo/A1318/A131802/13247887/,https://www.google.com/maps/search/?api=1&query=Curry%20Spice%20Gelateria%20KALPASI%20%E4%B8%8B%E5%8C%97%E6%B2%A2%E9%A7%85
ホットスプーン 五反田店,35.6259,139.725466,시나가와구,五反田駅,카레,2026,3.76,2704,https://tabelog.com/tokyo/A1316/A131603/13024328/,https://www.google.com/maps/search/?api=1&query=%E3%83%9B%E3%83%83%E3%83%88%E3%82%B9%E3%83%97%E3%83%BC%E3%83%B3%20%E4%BA%94%E5%8F%8D%E7%94%B0%E5%BA%97%20%E4%BA%94%E5%8F%8D%E7%94%B0%E9%A7%85
ホットスプーン 西新宿店,35.689538,139.697151,신주쿠구,新宿駅,카레,2026,3.71,1400,https://tabelog.com/tokyo/A1304/A130401/13198942/,https://www.google.com/maps/search/?api=1&query=%E3%83%9B%E3%83%83%E3%83%88%E3%82%B9%E3%83%97%E3%83%BC%E3%83%B3%20%E8%A5%BF%E6%96%B0%E5%AE%BF%E5%BA%97%20%E6%96%B0%E5%AE%BF%E9%A7%85
ヘンドリクス カリー バー,35.674855,139.71251,시부야구,国立競技場駅,카레,2026,3.77,1035,https://tabelog.com/tokyo/A1309/A130901/13007422/,https://www.google.com/maps/search/?api=1&query=%E3%83%98%E3%83%B3%E3%83%89%E3%83%AA%E3%82%AF%E3%82%B9%20%E3%82%AB%E3%83%AA%E3%83%BC%20%E3%83%90%E3%83%BC%20%E5%9B%BD%E7%AB%8B%E7%AB%B6%E6%8A%80%E5%A0%B4%E9%A7%85
イエローカンパニー 恵比寿本店,35.651384,139.709451,시부야구,恵比寿駅,카레,2026,3.72,1520,https://tabelog.com/tokyo/A1303/A130302/13014312/,https://www.google.com/maps/search/?api=1&query=%E3%82%A4%E3%82%A8%E3%83%AD%E3%83%BC%E3%82%AB%E3%83%B3%E3%83%91%E3%83%8B%E3%83%BC%20%E6%81%B5%E6%AF%94%E5%AF%BF%E6%9C%AC%E5%BA%97%20%E6%81%B5%E6%AF%94%E5%AF%BF%E9%A7%85
ライスカレー まんてん,35.698314,139.757641,지요다구,神保町駅,카레,2026,3.73,2909,https://tabelog.com/tokyo/A1310/A131003/13000603/,https://www.google.com/maps/search/?api=1&query=%E3%83%A9%E3%82%A4%E3%82%B9%E3%82%AB%E3%83%AC%E3%83%BC%20%E3%81%BE%E3%82%93%E3%81%A6%E3%82%93%20%E7%A5%9E%E4%BF%9D%E7%94%BA%E9%A7%85
スマトラカレー 共栄堂,35.69621,139.759367,지요다구,神保町駅,카레,2026,3.72,3597,https://tabelog.com/tokyo/A1310/A131003/13000596/,https://www.google.com/maps/search/?api=1&query=%E3%82%B9%E3%83%9E%E3%83%88%E3%83%A9%E3%82%AB%E3%83%AC%E3%83%BC%20%E5%85%B1%E6%A0%84%E5%A0%82%20%E7%A5%9E%E4%BF%9D%E7%94%BA%E9%A7%85
カリガリ 秋葉原,35.702839,139.77003,지요다구,末広町駅,카레,2026,3.77,2062,https://tabelog.com/tokyo/A1311/A131101/13178599/,https://www.google.com/maps/search/?api=1&query=%E3%82%AB%E3%83%AA%E3%82%AC%E3%83%AA%20%E7%A7%8B%E8%91%89%E5%8E%9F%20%E6%9C%AB%E5%BA%83%E7%94%BA%E9%A7%85
東京らっきょブラザーズ,35.706262,139.720295,신주쿠구,早稲田（メトロ）駅,카레,2026,3.71,1334,https://tabelog.com/tokyo/A1305/A130504/13040401/,https://www.google.com/maps/search/?api=1&query=%E6%9D%B1%E4%BA%AC%E3%82%89%E3%81%A3%E3%81%8D%E3%82%87%E3%83%96%E3%83%A9%E3%82%B6%E3%83%BC%E3%82%BA%20%E6%97%A9%E7%A8%B2%E7%94%B0%EF%BC%88%E3%83%A1%E3%83%88%E3%83%AD%EF%BC%89%E9%A7%85
カレーショップ初恋,35.657108,139.69675,시부야구,神泉駅,카레,2026,3.76,1744,https://tabelog.com/tokyo/A1303/A130301/13240190/,https://www.google.com/maps/search/?api=1&query=%E3%82%AB%E3%83%AC%E3%83%BC%E3%82%B7%E3%83%A7%E3%83%83%E3%83%97%E5%88%9D%E6%81%8B%20%E7%A5%9E%E6%B3%89%E9%A7%85
ヒナタ屋,35.696465,139.761454,지요다구,神保町駅,카레,2026,3.77,875,https://tabelog.com/tokyo/A1310/A131002/13057210/,https://www.google.com/maps/search/?api=1&query=%E3%83%92%E3%83%8A%E3%82%BF%E5%B1%8B%20%E7%A5%9E%E4%BF%9D%E7%94%BA%E9%A7%85
カレー屋ばんび,35.696381,139.761259,지요다구,神保町駅,카레,2026,3.73,978,https://tabelog.com/tokyo/A1310/A131003/13245356/,https://www.google.com/maps/search/?api=1&query=%E3%82%AB%E3%83%AC%E3%83%BC%E5%B1%8B%E3%81%B0%E3%82%93%E3%81%B3%20%E7%A5%9E%E4%BF%9D%E7%94%BA%E9%A7%85
トプカ 神田本店,35.69629,139.769191,지요다구,淡路町駅,카레,2026,3.79,2722,https://tabelog.com/tokyo/A1310/A131002/13000377/,https://www.google.com/maps/search/?api=1&query=%E3%83%88%E3%83%97%E3%82%AB%20%E7%A5%9E%E7%94%B0%E6%9C%AC%E5%BA%97%20%E6%B7%A1%E8%B7%AF%E7%94%BA%E9%A7%85
FISH 丸の内店,35.684073,139.766712,지요다구,大手町駅,카레,2026,3.71,1149,https://tabelog.com/tokyo/A1302/A130201/13248971/,https://www.google.com/maps/search/?api=1&query=FISH%20%E4%B8%B8%E3%81%AE%E5%86%85%E5%BA%97%20%E5%A4%A7%E6%89%8B%E7%94%BA%E9%A7%85
とんかつ檍のカレー屋 いっぺこっぺ 蒲田本店,35.560464,139.717026,오타구,蒲田駅,카레,2026,3.74,2130,https://tabelog.com/tokyo/A1315/A131503/13178494/,https://www.google.com/maps/search/?api=1&query=%E3%81%A8%E3%82%93%E3%81%8B%E3%81%A4%E6%AA%8D%E3%81%AE%E3%82%AB%E3%83%AC%E3%83%BC%E5%B1%8B%20%E3%81%84%E3%81%A3%E3%81%BA%E3%81%93%E3%81%A3%E3%81%BA%20%E8%92%B2%E7%94%B0%E6%9C%AC%E5%BA%97%20%E8%92%B2%E7%94%B0%E9%A7%85
ポークビンダルー食べる副大統領,35.662686,139.695327,시부야구,神泉駅,카레,2026,3.77,1117,https://tabelog.com/tokyo/A1303/A130301/13235448/,https://www.google.com/maps/search/?api=1&query=%E3%83%9D%E3%83%BC%E3%82%AF%E3%83%93%E3%83%B3%E3%83%80%E3%83%AB%E3%83%BC%E9%A3%9F%E3%81%B9%E3%82%8B%E5%89%AF%E5%A4%A7%E7%B5%B1%E9%A0%98%20%E7%A5%9E%E6%B3%89%E9%A7%85
フレンチカレー スプーン,35.70274,139.599692,스기나미구,西荻窪駅,카레,2026,3.74,1497,https://tabelog.com/tokyo/A1319/A131907/13093699/,https://www.google.com/maps/search/?api=1&query=%E3%83%95%E3%83%AC%E3%83%B3%E3%83%81%E3%82%AB%E3%83%AC%E3%83%BC%20%E3%82%B9%E3%83%97%E3%83%BC%E3%83%B3%20%E8%A5%BF%E8%8D%BB%E7%AA%AA%E9%A7%85
カリーライス専門店エチオピア 本店,35.696373,139.761413,지요다구,神保町駅,카레,2026,3.75,4768,https://tabelog.com/tokyo/A1310/A131003/13000638/,https://www.google.com/maps/search/?api=1&query=%E3%82%AB%E3%83%AA%E3%83%BC%E3%83%A9%E3%82%A4%E3%82%B9%E5%B0%82%E9%96%80%E5%BA%97%E3%82%A8%E3%83%81%E3%82%AA%E3%83%94%E3%82%A2%20%E6%9C%AC%E5%BA%97%20%E7%A5%9E%E4%BF%9D%E7%94%BA%E9%A7%85
レインボウスパイス,35.696969,139.41425,立川구,立川駅,카레,2026,3.76,2100,https://tabelog.com/tokyo/A1329/A132901/13147181/,https://www.google.com/maps/search/?api=1&query=%E3%83%AC%E3%82%A4%E3%83%B3%E3%83%9C%E3%82%A6%E3%82%B9%E3%83%91%E3%82%A4%E3%82%B9%20%E7%AB%8B%E5%B7%9D%E9%A7%85
火星カレー,35.730649,139.707218,도시마구,池袋駅,카레,2026,3.71,1664,https://tabelog.com/tokyo/A1305/A130501/13170490/,https://www.google.com/maps/search/?api=1&query=%E7%81%AB%E6%98%9F%E3%82%AB%E3%83%AC%E3%83%BC%20%E6%B1%A0%E8%A2%8B%E9%A7%85
本石亭,35.688666,139.770981,주오구,新日本橋駅,카레,2026,3.82,1227,https://tabelog.com/tokyo/A1302/A130202/13046781/,https://www.google.com/maps/search/?api=1&query=%E6%9C%AC%E7%9F%B3%E4%BA%AD%20%E6%96%B0%E6%97%A5%E6%9C%AC%E6%A9%8B%E9%A7%85
ロダン,35.675643,139.774843,주오구,宝町駅,카레,2026,3.78,2601,https://tabelog.com/tokyo/A1302/A130203/13048485/,https://www.google.com/maps/search/?api=1&query=%E3%83%AD%E3%83%80%E3%83%B3%20%E5%AE%9D%E7%94%BA%E9%A7%85
カレーライス専門店 ブラザー,35.713888,139.704358,신주쿠구,高田馬場駅,카레,2026,3.81,1974,https://tabelog.com/tokyo/A1305/A130503/13212319/,https://www.google.com/maps/search/?api=1&query=%E3%82%AB%E3%83%AC%E3%83%BC%E3%83%A9%E3%82%A4%E3%82%B9%E5%B0%82%E9%96%80%E5%BA%97%20%E3%83%96%E3%83%A9%E3%82%B6%E3%83%BC%20%E9%AB%98%E7%94%B0%E9%A6%AC%E5%A0%B4%E9%A7%85
ブラウニー,35.702849,139.770496,지요다구,末広町駅,카레,2026,3.75,973,https://tabelog.com/tokyo/A1311/A131101/13006343/,https://www.google.com/maps/search/?api=1&query=%E3%83%96%E3%83%A9%E3%82%A6%E3%83%8B%E3%83%BC%20%E6%9C%AB%E5%BA%83%E7%94%BA%E9%A7%85
Kalpasi,35.646861,139.628575,세타가야구,千歳船橋駅,카레,2026,3.89,494,https://tabelog.com/tokyo/A1318/A131813/13202529/,https://www.google.com/maps/search/?api=1&query=Kalpasi%20%E5%8D%83%E6%AD%B3%E8%88%B9%E6%A9%8B%E9%A7%85
プティフ・ア・ラ・カンパーニュ,35.68708,139.740642,지요다구,半蔵門駅,카레,2026,3.74,1357,https://tabelog.com/tokyo/A1308/A130803/13000254/,https://www.google.com/maps/search/?api=1&query=%E3%83%97%E3%83%86%E3%82%A3%E3%83%95%E3%83%BB%E3%82%A2%E3%83%BB%E3%83%A9%E3%83%BB%E3%82%AB%E3%83%B3%E3%83%91%E3%83%BC%E3%83%8B%E3%83%A5%20%E5%8D%8A%E8%94%B5%E9%96%80%E9%A7%85
欧風カレー ソレイユ,35.686028,139.738725,지요다구,麹町駅,카레,2026,3.73,882,https://tabelog.com/tokyo/A1309/A130904/13164006/,https://www.google.com/maps/search/?api=1&query=%E6%AC%A7%E9%A2%A8%E3%82%AB%E3%83%AC%E3%83%BC%20%E3%82%BD%E3%83%AC%E3%82%A4%E3%83%A6%20%E9%BA%B9%E7%94%BA%E9%A7%85
創作カレー MANOS,35.64836,139.668632,세타가야구,西太子堂駅,카레,2026,3.82,672,https://tabelog.com/tokyo/A1317/A131706/13237789/,https://www.google.com/maps/search/?api=1&query=%E5%89%B5%E4%BD%9C%E3%82%AB%E3%83%AC%E3%83%BC%20MANOS%20%E8%A5%BF%E5%A4%AA%E5%AD%90%E5%A0%82%E9%A7%85
般゜若 PANNYA CAFE CURRY,35.663034,139.668836,세타가야구,下北沢駅,카레,2026,3.72,1443,https://tabelog.com/tokyo/A1318/A131802/13215255/,https://www.google.com/maps/search/?api=1&query=%E8%88%AC%E3%82%9C%E8%8B%A5%20PANNYA%20CAFE%20CURRY%20%E4%B8%8B%E5%8C%97%E6%B2%A2%E9%A7%85
シターラ 青山店,35.662311,139.712853,미나토구,表参道駅,카레,2026,3.72,1398,https://tabelog.com/tokyo/A1306/A130602/13009705/,https://www.google.com/maps/search/?api=1&query=%E3%82%B7%E3%82%BF%E3%83%BC%E3%83%A9%20%E9%9D%92%E5%B1%B1%E5%BA%97%20%E8%A1%A8%E5%8F%82%E9%81%93%E9%A7%85
アッチャカーナ,35.614765,139.626684,세타가야구,二子玉川駅,카레,2026,3.72,1412,https://tabelog.com/tokyo/A1317/A131708/13003136/,https://www.google.com/maps/search/?api=1&query=%E3%82%A2%E3%83%83%E3%83%81%E3%83%A3%E3%82%AB%E3%83%BC%E3%83%8A%20%E4%BA%8C%E5%AD%90%E7%8E%89%E5%B7%9D%E9%A7%85
カリカル 新橋本店,35.666466,139.75934,미나토구,新橋駅,카레,2026,3.73,3059,https://tabelog.com/tokyo/A1301/A130103/13013413/,https://www.google.com/maps/search/?api=1&query=%E3%82%AB%E3%83%AA%E3%82%AB%E3%83%AB%20%E6%96%B0%E6%A9%8B%E6%9C%AC%E5%BA%97%20%E6%96%B0%E6%A9%8B%E9%A7%85
葡萄舎,35.689858,139.770801,지요다구,神田駅,카레,2026,3.76,1019,https://tabelog.com/tokyo/A1310/A131002/13036906/,https://www.google.com/maps/search/?api=1&query=%E8%91%A1%E8%90%84%E8%88%8E%20%E7%A5%9E%E7%94%B0%E9%A7%85
CURRY SHOP くじら 高円寺,35.706097,139.649165,스기나미구,高円寺駅,카레,2026,3.76,1445,https://tabelog.com/tokyo/A1319/A131904/13149528/,https://www.google.com/maps/search/?api=1&query=CURRY%20SHOP%20%E3%81%8F%E3%81%98%E3%82%89%20%E9%AB%98%E5%86%86%E5%AF%BA%20%E9%AB%98%E5%86%86%E5%AF%BA%E9%A7%85
ラッフルズ カリー,35.707324,139.778295,다이토구,仲御徒町駅,카레,2026,3.74,906,https://tabelog.com/tokyo/A1311/A131101/13033116/,https://www.google.com/maps/search/?api=1&query=%E3%83%A9%E3%83%83%E3%83%95%E3%83%AB%E3%82%BA%20%E3%82%AB%E3%83%AA%E3%83%BC%20%E4%BB%B2%E5%BE%A1%E5%BE%92%E7%94%BA%E9%A7%85
酒とスパイス マツコ,35.681922,139.772507,주오구,日本橋駅,카레,2026,3.83,422,https://tabelog.com/tokyo/A1302/A130202/13249791/,https://www.google.com/maps/search/?api=1&query=%E9%85%92%E3%81%A8%E3%82%B9%E3%83%91%E3%82%A4%E3%82%B9%20%E3%83%9E%E3%83%84%E3%82%B3%20%E6%97%A5%E6%9C%AC%E6%A9%8B%E9%A7%85
スパイスパレット,35.700885,139.775854,지요다구,秋葉原駅,카레,2026,3.78,1042,https://tabelog.com/tokyo/A1311/A131101/13240357/,https://www.google.com/maps/search/?api=1&query=%E3%82%B9%E3%83%91%E3%82%A4%E3%82%B9%E3%83%91%E3%83%AC%E3%83%83%E3%83%88%20%E7%A7%8B%E8%91%89%E5%8E%9F%E9%A7%85
ストーン,35.697133,139.78547,다이토구,浅草橋駅,카레,2026,3.73,1677,https://tabelog.com/tokyo/A1311/A131103/13031461/,https://www.google.com/maps/search/?api=1&query=%E3%82%B9%E3%83%88%E3%83%BC%E3%83%B3%20%E6%B5%85%E8%8D%89%E6%A9%8B%E9%A7%85
まめ蔵,35.704445,139.575886,武蔵野구,吉祥寺駅,카레,2026,3.74,2314,https://tabelog.com/tokyo/A1320/A132001/13005789/,https://www.google.com/maps/search/?api=1&query=%E3%81%BE%E3%82%81%E8%94%B5%20%E5%90%89%E7%A5%A5%E5%AF%BA%E9%A7%85
タイカリーピキヌー,35.632384,139.660729,세타가야구,駒沢大学駅,카레,2026,3.71,869,https://tabelog.com/tokyo/A1317/A131707/13001446/,https://www.google.com/maps/search/?api=1&query=%E3%82%BF%E3%82%A4%E3%82%AB%E3%83%AA%E3%83%BC%E3%83%94%E3%82%AD%E3%83%8C%E3%83%BC%20%E9%A7%92%E6%B2%A2%E5%A4%A7%E5%AD%A6%E9%A7%85
チャントーヤ ココナッツカリー,35.696203,139.762944,지요다구,新御茶ノ水駅,카레,2026,3.78,1467,https://tabelog.com/tokyo/A1310/A131002/13131134/,https://www.google.com/maps/search/?api=1&query=%E3%83%81%E3%83%A3%E3%83%B3%E3%83%88%E3%83%BC%E3%83%A4%20%E3%82%B3%E3%82%B3%E3%83%8A%E3%83%83%E3%83%84%E3%82%AB%E3%83%AA%E3%83%BC%20%E6%96%B0%E5%BE%A1%E8%8C%B6%E3%83%8E%E6%B0%B4%E9%A7%85
ホールスパイスカレー青藍,35.70943,139.64993,스기나미구,高円寺駅,카레,2026,3.78,1468,https://tabelog.com/tokyo/A1319/A131904/13215450/,https://www.google.com/maps/search/?api=1&query=%E3%83%9B%E3%83%BC%E3%83%AB%E3%82%B9%E3%83%91%E3%82%A4%E3%82%B9%E3%82%AB%E3%83%AC%E3%83%BC%E9%9D%92%E8%97%8D%20%E9%AB%98%E5%86%86%E5%AF%BA%E9%A7%85
スパイシーカリーハウス 銀座半月,35.671269,139.761262,주오구,銀座駅,카레,2026,3.75,2560,https://tabelog.com/tokyo/A1301/A130101/13246897/,https://www.google.com/maps/search/?api=1&query=%E3%82%B9%E3%83%91%E3%82%A4%E3%82%B7%E3%83%BC%E3%82%AB%E3%83%AA%E3%83%BC%E3%83%8F%E3%82%A6%E3%82%B9%20%E9%8A%80%E5%BA%A7%E5%8D%8A%E6%9C%88%20%E9%8A%80%E5%BA%A7%E9%A7%85
東京ボンベイ 恵比寿本店,35.6434,139.711673,시부야구,恵比寿駅,카레,2026,3.76,1374,https://tabelog.com/tokyo/A1303/A130302/13221284/,https://www.google.com/maps/search/?api=1&query=%E6%9D%B1%E4%BA%AC%E3%83%9C%E3%83%B3%E3%83%99%E3%82%A4%20%E6%81%B5%E6%AF%94%E5%AF%BF%E6%9C%AC%E5%BA%97%20%E6%81%B5%E6%AF%94%E5%AF%BF%E9%A7%85
旧ヤム邸  シモキタ荘,35.658426,139.667074,세타가야구,下北沢駅,카레,2026,3.81,2226,https://tabelog.com/tokyo/A1318/A131802/13211142/,https://www.google.com/maps/search/?api=1&query=%E6%97%A7%E3%83%A4%E3%83%A0%E9%82%B8%20%20%E3%82%B7%E3%83%A2%E3%82%AD%E3%82%BF%E8%8D%98%20%E4%B8%8B%E5%8C%97%E6%B2%A2%E9%A7%85
ムルギー,35.658979,139.69659,시부야구,神泉駅,카레,2026,3.75,2408,https://tabelog.com/tokyo/A1303/A130301/13001732/,https://www.google.com/maps/search/?api=1&query=%E3%83%A0%E3%83%AB%E3%82%AE%E3%83%BC%20%E7%A5%9E%E6%B3%89%E9%A7%85
ジャパニーズ スパイス カリー ワッカ,35.675887,139.776253,주오구,八丁堀駅,카레,2026,3.8,1467,https://tabelog.com/tokyo/A1302/A130203/13254664/,https://www.google.com/maps/search/?api=1&query=%E3%82%B8%E3%83%A3%E3%83%91%E3%83%8B%E3%83%BC%E3%82%BA%20%E3%82%B9%E3%83%91%E3%82%A4%E3%82%B9%20%E3%82%AB%E3%83%AA%E3%83%BC%20%E3%83%AF%E3%83%83%E3%82%AB%20%E5%85%AB%E4%B8%81%E5%A0%80%E9%A7%85
Spice Bar モンカリー,35.69822,139.696112,신주쿠구,大久保駅,카레,2026,3.84,440,https://tabelog.com/tokyo/A1304/A130404/13277319/,https://www.google.com/maps/search/?api=1&query=Spice%20Bar%20%E3%83%A2%E3%83%B3%E3%82%AB%E3%83%AA%E3%83%BC%20%E5%A4%A7%E4%B9%85%E4%BF%9D%E9%A7%85
パンチマハル,35.698806,139.758267,지요다구,神保町駅,카레,2026,3.78,1082,https://tabelog.com/tokyo/A1310/A131003/13026681/,https://www.google.com/maps/search/?api=1&query=%E3%83%91%E3%83%B3%E3%83%81%E3%83%9E%E3%83%8F%E3%83%AB%20%E7%A5%9E%E4%BF%9D%E7%94%BA%E9%A7%85
SPICECURRY KERAKU,35.633802,139.717639,시나가와구,目黒駅,카레,2026,3.71,1028,https://tabelog.com/tokyo/A1316/A131601/13247708/,https://www.google.com/maps/search/?api=1&query=SPICECURRY%20KERAKU%20%E7%9B%AE%E9%BB%92%E9%A7%85
東京ドミニカ,35.69053,139.704378,신주쿠구,新宿三丁目駅,카레,2026,3.72,2150,https://tabelog.com/tokyo/A1304/A130401/13124113/,https://www.google.com/maps/search/?api=1&query=%E6%9D%B1%E4%BA%AC%E3%83%89%E3%83%9F%E3%83%8B%E3%82%AB%20%E6%96%B0%E5%AE%BF%E4%B8%89%E4%B8%81%E7%9B%AE%E9%A7%85
キッチン アンド カリー,35.663907,139.658578,세타가야구,新代田駅,카레,2026,3.81,626,https://tabelog.com/tokyo/A1318/A131803/13224066/,https://www.google.com/maps/search/?api=1&query=%E3%82%AD%E3%83%83%E3%83%81%E3%83%B3%20%E3%82%A2%E3%83%B3%E3%83%89%20%E3%82%AB%E3%83%AA%E3%83%BC%20%E6%96%B0%E4%BB%A3%E7%94%B0%E9%A7%85
negombo33 高円寺,35.704678,139.650906,스기나미구,高円寺駅,카레,2026,3.77,974,https://tabelog.com/tokyo/A1319/A131904/13228221/,https://www.google.com/maps/search/?api=1&query=negombo33%20%E9%AB%98%E5%86%86%E5%AF%BA%20%E9%AB%98%E5%86%86%E5%AF%BA%E9%A7%85
かえる食堂,35.733818,139.702954,도시마구,要町駅,카레,2026,3.73,1060,https://tabelog.com/tokyo/A1322/A132202/13030312/,https://www.google.com/maps/search/?api=1&query=%E3%81%8B%E3%81%88%E3%82%8B%E9%A3%9F%E5%A0%82%20%E8%A6%81%E7%94%BA%E9%A7%85
東新宿 サンラサー,35.69505,139.707511,신주쿠구,東新宿駅,카레,2026,3.72,559,https://tabelog.com/tokyo/A1304/A130401/13215551/,https://www.google.com/maps/search/?api=1&query=%E6%9D%B1%E6%96%B0%E5%AE%BF%20%E3%82%B5%E3%83%B3%E3%83%A9%E3%82%B5%E3%83%BC%20%E6%9D%B1%E6%96%B0%E5%AE%BF%E9%A7%85
ジンコック,35.695138,139.768135,지요다구,淡路町駅,카레,2026,3.79,1200,https://tabelog.com/tokyo/A1310/A131002/13102075/,https://www.google.com/maps/search/?api=1&query=%E3%82%B8%E3%83%B3%E3%82%B3%E3%83%83%E3%82%AF%20%E6%B7%A1%E8%B7%AF%E7%94%BA%E9%A7%85
エチオピアカリーキッチン 御茶ノ水ソラシティ店,35.698739,139.766073,지요다구,新御茶ノ水駅,카레,2026,3.72,1326,https://tabelog.com/tokyo/A1310/A131002/13154753/,https://www.google.com/maps/search/?api=1&query=%E3%82%A8%E3%83%81%E3%82%AA%E3%83%94%E3%82%A2%E3%82%AB%E3%83%AA%E3%83%BC%E3%82%AD%E3%83%83%E3%83%81%E3%83%B3%20%E5%BE%A1%E8%8C%B6%E3%83%8E%E6%B0%B4%E3%82%BD%E3%83%A9%E3%82%B7%E3%83%86%E3%82%A3%E5%BA%97%20%E6%96%B0%E5%BE%A1%E8%8C%B6%E3%83%8E%E6%B0%B4%E9%A7%85
カレーショップ フェンネル,35.701799,139.599258,스기나미구,西荻窪駅,카레,2026,3.8,768,https://tabelog.com/tokyo/A1319/A131907/13273254/,https://www.google.com/maps/search/?api=1&query=%E3%82%AB%E3%83%AC%E3%83%BC%E3%82%B7%E3%83%A7%E3%83%83%E3%83%97%20%E3%83%95%E3%82%A7%E3%83%B3%E3%83%8D%E3%83%AB%20%E8%A5%BF%E8%8D%BB%E7%AA%AA%E9%A7%85
吉田カレー,35.706481,139.61814,스기나미구,荻窪駅,카레,2026,3.8,1837,https://tabelog.com/tokyo/A1319/A131906/13132405/,https://www.google.com/maps/search/?api=1&query=%E5%90%89%E7%94%B0%E3%82%AB%E3%83%AC%E3%83%BC%20%E8%8D%BB%E7%AA%AA%E9%A7%85
フィッシュ 新宿店,35.696521,139.698306,신주쿠구,西武新宿駅,카레,2026,3.79,2708,https://tabelog.com/tokyo/A1304/A130401/13222551/,https://www.google.com/maps/search/?api=1&query=%E3%83%95%E3%82%A3%E3%83%83%E3%82%B7%E3%83%A5%20%E6%96%B0%E5%AE%BF%E5%BA%97%20%E8%A5%BF%E6%AD%A6%E6%96%B0%E5%AE%BF%E9%A7%85
デリー 上野店,35.708285,139.771255,분쿄구,上野広小路駅,카레,2026,3.79,3655,https://tabelog.com/tokyo/A1311/A131101/13003605/,https://www.google.com/maps/search/?api=1&query=%E3%83%87%E3%83%AA%E3%83%BC%20%E4%B8%8A%E9%87%8E%E5%BA%97%20%E4%B8%8A%E9%87%8E%E5%BA%83%E5%B0%8F%E8%B7%AF%E9%A7%85
ザ・カリ,35.662329,139.75492,미나토구,御成門駅,카레,2026,3.78,1695,https://tabelog.com/tokyo/A1301/A130103/13007129/,https://www.google.com/maps/search/?api=1&query=%E3%82%B6%E3%83%BB%E3%82%AB%E3%83%AA%20%E5%BE%A1%E6%88%90%E9%96%80%E9%A7%85
マリーアイランガニー,35.661266,139.696392,시부야구,神泉駅,카레,2026,3.76,1002,https://tabelog.com/tokyo/A1303/A130301/13166471/,https://www.google.com/maps/search/?api=1&query=%E3%83%9E%E3%83%AA%E3%83%BC%E3%82%A2%E3%82%A4%E3%83%A9%E3%83%B3%E3%82%AC%E3%83%8B%E3%83%BC%20%E7%A5%9E%E6%B3%89%E9%A7%85
チキュウ マサラ,35.691673,139.706754,신주쿠구,新宿三丁目駅,카레,2026,3.73,995,https://tabelog.com/tokyo/A1304/A130401/13248884/,https://www.google.com/maps/search/?api=1&query=%E3%83%81%E3%82%AD%E3%83%A5%E3%82%A6%20%E3%83%9E%E3%82%B5%E3%83%A9%20%E6%96%B0%E5%AE%BF%E4%B8%89%E4%B8%81%E7%9B%AE%E9%A7%85
SPICY CURRY 魯珈,35.6987,139.697733,신주쿠구,大久保駅,카레,2026,3.93,888,https://tabelog.com/tokyo/A1304/A130404/13286023/,https://www.google.com/maps/search/?api=1&query=SPICY%20CURRY%20%E9%AD%AF%E7%8F%88%20%E5%A4%A7%E4%B9%85%E4%BF%9D%E9%A7%85
カレー食堂 リトルスパイス,35.705795,139.577418,武蔵野구,吉祥寺駅,카레,2026,3.73,1258,https://tabelog.com/tokyo/A1320/A132001/13009943/,https://www.google.com/maps/search/?api=1&query=%E3%82%AB%E3%83%AC%E3%83%BC%E9%A3%9F%E5%A0%82%20%E3%83%AA%E3%83%88%E3%83%AB%E3%82%B9%E3%83%91%E3%82%A4%E3%82%B9%20%E5%90%89%E7%A5%A5%E5%AF%BA%E9%A7%85
カレーの店 ガン爺,35.667227,139.751661,미나토구,虎ノ門ヒルズ駅,카레,2026,3.75,959,https://tabelog.com/tokyo/A1308/A130802/13226045/,https://www.google.com/maps/search/?api=1&query=%E3%82%AB%E3%83%AC%E3%83%BC%E3%81%AE%E5%BA%97%20%E3%82%AC%E3%83%B3%E7%88%BA%20%E8%99%8E%E3%83%8E%E9%96%80%E3%83%92%E3%83%AB%E3%82%BA%E9%A7%85
カリー＆ワイン ビストロべっぴん舎 お茶の水店,35.69592,139.761253,지요다구,神保町駅,카레,2026,3.77,1256,https://tabelog.com/tokyo/A1310/A131002/13198751/,https://www.google.com/maps/search/?api=1&query=%E3%82%AB%E3%83%AA%E3%83%BC%EF%BC%86%E3%83%AF%E3%82%A4%E3%83%B3%20%E3%83%93%E3%82%B9%E3%83%88%E3%83%AD%E3%81%B9%E3%81%A3%E3%81%B4%E3%82%93%E8%88%8E%20%E3%81%8A%E8%8C%B6%E3%81%AE%E6%B0%B4%E5%BA%97%20%E7%A5%9E%E4%BF%9D%E7%94%BA%E9%A7%85
札幌ドミニカ 銀座店,35.675506,139.767916,주오구,銀座一丁目駅,카레,2026,3.73,1971,https://tabelog.com/tokyo/A1302/A130202/13025381/,https://www.google.com/maps/search/?api=1&query=%E6%9C%AD%E5%B9%8C%E3%83%89%E3%83%9F%E3%83%8B%E3%82%AB%20%E9%8A%80%E5%BA%A7%E5%BA%97%20%E9%8A%80%E5%BA%A7%E4%B8%80%E4%B8%81%E7%9B%AE%E9%A7%85
ヨゴロウ,35.674259,139.710956,시부야구,北参道駅,카레,2026,3.79,1831,https://tabelog.com/tokyo/A1306/A130601/13076645/,https://www.google.com/maps/search/?api=1&query=%E3%83%A8%E3%82%B4%E3%83%AD%E3%82%A6%20%E5%8C%97%E5%8F%82%E9%81%93%E9%A7%85
Cuit Bonne,35.680282,139.779916,주오구,茅場町駅,카레,2026,3.75,1106,https://tabelog.com/tokyo/A1302/A130203/13003029/,https://www.google.com/maps/search/?api=1&query=Cuit%20Bonne%20%E8%8C%85%E5%A0%B4%E7%94%BA%E9%A7%85
カリーアップ,35.674612,139.707763,시부야구,北参道駅,카레,2026,3.75,1267,https://tabelog.com/tokyo/A1306/A130601/13103835/,https://www.google.com/maps/search/?api=1&query=%E3%82%AB%E3%83%AA%E3%83%BC%E3%82%A2%E3%83%83%E3%83%97%20%E5%8C%97%E5%8F%82%E9%81%93%E9%A7%85
ガンジー,35.691912,139.703504,신주쿠구,新宿三丁目駅,카레,2026,3.72,4407,https://tabelog.com/tokyo/A1304/A130401/13000880/,https://www.google.com/maps/search/?api=1&query=%E3%82%AC%E3%83%B3%E3%82%B8%E3%83%BC%20%E6%96%B0%E5%AE%BF%E4%B8%89%E4%B8%81%E7%9B%AE%E9%A7%85
牛すじカレー 小さなカレー家,35.699009,139.69769,신주쿠구,大久保駅,카레,2026,3.75,1205,https://tabelog.com/tokyo/A1304/A130404/13048031/,https://www.google.com/maps/search/?api=1&query=%E7%89%9B%E3%81%99%E3%81%98%E3%82%AB%E3%83%AC%E3%83%BC%20%E5%B0%8F%E3%81%95%E3%81%AA%E3%82%AB%E3%83%AC%E3%83%BC%E5%AE%B6%20%E5%A4%A7%E4%B9%85%E4%BF%9D%E9%A7%85
SPICE CURRY アルクロード 飯田橋店,35.701494,139.745884,지요다구,飯田橋駅,카레,2026,3.71,632,https://tabelog.com/tokyo/A1309/A130905/13264466/,https://www.google.com/maps/search/?api=1&query=SPICE%20CURRY%20%E3%82%A2%E3%83%AB%E3%82%AF%E3%83%AD%E3%83%BC%E3%83%89%20%E9%A3%AF%E7%94%B0%E6%A9%8B%E5%BA%97%20%E9%A3%AF%E7%94%B0%E6%A9%8B%E9%A7%85
ハブモアカレー,35.653407,139.704768,시부야구,代官山駅,카레,2026,3.74,783,https://tabelog.com/tokyo/A1303/A130301/13254583/,https://www.google.com/maps/search/?api=1&query=%E3%83%8F%E3%83%96%E3%83%A2%E3%82%A2%E3%82%AB%E3%83%AC%E3%83%BC%20%E4%BB%A3%E5%AE%98%E5%B1%B1%E9%A7%85
インド風カリーライス すぱいす,35.703918,139.618117,스기나미구,荻窪駅,카레,2026,3.74,1121,https://tabelog.com/tokyo/A1319/A131906/13004379/,https://www.google.com/maps/search/?api=1&query=%E3%82%A4%E3%83%B3%E3%83%89%E9%A2%A8%E3%82%AB%E3%83%AA%E3%83%BC%E3%83%A9%E3%82%A4%E3%82%B9%20%E3%81%99%E3%81%B1%E3%81%84%E3%81%99%20%E8%8D%BB%E7%AA%AA%E9%A7%85
BLOCK HOUSE 水曜カレー,35.666172,139.704409,시부야구,明治神宮前駅,카레,2026,3.85,560,https://tabelog.com/tokyo/A1306/A130601/13183182/,https://www.google.com/maps/search/?api=1&query=BLOCK%20HOUSE%20%E6%B0%B4%E6%9B%9C%E3%82%AB%E3%83%AC%E3%83%BC%20%E6%98%8E%E6%B2%BB%E7%A5%9E%E5%AE%AE%E5%89%8D%E9%A7%85
スリマンガラムA/C 祖師ヶ谷大蔵店,35.643777,139.608466,세타가야구,祖師ケ谷大蔵駅,아시아·에스닉,2026,3.6,396,https://tabelog.com/tokyo/A1318/A131814/13271579/,https://www.google.com/maps/search/?api=1&query=%E3%82%B9%E3%83%AA%E3%83%9E%E3%83%B3%E3%82%AC%E3%83%A9%E3%83%A0A%2FC%20%E7%A5%96%E5%B8%AB%E3%83%B6%E8%B0%B7%E5%A4%A7%E8%94%B5%E5%BA%97%20%E7%A5%96%E5%B8%AB%E3%82%B1%E8%B0%B7%E5%A4%A7%E8%94%B5%E9%A7%85
エリックサウス 高円寺カレー＆ビリヤニセンター,35.705327,139.651584,스기나미구,高円寺駅,아시아·에스닉,2026,3.65,801,https://tabelog.com/tokyo/A1319/A131904/13245273/,https://www.google.com/maps/search/?api=1&query=%E3%82%A8%E3%83%AA%E3%83%83%E3%82%AF%E3%82%B5%E3%82%A6%E3%82%B9%20%E9%AB%98%E5%86%86%E5%AF%BA%E3%82%AB%E3%83%AC%E3%83%BC%EF%BC%86%E3%83%93%E3%83%AA%E3%83%A4%E3%83%8B%E3%82%BB%E3%83%B3%E3%82%BF%E3%83%BC%20%E9%AB%98%E5%86%86%E5%AF%BA%E9%A7%85
ヨヨナム,35.671389,139.690447,시부야구,代々木八幡駅,아시아·에스닉,2026,3.7,600,https://tabelog.com/tokyo/A1318/A131810/13204833/,https://www.google.com/maps/search/?api=1&query=%E3%83%A8%E3%83%A8%E3%83%8A%E3%83%A0%20%E4%BB%A3%E3%80%85%E6%9C%A8%E5%85%AB%E5%B9%A1%E9%A7%85
獅天鶏飯,35.656986,139.704007,시부야구,渋谷駅,아시아·에스닉,2026,3.58,1137,https://tabelog.com/tokyo/A1303/A130301/13268755/,https://www.google.com/maps/search/?api=1&query=%E7%8D%85%E5%A4%A9%E9%B6%8F%E9%A3%AF%20%E6%B8%8B%E8%B0%B7%E9%A7%85
三燈舎,35.694793,139.762693,지요다구,小川町駅,아시아·에스닉,2026,3.66,1257,https://tabelog.com/tokyo/A1310/A131002/13234867/,https://www.google.com/maps/search/?api=1&query=%E4%B8%89%E7%87%88%E8%88%8E%20%E5%B0%8F%E5%B7%9D%E7%94%BA%E9%A7%85
スパイスバル コザブロ,35.724035,139.756324,분쿄구,本駒込駅,아시아·에스닉,2026,3.69,486,https://tabelog.com/tokyo/A1323/A132301/13207647/,https://www.google.com/maps/search/?api=1&query=%E3%82%B9%E3%83%91%E3%82%A4%E3%82%B9%E3%83%90%E3%83%AB%20%E3%82%B3%E3%82%B6%E3%83%96%E3%83%AD%20%E6%9C%AC%E9%A7%92%E8%BE%BC%E9%A7%85
キャラヴァンサライ包,35.705858,139.682418,나카노구,東中野駅,아시아·에스닉,2026,3.59,472,https://tabelog.com/tokyo/A1319/A131901/13006879/,https://www.google.com/maps/search/?api=1&query=%E3%82%AD%E3%83%A3%E3%83%A9%E3%83%B4%E3%82%A1%E3%83%B3%E3%82%B5%E3%83%A9%E3%82%A4%E5%8C%85%20%E6%9D%B1%E4%B8%AD%E9%87%8E%E9%A7%85
マンゴツリー東京,35.680936,139.764,지요다구,二重橋前駅,아시아·에스닉,2026,3.66,1465,https://tabelog.com/tokyo/A1302/A130201/13004078/,https://www.google.com/maps/search/?api=1&query=%E3%83%9E%E3%83%B3%E3%82%B4%E3%83%84%E3%83%AA%E3%83%BC%E6%9D%B1%E4%BA%AC%20%E4%BA%8C%E9%87%8D%E6%A9%8B%E5%89%8D%E9%A7%85
すぱいし家 飯田橋店,35.699879,139.747316,지요다구,飯田橋駅,아시아·에스닉,2026,3.56,328,https://tabelog.com/tokyo/A1309/A130905/13295527/,https://www.google.com/maps/search/?api=1&query=%E3%81%99%E3%81%B1%E3%81%84%E3%81%97%E5%AE%B6%20%E9%A3%AF%E7%94%B0%E6%A9%8B%E5%BA%97%20%E9%A3%AF%E7%94%B0%E6%A9%8B%E9%A7%85
アーンドラ・ダバ,35.69075,139.770199,지요다구,神田駅,아시아·에스닉,2026,3.56,902,https://tabelog.com/tokyo/A1310/A131002/13199412/,https://www.google.com/maps/search/?api=1&query=%E3%82%A2%E3%83%BC%E3%83%B3%E3%83%89%E3%83%A9%E3%83%BB%E3%83%80%E3%83%90%20%E7%A5%9E%E7%94%B0%E9%A7%85
初台スパイス食堂 和魂印才たんどーる,35.684693,139.685463,신주쿠구,初台駅,아시아·에스닉,2026,3.66,482,https://tabelog.com/tokyo/A1318/A131807/13195398/,https://www.google.com/maps/search/?api=1&query=%E5%88%9D%E5%8F%B0%E3%82%B9%E3%83%91%E3%82%A4%E3%82%B9%E9%A3%9F%E5%A0%82%20%E5%92%8C%E9%AD%82%E5%8D%B0%E6%89%8D%E3%81%9F%E3%82%93%E3%81%A9%E3%83%BC%E3%82%8B%20%E5%88%9D%E5%8F%B0%E9%A7%85
ADI,35.641756,139.695617,메구로구,中目黒駅,아시아·에스닉,2026,3.71,192,https://tabelog.com/tokyo/A1317/A131701/13248455/,https://www.google.com/maps/search/?api=1&query=ADI%20%E4%B8%AD%E7%9B%AE%E9%BB%92%E9%A7%85
ナイルレストラン,35.670112,139.767196,주오구,東銀座駅,아시아·에스닉,2026,3.56,3494,https://tabelog.com/tokyo/A1301/A130101/13002329/,https://www.google.com/maps/search/?api=1&query=%E3%83%8A%E3%82%A4%E3%83%AB%E3%83%AC%E3%82%B9%E3%83%88%E3%83%A9%E3%83%B3%20%E6%9D%B1%E9%8A%80%E5%BA%A7%E9%A7%85
ロス タコス アスーレス,35.638354,139.668126,세타가야구,三軒茶屋駅,아시아·에스닉,2026,3.77,908,https://tabelog.com/tokyo/A1317/A131706/13227066/,https://www.google.com/maps/search/?api=1&query=%E3%83%AD%E3%82%B9%20%E3%82%BF%E3%82%B3%E3%82%B9%20%E3%82%A2%E3%82%B9%E3%83%BC%E3%83%AC%E3%82%B9%20%E4%B8%89%E8%BB%92%E8%8C%B6%E5%B1%8B%E9%A7%85
アーンドラ・キッチン,35.705734,139.773931,다이토구,御徒町駅,아시아·에스닉,2026,3.66,1620,https://tabelog.com/tokyo/A1311/A131101/13096305/,https://www.google.com/maps/search/?api=1&query=%E3%82%A2%E3%83%BC%E3%83%B3%E3%83%89%E3%83%A9%E3%83%BB%E3%82%AD%E3%83%83%E3%83%81%E3%83%B3%20%E5%BE%A1%E5%BE%92%E7%94%BA%E9%A7%85
タンドールバル カマル2号,35.695638,139.82651,고토구,亀戸駅,아시아·에스닉,2026,3.68,832,https://tabelog.com/tokyo/A1312/A131202/13231356/,https://www.google.com/maps/search/?api=1&query=%E3%82%BF%E3%83%B3%E3%83%89%E3%83%BC%E3%83%AB%E3%83%90%E3%83%AB%20%E3%82%AB%E3%83%9E%E3%83%AB2%E5%8F%B7%20%E4%BA%80%E6%88%B8%E9%A7%85
エリックサウス 八重洲店,35.679495,139.770852,주오구,京橋駅,아시아·에스닉,2026,3.66,3578,https://tabelog.com/tokyo/A1302/A130202/13130363/,https://www.google.com/maps/search/?api=1&query=%E3%82%A8%E3%83%AA%E3%83%83%E3%82%AF%E3%82%B5%E3%82%A6%E3%82%B9%20%E5%85%AB%E9%87%8D%E6%B4%B2%E5%BA%97%20%E4%BA%AC%E6%A9%8B%E9%A7%85
タイ料理 ミャオミャオ,35.67796,139.678553,시부야구,幡ケ谷駅,아시아·에스닉,2026,3.63,539,https://tabelog.com/tokyo/A1318/A131807/13267611/,https://www.google.com/maps/search/?api=1&query=%E3%82%BF%E3%82%A4%E6%96%99%E7%90%86%20%E3%83%9F%E3%83%A3%E3%82%AA%E3%83%9F%E3%83%A3%E3%82%AA%20%E5%B9%A1%E3%82%B1%E8%B0%B7%E9%A7%85
四次元食堂 南インドオステリア,35.710707,139.712395,신주쿠구,面影橋駅,아시아·에스닉,2026,3.59,158,https://tabelog.com/tokyo/A1305/A130504/13252062/,https://www.google.com/maps/search/?api=1&query=%E5%9B%9B%E6%AC%A1%E5%85%83%E9%A3%9F%E5%A0%82%20%E5%8D%97%E3%82%A4%E3%83%B3%E3%83%89%E3%82%AA%E3%82%B9%E3%83%86%E3%83%AA%E3%82%A2%20%E9%9D%A2%E5%BD%B1%E6%A9%8B%E9%A7%85
すぱいす暮らし,35.629468,139.68622,메구로구,学芸大学駅,아시아·에스닉,2026,3.61,241,https://tabelog.com/tokyo/A1317/A131702/13195314/,https://www.google.com/maps/search/?api=1&query=%E3%81%99%E3%81%B1%E3%81%84%E3%81%99%E6%9A%AE%E3%82%89%E3%81%97%20%E5%AD%A6%E8%8A%B8%E5%A4%A7%E5%AD%A6%E9%A7%85
FUKUMEN Tequila &amp; Modern Ethnic,35.715554,139.793616,다이토구,浅草（つくばＥＸＰ）駅,아시아·에스닉,2026,3.58,209,https://tabelog.com/tokyo/A1311/A131102/13248350/,https://www.google.com/maps/search/?api=1&query=FUKUMEN%20Tequila%20%26amp%3B%20Modern%20Ethnic%20%E6%B5%85%E8%8D%89%EF%BC%88%E3%81%A4%E3%81%8F%E3%81%B0%EF%BC%A5%EF%BC%B8%EF%BC%B0%EF%BC%89%E9%A7%85
KHAO,35.696582,139.756962,지요다구,神保町駅,아시아·에스닉,2026,3.92,185,https://tabelog.com/tokyo/A1310/A131003/13296304/,https://www.google.com/maps/search/?api=1&query=KHAO%20%E7%A5%9E%E4%BF%9D%E7%94%BA%E9%A7%85
カッチャル バッチャル,35.727318,139.729477,도시마구,新大塚駅,아시아·에스닉,2026,3.83,1733,https://tabelog.com/tokyo/A1323/A132302/13120294/,https://www.google.com/maps/search/?api=1&query=%E3%82%AB%E3%83%83%E3%83%81%E3%83%A3%E3%83%AB%20%E3%83%90%E3%83%83%E3%83%81%E3%83%A3%E3%83%AB%20%E6%96%B0%E5%A4%A7%E5%A1%9A%E9%A7%85
グルガオン,35.674534,139.767354,주오구,銀座一丁目駅,아시아·에스닉,2026,3.69,3303,https://tabelog.com/tokyo/A1301/A130101/13002457/,https://www.google.com/maps/search/?api=1&query=%E3%82%B0%E3%83%AB%E3%82%AC%E3%82%AA%E3%83%B3%20%E9%8A%80%E5%BA%A7%E4%B8%80%E4%B8%81%E7%9B%AE%E9%A7%85
Indian Street Food &amp; Bar GOND,35.696096,139.763957,지요다구,新御茶ノ水駅,아시아·에스닉,2026,3.66,727,https://tabelog.com/tokyo/A1310/A131002/13284903/,https://www.google.com/maps/search/?api=1&query=Indian%20Street%20Food%20%26amp%3B%20Bar%20GOND%20%E6%96%B0%E5%BE%A1%E8%8C%B6%E3%83%8E%E6%B0%B4%E9%A7%85
アーンドラ・ダイニング 銀座,35.674533,139.76903,주오구,銀座一丁目駅,아시아·에스닉,2026,3.54,1792,https://tabelog.com/tokyo/A1301/A130101/13136701/,https://www.google.com/maps/search/?api=1&query=%E3%82%A2%E3%83%BC%E3%83%B3%E3%83%89%E3%83%A9%E3%83%BB%E3%83%80%E3%82%A4%E3%83%8B%E3%83%B3%E3%82%B0%20%E9%8A%80%E5%BA%A7%20%E9%8A%80%E5%BA%A7%E4%B8%80%E4%B8%81%E7%9B%AE%E9%A7%85
シモン,35.657352,139.732907,미나토구,麻布十番駅,아시아·에스닉,2026,3.65,661,https://tabelog.com/tokyo/A1307/A130702/13001860/,https://www.google.com/maps/search/?api=1&query=%E3%82%B7%E3%83%A2%E3%83%B3%20%E9%BA%BB%E5%B8%83%E5%8D%81%E7%95%AA%E9%A7%85
韓灯,35.663348,139.784701,주오구,月島駅,아시아·에스닉,2026,3.6,457,https://tabelog.com/tokyo/A1313/A131302/13019721/,https://www.google.com/maps/search/?api=1&query=%E9%9F%93%E7%81%AF%20%E6%9C%88%E5%B3%B6%E9%A7%85
カリ～ アンド スパイスバル カリ～ビト,35.700825,139.748276,지요다구,飯田橋駅,아시아·에스닉,2026,3.68,1061,https://tabelog.com/tokyo/A1309/A130905/13186472/,https://www.google.com/maps/search/?api=1&query=%E3%82%AB%E3%83%AA%EF%BD%9E%20%E3%82%A2%E3%83%B3%E3%83%89%20%E3%82%B9%E3%83%91%E3%82%A4%E3%82%B9%E3%83%90%E3%83%AB%20%E3%82%AB%E3%83%AA%EF%BD%9E%E3%83%93%E3%83%88%20%E9%A3%AF%E7%94%B0%E6%A9%8B%E9%A7%85
アラビックレストラン＆カフェ アブイサーム,35.704204,139.732311,신주쿠구,神楽坂駅,아시아·에스닉,2026,3.56,281,https://tabelog.com/tokyo/A1309/A130905/13258025/,https://www.google.com/maps/search/?api=1&query=%E3%82%A2%E3%83%A9%E3%83%93%E3%83%83%E3%82%AF%E3%83%AC%E3%82%B9%E3%83%88%E3%83%A9%E3%83%B3%EF%BC%86%E3%82%AB%E3%83%95%E3%82%A7%20%E3%82%A2%E3%83%96%E3%82%A4%E3%82%B5%E3%83%BC%E3%83%A0%20%E7%A5%9E%E6%A5%BD%E5%9D%82%E9%A7%85
MOMO Stand Tokyo,35.649031,139.720523,시부야구,広尾駅,아시아·에스닉,2026,3.66,221,https://tabelog.com/tokyo/A1307/A130703/13288199/,https://www.google.com/maps/search/?api=1&query=MOMO%20Stand%20Tokyo%20%E5%BA%83%E5%B0%BE%E9%A7%85
シバカリーワラ,35.645992,139.669826,세타가야구,三軒茶屋駅,아시아·에스닉,2026,3.74,1551,https://tabelog.com/tokyo/A1317/A131706/13151738/,https://www.google.com/maps/search/?api=1&query=%E3%82%B7%E3%83%90%E3%82%AB%E3%83%AA%E3%83%BC%E3%83%AF%E3%83%A9%20%E4%B8%89%E8%BB%92%E8%8C%B6%E5%B1%8B%E9%A7%85
マロロガ バワン,35.713036,139.668067,나카노구,新井薬師前駅,아시아·에스닉,2026,3.68,364,https://tabelog.com/tokyo/A1321/A132104/13242332/,https://www.google.com/maps/search/?api=1&query=%E3%83%9E%E3%83%AD%E3%83%AD%E3%82%AC%20%E3%83%90%E3%83%AF%E3%83%B3%20%E6%96%B0%E4%BA%95%E8%96%AC%E5%B8%AB%E5%89%8D%E9%A7%85
ロス タコス アスーレス 恵比寿,35.650414,139.707153,시부야구,代官山駅,아시아·에스닉,2026,3.65,177,https://tabelog.com/tokyo/A1303/A130302/13293197/,https://www.google.com/maps/search/?api=1&query=%E3%83%AD%E3%82%B9%20%E3%82%BF%E3%82%B3%E3%82%B9%20%E3%82%A2%E3%82%B9%E3%83%BC%E3%83%AC%E3%82%B9%20%E6%81%B5%E6%AF%94%E5%AF%BF%20%E4%BB%A3%E5%AE%98%E5%B1%B1%E9%A7%85
ペルー料理 bepocah,35.672536,139.710143,시부야구,明治神宮前駅,아시아·에스닉,2026,3.75,532,https://tabelog.com/tokyo/A1306/A130601/13153983/,https://www.google.com/maps/search/?api=1&query=%E3%83%9A%E3%83%AB%E3%83%BC%E6%96%99%E7%90%86%20bepocah%20%E6%98%8E%E6%B2%BB%E7%A5%9E%E5%AE%AE%E5%89%8D%E9%A7%85
HOPPERS,35.681214,139.778157,주오구,茅場町駅,아시아·에스닉,2026,3.74,985,https://tabelog.com/tokyo/A1302/A130203/13266235/,https://www.google.com/maps/search/?api=1&query=HOPPERS%20%E8%8C%85%E5%A0%B4%E7%94%BA%E9%A7%85
松記鶏飯,35.693902,139.766758,지요다구,小川町駅,아시아·에스닉,2026,3.66,1028,https://tabelog.com/tokyo/A1310/A131002/13160030/,https://www.google.com/maps/search/?api=1&query=%E6%9D%BE%E8%A8%98%E9%B6%8F%E9%A3%AF%20%E5%B0%8F%E5%B7%9D%E7%94%BA%E9%A7%85
ペルー料理 DESTINO51,35.661683,139.714198,미나토구,表参道駅,아시아·에스닉,2026,3.59,556,https://tabelog.com/tokyo/A1306/A130602/13248957/,https://www.google.com/maps/search/?api=1&query=%E3%83%9A%E3%83%AB%E3%83%BC%E6%96%99%E7%90%86%20DESTINO51%20%E8%A1%A8%E5%8F%82%E9%81%93%E9%A7%85
ガラムマサラ,35.650776,139.63581,세타가야구,経堂駅,아시아·에스닉,2026,3.69,1077,https://tabelog.com/tokyo/A1318/A131813/13013124/,https://www.google.com/maps/search/?api=1&query=%E3%82%AC%E3%83%A9%E3%83%A0%E3%83%9E%E3%82%B5%E3%83%A9%20%E7%B5%8C%E5%A0%82%E9%A7%85
ARALE,35.654112,139.702081,시부야구,渋谷駅,아시아·에스닉,2026,3.61,141,https://tabelog.com/tokyo/A1303/A130301/13237344/,https://www.google.com/maps/search/?api=1&query=ARALE%20%E6%B8%8B%E8%B0%B7%E9%A7%85
韓国旬菜ハル,35.667621,139.717746,미나토구,外苑前駅,아시아·에스닉,2026,3.59,220,https://tabelog.com/tokyo/A1306/A130603/13171570/,https://www.google.com/maps/search/?api=1&query=%E9%9F%93%E5%9B%BD%E6%97%AC%E8%8F%9C%E3%83%8F%E3%83%AB%20%E5%A4%96%E8%8B%91%E5%89%8D%E9%A7%85
やっぱりインディア,35.730239,139.728039,도시마구,大塚駅,아시아·에스닉,2026,3.69,1449,https://tabelog.com/tokyo/A1323/A132302/13207605/,https://www.google.com/maps/search/?api=1&query=%E3%82%84%E3%81%A3%E3%81%B1%E3%82%8A%E3%82%A4%E3%83%B3%E3%83%87%E3%82%A3%E3%82%A2%20%E5%A4%A7%E5%A1%9A%E9%A7%85
ベトナムちゃん,35.701506,139.69639,신주쿠구,大久保駅,아시아·에스닉,2026,3.6,1424,https://tabelog.com/tokyo/A1304/A130404/13122530/,https://www.google.com/maps/search/?api=1&query=%E3%83%99%E3%83%88%E3%83%8A%E3%83%A0%E3%81%A1%E3%82%83%E3%82%93%20%E5%A4%A7%E4%B9%85%E4%BF%9D%E9%A7%85
アンジュナ,35.662224,139.412342,日野구,高幡不動駅,아시아·에스닉,2026,3.59,610,https://tabelog.com/tokyo/A1329/A132903/13006010/,https://www.google.com/maps/search/?api=1&query=%E3%82%A2%E3%83%B3%E3%82%B8%E3%83%A5%E3%83%8A%20%E9%AB%98%E5%B9%A1%E4%B8%8D%E5%8B%95%E9%A7%85
スパイスバザール アチャカナ,35.693881,139.697019,신주쿠구,新宿西口駅,아시아·에스닉,2026,3.69,1072,https://tabelog.com/tokyo/A1304/A130401/13233798/,https://www.google.com/maps/search/?api=1&query=%E3%82%B9%E3%83%91%E3%82%A4%E3%82%B9%E3%83%90%E3%82%B6%E3%83%BC%E3%83%AB%20%E3%82%A2%E3%83%81%E3%83%A3%E3%82%AB%E3%83%8A%20%E6%96%B0%E5%AE%BF%E8%A5%BF%E5%8F%A3%E9%A7%85
コチン ニヴァース,35.691749,139.685918,신주쿠구,西新宿五丁目駅,아시아·에스닉,2026,3.68,1100,https://tabelog.com/tokyo/A1304/A130401/13056242/,https://www.google.com/maps/search/?api=1&query=%E3%82%B3%E3%83%81%E3%83%B3%20%E3%83%8B%E3%83%B4%E3%82%A1%E3%83%BC%E3%82%B9%20%E8%A5%BF%E6%96%B0%E5%AE%BF%E4%BA%94%E4%B8%81%E7%9B%AE%E9%A7%85
セレンディッブ,35.706371,139.791004,다이토구,蔵前駅,아시아·에스닉,2026,3.66,710,https://tabelog.com/tokyo/A1311/A131103/13252301/,https://www.google.com/maps/search/?api=1&query=%E3%82%BB%E3%83%AC%E3%83%B3%E3%83%87%E3%82%A3%E3%83%83%E3%83%96%20%E8%94%B5%E5%89%8D%E9%A7%85
okudo 東京,35.689892,139.710578,신주쿠구,新宿御苑前駅,아시아·에스닉,2026,3.61,648,https://tabelog.com/tokyo/A1304/A130402/13174128/,https://www.google.com/maps/search/?api=1&query=okudo%20%E6%9D%B1%E4%BA%AC%20%E6%96%B0%E5%AE%BF%E5%BE%A1%E8%8B%91%E5%89%8D%E9%A7%85
韓流 安歡,35.671103,139.761453,주오구,銀座駅,아시아·에스닉,2026,3.6,163,https://tabelog.com/tokyo/A1301/A130101/13020927/,https://www.google.com/maps/search/?api=1&query=%E9%9F%93%E6%B5%81%20%E5%AE%89%E6%AD%A1%20%E9%8A%80%E5%BA%A7%E9%A7%85
ビリヤニ大澤,35.692228,139.766064,지요다구,小川町駅,아시아·에스닉,2026,3.96,632,https://tabelog.com/tokyo/A1310/A131002/13262438/,https://www.google.com/maps/search/?api=1&query=%E3%83%93%E3%83%AA%E3%83%A4%E3%83%8B%E5%A4%A7%E6%BE%A4%20%E5%B0%8F%E5%B7%9D%E7%94%BA%E9%A7%85
ラヒ パンジャービー･キッチン,35.703171,139.601645,스기나미구,西荻窪駅,아시아·에스닉,2026,3.69,381,https://tabelog.com/tokyo/A1319/A131907/13051190/,https://www.google.com/maps/search/?api=1&query=%E3%83%A9%E3%83%92%20%E3%83%91%E3%83%B3%E3%82%B8%E3%83%A3%E3%83%BC%E3%83%93%E3%83%BC%EF%BD%A5%E3%82%AD%E3%83%83%E3%83%81%E3%83%B3%20%E8%A5%BF%E8%8D%BB%E7%AA%AA%E9%A7%85
NoruraDa,35.668068,139.73905,미나토구,六本木一丁目駅,아시아·에스닉,2026,3.69,264,https://tabelog.com/tokyo/A1307/A130701/13279173/,https://www.google.com/maps/search/?api=1&query=NoruraDa%20%E5%85%AD%E6%9C%AC%E6%9C%A8%E4%B8%80%E4%B8%81%E7%9B%AE%E9%A7%85
スパイスカフェ,35.709771,139.820052,스미다구,押上駅,아시아·에스닉,2026,3.71,1380,https://tabelog.com/tokyo/A1312/A131203/13002935/,https://www.google.com/maps/search/?api=1&query=%E3%82%B9%E3%83%91%E3%82%A4%E3%82%B9%E3%82%AB%E3%83%95%E3%82%A7%20%E6%8A%BC%E4%B8%8A%E9%A7%85
砂の岬,35.631133,139.6504,세타가야구,桜新町駅,아시아·에스닉,2026,3.66,665,https://tabelog.com/tokyo/A1317/A131707/13120204/,https://www.google.com/maps/search/?api=1&query=%E7%A0%82%E3%81%AE%E5%B2%AC%20%E6%A1%9C%E6%96%B0%E7%94%BA%E9%A7%85
アジャンタ,35.686149,139.736933,지요다구,麹町駅,아시아·에스닉,2026,3.67,2058,https://tabelog.com/tokyo/A1308/A130803/13000438/,https://www.google.com/maps/search/?api=1&query=%E3%82%A2%E3%82%B8%E3%83%A3%E3%83%B3%E3%82%BF%20%E9%BA%B9%E7%94%BA%E9%A7%85
スパイスボックス,35.692242,139.765903,지요다구,小川町駅,아시아·에스닉,2026,3.65,1208,https://tabelog.com/tokyo/A1310/A131002/13191118/,https://www.google.com/maps/search/?api=1&query=%E3%82%B9%E3%83%91%E3%82%A4%E3%82%B9%E3%83%9C%E3%83%83%E3%82%AF%E3%82%B9%20%E5%B0%8F%E5%B7%9D%E7%94%BA%E9%A7%85
中目黒 若狭,35.64655,139.698267,메구로구,中目黒駅,아시아·에스닉,2026,3.75,239,https://tabelog.com/tokyo/A1317/A131701/13295672/,https://www.google.com/maps/search/?api=1&query=%E4%B8%AD%E7%9B%AE%E9%BB%92%20%E8%8B%A5%E7%8B%AD%20%E4%B8%AD%E7%9B%AE%E9%BB%92%E9%A7%85
大岩食堂,35.703871,139.602276,스기나미구,西荻窪駅,아시아·에스닉,2026,3.59,530,https://tabelog.com/tokyo/A1319/A131907/13171369/,https://www.google.com/maps/search/?api=1&query=%E5%A4%A7%E5%B2%A9%E9%A3%9F%E5%A0%82%20%E8%A5%BF%E8%8D%BB%E7%AA%AA%E9%A7%85
タンジャイミールス,35.677915,139.677608,시부야구,幡ケ谷駅,아시아·에스닉,2026,3.58,301,https://tabelog.com/tokyo/A1318/A131807/13280691/,https://www.google.com/maps/search/?api=1&query=%E3%82%BF%E3%83%B3%E3%82%B8%E3%83%A3%E3%82%A4%E3%83%9F%E3%83%BC%E3%83%AB%E3%82%B9%20%E5%B9%A1%E3%82%B1%E8%B0%B7%E9%A7%85
ミ・レイ,35.564205,139.717031,오타구,蒲田駅,아시아·에스닉,2026,3.69,753,https://tabelog.com/tokyo/A1315/A131503/13003307/,https://www.google.com/maps/search/?api=1&query=%E3%83%9F%E3%83%BB%E3%83%AC%E3%82%A4%20%E8%92%B2%E7%94%B0%E9%A7%85
Night Market,35.659752,139.707991,시부야구,渋谷駅,아시아·에스닉,2026,3.6,197,https://tabelog.com/tokyo/A1303/A130301/13310428/,https://www.google.com/maps/search/?api=1&query=Night%20Market%20%E6%B8%8B%E8%B0%B7%E9%A7%85
HASUO,35.649505,139.721056,시부야구,広尾駅,아시아·에스닉,2026,3.65,539,https://tabelog.com/tokyo/A1307/A130703/13227361/,https://www.google.com/maps/search/?api=1&query=HASUO%20%E5%BA%83%E5%B0%BE%E9%A7%85
草原の料理 スヨリト,35.701014,139.732907,신주쿠구,牛込神楽坂駅,아시아·에스닉,2026,3.67,413,https://tabelog.com/tokyo/A1309/A130905/13281095/,https://www.google.com/maps/search/?api=1&query=%E8%8D%89%E5%8E%9F%E3%81%AE%E6%96%99%E7%90%86%20%E3%82%B9%E3%83%A8%E3%83%AA%E3%83%88%20%E7%89%9B%E8%BE%BC%E7%A5%9E%E6%A5%BD%E5%9D%82%E9%A7%85
TOKYO BHAVAN,35.698914,139.748547,지요다구,九段下駅,아시아·에스닉,2026,3.68,917,https://tabelog.com/tokyo/A1309/A130905/13284013/,https://www.google.com/maps/search/?api=1&query=TOKYO%20BHAVAN%20%E4%B9%9D%E6%AE%B5%E4%B8%8B%E9%A7%85
馬来西亜マレー,35.648295,139.606495,세타가야구,祖師ケ谷大蔵駅,아시아·에스닉,2026,3.63,366,https://tabelog.com/tokyo/A1318/A131814/13091996/,https://www.google.com/maps/search/?api=1&query=%E9%A6%AC%E6%9D%A5%E8%A5%BF%E4%BA%9C%E3%83%9E%E3%83%AC%E3%83%BC%20%E7%A5%96%E5%B8%AB%E3%82%B1%E8%B0%B7%E5%A4%A7%E8%94%B5%E9%A7%85
サンサール 小岩店,35.726014,139.8826,에도가와구,小岩駅,아시아·에스닉,2026,3.58,548,https://tabelog.com/tokyo/A1312/A131204/13009589/,https://www.google.com/maps/search/?api=1&query=%E3%82%B5%E3%83%B3%E3%82%B5%E3%83%BC%E3%83%AB%20%E5%B0%8F%E5%B2%A9%E5%BA%97%20%E5%B0%8F%E5%B2%A9%E9%A7%85
ゼロワンカレーA.o.D,35.647408,139.743357,미나토구,田町駅,아시아·에스닉,2026,3.71,1734,https://tabelog.com/tokyo/A1314/A131402/13239329/,https://www.google.com/maps/search/?api=1&query=%E3%82%BC%E3%83%AD%E3%83%AF%E3%83%B3%E3%82%AB%E3%83%AC%E3%83%BCA.o.D%20%E7%94%B0%E7%94%BA%E9%A7%85
ジョニーのビリヤニ 神田店,35.690864,139.76987,지요다구,神田駅,아시아·에스닉,2026,3.59,331,https://tabelog.com/tokyo/A1310/A131002/13298243/,https://www.google.com/maps/search/?api=1&query=%E3%82%B8%E3%83%A7%E3%83%8B%E3%83%BC%E3%81%AE%E3%83%93%E3%83%AA%E3%83%A4%E3%83%8B%20%E7%A5%9E%E7%94%B0%E5%BA%97%20%E7%A5%9E%E7%94%B0%E9%A7%85
スパイスバル猫六,35.717606,139.816007,스미다구,曳舟駅,아시아·에스닉,2026,3.67,291,https://tabelog.com/tokyo/A1312/A131203/13167391/,https://www.google.com/maps/search/?api=1&query=%E3%82%B9%E3%83%91%E3%82%A4%E3%82%B9%E3%83%90%E3%83%AB%E7%8C%AB%E5%85%AD%20%E6%9B%B3%E8%88%9F%E9%A7%85
イズミル,35.705657,139.636099,스기나미구,阿佐ケ谷駅,아시아·에스닉,2026,3.55,286,https://tabelog.com/tokyo/A1319/A131905/13000663/,https://www.google.com/maps/search/?api=1&query=%E3%82%A4%E3%82%BA%E3%83%9F%E3%83%AB%20%E9%98%BF%E4%BD%90%E3%82%B1%E8%B0%B7%E9%A7%85
サンバレーホテル,35.638382,139.66742,세타가야구,三軒茶屋駅,아시아·에스닉,2026,3.66,265,https://tabelog.com/tokyo/A1317/A131706/13195313/,https://www.google.com/maps/search/?api=1&query=%E3%82%B5%E3%83%B3%E3%83%90%E3%83%AC%E3%83%BC%E3%83%9B%E3%83%86%E3%83%AB%20%E4%B8%89%E8%BB%92%E8%8C%B6%E5%B1%8B%E9%A7%85
thalee ling,35.671048,139.683962,시부야구,代々木上原駅,아시아·에스닉,2026,3.6,268,https://tabelog.com/tokyo/A1318/A131811/13281551/,https://www.google.com/maps/search/?api=1&query=thalee%20ling%20%E4%BB%A3%E3%80%85%E6%9C%A8%E4%B8%8A%E5%8E%9F%E9%A7%85
An Di,35.67192,139.713908,시부야구,外苑前駅,아시아·에스닉,2026,3.94,710,https://tabelog.com/tokyo/A1306/A130603/13209346/,https://www.google.com/maps/search/?api=1&query=An%20Di%20%E5%A4%96%E8%8B%91%E5%89%8D%E9%A7%85
プロカンジャンケジャン 赤坂店,35.674581,139.737549,미나토구,赤坂見附駅,아시아·에스닉,2026,3.53,886,https://tabelog.com/tokyo/A1308/A130801/13110628/,https://www.google.com/maps/search/?api=1&query=%E3%83%97%E3%83%AD%E3%82%AB%E3%83%B3%E3%82%B8%E3%83%A3%E3%83%B3%E3%82%B1%E3%82%B8%E3%83%A3%E3%83%B3%20%E8%B5%A4%E5%9D%82%E5%BA%97%20%E8%B5%A4%E5%9D%82%E8%A6%8B%E9%99%84%E9%A7%85
フォーティントーキョー,35.729412,139.714618,도시마구,池袋駅,아시아·에스닉,2026,3.67,2193,https://tabelog.com/tokyo/A1305/A130501/13232077/,https://www.google.com/maps/search/?api=1&query=%E3%83%95%E3%82%A9%E3%83%BC%E3%83%86%E3%82%A3%E3%83%B3%E3%83%88%E3%83%BC%E3%82%AD%E3%83%A7%E3%83%BC%20%E6%B1%A0%E8%A2%8B%E9%A7%85
デリー 銀座店,35.671191,139.760852,주오구,銀座駅,아시아·에스닉,2026,3.66,2354,https://tabelog.com/tokyo/A1301/A130101/13002616/,https://www.google.com/maps/search/?api=1&query=%E3%83%87%E3%83%AA%E3%83%BC%20%E9%8A%80%E5%BA%A7%E5%BA%97%20%E9%8A%80%E5%BA%A7%E9%A7%85
タンドールバル カマルプール 木場店,35.668887,139.810869,고토구,木場駅,아시아·에스닉,2026,3.73,2320,https://tabelog.com/tokyo/A1313/A131303/13128960/,https://www.google.com/maps/search/?api=1&query=%E3%82%BF%E3%83%B3%E3%83%89%E3%83%BC%E3%83%AB%E3%83%90%E3%83%AB%20%E3%82%AB%E3%83%9E%E3%83%AB%E3%83%97%E3%83%BC%E3%83%AB%20%E6%9C%A8%E5%A0%B4%E5%BA%97%20%E6%9C%A8%E5%A0%B4%E9%A7%85
チョンソル,35.672142,139.738445,미나토구,赤坂駅,아시아·에스닉,2026,3.56,1658,https://tabelog.com/tokyo/A1308/A130801/13035074/,https://www.google.com/maps/search/?api=1&query=%E3%83%81%E3%83%A7%E3%83%B3%E3%82%BD%E3%83%AB%20%E8%B5%A4%E5%9D%82%E9%A7%85
Curry&amp;Spice青い鳥,35.679231,139.677099,시부야구,幡ケ谷駅,아시아·에스닉,2026,3.58,618,https://tabelog.com/tokyo/A1318/A131807/13190512/,https://www.google.com/maps/search/?api=1&query=Curry%26amp%3BSpice%E9%9D%92%E3%81%84%E9%B3%A5%20%E5%B9%A1%E3%82%B1%E8%B0%B7%E9%A7%85
インド料理 想いの木,35.702308,139.737823,신주쿠구,牛込神楽坂駅,아시아·에스닉,2026,3.79,1280,https://tabelog.com/tokyo/A1309/A130905/13023967/,https://www.google.com/maps/search/?api=1&query=%E3%82%A4%E3%83%B3%E3%83%89%E6%96%99%E7%90%86%20%E6%83%B3%E3%81%84%E3%81%AE%E6%9C%A8%20%E7%89%9B%E8%BE%BC%E7%A5%9E%E6%A5%BD%E5%9D%82%E9%A7%85
ネパール民族料理 アーガン,35.701478,139.702478,신주쿠구,新大久保駅,아시아·에스닉,2026,3.56,1412,https://tabelog.com/tokyo/A1304/A130404/13196997/,https://www.google.com/maps/search/?api=1&query=%E3%83%8D%E3%83%91%E3%83%BC%E3%83%AB%E6%B0%91%E6%97%8F%E6%96%99%E7%90%86%20%E3%82%A2%E3%83%BC%E3%82%AC%E3%83%B3%20%E6%96%B0%E5%A4%A7%E4%B9%85%E4%BF%9D%E9%A7%85
BIANCHI,35.662458,139.729049,미나토구,六本木駅,아시아·에스닉,2026,3.9,428,https://tabelog.com/tokyo/A1307/A130701/13301838/,https://www.google.com/maps/search/?api=1&query=BIANCHI%20%E5%85%AD%E6%9C%AC%E6%9C%A8%E9%A7%85
南インド料理 なんどり,35.750667,139.755598,아라카와구,荒川遊園地前駅,아시아·에스닉,2026,3.57,229,https://tabelog.com/tokyo/A1323/A132303/13151371/,https://www.google.com/maps/search/?api=1&query=%E5%8D%97%E3%82%A4%E3%83%B3%E3%83%89%E6%96%99%E7%90%86%20%E3%81%AA%E3%82%93%E3%81%A9%E3%82%8A%20%E8%8D%92%E5%B7%9D%E9%81%8A%E5%9C%92%E5%9C%B0%E5%89%8D%E9%A7%85
バンダラ ランカ,35.684317,139.717922,신주쿠구,四谷三丁目駅,아시아·에스닉,2026,3.7,946,https://tabelog.com/tokyo/A1309/A130903/13227101/,https://www.google.com/maps/search/?api=1&query=%E3%83%90%E3%83%B3%E3%83%80%E3%83%A9%20%E3%83%A9%E3%83%B3%E3%82%AB%20%E5%9B%9B%E8%B0%B7%E4%B8%89%E4%B8%81%E7%9B%AE%E9%A7%85
ケララの風モーニング,35.58545,139.725586,오타구,大森駅,아시아·에스닉,2026,3.65,321,https://tabelog.com/tokyo/A1315/A131502/13230241/,https://www.google.com/maps/search/?api=1&query=%E3%82%B1%E3%83%A9%E3%83%A9%E3%81%AE%E9%A2%A8%E3%83%A2%E3%83%BC%E3%83%8B%E3%83%B3%E3%82%B0%20%E5%A4%A7%E6%A3%AE%E9%A7%85
西インドスパイス ガヤバジ,35.710802,139.790426,다이토구,田原町駅,아시아·에스닉,2026,3.58,494,https://tabelog.com/tokyo/A1311/A131102/13255851/,https://www.google.com/maps/search/?api=1&query=%E8%A5%BF%E3%82%A4%E3%83%B3%E3%83%89%E3%82%B9%E3%83%91%E3%82%A4%E3%82%B9%20%E3%82%AC%E3%83%A4%E3%83%90%E3%82%B8%20%E7%94%B0%E5%8E%9F%E7%94%BA%E9%A7%85
SHE meguro,35.62906,139.716182,시나가와구,不動前駅,아시아·에스닉,2026,3.58,466,https://tabelog.com/tokyo/A1317/A131710/13248858/,https://www.google.com/maps/search/?api=1&query=SHE%20meguro%20%E4%B8%8D%E5%8B%95%E5%89%8D%E9%A7%85
アンコム,35.650732,139.721922,시부야구,広尾駅,아시아·에스닉,2026,3.59,270,https://tabelog.com/tokyo/A1307/A130703/13248715/,https://www.google.com/maps/search/?api=1&query=%E3%82%A2%E3%83%B3%E3%82%B3%E3%83%A0%20%E5%BA%83%E5%B0%BE%E9%A7%85
ソルティーモード,35.649232,139.707587,시부야구,代官山駅,아시아·에스닉,2026,3.56,326,https://tabelog.com/tokyo/A1303/A130302/13001747/,https://www.google.com/maps/search/?api=1&query=%E3%82%BD%E3%83%AB%E3%83%86%E3%82%A3%E3%83%BC%E3%83%A2%E3%83%BC%E3%83%89%20%E4%BB%A3%E5%AE%98%E5%B1%B1%E9%A7%85
獅天鶏飯ハナレ,35.660584,139.702,시부야구,渋谷駅,아시아·에스닉,2026,3.53,345,https://tabelog.com/tokyo/A1303/A130301/13294998/,https://www.google.com/maps/search/?api=1&query=%E7%8D%85%E5%A4%A9%E9%B6%8F%E9%A3%AF%E3%83%8F%E3%83%8A%E3%83%AC%20%E6%B8%8B%E8%B0%B7%E9%A7%85
李南河 代官山店,35.648069,139.702289,시부야구,代官山駅,아시아·에스닉,2026,3.59,522,https://tabelog.com/tokyo/A1303/A130303/13004636/,https://www.google.com/maps/search/?api=1&query=%E6%9D%8E%E5%8D%97%E6%B2%B3%20%E4%BB%A3%E5%AE%98%E5%B1%B1%E5%BA%97%20%E4%BB%A3%E5%AE%98%E5%B1%B1%E9%A7%85
BIANCHI mini me,35.66246,139.729059,미나토구,六本木駅,아시아·에스닉,2026,3.65,280,https://tabelog.com/tokyo/A1307/A130701/13301818/,https://www.google.com/maps/search/?api=1&query=BIANCHI%20mini%20me%20%E5%85%AD%E6%9C%AC%E6%9C%A8%E9%A7%85
ネパリコ 渋谷店,35.655846,139.698402,시부야구,渋谷駅,아시아·에스닉,2026,3.68,953,https://tabelog.com/tokyo/A1303/A130301/13116418/,https://www.google.com/maps/search/?api=1&query=%E3%83%8D%E3%83%91%E3%83%AA%E3%82%B3%20%E6%B8%8B%E8%B0%B7%E5%BA%97%20%E6%B8%8B%E8%B0%B7%E9%A7%85
ナンディニ 虎ノ門店,35.665685,139.752691,미나토구,虎ノ門ヒルズ駅,아시아·에스닉,2026,3.66,1104,https://tabelog.com/tokyo/A1301/A130103/13206264/,https://www.google.com/maps/search/?api=1&query=%E3%83%8A%E3%83%B3%E3%83%87%E3%82%A3%E3%83%8B%20%E8%99%8E%E3%83%8E%E9%96%80%E5%BA%97%20%E8%99%8E%E3%83%8E%E9%96%80%E3%83%92%E3%83%AB%E3%82%BA%E9%A7%85
カーン・ケバブ・ビリヤニ,35.667886,139.761008,주오구,新橋駅,아시아·에스닉,2026,3.53,3177,https://tabelog.com/tokyo/A1301/A130103/13170211/,https://www.google.com/maps/search/?api=1&query=%E3%82%AB%E3%83%BC%E3%83%B3%E3%83%BB%E3%82%B1%E3%83%90%E3%83%96%E3%83%BB%E3%83%93%E3%83%AA%E3%83%A4%E3%83%8B%20%E6%96%B0%E6%A9%8B%E9%A7%85
Modern Thai CIEL 北参道,35.68024,139.705905,시부야구,北参道駅,아시아·에스닉,2026,3.65,174,https://tabelog.com/tokyo/A1304/A130403/13294182/,https://www.google.com/maps/search/?api=1&query=Modern%20Thai%20CIEL%20%E5%8C%97%E5%8F%82%E9%81%93%20%E5%8C%97%E5%8F%82%E9%81%93%E9%A7%85
ベンガル料理プージャー,35.746032,139.78217,아라카와구,町屋駅前駅,아시아·에스닉,2026,3.6,516,https://tabelog.com/tokyo/A1324/A132401/13036794/,https://www.google.com/maps/search/?api=1&query=%E3%83%99%E3%83%B3%E3%82%AC%E3%83%AB%E6%96%99%E7%90%86%E3%83%97%E3%83%BC%E3%82%B8%E3%83%A3%E3%83%BC%20%E7%94%BA%E5%B1%8B%E9%A7%85%E5%89%8D%E9%A7%85
ブルガズ アダ,35.653739,139.735032,미나토구,麻布十番駅,아시아·에스닉,2026,3.84,339,https://tabelog.com/tokyo/A1307/A130702/13055381/,https://www.google.com/maps/search/?api=1&query=%E3%83%96%E3%83%AB%E3%82%AC%E3%82%BA%20%E3%82%A2%E3%83%80%20%E9%BA%BB%E5%B8%83%E5%8D%81%E7%95%AA%E9%A7%85
タイ料理 みもっと,35.635206,139.709994,메구로구,目黒駅,아시아·에스닉,2026,3.73,164,https://tabelog.com/tokyo/A1316/A131601/13238530/,https://www.google.com/maps/search/?api=1&query=%E3%82%BF%E3%82%A4%E6%96%99%E7%90%86%20%E3%81%BF%E3%82%82%E3%81%A3%E3%81%A8%20%E7%9B%AE%E9%BB%92%E9%A7%85
アロマズ オブ インディア,35.696823,139.769354,지요다구,淡路町駅,아시아·에스닉,2026,3.65,843,https://tabelog.com/tokyo/A1310/A131002/13193476/,https://www.google.com/maps/search/?api=1&query=%E3%82%A2%E3%83%AD%E3%83%9E%E3%82%BA%20%E3%82%AA%E3%83%96%20%E3%82%A4%E3%83%B3%E3%83%87%E3%82%A3%E3%82%A2%20%E6%B7%A1%E8%B7%AF%E7%94%BA%E9%A7%85
COMEDOR MONRICO,35.648386,139.746419,미나토구,三田駅,스페인,2026,3.57,604,https://tabelog.com/tokyo/A1314/A131402/13077333/,https://www.google.com/maps/search/?api=1&query=COMEDOR%20MONRICO%20%E4%B8%89%E7%94%B0%E9%A7%85
コングスト,35.684609,139.780474,주오구,人形町駅,스페인,2026,3.7,236,https://tabelog.com/tokyo/A1302/A130204/13290035/,https://www.google.com/maps/search/?api=1&query=%E3%82%B3%E3%83%B3%E3%82%B0%E3%82%B9%E3%83%88%20%E4%BA%BA%E5%BD%A2%E7%94%BA%E9%A7%85
スペインバル・ジローナ,35.622916,139.72082,시나가와구,大崎広小路駅,스페인,2026,3.55,469,https://tabelog.com/tokyo/A1316/A131603/13011022/,https://www.google.com/maps/search/?api=1&query=%E3%82%B9%E3%83%9A%E3%82%A4%E3%83%B3%E3%83%90%E3%83%AB%E3%83%BB%E3%82%B8%E3%83%AD%E3%83%BC%E3%83%8A%20%E5%A4%A7%E5%B4%8E%E5%BA%83%E5%B0%8F%E8%B7%AF%E9%A7%85
エル・カステリャーノ,35.660847,139.707508,시부야구,渋谷駅,스페인,2026,3.58,331,https://tabelog.com/tokyo/A1303/A130301/13001313/,https://www.google.com/maps/search/?api=1&query=%E3%82%A8%E3%83%AB%E3%83%BB%E3%82%AB%E3%82%B9%E3%83%86%E3%83%AA%E3%83%A3%E3%83%BC%E3%83%8E%20%E6%B8%8B%E8%B0%B7%E9%A7%85
エスタシオン,35.700648,139.740568,신주쿠구,飯田橋駅,스페인,2026,3.66,310,https://tabelog.com/tokyo/A1309/A130905/13187660/,https://www.google.com/maps/search/?api=1&query=%E3%82%A8%E3%82%B9%E3%82%BF%E3%82%B7%E3%82%AA%E3%83%B3%20%E9%A3%AF%E7%94%B0%E6%A9%8B%E9%A7%85
Tinc gana,35.689169,139.735261,지요다구,市ケ谷駅,스페인,2026,3.99,363,https://tabelog.com/tokyo/A1309/A130904/13275231/,https://www.google.com/maps/search/?api=1&query=Tinc%20gana%20%E5%B8%82%E3%82%B1%E8%B0%B7%E9%A7%85
カサ・ベリヤ,35.697915,139.701316,신주쿠구,西武新宿駅,스페인,2026,3.6,398,https://tabelog.com/tokyo/A1304/A130401/13000123/,https://www.google.com/maps/search/?api=1&query=%E3%82%AB%E3%82%B5%E3%83%BB%E3%83%99%E3%83%AA%E3%83%A4%20%E8%A5%BF%E6%AD%A6%E6%96%B0%E5%AE%BF%E9%A7%85
eman,35.681519,139.799441,고토구,清澄白河駅,스페인,2026,4.1,417,https://tabelog.com/tokyo/A1313/A131303/13266919/,https://www.google.com/maps/search/?api=1&query=eman%20%E6%B8%85%E6%BE%84%E7%99%BD%E6%B2%B3%E9%A7%85
TOKi,35.667086,139.760533,미나토구,新橋駅,스페인,2026,3.75,577,https://tabelog.com/tokyo/A1301/A130103/13262451/,https://www.google.com/maps/search/?api=1&query=TOKi%20%E6%96%B0%E6%A9%8B%E9%A7%85
アカ,35.686874,139.772353,주오구,三越前駅,스페인,2026,4.64,695,https://tabelog.com/tokyo/A1302/A130202/13249117/,https://www.google.com/maps/search/?api=1&query=%E3%82%A2%E3%82%AB%20%E4%B8%89%E8%B6%8A%E5%89%8D%E9%A7%85
ENEKO Tokyo,35.658391,139.725739,미나토구,広尾駅,스페인,2026,3.72,391,https://tabelog.com/tokyo/A1307/A130701/13212953/,https://www.google.com/maps/search/?api=1&query=ENEKO%20Tokyo%20%E5%BA%83%E5%B0%BE%E9%A7%85
スリオラ,35.670138,139.762867,주오구,銀座駅,스페인,2026,4.08,785,https://tabelog.com/tokyo/A1301/A130101/13125046/,https://www.google.com/maps/search/?api=1&query=%E3%82%B9%E3%83%AA%E3%82%AA%E3%83%A9%20%E9%8A%80%E5%BA%A7%E9%A7%85
sardexka,35.719549,139.781055,다이토구,鶯谷駅,스페인,2026,3.67,153,https://tabelog.com/tokyo/A1311/A131104/13196197/,https://www.google.com/maps/search/?api=1&query=sardexka%20%E9%B6%AF%E8%B0%B7%E9%A7%85
食堂 aca,35.662396,139.743668,미나토구,神谷町駅,스페인,2026,4.31,323,https://tabelog.com/tokyo/A1307/A130704/13296958/,https://www.google.com/maps/search/?api=1&query=%E9%A3%9F%E5%A0%82%20aca%20%E7%A5%9E%E8%B0%B7%E7%94%BA%E9%A7%85
MASIA,35.674015,139.766456,주오구,銀座一丁目駅,스페인,2026,3.69,357,https://tabelog.com/tokyo/A1301/A130101/13276770/,https://www.google.com/maps/search/?api=1&query=MASIA%20%E9%8A%80%E5%BA%A7%E4%B8%80%E4%B8%81%E7%9B%AE%E9%A7%85
ティオ・ダンジョウ,35.651174,139.547158,調布구,調布駅,스페인,2026,3.62,160,https://tabelog.com/tokyo/A1326/A132601/13180094/,https://www.google.com/maps/search/?api=1&query=%E3%83%86%E3%82%A3%E3%82%AA%E3%83%BB%E3%83%80%E3%83%B3%E3%82%B8%E3%83%A7%E3%82%A6%20%E8%AA%BF%E5%B8%83%E9%A7%85
エル ブエイ,35.70076,139.741005,신주쿠구,飯田橋駅,스페인,2026,3.55,401,https://tabelog.com/tokyo/A1309/A130905/13115919/,https://www.google.com/maps/search/?api=1&query=%E3%82%A8%E3%83%AB%20%E3%83%96%E3%82%A8%E3%82%A4%20%E9%A3%AF%E7%94%B0%E6%A9%8B%E9%A7%85
白金Baru,35.644619,139.722006,시부야구,広尾駅,스페인,2026,3.65,602,https://tabelog.com/tokyo/A1307/A130703/13014058/,https://www.google.com/maps/search/?api=1&query=%E7%99%BD%E9%87%91Baru%20%E5%BA%83%E5%B0%BE%E9%A7%85
リストランテ バル ポルテーニョ,35.695432,139.817195,스미다구,錦糸町駅,스페인,2026,3.58,466,https://tabelog.com/tokyo/A1312/A131201/13157189/,https://www.google.com/maps/search/?api=1&query=%E3%83%AA%E3%82%B9%E3%83%88%E3%83%A9%E3%83%B3%E3%83%86%20%E3%83%90%E3%83%AB%20%E3%83%9D%E3%83%AB%E3%83%86%E3%83%BC%E3%83%8B%E3%83%A7%20%E9%8C%A6%E7%B3%B8%E7%94%BA%E9%A7%85
Flowers&amp;Spanish Sonrisa,35.562927,139.722636,오타구,京急蒲田駅,스페인,2026,3.72,380,https://tabelog.com/tokyo/A1315/A131503/13214735/,https://www.google.com/maps/search/?api=1&query=Flowers%26amp%3BSpanish%20Sonrisa%20%E4%BA%AC%E6%80%A5%E8%92%B2%E7%94%B0%E9%A7%85
スペイン料理Pablo,35.645853,139.696407,메구로구,中目黒駅,스페인,2026,3.6,470,https://tabelog.com/tokyo/A1317/A131701/13221213/,https://www.google.com/maps/search/?api=1&query=%E3%82%B9%E3%83%9A%E3%82%A4%E3%83%B3%E6%96%99%E7%90%86Pablo%20%E4%B8%AD%E7%9B%AE%E9%BB%92%E9%A7%85
サル イ アモール,35.650829,139.703488,시부야구,代官山駅,스페인,2026,3.71,962,https://tabelog.com/tokyo/A1303/A130303/13151425/,https://www.google.com/maps/search/?api=1&query=%E3%82%B5%E3%83%AB%20%E3%82%A4%20%E3%82%A2%E3%83%A2%E3%83%BC%E3%83%AB%20%E4%BB%A3%E5%AE%98%E5%B1%B1%E9%A7%85
FERMINTXO,35.660817,139.7248,미나토구,乃木坂駅,스페인,2026,3.57,197,https://tabelog.com/tokyo/A1307/A130701/13130765/,https://www.google.com/maps/search/?api=1&query=FERMINTXO%20%E4%B9%83%E6%9C%A8%E5%9D%82%E9%A7%85
スペインレストラン 銀座エスペロ,35.670796,139.763581,주오구,銀座駅,스페인,2026,3.56,930,https://tabelog.com/tokyo/A1301/A130101/13244977/,https://www.google.com/maps/search/?api=1&query=%E3%82%B9%E3%83%9A%E3%82%A4%E3%83%B3%E3%83%AC%E3%82%B9%E3%83%88%E3%83%A9%E3%83%B3%20%E9%8A%80%E5%BA%A7%E3%82%A8%E3%82%B9%E3%83%9A%E3%83%AD%20%E9%8A%80%E5%BA%A7%E9%A7%85
GinaGina,35.659839,139.720571,미나토구,広尾駅,스페인,2026,3.33,141,https://tabelog.com/tokyo/A1307/A130701/13264430/,https://www.google.com/maps/search/?api=1&query=GinaGina%20%E5%BA%83%E5%B0%BE%E9%A7%85
ロス・レイエス・マーゴス,35.67784,139.692322,시부야구,参宮橋駅,스페인,2026,3.56,337,https://tabelog.com/tokyo/A1318/A131810/13001848/,https://www.google.com/maps/search/?api=1&query=%E3%83%AD%E3%82%B9%E3%83%BB%E3%83%AC%E3%82%A4%E3%82%A8%E3%82%B9%E3%83%BB%E3%83%9E%E3%83%BC%E3%82%B4%E3%82%B9%20%E5%8F%82%E5%AE%AE%E6%A9%8B%E9%A7%85
Gracia,35.650736,139.721902,시부야구,広尾駅,스페인,2026,3.72,775,https://tabelog.com/tokyo/A1307/A130703/13248611/,https://www.google.com/maps/search/?api=1&query=Gracia%20%E5%BA%83%E5%B0%BE%E9%A7%85
エル・ペスカドール,35.608044,139.67045,메구로구,自由が丘駅,스페인,2026,3.55,611,https://tabelog.com/tokyo/A1317/A131703/13003271/,https://www.google.com/maps/search/?api=1&query=%E3%82%A8%E3%83%AB%E3%83%BB%E3%83%9A%E3%82%B9%E3%82%AB%E3%83%89%E3%83%BC%E3%83%AB%20%E8%87%AA%E7%94%B1%E3%81%8C%E4%B8%98%E9%A7%85
フォンダ サン ジョルディ,35.64676,139.712165,시부야구,恵比寿駅,스페인,2026,3.53,282,https://tabelog.com/tokyo/A1303/A130302/13174380/,https://www.google.com/maps/search/?api=1&query=%E3%83%95%E3%82%A9%E3%83%B3%E3%83%80%20%E3%82%B5%E3%83%B3%20%E3%82%B8%E3%83%A7%E3%83%AB%E3%83%87%E3%82%A3%20%E6%81%B5%E6%AF%94%E5%AF%BF%E9%A7%85
小笠原伯爵邸,35.698341,139.717521,신주쿠구,若松河田駅,스페인,2026,3.7,955,https://tabelog.com/tokyo/A1305/A130504/13000998/,https://www.google.com/maps/search/?api=1&query=%E5%B0%8F%E7%AC%A0%E5%8E%9F%E4%BC%AF%E7%88%B5%E9%82%B8%20%E8%8B%A5%E6%9D%BE%E6%B2%B3%E7%94%B0%E9%A7%85
バル ポルティージョ,35.647133,139.697692,메구로구,中目黒駅,스페인,2026,3.59,946,https://tabelog.com/tokyo/A1317/A131701/13232995/,https://www.google.com/maps/search/?api=1&query=%E3%83%90%E3%83%AB%20%E3%83%9D%E3%83%AB%E3%83%86%E3%82%A3%E3%83%BC%E3%82%B8%E3%83%A7%20%E4%B8%AD%E7%9B%AE%E9%BB%92%E9%A7%85
アロセリア ラ パンサ,35.673415,139.770054,주오구,銀座一丁目駅,스페인,2026,3.68,779,https://tabelog.com/tokyo/A1301/A130101/13205229/,https://www.google.com/maps/search/?api=1&query=%E3%82%A2%E3%83%AD%E3%82%BB%E3%83%AA%E3%82%A2%20%E3%83%A9%20%E3%83%91%E3%83%B3%E3%82%B5%20%E9%8A%80%E5%BA%A7%E4%B8%80%E4%B8%81%E7%9B%AE%E9%A7%85
中国料理 桃花林,35.667069,139.744012,미나토구,虎ノ門ヒルズ駅,중식,2026,3.68,286,https://tabelog.com/tokyo/A1308/A130802/13238558/,https://www.google.com/maps/search/?api=1&query=%E4%B8%AD%E5%9B%BD%E6%96%99%E7%90%86%20%E6%A1%83%E8%8A%B1%E6%9E%97%20%E8%99%8E%E3%83%8E%E9%96%80%E3%83%92%E3%83%AB%E3%82%BA%E9%A7%85
MUDAN JIANG,35.672853,139.777087,주오구,八丁堀駅,중식,2026,3.65,258,https://tabelog.com/tokyo/A1302/A130203/13265064/,https://www.google.com/maps/search/?api=1&query=MUDAN%20JIANG%20%E5%85%AB%E4%B8%81%E5%A0%80%E9%A7%85
乃木坂 結,35.666653,139.72501,미나토구,乃木坂駅,중식,2026,3.66,148,https://tabelog.com/tokyo/A1307/A130701/13256196/,https://www.google.com/maps/search/?api=1&query=%E4%B9%83%E6%9C%A8%E5%9D%82%20%E7%B5%90%20%E4%B9%83%E6%9C%A8%E5%9D%82%E9%A7%85
新富町 湯浅,35.670886,139.773713,주오구,新富町駅,중식,2026,3.7,107,https://tabelog.com/tokyo/A1313/A131301/13231936/,https://www.google.com/maps/search/?api=1&query=%E6%96%B0%E5%AF%8C%E7%94%BA%20%E6%B9%AF%E6%B5%85%20%E6%96%B0%E5%AF%8C%E7%94%BA%E9%A7%85
蓮,35.657003,139.723284,미나토구,広尾駅,중식,2026,3.67,391,https://tabelog.com/tokyo/A1307/A130703/13251482/,https://www.google.com/maps/search/?api=1&query=%E8%93%AE%20%E5%BA%83%E5%B0%BE%E9%A7%85
銀座 やまの辺 江戸中華,35.670448,139.76273,주오구,銀座駅,중식,2026,3.81,177,https://tabelog.com/tokyo/A1301/A130101/13251366/,https://www.google.com/maps/search/?api=1&query=%E9%8A%80%E5%BA%A7%20%E3%82%84%E3%81%BE%E3%81%AE%E8%BE%BA%20%E6%B1%9F%E6%88%B8%E4%B8%AD%E8%8F%AF%20%E9%8A%80%E5%BA%A7%E9%A7%85
中国料理 礼華 四君子草,35.673856,139.759017,지요다구,日比谷駅,중식,2026,3.76,563,https://tabelog.com/tokyo/A1301/A130102/13219684/,https://www.google.com/maps/search/?api=1&query=%E4%B8%AD%E5%9B%BD%E6%96%99%E7%90%86%20%E7%A4%BC%E8%8F%AF%20%E5%9B%9B%E5%90%9B%E5%AD%90%E8%8D%89%20%E6%97%A5%E6%AF%94%E8%B0%B7%E9%A7%85
蜃気楼,35.747968,139.716889,이타바시구,新板橋駅,중식,2026,3.74,165,https://tabelog.com/tokyo/A1322/A132201/13008896/,https://www.google.com/maps/search/?api=1&query=%E8%9C%83%E6%B0%97%E6%A5%BC%20%E6%96%B0%E6%9D%BF%E6%A9%8B%E9%A7%85
虎峰,35.663327,139.734488,미나토구,六本木駅,중식,2026,3.95,787,https://tabelog.com/tokyo/A1307/A130701/13194122/,https://www.google.com/maps/search/?api=1&query=%E8%99%8E%E5%B3%B0%20%E5%85%AD%E6%9C%AC%E6%9C%A8%E9%A7%85
一平飯店,35.656351,139.731825,미나토구,麻布十番駅,중식,2026,3.91,266,https://tabelog.com/tokyo/A1307/A130702/13268624/,https://www.google.com/maps/search/?api=1&query=%E4%B8%80%E5%B9%B3%E9%A3%AF%E5%BA%97%20%E9%BA%BB%E5%B8%83%E5%8D%81%E7%95%AA%E9%A7%85
神田 雲林,35.696637,139.768659,지요다구,淡路町駅,중식,2026,3.71,983,https://tabelog.com/tokyo/A1310/A131002/13023052/,https://www.google.com/maps/search/?api=1&query=%E7%A5%9E%E7%94%B0%20%E9%9B%B2%E6%9E%97%20%E6%B7%A1%E8%B7%AF%E7%94%BA%E9%A7%85
中華香彩JASMINE 広尾本店,35.648602,139.717886,시부야구,広尾駅,중식,2026,3.71,1219,https://tabelog.com/tokyo/A1303/A130302/13123634/,https://www.google.com/maps/search/?api=1&query=%E4%B8%AD%E8%8F%AF%E9%A6%99%E5%BD%A9JASMINE%20%E5%BA%83%E5%B0%BE%E6%9C%AC%E5%BA%97%20%E5%BA%83%E5%B0%BE%E9%A7%85
中国飯店 市ヶ谷店,35.693016,139.739468,지요다구,市ケ谷駅,중식,2026,3.7,711,https://tabelog.com/tokyo/A1309/A130904/13000553/,https://www.google.com/maps/search/?api=1&query=%E4%B8%AD%E5%9B%BD%E9%A3%AF%E5%BA%97%20%E5%B8%82%E3%83%B6%E8%B0%B7%E5%BA%97%20%E5%B8%82%E3%82%B1%E8%B0%B7%E9%A7%85
中華 銀座亭,35.668052,139.763052,주오구,東銀座駅,중식,2026,3.66,2137,https://tabelog.com/tokyo/A1301/A130101/13054334/,https://www.google.com/maps/search/?api=1&query=%E4%B8%AD%E8%8F%AF%20%E9%8A%80%E5%BA%A7%E4%BA%AD%20%E6%9D%B1%E9%8A%80%E5%BA%A7%E9%A7%85
SEN YO,35.694138,139.654498,스기나미구,東高円寺駅,중식,2026,3.72,610,https://tabelog.com/tokyo/A1319/A131904/13135036/,https://www.google.com/maps/search/?api=1&query=SEN%20YO%20%E6%9D%B1%E9%AB%98%E5%86%86%E5%AF%BA%E9%A7%85
KOBAYASHI,35.663099,139.736606,미나토구,六本木一丁目駅,중식,2026,4.01,226,https://tabelog.com/tokyo/A1307/A130701/13295744/,https://www.google.com/maps/search/?api=1&query=KOBAYASHI%20%E5%85%AD%E6%9C%AC%E6%9C%A8%E4%B8%80%E4%B8%81%E7%9B%AE%E9%A7%85
O2,35.680308,139.802696,고토구,清澄白河駅,중식,2026,3.73,502,https://tabelog.com/tokyo/A1313/A131303/13219958/,https://www.google.com/maps/search/?api=1&query=O2%20%E6%B8%85%E6%BE%84%E7%99%BD%E6%B2%B3%E9%A7%85
赤坂 桃の木,35.679206,139.737521,지요다구,永田町駅,중식,2026,3.69,547,https://tabelog.com/tokyo/A1308/A130803/13244424/,https://www.google.com/maps/search/?api=1&query=%E8%B5%A4%E5%9D%82%20%E6%A1%83%E3%81%AE%E6%9C%A8%20%E6%B0%B8%E7%94%B0%E7%94%BA%E9%A7%85
Ji-Cube,35.659092,139.726075,미나토구,六本木駅,중식,2026,4.36,629,https://tabelog.com/tokyo/A1307/A130701/13259432/,https://www.google.com/maps/search/?api=1&query=Ji-Cube%20%E5%85%AD%E6%9C%AC%E6%9C%A8%E9%A7%85
四川料理 巴蜀,35.715622,139.80026,다이토구,浅草（東武・都営・メトロ）駅,중식,2026,3.78,179,https://tabelog.com/tokyo/A1311/A131102/13291652/,https://www.google.com/maps/search/?api=1&query=%E5%9B%9B%E5%B7%9D%E6%96%99%E7%90%86%20%E5%B7%B4%E8%9C%80%20%E6%B5%85%E8%8D%89%EF%BC%88%E6%9D%B1%E6%AD%A6%E3%83%BB%E9%83%BD%E5%96%B6%E3%83%BB%E3%83%A1%E3%83%88%E3%83%AD%EF%BC%89%E9%A7%85
中国飯店 六本木店,35.66151,139.72799,미나토구,六本木駅,중식,2026,3.92,1555,https://tabelog.com/tokyo/A1307/A130701/13001954/,https://www.google.com/maps/search/?api=1&query=%E4%B8%AD%E5%9B%BD%E9%A3%AF%E5%BA%97%20%E5%85%AD%E6%9C%AC%E6%9C%A8%E5%BA%97%20%E5%85%AD%E6%9C%AC%E6%9C%A8%E9%A7%85
日々の中華食堂,35.66913,139.680814,시부야구,代々木上原駅,중식,2026,3.65,661,https://tabelog.com/tokyo/A1318/A131811/13260943/,https://www.google.com/maps/search/?api=1&query=%E6%97%A5%E3%80%85%E3%81%AE%E4%B8%AD%E8%8F%AF%E9%A3%9F%E5%A0%82%20%E4%BB%A3%E3%80%85%E6%9C%A8%E4%B8%8A%E5%8E%9F%E9%A7%85
series,35.660608,139.739003,미나토구,六本木一丁目駅,중식,2026,3.79,1010,https://tabelog.com/tokyo/A1307/A130701/13246575/,https://www.google.com/maps/search/?api=1&query=series%20%E5%85%AD%E6%9C%AC%E6%9C%A8%E4%B8%80%E4%B8%81%E7%9B%AE%E9%A7%85
中華料理 徳武,35.696786,139.804988,스미다구,錦糸町駅,중식,2026,3.69,226,https://tabelog.com/tokyo/A1312/A131201/13296465/,https://www.google.com/maps/search/?api=1&query=%E4%B8%AD%E8%8F%AF%E6%96%99%E7%90%86%20%E5%BE%B3%E6%AD%A6%20%E9%8C%A6%E7%B3%B8%E7%94%BA%E9%A7%85
萬来園,35.607269,139.736968,시나가와구,大井町駅,중식,2026,3.7,978,https://tabelog.com/tokyo/A1315/A131501/13001657/,https://www.google.com/maps/search/?api=1&query=%E8%90%AC%E6%9D%A5%E5%9C%92%20%E5%A4%A7%E4%BA%95%E7%94%BA%E9%A7%85
蟹王府,35.68665,139.772439,주오구,三越前駅,중식,2026,3.75,1043,https://tabelog.com/tokyo/A1302/A130202/13253305/,https://www.google.com/maps/search/?api=1&query=%E8%9F%B9%E7%8E%8B%E5%BA%9C%20%E4%B8%89%E8%B6%8A%E5%89%8D%E9%A7%85
中国菜 ARATA,35.685363,139.779757,주오구,人形町駅,중식,2026,3.7,266,https://tabelog.com/tokyo/A1302/A130204/13277885/,https://www.google.com/maps/search/?api=1&query=%E4%B8%AD%E5%9B%BD%E8%8F%9C%20ARATA%20%E4%BA%BA%E5%BD%A2%E7%94%BA%E9%A7%85
港式料理 鴻禧,35.666713,139.751652,미나토구,虎ノ門ヒルズ駅,중식,2026,4.16,205,https://tabelog.com/tokyo/A1308/A130802/13274319/,https://www.google.com/maps/search/?api=1&query=%E6%B8%AF%E5%BC%8F%E6%96%99%E7%90%86%20%E9%B4%BB%E7%A6%A7%20%E8%99%8E%E3%83%8E%E9%96%80%E3%83%92%E3%83%AB%E3%82%BA%E9%A7%85
M Mugen,35.670001,139.760982,주오구,銀座駅,중식,2026,3.72,86,https://tabelog.com/tokyo/A1301/A130101/13278752/,https://www.google.com/maps/search/?api=1&query=M%20Mugen%20%E9%8A%80%E5%BA%A7%E9%A7%85
小熊飯店,35.676911,139.706652,시부야구,北参道駅,중식,2026,3.85,87,https://tabelog.com/tokyo/A1309/A130901/13142019/,https://www.google.com/maps/search/?api=1&query=%E5%B0%8F%E7%86%8A%E9%A3%AF%E5%BA%97%20%E5%8C%97%E5%8F%82%E9%81%93%E9%A7%85
中国飯店 三田店,35.649624,139.744991,미나토구,三田駅,중식,2026,3.72,1431,https://tabelog.com/tokyo/A1314/A131402/13003506/,https://www.google.com/maps/search/?api=1&query=%E4%B8%AD%E5%9B%BD%E9%A3%AF%E5%BA%97%20%E4%B8%89%E7%94%B0%E5%BA%97%20%E4%B8%89%E7%94%B0%E9%A7%85
みこころ 無添加チャイナ935,35.69642,139.761752,지요다구,神保町駅,중식,2026,3.73,513,https://tabelog.com/tokyo/A1310/A131003/13241715/,https://www.google.com/maps/search/?api=1&query=%E3%81%BF%E3%81%93%E3%81%93%E3%82%8D%20%E7%84%A1%E6%B7%BB%E5%8A%A0%E3%83%81%E3%83%A3%E3%82%A4%E3%83%8A935%20%E7%A5%9E%E4%BF%9D%E7%94%BA%E9%A7%85
飄香 広尾店,35.649015,139.719595,시부야구,広尾駅,중식,2026,3.72,101,https://tabelog.com/tokyo/A1307/A130703/13274033/,https://www.google.com/maps/search/?api=1&query=%E9%A3%84%E9%A6%99%20%E5%BA%83%E5%B0%BE%E5%BA%97%20%E5%BA%83%E5%B0%BE%E9%A7%85
對馬,35.657631,139.727753,미나토구,六本木駅,중식,2026,4.2,329,https://tabelog.com/tokyo/A1307/A130701/13245835/,https://www.google.com/maps/search/?api=1&query=%E5%B0%8D%E9%A6%AC%20%E5%85%AD%E6%9C%AC%E6%9C%A8%E9%A7%85
賛田飯店,35.661817,139.735506,미나토구,六本木駅,중식,2026,3.66,225,https://tabelog.com/tokyo/A1307/A130701/13290682/,https://www.google.com/maps/search/?api=1&query=%E8%B3%9B%E7%94%B0%E9%A3%AF%E5%BA%97%20%E5%85%AD%E6%9C%AC%E6%9C%A8%E9%A7%85
虎穴,35.690687,139.783153,주오구,馬喰横山駅,중식,2026,3.67,900,https://tabelog.com/tokyo/A1302/A130204/13098919/,https://www.google.com/maps/search/?api=1&query=%E8%99%8E%E7%A9%B4%20%E9%A6%AC%E5%96%B0%E6%A8%AA%E5%B1%B1%E9%A7%85
緑町 生駒,35.693633,139.805835,스미다구,菊川駅,중식,2026,3.9,675,https://tabelog.com/tokyo/A1312/A131201/13281837/,https://www.google.com/maps/search/?api=1&query=%E7%B7%91%E7%94%BA%20%E7%94%9F%E9%A7%92%20%E8%8F%8A%E5%B7%9D%E9%A7%85
中国菜 漢,35.674577,139.781728,주오구,八丁堀駅,중식,2026,3.72,224,https://tabelog.com/tokyo/A1302/A130203/13267453/,https://www.google.com/maps/search/?api=1&query=%E4%B8%AD%E5%9B%BD%E8%8F%9C%20%E6%BC%A2%20%E5%85%AB%E4%B8%81%E5%A0%80%E9%A7%85
銀座嘉禅,35.671189,139.760884,주오구,銀座駅,중식,2026,3.76,408,https://tabelog.com/tokyo/A1301/A130101/13270780/,https://www.google.com/maps/search/?api=1&query=%E9%8A%80%E5%BA%A7%E5%98%89%E7%A6%85%20%E9%8A%80%E5%BA%A7%E9%A7%85
中国意境菜 白燕,35.710693,139.783038,다이토구,稲荷町駅,중식,2026,3.76,314,https://tabelog.com/tokyo/A1311/A131101/13238666/,https://www.google.com/maps/search/?api=1&query=%E4%B8%AD%E5%9B%BD%E6%84%8F%E5%A2%83%E8%8F%9C%20%E7%99%BD%E7%87%95%20%E7%A8%B2%E8%8D%B7%E7%94%BA%E9%A7%85
筑紫樓 恵比寿店,35.645745,139.708624,시부야구,恵比寿駅,중식,2026,3.71,1311,https://tabelog.com/tokyo/A1303/A130302/13003323/,https://www.google.com/maps/search/?api=1&query=%E7%AD%91%E7%B4%AB%E6%A8%93%20%E6%81%B5%E6%AF%94%E5%AF%BF%E5%BA%97%20%E6%81%B5%E6%AF%94%E5%AF%BF%E9%A7%85
南方中華料理 南三,35.689541,139.722603,신주쿠구,四谷三丁目駅,중식,2026,3.73,448,https://tabelog.com/tokyo/A1309/A130903/13221235/,https://www.google.com/maps/search/?api=1&query=%E5%8D%97%E6%96%B9%E4%B8%AD%E8%8F%AF%E6%96%99%E7%90%86%20%E5%8D%97%E4%B8%89%20%E5%9B%9B%E8%B0%B7%E4%B8%89%E4%B8%81%E7%9B%AE%E9%A7%85
ジュウバー,35.70102,139.741471,신주쿠구,飯田橋駅,중식,2026,3.71,816,https://tabelog.com/tokyo/A1309/A130905/13207885/,https://www.google.com/maps/search/?api=1&query=%E3%82%B8%E3%83%A5%E3%82%A6%E3%83%90%E3%83%BC%20%E9%A3%AF%E7%94%B0%E6%A9%8B%E9%A7%85
マツシマ,35.669488,139.681816,시부야구,代々木上原駅,중식,2026,3.72,114,https://tabelog.com/tokyo/A1318/A131811/13195689/,https://www.google.com/maps/search/?api=1&query=%E3%83%9E%E3%83%84%E3%82%B7%E3%83%9E%20%E4%BB%A3%E3%80%85%E6%9C%A8%E4%B8%8A%E5%8E%9F%E9%A7%85
四川料理 花重,35.729652,139.728647,도시마구,大塚駅前駅,중식,2026,3.73,114,https://tabelog.com/tokyo/A1323/A132302/13267557/,https://www.google.com/maps/search/?api=1&query=%E5%9B%9B%E5%B7%9D%E6%96%99%E7%90%86%20%E8%8A%B1%E9%87%8D%20%E5%A4%A7%E5%A1%9A%E9%A7%85%E5%89%8D%E9%A7%85
NOGI,35.660937,139.722004,미나토구,乃木坂駅,중식,2026,3.66,294,https://tabelog.com/tokyo/A1307/A130701/13271721/,https://www.google.com/maps/search/?api=1&query=NOGI%20%E4%B9%83%E6%9C%A8%E5%9D%82%E9%A7%85
わさ,35.649816,139.710114,시부야구,恵比寿駅,중식,2026,4.34,404,https://tabelog.com/tokyo/A1303/A130302/13251804/,https://www.google.com/maps/search/?api=1&query=%E3%82%8F%E3%81%95%20%E6%81%B5%E6%AF%94%E5%AF%BF%E9%A7%85
ShinoiS,35.639294,139.728182,미나토구,白金台駅,중식,2026,3.89,391,https://tabelog.com/tokyo/A1316/A131602/13241948/,https://www.google.com/maps/search/?api=1&query=ShinoiS%20%E7%99%BD%E9%87%91%E5%8F%B0%E9%A7%85
桃仙閣 東京,35.663897,139.733133,미나토구,六本木駅,중식,2026,4,554,https://tabelog.com/tokyo/A1307/A130701/13250092/,https://www.google.com/maps/search/?api=1&query=%E6%A1%83%E4%BB%99%E9%96%A3%20%E6%9D%B1%E4%BA%AC%20%E5%85%AD%E6%9C%AC%E6%9C%A8%E9%A7%85
ロウホウトイ,35.64476,139.723236,미나토구,広尾駅,중식,2026,3.63,101,https://tabelog.com/tokyo/A1307/A130703/13203446/,https://www.google.com/maps/search/?api=1&query=%E3%83%AD%E3%82%A6%E3%83%9B%E3%82%A6%E3%83%88%E3%82%A4%20%E5%BA%83%E5%B0%BE%E9%A7%85
中華寝台,35.660118,139.696141,시부야구,神泉駅,중식,2026,3.76,218,https://tabelog.com/tokyo/A1303/A130301/13240037/,https://www.google.com/maps/search/?api=1&query=%E4%B8%AD%E8%8F%AF%E5%AF%9D%E5%8F%B0%20%E7%A5%9E%E6%B3%89%E9%A7%85
私房菜 吉田,35.665218,139.732483,미나토구,六本木駅,중식,2026,3.96,295,https://tabelog.com/tokyo/A1307/A130701/13302776/,https://www.google.com/maps/search/?api=1&query=%E7%A7%81%E6%88%BF%E8%8F%9C%20%E5%90%89%E7%94%B0%20%E5%85%AD%E6%9C%AC%E6%9C%A8%E9%A7%85
中国菜 智林,35.703166,139.739329,신주쿠구,神楽坂駅,중식,2026,3.65,540,https://tabelog.com/tokyo/A1309/A130905/13233789/,https://www.google.com/maps/search/?api=1&query=%E4%B8%AD%E5%9B%BD%E8%8F%9C%20%E6%99%BA%E6%9E%97%20%E7%A5%9E%E6%A5%BD%E5%9D%82%E9%A7%85
赤坂璃宮 銀座店,35.670086,139.762759,주오구,銀座駅,중식,2026,3.74,803,https://tabelog.com/tokyo/A1301/A130101/13013346/,https://www.google.com/maps/search/?api=1&query=%E8%B5%A4%E5%9D%82%E7%92%83%E5%AE%AE%20%E9%8A%80%E5%BA%A7%E5%BA%97%20%E9%8A%80%E5%BA%A7%E9%A7%85
家寶 跳龍門,35.669495,139.763543,주오구,銀座駅,중식,2026,3.77,308,https://tabelog.com/tokyo/A1301/A130101/13263227/,https://www.google.com/maps/search/?api=1&query=%E5%AE%B6%E5%AF%B6%20%E8%B7%B3%E9%BE%8D%E9%96%80%20%E9%8A%80%E5%BA%A7%E9%A7%85
鶏舎,35.651251,139.690395,메구로구,池尻大橋駅,중식,2026,3.67,1299,https://tabelog.com/tokyo/A1317/A131705/13007279/,https://www.google.com/maps/search/?api=1&query=%E9%B6%8F%E8%88%8E%20%E6%B1%A0%E5%B0%BB%E5%A4%A7%E6%A9%8B%E9%A7%85
香妃園,35.663433,139.73402,미나토구,六本木駅,중식,2026,3.68,2571,https://tabelog.com/tokyo/A1307/A130701/13001271/,https://www.google.com/maps/search/?api=1&query=%E9%A6%99%E5%A6%83%E5%9C%92%20%E5%85%AD%E6%9C%AC%E6%9C%A8%E9%A7%85
MASA’S KITCHEN 恵比寿,35.646648,139.714632,시부야구,恵比寿駅,중식,2026,3.69,1809,https://tabelog.com/tokyo/A1303/A130302/13054526/,https://www.google.com/maps/search/?api=1&query=MASA%E2%80%99S%20KITCHEN%20%E6%81%B5%E6%AF%94%E5%AF%BF%20%E6%81%B5%E6%AF%94%E5%AF%BF%E9%A7%85
ミモザ,35.666452,139.714371,미나토구,表参道駅,중식,2026,3.78,346,https://tabelog.com/tokyo/A1306/A130602/13197047/,https://www.google.com/maps/search/?api=1&query=%E3%83%9F%E3%83%A2%E3%82%B6%20%E8%A1%A8%E5%8F%82%E9%81%93%E9%A7%85
錦福 香港美食,35.698013,139.75072,지요다구,九段下駅,중식,2026,3.69,272,https://tabelog.com/tokyo/A1309/A130906/13218085/,https://www.google.com/maps/search/?api=1&query=%E9%8C%A6%E7%A6%8F%20%E9%A6%99%E6%B8%AF%E7%BE%8E%E9%A3%9F%20%E4%B9%9D%E6%AE%B5%E4%B8%8B%E9%A7%85
私厨房 勇,35.644339,139.725157,미나토구,白金台駅,중식,2026,3.87,307,https://tabelog.com/tokyo/A1316/A131602/13168401/,https://www.google.com/maps/search/?api=1&query=%E7%A7%81%E5%8E%A8%E6%88%BF%20%E5%8B%87%20%E7%99%BD%E9%87%91%E5%8F%B0%E9%A7%85
中國菜 雲蓉,35.705718,139.577491,武蔵野구,吉祥寺駅,중식,2026,3.74,238,https://tabelog.com/tokyo/A1320/A132001/13229797/,https://www.google.com/maps/search/?api=1&query=%E4%B8%AD%E5%9C%8B%E8%8F%9C%20%E9%9B%B2%E8%93%89%20%E5%90%89%E7%A5%A5%E5%AF%BA%E9%A7%85
豊栄,35.725824,139.753675,분쿄구,本駒込駅,중식,2026,3.77,438,https://tabelog.com/tokyo/A1323/A132301/13276558/,https://www.google.com/maps/search/?api=1&query=%E8%B1%8A%E6%A0%84%20%E6%9C%AC%E9%A7%92%E8%BE%BC%E9%A7%85
4000 Chinese Restaurant,35.65887,139.718691,미나토구,広尾駅,중식,2026,3.91,444,https://tabelog.com/tokyo/A1307/A130703/13229559/,https://www.google.com/maps/search/?api=1&query=4000%20Chinese%20Restaurant%20%E5%BA%83%E5%B0%BE%E9%A7%85
中国菜 老四川 飄香 銀座三越店,35.671036,139.765953,주오구,銀座駅,중식,2026,3.53,637,https://tabelog.com/tokyo/A1301/A130101/13115780/,https://www.google.com/maps/search/?api=1&query=%E4%B8%AD%E5%9B%BD%E8%8F%9C%20%E8%80%81%E5%9B%9B%E5%B7%9D%20%E9%A3%84%E9%A6%99%20%E9%8A%80%E5%BA%A7%E4%B8%89%E8%B6%8A%E5%BA%97%20%E9%8A%80%E5%BA%A7%E9%A7%85
フルタ,35.672592,139.770732,주오구,新富町駅,중식,2026,4.29,360,https://tabelog.com/tokyo/A1313/A131301/13176780/,https://www.google.com/maps/search/?api=1&query=%E3%83%95%E3%83%AB%E3%82%BF%20%E6%96%B0%E5%AF%8C%E7%94%BA%E9%A7%85
隼,35.665261,139.732482,미나토구,六本木駅,중식,2026,4.48,530,https://tabelog.com/tokyo/A1307/A130701/13225413/,https://www.google.com/maps/search/?api=1&query=%E9%9A%BC%20%E5%85%AD%E6%9C%AC%E6%9C%A8%E9%A7%85
赤坂璃宮 赤坂本店,35.673097,139.735797,미나토구,赤坂駅,중식,2026,3.61,764,https://tabelog.com/tokyo/A1308/A130801/13005028/,https://www.google.com/maps/search/?api=1&query=%E8%B5%A4%E5%9D%82%E7%92%83%E5%AE%AE%20%E8%B5%A4%E5%9D%82%E6%9C%AC%E5%BA%97%20%E8%B5%A4%E5%9D%82%E9%A7%85
スーツァン・レストラン陳 渋谷店,35.656428,139.699436,시부야구,渋谷駅,중식,2026,3.69,1141,https://tabelog.com/tokyo/A1303/A130301/13001909/,https://www.google.com/maps/search/?api=1&query=%E3%82%B9%E3%83%BC%E3%83%84%E3%82%A1%E3%83%B3%E3%83%BB%E3%83%AC%E3%82%B9%E3%83%88%E3%83%A9%E3%83%B3%E9%99%B3%20%E6%B8%8B%E8%B0%B7%E5%BA%97%20%E6%B8%8B%E8%B0%B7%E9%A7%85
中国飯店 琥珀宮,35.684508,139.761229,지요다구,大手町駅,중식,2026,3.83,841,https://tabelog.com/tokyo/A1302/A130201/13141135/,https://www.google.com/maps/search/?api=1&query=%E4%B8%AD%E5%9B%BD%E9%A3%AF%E5%BA%97%20%E7%90%A5%E7%8F%80%E5%AE%AE%20%E5%A4%A7%E6%89%8B%E7%94%BA%E9%A7%85
シェフス,35.689742,139.714208,신주쿠구,新宿御苑前駅,중식,2026,3.72,816,https://tabelog.com/tokyo/A1304/A130402/13000884/,https://www.google.com/maps/search/?api=1&query=%E3%82%B7%E3%82%A7%E3%83%95%E3%82%B9%20%E6%96%B0%E5%AE%BF%E5%BE%A1%E8%8B%91%E5%89%8D%E9%A7%85
ヤウメイ,35.677708,139.761744,지요다구,二重橋前駅,중식,2026,3.75,1868,https://tabelog.com/tokyo/A1301/A130102/13228215/,https://www.google.com/maps/search/?api=1&query=%E3%83%A4%E3%82%A6%E3%83%A1%E3%82%A4%20%E4%BA%8C%E9%87%8D%E6%A9%8B%E5%89%8D%E9%A7%85
茶禅華,35.649583,139.728371,미나토구,広尾駅,중식,2026,4.57,898,https://tabelog.com/tokyo/A1307/A130703/13205298/,https://www.google.com/maps/search/?api=1&query=%E8%8C%B6%E7%A6%85%E8%8F%AF%20%E5%BA%83%E5%B0%BE%E9%A7%85
赤坂珉珉,35.670785,139.729676,미나토구,乃木坂駅,중식,2026,3.66,2126,https://tabelog.com/tokyo/A1307/A130701/13001342/,https://www.google.com/maps/search/?api=1&query=%E8%B5%A4%E5%9D%82%E7%8F%89%E7%8F%89%20%E4%B9%83%E6%9C%A8%E5%9D%82%E9%A7%85
銀座 上瀧,35.669802,139.761053,주오구,銀座駅,중식,2026,4.28,77,https://tabelog.com/tokyo/A1301/A130101/13267801/,https://www.google.com/maps/search/?api=1&query=%E9%8A%80%E5%BA%A7%20%E4%B8%8A%E7%80%A7%20%E9%8A%80%E5%BA%A7%E9%A7%85
蓮香,35.644252,139.726741,미나토구,白金高輪駅,중식,2026,3.8,372,https://tabelog.com/tokyo/A1316/A131602/13190771/,https://www.google.com/maps/search/?api=1&query=%E8%93%AE%E9%A6%99%20%E7%99%BD%E9%87%91%E9%AB%98%E8%BC%AA%E9%A7%85
メゾン・ド・ユーロン,35.67295,139.731809,미나토구,赤坂駅,중식,2026,3.67,585,https://tabelog.com/tokyo/A1308/A130801/13002871/,https://www.google.com/maps/search/?api=1&query=%E3%83%A1%E3%82%BE%E3%83%B3%E3%83%BB%E3%83%89%E3%83%BB%E3%83%A6%E3%83%BC%E3%83%AD%E3%83%B3%20%E8%B5%A4%E5%9D%82%E9%A7%85
Ino Cantonese 日本橋 たかせ,35.687602,139.780985,주오구,人形町駅,중식,2026,3.75,182,https://tabelog.com/tokyo/A1302/A130204/13273526/,https://www.google.com/maps/search/?api=1&query=Ino%20Cantonese%20%E6%97%A5%E6%9C%AC%E6%A9%8B%20%E3%81%9F%E3%81%8B%E3%81%9B%20%E4%BA%BA%E5%BD%A2%E7%94%BA%E9%A7%85
龍圓,35.714313,139.792326,다이토구,浅草（つくばＥＸＰ）駅,중식,2026,3.68,494,https://tabelog.com/tokyo/A1311/A131102/13003700/,https://www.google.com/maps/search/?api=1&query=%E9%BE%8D%E5%9C%93%20%E6%B5%85%E8%8D%89%EF%BC%88%E3%81%A4%E3%81%8F%E3%81%B0%EF%BC%A5%EF%BC%B8%EF%BC%B0%EF%BC%89%E9%A7%85
広東料理 センス,35.687056,139.773072,주오구,三越前駅,중식,2026,3.97,1331,https://tabelog.com/tokyo/A1302/A130202/13020361/,https://www.google.com/maps/search/?api=1&query=%E5%BA%83%E6%9D%B1%E6%96%99%E7%90%86%20%E3%82%BB%E3%83%B3%E3%82%B9%20%E4%B8%89%E8%B6%8A%E5%89%8D%E9%A7%85
鶫,35.662408,139.726482,미나토구,乃木坂駅,중식,2026,3.67,164,https://tabelog.com/tokyo/A1307/A130701/13262512/,https://www.google.com/maps/search/?api=1&query=%E9%B6%AB%20%E4%B9%83%E6%9C%A8%E5%9D%82%E9%A7%85
新雅,35.710196,139.734008,분쿄구,江戸川橋駅,중식,2026,3.69,1118,https://tabelog.com/tokyo/A1309/A130905/13185107/,https://www.google.com/maps/search/?api=1&query=%E6%96%B0%E9%9B%85%20%E6%B1%9F%E6%88%B8%E5%B7%9D%E6%A9%8B%E9%A7%85
中華ダイニング 一途一心,35.76387,139.846005,가쓰시카구,亀有駅,중식,2026,3.71,355,https://tabelog.com/tokyo/A1324/A132403/13258320/,https://www.google.com/maps/search/?api=1&query=%E4%B8%AD%E8%8F%AF%E3%83%80%E3%82%A4%E3%83%8B%E3%83%B3%E3%82%B0%20%E4%B8%80%E9%80%94%E4%B8%80%E5%BF%83%20%E4%BA%80%E6%9C%89%E9%A7%85
東京チャイニーズ 一凛,35.669866,139.771547,주오구,新富町駅,중식,2026,3.75,2173,https://tabelog.com/tokyo/A1313/A131301/13153417/,https://www.google.com/maps/search/?api=1&query=%E6%9D%B1%E4%BA%AC%E3%83%81%E3%83%A3%E3%82%A4%E3%83%8B%E3%83%BC%E3%82%BA%20%E4%B8%80%E5%87%9B%20%E6%96%B0%E5%AF%8C%E7%94%BA%E9%A7%85
中華 兆徳,35.722915,139.754086,분쿄구,本駒込駅,중식,2026,3.68,2531,https://tabelog.com/tokyo/A1323/A132301/13051394/,https://www.google.com/maps/search/?api=1&query=%E4%B8%AD%E8%8F%AF%20%E5%85%86%E5%BE%B3%20%E6%9C%AC%E9%A7%92%E8%BE%BC%E9%A7%85
ワキヤ 一笑美茶樓,35.669648,139.734856,미나토구,赤坂駅,중식,2026,3.67,603,https://tabelog.com/tokyo/A1308/A130801/13005033/,https://www.google.com/maps/search/?api=1&query=%E3%83%AF%E3%82%AD%E3%83%A4%20%E4%B8%80%E7%AC%91%E7%BE%8E%E8%8C%B6%E6%A8%93%20%E8%B5%A4%E5%9D%82%E9%A7%85
筑紫樓 銀座店,35.668901,139.763579,주오구,東銀座駅,중식,2026,3.69,1396,https://tabelog.com/tokyo/A1301/A130101/13030770/,https://www.google.com/maps/search/?api=1&query=%E7%AD%91%E7%B4%AB%E6%A8%93%20%E9%8A%80%E5%BA%A7%E5%BA%97%20%E6%9D%B1%E9%8A%80%E5%BA%A7%E9%A7%85
旬華 なか村,35.692846,139.787154,주오구,東日本橋駅,중식,2026,4.1,249,https://tabelog.com/tokyo/A1302/A130204/13261122/,https://www.google.com/maps/search/?api=1&query=%E6%97%AC%E8%8F%AF%20%E3%81%AA%E3%81%8B%E6%9D%91%20%E6%9D%B1%E6%97%A5%E6%9C%AC%E6%A9%8B%E9%A7%85
の弥七,35.688595,139.722423,신주쿠구,四谷三丁目駅,중식,2026,3.74,200,https://tabelog.com/tokyo/A1309/A130903/13209784/,https://www.google.com/maps/search/?api=1&query=%E3%81%AE%E5%BC%A5%E4%B8%83%20%E5%9B%9B%E8%B0%B7%E4%B8%89%E4%B8%81%E7%9B%AE%E9%A7%85
レンゲ,35.670126,139.761113,주오구,銀座駅,중식,2026,3.77,444,https://tabelog.com/tokyo/A1301/A130101/13183555/,https://www.google.com/maps/search/?api=1&query=%E3%83%AC%E3%83%B3%E3%82%B2%20%E9%8A%80%E5%BA%A7%E9%A7%85
カントニーズ 燕,35.68057,139.76562,지요다구,東京駅,중식,2026,3.72,712,https://tabelog.com/tokyo/A1302/A130201/13147494/,https://www.google.com/maps/search/?api=1&query=%E3%82%AB%E3%83%B3%E3%83%88%E3%83%8B%E3%83%BC%E3%82%BA%20%E7%87%95%20%E6%9D%B1%E4%BA%AC%E9%A7%85
慈華,35.67026,139.720218,미나토구,外苑前駅,중식,2026,3.91,282,https://tabelog.com/tokyo/A1306/A130603/13242634/,https://www.google.com/maps/search/?api=1&query=%E6%85%88%E8%8F%AF%20%E5%A4%96%E8%8B%91%E5%89%8D%E9%A7%85
REIKASAI GINZA,35.674291,139.767923,주오구,銀座一丁目駅,중식,2026,3.68,544,https://tabelog.com/tokyo/A1301/A130101/13196687/,https://www.google.com/maps/search/?api=1&query=REIKASAI%20GINZA%20%E9%8A%80%E5%BA%A7%E4%B8%80%E4%B8%81%E7%9B%AE%E9%A7%85
好好,35.625702,139.717684,시나가와구,不動前駅,중식,2026,3.72,239,https://tabelog.com/tokyo/A1317/A131710/13007471/,https://www.google.com/maps/search/?api=1&query=%E5%A5%BD%E5%A5%BD%20%E4%B8%8D%E5%8B%95%E5%89%8D%E9%A7%85
龍天門,35.641586,139.715431,메구로구,恵比寿駅,중식,2026,3.66,1233,https://tabelog.com/tokyo/A1303/A130302/13004490/,https://www.google.com/maps/search/?api=1&query=%E9%BE%8D%E5%A4%A9%E9%96%80%20%E6%81%B5%E6%AF%94%E5%AF%BF%E9%A7%85
中国飯店 富麗華,35.656274,139.738484,미나토구,麻布十番駅,중식,2026,4.29,2709,https://tabelog.com/tokyo/A1307/A130702/13004967/,https://www.google.com/maps/search/?api=1&query=%E4%B8%AD%E5%9B%BD%E9%A3%AF%E5%BA%97%20%E5%AF%8C%E9%BA%97%E8%8F%AF%20%E9%BA%BB%E5%B8%83%E5%8D%81%E7%95%AA%E9%A7%85
ヘイフンテラス,35.674848,139.760315,지요다구,日比谷駅,중식,2026,3.71,878,https://tabelog.com/tokyo/A1301/A130102/13042931/,https://www.google.com/maps/search/?api=1&query=%E3%83%98%E3%82%A4%E3%83%95%E3%83%B3%E3%83%86%E3%83%A9%E3%82%B9%20%E6%97%A5%E6%AF%94%E8%B0%B7%E9%A7%85
エンジン,35.702236,139.739479,신주쿠구,牛込神楽坂駅,중식,2026,3.72,564,https://tabelog.com/tokyo/A1309/A130905/13178164/,https://www.google.com/maps/search/?api=1&query=%E3%82%A8%E3%83%B3%E3%82%B8%E3%83%B3%20%E7%89%9B%E8%BE%BC%E7%A5%9E%E6%A5%BD%E5%9D%82%E9%A7%85
北京遊膳,35.703867,139.619906,스기나미구,荻窪駅,중식,2026,3.78,242,https://tabelog.com/tokyo/A1319/A131906/13001102/,https://www.google.com/maps/search/?api=1&query=%E5%8C%97%E4%BA%AC%E9%81%8A%E8%86%B3%20%E8%8D%BB%E7%AA%AA%E9%A7%85
赤坂 四川飯店,35.679856,139.739338,지요다구,永田町駅,중식,2026,3.73,1759,https://tabelog.com/tokyo/A1308/A130803/13000434/,https://www.google.com/maps/search/?api=1&query=%E8%B5%A4%E5%9D%82%20%E5%9B%9B%E5%B7%9D%E9%A3%AF%E5%BA%97%20%E6%B0%B8%E7%94%B0%E7%94%BA%E9%A7%85
里の宿,35.700911,139.582389,武蔵野구,吉祥寺駅,식당,2026,3.7,933,https://tabelog.com/tokyo/A1320/A132001/13026447/,https://www.google.com/maps/search/?api=1&query=%E9%87%8C%E3%81%AE%E5%AE%BF%20%E5%90%89%E7%A5%A5%E5%AF%BA%E9%A7%85
割烹 三友,35.684129,139.782769,주오구,人形町駅,식당,2026,3.6,1175,https://tabelog.com/tokyo/A1302/A130204/13048033/,https://www.google.com/maps/search/?api=1&query=%E5%89%B2%E7%83%B9%20%E4%B8%89%E5%8F%8B%20%E4%BA%BA%E5%BD%A2%E7%94%BA%E9%A7%85
築地 田所食品,35.66562,139.769698,주오구,築地市場駅,식당,2026,3.57,680,https://tabelog.com/tokyo/A1313/A131301/13220295/,https://www.google.com/maps/search/?api=1&query=%E7%AF%89%E5%9C%B0%20%E7%94%B0%E6%89%80%E9%A3%9F%E5%93%81%20%E7%AF%89%E5%9C%B0%E5%B8%82%E5%A0%B4%E9%A7%85
しゃけ小島 本店,35.672707,139.658134,스기나미구,代田橋駅,식당,2026,3.67,598,https://tabelog.com/tokyo/A1318/A131808/13095793/,https://www.google.com/maps/search/?api=1&query=%E3%81%97%E3%82%83%E3%81%91%E5%B0%8F%E5%B3%B6%20%E6%9C%AC%E5%BA%97%20%E4%BB%A3%E7%94%B0%E6%A9%8B%E9%A7%85
季節料理 いし井,35.681882,139.772489,주오구,日本橋駅,식당,2026,3.69,721,https://tabelog.com/tokyo/A1302/A130202/13011465/,https://www.google.com/maps/search/?api=1&query=%E5%AD%A3%E7%AF%80%E6%96%99%E7%90%86%20%E3%81%84%E3%81%97%E4%BA%95%20%E6%97%A5%E6%9C%AC%E6%A9%8B%E9%A7%85
菱田屋,35.657636,139.685864,메구로구,駒場東大前駅,식당,2026,3.71,1327,https://tabelog.com/tokyo/A1318/A131801/13010480/,https://www.google.com/maps/search/?api=1&query=%E8%8F%B1%E7%94%B0%E5%B1%8B%20%E9%A7%92%E5%A0%B4%E6%9D%B1%E5%A4%A7%E5%89%8D%E9%A7%85
食堂わた,35.689808,139.713027,신주쿠구,新宿御苑前駅,식당,2026,3.73,382,https://tabelog.com/tokyo/A1304/A130402/13301720/,https://www.google.com/maps/search/?api=1&query=%E9%A3%9F%E5%A0%82%E3%82%8F%E3%81%9F%20%E6%96%B0%E5%AE%BF%E5%BE%A1%E8%8B%91%E5%89%8D%E9%A7%85
かてい菜園 ささ木,35.72279,139.704042,신주쿠구,目白駅,식당,2026,3.61,271,https://tabelog.com/tokyo/A1305/A130502/13012434/,https://www.google.com/maps/search/?api=1&query=%E3%81%8B%E3%81%A6%E3%81%84%E8%8F%9C%E5%9C%92%20%E3%81%95%E3%81%95%E6%9C%A8%20%E7%9B%AE%E7%99%BD%E9%A7%85
レバニラや金太郎 東京出張所,35.617943,139.74348,시나가와구,新馬場駅,식당,2026,3.63,391,https://tabelog.com/tokyo/A1314/A131405/13289015/,https://www.google.com/maps/search/?api=1&query=%E3%83%AC%E3%83%90%E3%83%8B%E3%83%A9%E3%82%84%E9%87%91%E5%A4%AA%E9%83%8E%20%E6%9D%B1%E4%BA%AC%E5%87%BA%E5%BC%B5%E6%89%80%20%E6%96%B0%E9%A6%AC%E5%A0%B4%E9%A7%85
さばめしの鯖匠,35.701415,139.753684,지요다구,水道橋駅,식당,2026,3.67,2001,https://tabelog.com/tokyo/A1310/A131003/13265562/,https://www.google.com/maps/search/?api=1&query=%E3%81%95%E3%81%B0%E3%82%81%E3%81%97%E3%81%AE%E9%AF%96%E5%8C%A0%20%E6%B0%B4%E9%81%93%E6%A9%8B%E9%A7%85
京粕漬 魚久  銀座店,35.671119,139.767825,주오구,東銀座駅,식당,2026,3.65,619,https://tabelog.com/tokyo/A1301/A130101/13005687/,https://www.google.com/maps/search/?api=1&query=%E4%BA%AC%E7%B2%95%E6%BC%AC%20%E9%AD%9A%E4%B9%85%20%20%E9%8A%80%E5%BA%A7%E5%BA%97%20%E6%9D%B1%E9%8A%80%E5%BA%A7%E9%A7%85
巣鴨ときわ食堂 本店,35.73617,139.734102,도시마구,庚申塚駅,식당,2026,3.68,2127,https://tabelog.com/tokyo/A1322/A132201/13012336/,https://www.google.com/maps/search/?api=1&query=%E5%B7%A3%E9%B4%A8%E3%81%A8%E3%81%8D%E3%82%8F%E9%A3%9F%E5%A0%82%20%E6%9C%AC%E5%BA%97%20%E5%BA%9A%E7%94%B3%E5%A1%9A%E9%A7%85
かつお食堂,35.65412,139.702112,시부야구,渋谷駅,식당,2026,3.68,1005,https://tabelog.com/tokyo/A1303/A130301/13237611/,https://www.google.com/maps/search/?api=1&query=%E3%81%8B%E3%81%A4%E3%81%8A%E9%A3%9F%E5%A0%82%20%E6%B8%8B%E8%B0%B7%E9%A7%85
魚久 イートイン あじみせ 本店,35.684422,139.781936,주오구,人形町駅,식당,2026,3.7,705,https://tabelog.com/tokyo/A1302/A130204/13051336/,https://www.google.com/maps/search/?api=1&query=%E9%AD%9A%E4%B9%85%20%E3%82%A4%E3%83%BC%E3%83%88%E3%82%A4%E3%83%B3%20%E3%81%82%E3%81%98%E3%81%BF%E3%81%9B%20%E6%9C%AC%E5%BA%97%20%E4%BA%BA%E5%BD%A2%E7%94%BA%E9%A7%85
三福亭,35.693159,139.781403,주오구,馬喰町駅,식당,2026,3.6,719,https://tabelog.com/tokyo/A1302/A130204/13059379/,https://www.google.com/maps/search/?api=1&query=%E4%B8%89%E7%A6%8F%E4%BA%AD%20%E9%A6%AC%E5%96%B0%E7%94%BA%E9%A7%85
野口鮮魚店,35.706425,139.805625,스미다구,本所吾妻橋駅,식당,2026,3.6,1191,https://tabelog.com/tokyo/A1312/A131203/13103727/,https://www.google.com/maps/search/?api=1&query=%E9%87%8E%E5%8F%A3%E9%AE%AE%E9%AD%9A%E5%BA%97%20%E6%9C%AC%E6%89%80%E5%90%BE%E5%A6%BB%E6%A9%8B%E9%A7%85
まるやま食堂,35.563955,139.71713,오타구,蒲田駅,식당,2026,3.65,2027,https://tabelog.com/tokyo/A1315/A131503/13119166/,https://www.google.com/maps/search/?api=1&query=%E3%81%BE%E3%82%8B%E3%82%84%E3%81%BE%E9%A3%9F%E5%A0%82%20%E8%92%B2%E7%94%B0%E9%A7%85
とんかつ小田保 場内店,35.644679,139.782106,고토구,市場前駅,식당,2026,3.69,764,https://tabelog.com/tokyo/A1313/A131307/13026535/,https://www.google.com/maps/search/?api=1&query=%E3%81%A8%E3%82%93%E3%81%8B%E3%81%A4%E5%B0%8F%E7%94%B0%E4%BF%9D%20%E5%A0%B4%E5%86%85%E5%BA%97%20%E5%B8%82%E5%A0%B4%E5%89%8D%E9%A7%85
炭焼き かどた/お料理すゞ㐂,35.647918,139.709206,시부야구,恵比寿駅,식당,2026,3.68,1338,https://tabelog.com/tokyo/A1303/A130302/13016622/,https://www.google.com/maps/search/?api=1&query=%E7%82%AD%E7%84%BC%E3%81%8D%20%E3%81%8B%E3%81%A9%E3%81%9F%2F%E3%81%8A%E6%96%99%E7%90%86%E3%81%99%E3%82%9E%E3%90%82%20%E6%81%B5%E6%AF%94%E5%AF%BF%E9%A7%85
とん汁と玄米の店 檍食堂,35.561621,139.72319,오타구,京急蒲田駅,식당,2026,3.59,297,https://tabelog.com/tokyo/A1315/A131503/13276433/,https://www.google.com/maps/search/?api=1&query=%E3%81%A8%E3%82%93%E6%B1%81%E3%81%A8%E7%8E%84%E7%B1%B3%E3%81%AE%E5%BA%97%20%E6%AA%8D%E9%A3%9F%E5%A0%82%20%E4%BA%AC%E6%80%A5%E8%92%B2%E7%94%B0%E9%A7%85
魚力,35.664778,139.69302,시부야구,代々木公園駅,식당,2026,3.71,826,https://tabelog.com/tokyo/A1318/A131810/13012554/,https://www.google.com/maps/search/?api=1&query=%E9%AD%9A%E5%8A%9B%20%E4%BB%A3%E3%80%85%E6%9C%A8%E5%85%AC%E5%9C%92%E9%A7%85
かつれつ四谷たけだ,35.686475,139.729348,신주쿠구,四ツ谷駅,식당,2026,3.7,3343,https://tabelog.com/tokyo/A1309/A130902/13131643/,https://www.google.com/maps/search/?api=1&query=%E3%81%8B%E3%81%A4%E3%82%8C%E3%81%A4%E5%9B%9B%E8%B0%B7%E3%81%9F%E3%81%91%E3%81%A0%20%E5%9B%9B%E3%83%84%E8%B0%B7%E9%A7%85
スワチカ,35.624435,139.722953,시나가와구,大崎広小路駅,식당,2026,3.66,1177,https://tabelog.com/tokyo/A1316/A131603/13014630/,https://www.google.com/maps/search/?api=1&query=%E3%82%B9%E3%83%AF%E3%83%81%E3%82%AB%20%E5%A4%A7%E5%B4%8E%E5%BA%83%E5%B0%8F%E8%B7%AF%E9%A7%85
炭火焼き魚弁当 すみさわ,35.642537,139.653352,세타가야구,松陰神社前駅,식당,2026,3.67,220,https://tabelog.com/tokyo/A1317/A131709/13252662/,https://www.google.com/maps/search/?api=1&query=%E7%82%AD%E7%81%AB%E7%84%BC%E3%81%8D%E9%AD%9A%E5%BC%81%E5%BD%93%20%E3%81%99%E3%81%BF%E3%81%95%E3%82%8F%20%E6%9D%BE%E9%99%B0%E7%A5%9E%E7%A4%BE%E5%89%8D%E9%A7%85
とんかつひなた,35.712977,139.707491,신주쿠구,高田馬場駅,돈카츠,2026,3.71,2519,https://tabelog.com/tokyo/A1305/A130503/13204289/,https://www.google.com/maps/search/?api=1&query=%E3%81%A8%E3%82%93%E3%81%8B%E3%81%A4%E3%81%B2%E3%81%AA%E3%81%9F%20%E9%AB%98%E7%94%B0%E9%A6%AC%E5%A0%B4%E9%A7%85
丸一,35.561549,139.720257,오타구,京急蒲田駅,돈카츠,2026,3.76,2547,https://tabelog.com/tokyo/A1315/A131503/13017765/,https://www.google.com/maps/search/?api=1&query=%E4%B8%B8%E4%B8%80%20%E4%BA%AC%E6%80%A5%E8%92%B2%E7%94%B0%E9%A7%85
とんかつ目黒こがね,35.633956,139.718048,시나가와구,目黒駅,돈카츠,2026,3.66,1660,https://tabelog.com/tokyo/A1316/A131601/13218267/,https://www.google.com/maps/search/?api=1&query=%E3%81%A8%E3%82%93%E3%81%8B%E3%81%A4%E7%9B%AE%E9%BB%92%E3%81%93%E3%81%8C%E3%81%AD%20%E7%9B%AE%E9%BB%92%E9%A7%85
とんかつ ここまでやるか。,35.66782,139.717229,미나토구,外苑前駅,돈카츠,2026,3.75,805,https://tabelog.com/tokyo/A1306/A130603/13294363/,https://www.google.com/maps/search/?api=1&query=%E3%81%A8%E3%82%93%E3%81%8B%E3%81%A4%20%E3%81%93%E3%81%93%E3%81%BE%E3%81%A7%E3%82%84%E3%82%8B%E3%81%8B%E3%80%82%20%E5%A4%96%E8%8B%91%E5%89%8D%E9%A7%85
とんかつ檍 銀座8丁目店,35.66823,139.761491,주오구,新橋駅,돈카츠,2026,3.71,1811,https://tabelog.com/tokyo/A1301/A130101/13219635/,https://www.google.com/maps/search/?api=1&query=%E3%81%A8%E3%82%93%E3%81%8B%E3%81%A4%E6%AA%8D%20%E9%8A%80%E5%BA%A78%E4%B8%81%E7%9B%AE%E5%BA%97%20%E6%96%B0%E6%A9%8B%E9%A7%85
とん八亭,35.708422,139.773747,다이토구,上野御徒町駅,돈카츠,2026,3.65,1355,https://tabelog.com/tokyo/A1311/A131101/13003593/,https://www.google.com/maps/search/?api=1&query=%E3%81%A8%E3%82%93%E5%85%AB%E4%BA%AD%20%E4%B8%8A%E9%87%8E%E5%BE%A1%E5%BE%92%E7%94%BA%E9%A7%85
とんかつ成蔵,35.697714,139.638754,스기나미구,南阿佐ケ谷駅,돈카츠,2026,4.26,2001,https://tabelog.com/tokyo/A1319/A131905/13236380/,https://www.google.com/maps/search/?api=1&query=%E3%81%A8%E3%82%93%E3%81%8B%E3%81%A4%E6%88%90%E8%94%B5%20%E5%8D%97%E9%98%BF%E4%BD%90%E3%82%B1%E8%B0%B7%E9%A7%85
とんかつ いわい,35.656802,139.752735,미나토구,大門駅,돈카츠,2026,3.75,2067,https://tabelog.com/tokyo/A1314/A131401/13170377/,https://www.google.com/maps/search/?api=1&query=%E3%81%A8%E3%82%93%E3%81%8B%E3%81%A4%20%E3%81%84%E3%82%8F%E3%81%84%20%E5%A4%A7%E9%96%80%E9%A7%85
tonkatsu.jp 表参道,35.664433,139.71,미나토구,表参道駅,돈카츠,2026,3.7,961,https://tabelog.com/tokyo/A1306/A130602/13264557/,https://www.google.com/maps/search/?api=1&query=tonkatsu.jp%20%E8%A1%A8%E5%8F%82%E9%81%93%20%E8%A1%A8%E5%8F%82%E9%81%93%E9%A7%85
Fry家,35.710813,139.703792,신주쿠구,高田馬場駅,돈카츠,2026,3.63,814,https://tabelog.com/tokyo/A1305/A130503/13288438/,https://www.google.com/maps/search/?api=1&query=Fry%E5%AE%B6%20%E9%AB%98%E7%94%B0%E9%A6%AC%E5%A0%B4%E9%A7%85
とんかつ 王龍,35.644864,139.72807,미나토구,白金高輪駅,돈카츠,2026,3.68,518,https://tabelog.com/tokyo/A1316/A131602/13249768/,https://www.google.com/maps/search/?api=1&query=%E3%81%A8%E3%82%93%E3%81%8B%E3%81%A4%20%E7%8E%8B%E9%BE%8D%20%E7%99%BD%E9%87%91%E9%AB%98%E8%BC%AA%E9%A7%85
とんかつ七井戸,35.671833,139.713815,시부야구,外苑前駅,돈카츠,2026,3.97,888,https://tabelog.com/tokyo/A1306/A130603/13229075/,https://www.google.com/maps/search/?api=1&query=%E3%81%A8%E3%82%93%E3%81%8B%E3%81%A4%E4%B8%83%E4%BA%95%E6%88%B8%20%E5%A4%96%E8%8B%91%E5%89%8D%E9%A7%85
とんかつ やまいち,35.69537,139.768581,지요다구,淡路町駅,돈카츠,2026,3.69,1814,https://tabelog.com/tokyo/A1310/A131002/13042246/,https://www.google.com/maps/search/?api=1&query=%E3%81%A8%E3%82%93%E3%81%8B%E3%81%A4%20%E3%82%84%E3%81%BE%E3%81%84%E3%81%A1%20%E6%B7%A1%E8%B7%AF%E7%94%BA%E9%A7%85
銀座かつかみ,35.670753,139.763669,주오구,銀座駅,돈카츠,2026,3.71,932,https://tabelog.com/tokyo/A1301/A130101/13225476/,https://www.google.com/maps/search/?api=1&query=%E9%8A%80%E5%BA%A7%E3%81%8B%E3%81%A4%E3%81%8B%E3%81%BF%20%E9%8A%80%E5%BA%A7%E9%A7%85
はせ川,35.695037,139.793951,스미다구,両国駅,돈카츠,2026,3.73,2500,https://tabelog.com/tokyo/A1312/A131201/13019126/,https://www.google.com/maps/search/?api=1&query=%E3%81%AF%E3%81%9B%E5%B7%9D%20%E4%B8%A1%E5%9B%BD%E9%A7%85
自然坊,35.579439,139.689489,오타구,久が原駅,돈카츠,2026,3.65,445,https://tabelog.com/tokyo/A1317/A131714/13076783/,https://www.google.com/maps/search/?api=1&query=%E8%87%AA%E7%84%B6%E5%9D%8A%20%E4%B9%85%E3%81%8C%E5%8E%9F%E9%A7%85
とんかつ憲進,35.702252,139.740892,신주쿠구,飯田橋駅,돈카츠,2026,3.71,582,https://tabelog.com/tokyo/A1309/A130905/13282484/,https://www.google.com/maps/search/?api=1&query=%E3%81%A8%E3%82%93%E3%81%8B%E3%81%A4%E6%86%B2%E9%80%B2%20%E9%A3%AF%E7%94%B0%E6%A9%8B%E9%A7%85
すぎ田,35.706451,139.79102,다이토구,蔵前駅,돈카츠,2026,3.66,1163,https://tabelog.com/tokyo/A1311/A131103/13003707/,https://www.google.com/maps/search/?api=1&query=%E3%81%99%E3%81%8E%E7%94%B0%20%E8%94%B5%E5%89%8D%E9%A7%85
西麻布 豚組,35.660975,139.722138,미나토구,乃木坂駅,돈카츠,2026,3.65,892,https://tabelog.com/tokyo/A1307/A130701/13004791/,https://www.google.com/maps/search/?api=1&query=%E8%A5%BF%E9%BA%BB%E5%B8%83%20%E8%B1%9A%E7%B5%84%20%E4%B9%83%E6%9C%A8%E5%9D%82%E9%A7%85
あげ福,35.62606,139.720505,시나가와구,五反田駅,돈카츠,2026,3.7,1782,https://tabelog.com/tokyo/A1316/A131603/13154272/,https://www.google.com/maps/search/?api=1&query=%E3%81%82%E3%81%92%E7%A6%8F%20%E4%BA%94%E5%8F%8D%E7%94%B0%E9%A7%85
とんかつ はせ川 東銀座店,35.667743,139.769829,주오구,築地駅,돈카츠,2026,3.68,935,https://tabelog.com/tokyo/A1313/A131301/13266947/,https://www.google.com/maps/search/?api=1&query=%E3%81%A8%E3%82%93%E3%81%8B%E3%81%A4%20%E3%81%AF%E3%81%9B%E5%B7%9D%20%E6%9D%B1%E9%8A%80%E5%BA%A7%E5%BA%97%20%E7%AF%89%E5%9C%B0%E9%A7%85
とんかつ 鉄,35.590469,139.732076,시나가와구,大森海岸駅,돈카츠,2026,3.59,1322,https://tabelog.com/tokyo/A1315/A131502/13178524/,https://www.google.com/maps/search/?api=1&query=%E3%81%A8%E3%82%93%E3%81%8B%E3%81%A4%20%E9%89%84%20%E5%A4%A7%E6%A3%AE%E6%B5%B7%E5%B2%B8%E9%A7%85
東京とんかつ がぶう,35.708611,139.774119,다이토구,上野御徒町駅,돈카츠,2026,3.67,680,https://tabelog.com/tokyo/A1311/A131101/13308066/,https://www.google.com/maps/search/?api=1&query=%E6%9D%B1%E4%BA%AC%E3%81%A8%E3%82%93%E3%81%8B%E3%81%A4%20%E3%81%8C%E3%81%B6%E3%81%86%20%E4%B8%8A%E9%87%8E%E5%BE%A1%E5%BE%92%E7%94%BA%E9%A7%85
もち豚とんかつ たいよう,35.618826,139.706429,시나가와구,武蔵小山駅,돈카츠,2026,3.7,1351,https://tabelog.com/tokyo/A1317/A131710/13059862/,https://www.google.com/maps/search/?api=1&query=%E3%82%82%E3%81%A1%E8%B1%9A%E3%81%A8%E3%82%93%E3%81%8B%E3%81%A4%20%E3%81%9F%E3%81%84%E3%82%88%E3%81%86%20%E6%AD%A6%E8%94%B5%E5%B0%8F%E5%B1%B1%E9%A7%85
にし邑,35.670675,139.769216,주오구,東銀座駅,돈카츠,2026,3.71,1931,https://tabelog.com/tokyo/A1301/A130101/13025298/,https://www.google.com/maps/search/?api=1&query=%E3%81%AB%E3%81%97%E9%82%91%20%E6%9D%B1%E9%8A%80%E5%BA%A7%E9%A7%85
とんかつ燕楽,35.572947,139.704196,오타구,池上駅,돈카츠,2026,3.74,1411,https://tabelog.com/tokyo/A1317/A131714/13034183/,https://www.google.com/maps/search/?api=1&query=%E3%81%A8%E3%82%93%E3%81%8B%E3%81%A4%E7%87%95%E6%A5%BD%20%E6%B1%A0%E4%B8%8A%E9%A7%85
TONKATSU KEITA,35.703624,139.595716,스기나미구,西荻窪駅,돈카츠,2026,3.72,327,https://tabelog.com/tokyo/A1319/A131907/13304076/,https://www.google.com/maps/search/?api=1&query=TONKATSU%20KEITA%20%E8%A5%BF%E8%8D%BB%E7%AA%AA%E9%A7%85
とんかつ武信 代々木上原店,35.670307,139.682784,시부야구,代々木上原駅,돈카츠,2026,3.66,1176,https://tabelog.com/tokyo/A1318/A131811/13024248/,https://www.google.com/maps/search/?api=1&query=%E3%81%A8%E3%82%93%E3%81%8B%E3%81%A4%E6%AD%A6%E4%BF%A1%20%E4%BB%A3%E3%80%85%E6%9C%A8%E4%B8%8A%E5%8E%9F%E5%BA%97%20%E4%BB%A3%E3%80%85%E6%9C%A8%E4%B8%8A%E5%8E%9F%E9%A7%85
とん平,35.721271,139.780312,다이토구,鶯谷駅,돈카츠,2026,3.7,360,https://tabelog.com/tokyo/A1311/A131104/13069370/,https://www.google.com/maps/search/?api=1&query=%E3%81%A8%E3%82%93%E5%B9%B3%20%E9%B6%AF%E8%B0%B7%E9%A7%85
丸五,35.699148,139.769736,지요다구,秋葉原駅,돈카츠,2026,3.74,3356,https://tabelog.com/tokyo/A1310/A131001/13000379/,https://www.google.com/maps/search/?api=1&query=%E4%B8%B8%E4%BA%94%20%E7%A7%8B%E8%91%89%E5%8E%9F%E9%A7%85
とんかつ檍 大門店,35.658808,139.755767,미나토구,大門駅,돈카츠,2026,3.67,2069,https://tabelog.com/tokyo/A1314/A131401/13190933/,https://www.google.com/maps/search/?api=1&query=%E3%81%A8%E3%82%93%E3%81%8B%E3%81%A4%E6%AA%8D%20%E5%A4%A7%E9%96%80%E5%BA%97%20%E5%A4%A7%E9%96%80%E9%A7%85
Katsuプリポー,35.694758,139.703013,신주쿠구,西武新宿駅,돈카츠,2026,3.9,1388,https://tabelog.com/tokyo/A1304/A130401/13264309/,https://www.google.com/maps/search/?api=1&query=Katsu%E3%83%97%E3%83%AA%E3%83%9D%E3%83%BC%20%E8%A5%BF%E6%AD%A6%E6%96%B0%E5%AE%BF%E9%A7%85
ポンチ軒,35.694916,139.763976,지요다구,小川町駅,돈카츠,2026,3.68,2186,https://tabelog.com/tokyo/A1310/A131002/13141456/,https://www.google.com/maps/search/?api=1&query=%E3%83%9D%E3%83%B3%E3%83%81%E8%BB%92%20%E5%B0%8F%E5%B7%9D%E7%94%BA%E9%A7%85
あげづき,35.701332,139.740775,신주쿠구,飯田橋駅,돈카츠,2026,3.69,2528,https://tabelog.com/tokyo/A1309/A130905/13107796/,https://www.google.com/maps/search/?api=1&query=%E3%81%82%E3%81%92%E3%81%A5%E3%81%8D%20%E9%A3%AF%E7%94%B0%E6%A9%8B%E9%A7%85
お食事 まるやま,35.585751,139.726737,오타구,大森駅,돈카츠,2026,3.71,921,https://tabelog.com/tokyo/A1315/A131502/13116024/,https://www.google.com/maps/search/?api=1&query=%E3%81%8A%E9%A3%9F%E4%BA%8B%20%E3%81%BE%E3%82%8B%E3%82%84%E3%81%BE%20%E5%A4%A7%E6%A3%AE%E9%A7%85
かつ好,35.686237,139.781215,주오구,人形町駅,돈카츠,2026,3.74,1085,https://tabelog.com/tokyo/A1302/A130204/13204633/,https://www.google.com/maps/search/?api=1&query=%E3%81%8B%E3%81%A4%E5%A5%BD%20%E4%BA%BA%E5%BD%A2%E7%94%BA%E9%A7%85
とんかつ ゆたか,35.711777,139.794079,다이토구,浅草（つくばＥＸＰ）駅,돈카츠,2026,3.65,911,https://tabelog.com/tokyo/A1311/A131102/13003669/,https://www.google.com/maps/search/?api=1&query=%E3%81%A8%E3%82%93%E3%81%8B%E3%81%A4%20%E3%82%86%E3%81%9F%E3%81%8B%20%E6%B5%85%E8%8D%89%EF%BC%88%E3%81%A4%E3%81%8F%E3%81%B0%EF%BC%A5%EF%BC%B8%EF%BC%B0%EF%BC%89%E9%A7%85
とん太,35.715493,139.706623,도시마구,高田馬場駅,돈카츠,2026,3.78,1948,https://tabelog.com/tokyo/A1305/A130503/13003984/,https://www.google.com/maps/search/?api=1&query=%E3%81%A8%E3%82%93%E5%A4%AA%20%E9%AB%98%E7%94%B0%E9%A6%AC%E5%A0%B4%E9%A7%85
とんかつ まさむね,35.67207,139.740024,미나토구,溜池山王駅,돈카츠,2026,3.71,2225,https://tabelog.com/tokyo/A1308/A130802/13156833/,https://www.google.com/maps/search/?api=1&query=%E3%81%A8%E3%82%93%E3%81%8B%E3%81%A4%20%E3%81%BE%E3%81%95%E3%82%80%E3%81%AD%20%E6%BA%9C%E6%B1%A0%E5%B1%B1%E7%8E%8B%E9%A7%85
とんかつ 幻水豚,35.643359,139.672842,세타가야구,三軒茶屋駅,돈카츠,2026,3.62,936,https://tabelog.com/tokyo/A1317/A131706/13267114/,https://www.google.com/maps/search/?api=1&query=%E3%81%A8%E3%82%93%E3%81%8B%E3%81%A4%20%E5%B9%BB%E6%B0%B4%E8%B1%9A%20%E4%B8%89%E8%BB%92%E8%8C%B6%E5%B1%8B%E9%A7%85
とんかつ檍 蒲田本店,35.560457,139.717044,오타구,蒲田駅,돈카츠,2026,3.72,2696,https://tabelog.com/tokyo/A1315/A131503/13114843/,https://www.google.com/maps/search/?api=1&query=%E3%81%A8%E3%82%93%E3%81%8B%E3%81%A4%E6%AA%8D%20%E8%92%B2%E7%94%B0%E6%9C%AC%E5%BA%97%20%E8%92%B2%E7%94%B0%E9%A7%85
黒豚とんかつ ほり壱,35.665369,139.755634,미나토구,新橋駅,돈카츠,2026,3.74,519,https://tabelog.com/tokyo/A1301/A130103/13258841/,https://www.google.com/maps/search/?api=1&query=%E9%BB%92%E8%B1%9A%E3%81%A8%E3%82%93%E3%81%8B%E3%81%A4%20%E3%81%BB%E3%82%8A%E5%A3%B1%20%E6%96%B0%E6%A9%8B%E9%A7%85
とんかつ 燕楽,35.572384,139.694864,오타구,千鳥町駅,돈카츠,2026,3.65,469,https://tabelog.com/tokyo/A1317/A131714/13096288/,https://www.google.com/maps/search/?api=1&query=%E3%81%A8%E3%82%93%E3%81%8B%E3%81%A4%20%E7%87%95%E6%A5%BD%20%E5%8D%83%E9%B3%A5%E7%94%BA%E9%A7%85
バーガーマニア 白金店,35.644377,139.725432,미나토구,白金台駅,햄버거,2026,3.65,866,https://tabelog.com/tokyo/A1316/A131602/13047335/,https://www.google.com/maps/search/?api=1&query=%E3%83%90%E3%83%BC%E3%82%AC%E3%83%BC%E3%83%9E%E3%83%8B%E3%82%A2%20%E7%99%BD%E9%87%91%E5%BA%97%20%E7%99%BD%E9%87%91%E5%8F%B0%E9%A7%85
ブラザーズ 日本橋高島屋店,35.6814,139.773695,주오구,日本橋駅,햄버거,2026,3.67,1355,https://tabelog.com/tokyo/A1302/A130202/13226533/,https://www.google.com/maps/search/?api=1&query=%E3%83%96%E3%83%A9%E3%82%B6%E3%83%BC%E3%82%BA%20%E6%97%A5%E6%9C%AC%E6%A9%8B%E9%AB%98%E5%B3%B6%E5%B1%8B%E5%BA%97%20%E6%97%A5%E6%9C%AC%E6%A9%8B%E9%A7%85
CRUZ BURGERS &amp; CRAFT BEERS,35.68811,139.726394,신주쿠구,四ツ谷駅,햄버거,2026,3.69,1189,https://tabelog.com/tokyo/A1309/A130902/13189090/,https://www.google.com/maps/search/?api=1&query=CRUZ%20BURGERS%20%26amp%3B%20CRAFT%20BEERS%20%E5%9B%9B%E3%83%84%E8%B0%B7%E9%A7%85
CANNONBALL DINER,35.722153,139.780132,다이토구,鶯谷駅,햄버거,2026,3.59,333,https://tabelog.com/tokyo/A1311/A131104/13258134/,https://www.google.com/maps/search/?api=1&query=CANNONBALL%20DINER%20%E9%B6%AF%E8%B0%B7%E9%A7%85
ブラザーズ テイクアウト 人形町店,35.686549,139.78437,주오구,人形町駅,햄버거,2026,3.52,137,https://tabelog.com/tokyo/A1302/A130204/13110295/,https://www.google.com/maps/search/?api=1&query=%E3%83%96%E3%83%A9%E3%82%B6%E3%83%BC%E3%82%BA%20%E3%83%86%E3%82%A4%E3%82%AF%E3%82%A2%E3%82%A6%E3%83%88%20%E4%BA%BA%E5%BD%A2%E7%94%BA%E5%BA%97%20%E4%BA%BA%E5%BD%A2%E7%94%BA%E9%A7%85
folk burgers&amp;beers,35.696838,139.7556,지요다구,神保町駅,햄버거,2026,3.73,1163,https://tabelog.com/tokyo/A1310/A131003/13224811/,https://www.google.com/maps/search/?api=1&query=folk%20burgers%26amp%3Bbeers%20%E7%A5%9E%E4%BF%9D%E7%94%BA%E9%A7%85
エーエス クラシックス ダイナー KOMAZAWA,35.625093,139.667491,메구로구,目黒区,햄버거,2026,3.58,1228,https://tabelog.com/tokyo/A1317/A131707/13022762/,https://www.google.com/maps/search/?api=1&query=%E3%82%A8%E3%83%BC%E3%82%A8%E3%82%B9%20%E3%82%AF%E3%83%A9%E3%82%B7%E3%83%83%E3%82%AF%E3%82%B9%20%E3%83%80%E3%82%A4%E3%83%8A%E3%83%BC%20KOMAZAWA%20%E7%9B%AE%E9%BB%92%E5%8C%BA
TEDDY BROWN,35.650226,139.71989,시부야구,広尾駅,햄버거,2026,3.71,491,https://tabelog.com/tokyo/A1307/A130703/13307639/,https://www.google.com/maps/search/?api=1&query=TEDDY%20BROWN%20%E5%BA%83%E5%B0%BE%E9%A7%85
オールドニューダイナー,35.695675,139.419074,立川구,西国立駅,햄버거,2026,3.65,877,https://tabelog.com/tokyo/A1329/A132901/13196856/,https://www.google.com/maps/search/?api=1&query=%E3%82%AA%E3%83%BC%E3%83%AB%E3%83%89%E3%83%8B%E3%83%A5%E3%83%BC%E3%83%80%E3%82%A4%E3%83%8A%E3%83%BC%20%E8%A5%BF%E5%9B%BD%E7%AB%8B%E9%A7%85
BAKERY &amp; BURGER JB&#39;S TOKYO,35.682808,139.702191,시부야구,代々木駅,햄버거,2026,3.61,1343,https://tabelog.com/tokyo/A1304/A130403/13260771/,https://www.google.com/maps/search/?api=1&query=BAKERY%20%26amp%3B%20BURGER%20JB%26%2339%3BS%20TOKYO%20%E4%BB%A3%E3%80%85%E6%9C%A8%E9%A7%85
THE GREAT BURGER,35.666231,139.704697,시부야구,明治神宮前駅,햄버거,2026,3.67,3191,https://tabelog.com/tokyo/A1306/A130601/13042654/,https://www.google.com/maps/search/?api=1&query=THE%20GREAT%20BURGER%20%E6%98%8E%E6%B2%BB%E7%A5%9E%E5%AE%AE%E5%89%8D%E9%A7%85
ヘンリーズ バーガー 代官山,35.64741,139.702138,시부야구,代官山駅,햄버거,2026,3.59,1474,https://tabelog.com/tokyo/A1303/A130303/13190156/,https://www.google.com/maps/search/?api=1&query=%E3%83%98%E3%83%B3%E3%83%AA%E3%83%BC%E3%82%BA%20%E3%83%90%E3%83%BC%E3%82%AC%E3%83%BC%20%E4%BB%A3%E5%AE%98%E5%B1%B1%20%E4%BB%A3%E5%AE%98%E5%B1%B1%E9%A7%85
オーセンティック,35.669343,139.738724,미나토구,赤坂駅,햄버거,2026,3.65,1502,https://tabelog.com/tokyo/A1308/A130802/13030795/,https://www.google.com/maps/search/?api=1&query=%E3%82%AA%E3%83%BC%E3%82%BB%E3%83%B3%E3%83%86%E3%82%A3%E3%83%83%E3%82%AF%20%E8%B5%A4%E5%9D%82%E9%A7%85
WAGYU BURGER HIROKIYA,35.661699,139.735385,미나토구,六本木駅,햄버거,2026,3.55,504,https://tabelog.com/tokyo/A1307/A130701/13309299/,https://www.google.com/maps/search/?api=1&query=WAGYU%20BURGER%20HIROKIYA%20%E5%85%AD%E6%9C%AC%E6%9C%A8%E9%A7%85
ブッチャーズテーブル 大泉学園店,35.751737,139.593825,네리마구,大泉学園駅,햄버거,2026,3.61,711,https://tabelog.com/tokyo/A1321/A132103/13091061/,https://www.google.com/maps/search/?api=1&query=%E3%83%96%E3%83%83%E3%83%81%E3%83%A3%E3%83%BC%E3%82%BA%E3%83%86%E3%83%BC%E3%83%96%E3%83%AB%20%E5%A4%A7%E6%B3%89%E5%AD%A6%E5%9C%92%E5%BA%97%20%E5%A4%A7%E6%B3%89%E5%AD%A6%E5%9C%92%E9%A7%85
Jack37Burger,35.692163,139.779916,주오구,小伝馬町駅,햄버거,2026,3.69,1381,https://tabelog.com/tokyo/A1302/A130204/13186781/,https://www.google.com/maps/search/?api=1&query=Jack37Burger%20%E5%B0%8F%E4%BC%9D%E9%A6%AC%E7%94%BA%E9%A7%85
THE GRABBER hamburger pub,35.695347,139.769656,지요다구,淡路町駅,햄버거,2026,3.57,301,https://tabelog.com/tokyo/A1310/A131002/13299903/,https://www.google.com/maps/search/?api=1&query=THE%20GRABBER%20hamburger%20pub%20%E6%B7%A1%E8%B7%AF%E7%94%BA%E9%A7%85
アルデバラン,35.65382,139.735304,미나토구,麻布十番駅,햄버거,2026,3.94,1583,https://tabelog.com/tokyo/A1307/A130702/13278678/,https://www.google.com/maps/search/?api=1&query=%E3%82%A2%E3%83%AB%E3%83%87%E3%83%90%E3%83%A9%E3%83%B3%20%E9%BA%BB%E5%B8%83%E5%8D%81%E7%95%AA%E9%A7%85
atami,35.677281,139.736203,미나토구,赤坂見附駅,햄버거,2026,3.93,600,https://tabelog.com/tokyo/A1308/A130801/13292684/,https://www.google.com/maps/search/?api=1&query=atami%20%E8%B5%A4%E5%9D%82%E8%A6%8B%E9%99%84%E9%A7%85
ジューシーオールスターズ ハングリーヘブン,35.747151,139.704282,이타바시구,大山駅,햄버거,2026,3.62,177,https://tabelog.com/tokyo/A1322/A132203/13167532/,https://www.google.com/maps/search/?api=1&query=%E3%82%B8%E3%83%A5%E3%83%BC%E3%82%B7%E3%83%BC%E3%82%AA%E3%83%BC%E3%83%AB%E3%82%B9%E3%82%BF%E3%83%BC%E3%82%BA%20%E3%83%8F%E3%83%B3%E3%82%B0%E3%83%AA%E3%83%BC%E3%83%98%E3%83%96%E3%83%B3%20%E5%A4%A7%E5%B1%B1%E9%A7%85
ベーカーバウンス,35.647292,139.667404,세타가야구,西太子堂駅,햄버거,2026,3.65,1340,https://tabelog.com/tokyo/A1317/A131706/13004780/,https://www.google.com/maps/search/?api=1&query=%E3%83%99%E3%83%BC%E3%82%AB%E3%83%BC%E3%83%90%E3%82%A6%E3%83%B3%E3%82%B9%20%E8%A5%BF%E5%A4%AA%E5%AD%90%E5%A0%82%E9%A7%85
Viva la Burger,35.734684,139.708446,도시마구,池袋駅,햄버거,2026,3.58,709,https://tabelog.com/tokyo/A1305/A130501/13233786/,https://www.google.com/maps/search/?api=1&query=Viva%20la%20Burger%20%E6%B1%A0%E8%A2%8B%E9%A7%85
バーガーマニア 恵比寿店,35.646003,139.71308,시부야구,恵比寿駅,햄버거,2026,3.56,1491,https://tabelog.com/tokyo/A1303/A130302/13166437/,https://www.google.com/maps/search/?api=1&query=%E3%83%90%E3%83%BC%E3%82%AC%E3%83%BC%E3%83%9E%E3%83%8B%E3%82%A2%20%E6%81%B5%E6%AF%94%E5%AF%BF%E5%BA%97%20%E6%81%B5%E6%AF%94%E5%AF%BF%E9%A7%85
マンチズ バーガー シャック,35.65102,139.75184,미나토구,芝公園駅,햄버거,2026,3.77,3004,https://tabelog.com/tokyo/A1314/A131401/13121856/,https://www.google.com/maps/search/?api=1&query=%E3%83%9E%E3%83%B3%E3%83%81%E3%82%BA%20%E3%83%90%E3%83%BC%E3%82%AC%E3%83%BC%20%E3%82%B7%E3%83%A3%E3%83%83%E3%82%AF%20%E8%8A%9D%E5%85%AC%E5%9C%92%E9%A7%85
ブラザーズ 人形町本店,35.687184,139.785073,주오구,人形町駅,햄버거,2026,3.67,3271,https://tabelog.com/tokyo/A1302/A130204/13003002/,https://www.google.com/maps/search/?api=1&query=%E3%83%96%E3%83%A9%E3%82%B6%E3%83%BC%E3%82%BA%20%E4%BA%BA%E5%BD%A2%E7%94%BA%E6%9C%AC%E5%BA%97%20%E4%BA%BA%E5%BD%A2%E7%94%BA%E9%A7%85
CHATTY CHATTY,35.688837,139.712876,신주쿠구,新宿御苑前駅,햄버거,2026,3.56,945,https://tabelog.com/tokyo/A1304/A130402/13171395/,https://www.google.com/maps/search/?api=1&query=CHATTY%20CHATTY%20%E6%96%B0%E5%AE%BF%E5%BE%A1%E8%8B%91%E5%89%8D%E9%A7%85
Chillmatic Hamburger &amp; Bistro,35.66301,139.694643,시부야구,神泉駅,햄버거,2026,3.67,364,https://tabelog.com/tokyo/A1303/A130301/13304969/,https://www.google.com/maps/search/?api=1&query=Chillmatic%20Hamburger%20%26amp%3B%20Bistro%20%E7%A5%9E%E6%B3%89%E9%A7%85
フランクリン・アベニュー,35.625893,139.729626,시나가와구,五反田駅,햄버거,2026,3.6,1836,https://tabelog.com/tokyo/A1316/A131603/13001556/,https://www.google.com/maps/search/?api=1&query=%E3%83%95%E3%83%A9%E3%83%B3%E3%82%AF%E3%83%AA%E3%83%B3%E3%83%BB%E3%82%A2%E3%83%99%E3%83%8B%E3%83%A5%E3%83%BC%20%E4%BA%94%E5%8F%8D%E7%94%B0%E9%A7%85
OVERWHELM HAMBURGER &amp; BAR STAND,35.6295,139.690439,메구로구,学芸大学駅,햄버거,2026,3.65,461,https://tabelog.com/tokyo/A1317/A131702/13291046/,https://www.google.com/maps/search/?api=1&query=OVERWHELM%20HAMBURGER%20%26amp%3B%20BAR%20STAND%20%E5%AD%A6%E8%8A%B8%E5%A4%A7%E5%AD%A6%E9%A7%85
魔女のちいさな森のハンバーガー,35.608464,139.670699,메구로구,自由が丘駅,햄버거,2026,3.67,1110,https://tabelog.com/tokyo/A1317/A131703/13054778/,https://www.google.com/maps/search/?api=1&query=%E9%AD%94%E5%A5%B3%E3%81%AE%E3%81%A1%E3%81%84%E3%81%95%E3%81%AA%E6%A3%AE%E3%81%AE%E3%83%8F%E3%83%B3%E3%83%90%E3%83%BC%E3%82%AC%E3%83%BC%20%E8%87%AA%E7%94%B1%E3%81%8C%E4%B8%98%E9%A7%85
BOSSA BURGER,35.747698,139.803675,아다치구,北千住駅,햄버거,2026,3.62,657,https://tabelog.com/tokyo/A1324/A132402/13211848/,https://www.google.com/maps/search/?api=1&query=BOSSA%20BURGER%20%E5%8C%97%E5%8D%83%E4%BD%8F%E9%A7%85
No.18,35.73319,139.717938,도시마구,池袋駅,햄버거,2026,3.68,1418,https://tabelog.com/tokyo/A1305/A130501/13172081/,https://www.google.com/maps/search/?api=1&query=No.18%20%E6%B1%A0%E8%A2%8B%E9%A7%85
BURGER&amp;MILKSHAKE CRANE,35.704983,139.771435,지요다구,末広町駅,햄버거,2026,3.59,1187,https://tabelog.com/tokyo/A1311/A131101/13202745/,https://www.google.com/maps/search/?api=1&query=BURGER%26amp%3BMILKSHAKE%20CRANE%20%E6%9C%AB%E5%BA%83%E7%94%BA%E9%A7%85
マティーニバーガー,35.705593,139.731103,신주쿠구,神楽坂駅,햄버거,2026,3.53,1087,https://tabelog.com/tokyo/A1309/A130905/13117569/,https://www.google.com/maps/search/?api=1&query=%E3%83%9E%E3%83%86%E3%82%A3%E3%83%BC%E3%83%8B%E3%83%90%E3%83%BC%E3%82%AC%E3%83%BC%20%E7%A5%9E%E6%A5%BD%E5%9D%82%E9%A7%85
Burger POLICE,35.620665,139.680977,메구로구,都立大学駅,햄버거,2026,3.75,1258,https://tabelog.com/tokyo/A1317/A131702/13255370/,https://www.google.com/maps/search/?api=1&query=Burger%20POLICE%20%E9%83%BD%E7%AB%8B%E5%A4%A7%E5%AD%A6%E9%A7%85
シェイクツリー バーガー＆バー,35.697215,139.805118,스미다구,錦糸町駅,햄버거,2026,3.69,1756,https://tabelog.com/tokyo/A1312/A131201/13134063/,https://www.google.com/maps/search/?api=1&query=%E3%82%B7%E3%82%A7%E3%82%A4%E3%82%AF%E3%83%84%E3%83%AA%E3%83%BC%20%E3%83%90%E3%83%BC%E3%82%AC%E3%83%BC%EF%BC%86%E3%83%90%E3%83%BC%20%E9%8C%A6%E7%B3%B8%E7%94%BA%E9%A7%85
SHOGUN BURGER 新宿店,35.694084,139.702479,신주쿠구,新宿西口駅,햄버거,2026,3.68,2547,https://tabelog.com/tokyo/A1304/A130401/13227776/,https://www.google.com/maps/search/?api=1&query=SHOGUN%20BURGER%20%E6%96%B0%E5%AE%BF%E5%BA%97%20%E6%96%B0%E5%AE%BF%E8%A5%BF%E5%8F%A3%E9%A7%85
hide mode,35.705321,139.758862,분쿄구,本郷三丁目駅,햄버거,2026,3.69,577,https://tabelog.com/tokyo/A1310/A131004/13222449/,https://www.google.com/maps/search/?api=1&query=hide%20mode%20%E6%9C%AC%E9%83%B7%E4%B8%89%E4%B8%81%E7%9B%AE%E9%A7%85
ファイヤーハウス,35.707599,139.758173,분쿄구,本郷三丁目駅,햄버거,2026,3.67,3186,https://tabelog.com/tokyo/A1310/A131004/13003538/,https://www.google.com/maps/search/?api=1&query=%E3%83%95%E3%82%A1%E3%82%A4%E3%83%A4%E3%83%BC%E3%83%8F%E3%82%A6%E3%82%B9%20%E6%9C%AC%E9%83%B7%E4%B8%89%E4%B8%81%E7%9B%AE%E9%A7%85
ブラザーズ 新富町店,35.67147,139.772386,주오구,新富町駅,햄버거,2026,3.56,1418,https://tabelog.com/tokyo/A1313/A131301/13144295/,https://www.google.com/maps/search/?api=1&query=%E3%83%96%E3%83%A9%E3%82%B6%E3%83%BC%E3%82%BA%20%E6%96%B0%E5%AF%8C%E7%94%BA%E5%BA%97%20%E6%96%B0%E5%AF%8C%E7%94%BA%E9%A7%85
マクレーン オールドバーガースタンド,35.705024,139.794179,다이토구,蔵前駅,햄버거,2026,3.65,889,https://tabelog.com/tokyo/A1311/A131103/13195774/,https://www.google.com/maps/search/?api=1&query=%E3%83%9E%E3%82%AF%E3%83%AC%E3%83%BC%E3%83%B3%20%E3%82%AA%E3%83%BC%E3%83%AB%E3%83%89%E3%83%90%E3%83%BC%E3%82%AC%E3%83%BC%E3%82%B9%E3%82%BF%E3%83%B3%E3%83%89%20%E8%94%B5%E5%89%8D%E9%A7%85
潮見スキッパーズ,35.660118,139.815853,고토구,潮見駅,햄버거,2026,3.59,568,https://tabelog.com/tokyo/A1313/A131304/13207335/,https://www.google.com/maps/search/?api=1&query=%E6%BD%AE%E8%A6%8B%E3%82%B9%E3%82%AD%E3%83%83%E3%83%91%E3%83%BC%E3%82%BA%20%E6%BD%AE%E8%A6%8B%E9%A7%85
Reg-On Diner 渋谷本店,35.655567,139.709892,시부야구,渋谷駅,햄버거,2026,3.68,1357,https://tabelog.com/tokyo/A1303/A130301/13054359/,https://www.google.com/maps/search/?api=1&query=Reg-On%20Diner%20%E6%B8%8B%E8%B0%B7%E6%9C%AC%E5%BA%97%20%E6%B8%8B%E8%B0%B7%E9%A7%85
ブラッカウズ,35.649465,139.707142,시부야구,代官山駅,햄버거,2026,3.67,2148,https://tabelog.com/tokyo/A1303/A130302/13096437/,https://www.google.com/maps/search/?api=1&query=%E3%83%96%E3%83%A9%E3%83%83%E3%82%AB%E3%82%A6%E3%82%BA%20%E4%BB%A3%E5%AE%98%E5%B1%B1%E9%A7%85
手打麺祭 かめ囲,35.654628,139.56437,調布구,柴崎駅,라멘,2025,3.8,1750,https://tabelog.com/tokyo/A1326/A132601/13273350/,https://www.google.com/maps/search/?api=1&query=%E6%89%8B%E6%89%93%E9%BA%BA%E7%A5%AD%20%E3%81%8B%E3%82%81%E5%9B%B2%20%E6%9F%B4%E5%B4%8E%E9%A7%85
中華そば 西川,35.644229,139.618161,세타가야구,千歳船橋駅,라멘,2025,3.83,1401,https://tabelog.com/tokyo/A1318/A131813/13213036/,https://www.google.com/maps/search/?api=1&query=%E4%B8%AD%E8%8F%AF%E3%81%9D%E3%81%B0%20%E8%A5%BF%E5%B7%9D%20%E5%8D%83%E6%AD%B3%E8%88%B9%E6%A9%8B%E9%A7%85
らぁめん ご恩,35.713509,139.653609,나카노구,野方駅,라멘,2025,3.82,1017,https://tabelog.com/tokyo/A1321/A132104/13269170/,https://www.google.com/maps/search/?api=1&query=%E3%82%89%E3%81%81%E3%82%81%E3%82%93%20%E3%81%94%E6%81%A9%20%E9%87%8E%E6%96%B9%E9%A7%85
六厘舎 東京駅東京ラーメンストリート,35.680061,139.767854,지요다구,東京駅,라멘,2025,3.77,7690,https://tabelog.com/tokyo/A1302/A130201/13093047/,https://www.google.com/maps/search/?api=1&query=%E5%85%AD%E5%8E%98%E8%88%8E%20%E6%9D%B1%E4%BA%AC%E9%A7%85%E6%9D%B1%E4%BA%AC%E3%83%A9%E3%83%BC%E3%83%A1%E3%83%B3%E3%82%B9%E3%83%88%E3%83%AA%E3%83%BC%E3%83%88%20%E6%9D%B1%E4%BA%AC%E9%A7%85
らーめんMAIKAGURA,35.64807,139.618988,세타가야구,千歳船橋駅,라멘,2025,3.85,2055,https://tabelog.com/tokyo/A1318/A131813/13218425/,https://www.google.com/maps/search/?api=1&query=%E3%82%89%E3%83%BC%E3%82%81%E3%82%93MAIKAGURA%20%E5%8D%83%E6%AD%B3%E8%88%B9%E6%A9%8B%E9%A7%85
支那そば たんたん亭,35.681825,139.627419,스기나미구,浜田山駅,라멘,2025,3.79,1894,https://tabelog.com/tokyo/A1318/A131805/13000705/,https://www.google.com/maps/search/?api=1&query=%E6%94%AF%E9%82%A3%E3%81%9D%E3%81%B0%20%E3%81%9F%E3%82%93%E3%81%9F%E3%82%93%E4%BA%AD%20%E6%B5%9C%E7%94%B0%E5%B1%B1%E9%A7%85
中華そば屋 伊藤,35.763241,139.745958,기타구,王子神谷駅,라멘,2025,3.79,1479,https://tabelog.com/tokyo/A1323/A132304/13008779/,https://www.google.com/maps/search/?api=1&query=%E4%B8%AD%E8%8F%AF%E3%81%9D%E3%81%B0%E5%B1%8B%20%E4%BC%8A%E8%97%A4%20%E7%8E%8B%E5%AD%90%E7%A5%9E%E8%B0%B7%E9%A7%85
ジャパニーズ ラーメン 五感,35.733088,139.717914,도시마구,池袋駅,라멘,2025,3.96,1554,https://tabelog.com/tokyo/A1305/A130501/13284009/,https://www.google.com/maps/search/?api=1&query=%E3%82%B8%E3%83%A3%E3%83%91%E3%83%8B%E3%83%BC%E3%82%BA%20%E3%83%A9%E3%83%BC%E3%83%A1%E3%83%B3%20%E4%BA%94%E6%84%9F%20%E6%B1%A0%E8%A2%8B%E9%A7%85
寿製麺 よしかわ 西台駅前店,35.785917,139.674735,이타바시구,西台駅,라멘,2025,3.78,1563,https://tabelog.com/tokyo/A1322/A132205/13228611/,https://www.google.com/maps/search/?api=1&query=%E5%AF%BF%E8%A3%BD%E9%BA%BA%20%E3%82%88%E3%81%97%E3%81%8B%E3%82%8F%20%E8%A5%BF%E5%8F%B0%E9%A7%85%E5%89%8D%E5%BA%97%20%E8%A5%BF%E5%8F%B0%E9%A7%85
だしと麺 遊泳,35.69814,139.658641,스기나미구,東高円寺駅,라멘,2025,3.81,1043,https://tabelog.com/tokyo/A1319/A131904/13287534/,https://www.google.com/maps/search/?api=1&query=%E3%81%A0%E3%81%97%E3%81%A8%E9%BA%BA%20%E9%81%8A%E6%B3%B3%20%E6%9D%B1%E9%AB%98%E5%86%86%E5%AF%BA%E9%A7%85
中華そば 鴨福,35.657443,139.327925,八王子구,八王子市,라멘,2025,3.89,902,https://tabelog.com/tokyo/A1329/A132904/13297180/,https://www.google.com/maps/search/?api=1&query=%E4%B8%AD%E8%8F%AF%E3%81%9D%E3%81%B0%20%E9%B4%A8%E7%A6%8F%20%E5%85%AB%E7%8E%8B%E5%AD%90%E5%B8%82
麺 みつヰ,35.709543,139.790331,다이토구,田原町駅,라멘,2025,3.84,1522,https://tabelog.com/tokyo/A1311/A131102/13284327/,https://www.google.com/maps/search/?api=1&query=%E9%BA%BA%20%E3%81%BF%E3%81%A4%E3%83%B0%20%E7%94%B0%E5%8E%9F%E7%94%BA%E9%A7%85
手打ち 陰日向,35.671649,139.467079,府中구,分倍河原駅,라멘,2025,3.84,1135,https://tabelog.com/tokyo/A1326/A132602/13297403/,https://www.google.com/maps/search/?api=1&query=%E6%89%8B%E6%89%93%E3%81%A1%20%E9%99%B0%E6%97%A5%E5%90%91%20%E5%88%86%E5%80%8D%E6%B2%B3%E5%8E%9F%E9%A7%85
中華そば べんてん,35.776163,139.629251,네리마구,地下鉄成増駅,라멘,2025,3.78,1728,https://tabelog.com/tokyo/A1322/A132204/13200351/,https://www.google.com/maps/search/?api=1&query=%E4%B8%AD%E8%8F%AF%E3%81%9D%E3%81%B0%20%E3%81%B9%E3%82%93%E3%81%A6%E3%82%93%20%E5%9C%B0%E4%B8%8B%E9%89%84%E6%88%90%E5%A2%97%E9%A7%85
元祖スタミナ満点らーめん すず鬼,35.69979,139.561257,三鷹구,三鷹駅,라멘,2025,3.8,1375,https://tabelog.com/tokyo/A1320/A132002/13241092/,https://www.google.com/maps/search/?api=1&query=%E5%85%83%E7%A5%96%E3%82%B9%E3%82%BF%E3%83%9F%E3%83%8A%E6%BA%80%E7%82%B9%E3%82%89%E3%83%BC%E3%82%81%E3%82%93%20%E3%81%99%E3%81%9A%E9%AC%BC%20%E4%B8%89%E9%B7%B9%E9%A7%85
麺笑 巧真,35.659762,139.34197,八王子구,京王八王子駅,라멘,2025,3.79,1689,https://tabelog.com/tokyo/A1329/A132904/13246669/,https://www.google.com/maps/search/?api=1&query=%E9%BA%BA%E7%AC%91%20%E5%B7%A7%E7%9C%9F%20%E4%BA%AC%E7%8E%8B%E5%85%AB%E7%8E%8B%E5%AD%90%E9%A7%85
Ramen にじゅうぶんのいち,35.744601,139.772938,아라카와구,東尾久三丁目駅,라멘,2025,3.79,1339,https://tabelog.com/tokyo/A1324/A132401/13147594/,https://www.google.com/maps/search/?api=1&query=Ramen%20%E3%81%AB%E3%81%98%E3%82%85%E3%81%86%E3%81%B6%E3%82%93%E3%81%AE%E3%81%84%E3%81%A1%20%E6%9D%B1%E5%B0%BE%E4%B9%85%E4%B8%89%E4%B8%81%E7%9B%AE%E9%A7%85
麺処 びぎ屋 学芸大学本店,35.628812,139.689132,메구로구,学芸大学駅,라멘,2025,3.77,2165,https://tabelog.com/tokyo/A1317/A131702/13093976/,https://www.google.com/maps/search/?api=1&query=%E9%BA%BA%E5%87%A6%20%E3%81%B3%E3%81%8E%E5%B1%8B%20%E5%AD%A6%E8%8A%B8%E5%A4%A7%E5%AD%A6%E6%9C%AC%E5%BA%97%20%E5%AD%A6%E8%8A%B8%E5%A4%A7%E5%AD%A6%E9%A7%85
柴崎亭 つつじヶ丘本店,35.657548,139.573744,調布구,つつじケ丘駅,라멘,2025,3.79,2529,https://tabelog.com/tokyo/A1326/A132601/13135162/,https://www.google.com/maps/search/?api=1&query=%E6%9F%B4%E5%B4%8E%E4%BA%AD%20%E3%81%A4%E3%81%A4%E3%81%98%E3%83%B6%E4%B8%98%E6%9C%AC%E5%BA%97%20%E3%81%A4%E3%81%A4%E3%81%98%E3%82%B1%E4%B8%98%E9%A7%85
ラーメン屋 トイ・ボックス,35.731196,139.79204,아라카와구,三ノ輪橋駅,라멘,2025,3.79,3270,https://tabelog.com/tokyo/A1324/A132401/13162973/,https://www.google.com/maps/search/?api=1&query=%E3%83%A9%E3%83%BC%E3%83%A1%E3%83%B3%E5%B1%8B%20%E3%83%88%E3%82%A4%E3%83%BB%E3%83%9C%E3%83%83%E3%82%AF%E3%82%B9%20%E4%B8%89%E3%83%8E%E8%BC%AA%E6%A9%8B%E9%A7%85
成城青果,35.671318,139.608947,스기나미구,芦花公園駅,라멘,2025,3.79,2352,https://tabelog.com/tokyo/A1318/A131809/13247939/,https://www.google.com/maps/search/?api=1&query=%E6%88%90%E5%9F%8E%E9%9D%92%E6%9E%9C%20%E8%8A%A6%E8%8A%B1%E5%85%AC%E5%9C%92%E9%A7%85
麺処 晴,35.719656,139.783411,다이토구,入谷駅,라멘,2025,3.79,2629,https://tabelog.com/tokyo/A1311/A131104/13143115/,https://www.google.com/maps/search/?api=1&query=%E9%BA%BA%E5%87%A6%20%E6%99%B4%20%E5%85%A5%E8%B0%B7%E9%A7%85
煮干そば 流。,35.761091,139.722413,기타구,十条駅,라멘,2025,3.78,1937,https://tabelog.com/tokyo/A1323/A132304/13175140/,https://www.google.com/maps/search/?api=1&query=%E7%85%AE%E5%B9%B2%E3%81%9D%E3%81%B0%20%E6%B5%81%E3%80%82%20%E5%8D%81%E6%9D%A1%E9%A7%85
麺尊 RAGE,35.70179,139.599187,스기나미구,西荻窪駅,라멘,2025,3.78,2705,https://tabelog.com/tokyo/A1319/A131907/13178309/,https://www.google.com/maps/search/?api=1&query=%E9%BA%BA%E5%B0%8A%20RAGE%20%E8%A5%BF%E8%8D%BB%E7%AA%AA%E9%A7%85
中華そば 多賀野,35.609724,139.711569,시나가와구,荏原中延駅,라멘,2025,3.91,2423,https://tabelog.com/tokyo/A1317/A131712/13003421/,https://www.google.com/maps/search/?api=1&query=%E4%B8%AD%E8%8F%AF%E3%81%9D%E3%81%B0%20%E5%A4%9A%E8%B3%80%E9%87%8E%20%E8%8D%8F%E5%8E%9F%E4%B8%AD%E5%BB%B6%E9%A7%85
麺処 ほん田 秋葉原本店,35.69821,139.774213,지요다구,秋葉原駅,라멘,2025,3.83,3663,https://tabelog.com/tokyo/A1310/A131001/13246285/,https://www.google.com/maps/search/?api=1&query=%E9%BA%BA%E5%87%A6%20%E3%81%BB%E3%82%93%E7%94%B0%20%E7%A7%8B%E8%91%89%E5%8E%9F%E6%9C%AC%E5%BA%97%20%E7%A7%8B%E8%91%89%E5%8E%9F%E9%A7%85
純手打ち だるま,35.690951,139.666531,스기나미구,中野富士見町駅,라멘,2025,3.8,1512,https://tabelog.com/tokyo/A1319/A131903/13218715/,https://www.google.com/maps/search/?api=1&query=%E7%B4%94%E6%89%8B%E6%89%93%E3%81%A1%20%E3%81%A0%E3%82%8B%E3%81%BE%20%E4%B8%AD%E9%87%8E%E5%AF%8C%E5%A3%AB%E8%A6%8B%E7%94%BA%E9%A7%85
西永福の煮干箱,35.678742,139.636428,스기나미구,西永福駅,라멘,2025,3.78,1117,https://tabelog.com/tokyo/A1318/A131805/13263789/,https://www.google.com/maps/search/?api=1&query=%E8%A5%BF%E6%B0%B8%E7%A6%8F%E3%81%AE%E7%85%AE%E5%B9%B2%E7%AE%B1%20%E8%A5%BF%E6%B0%B8%E7%A6%8F%E9%A7%85
大島,35.679589,139.869989,에도가와구,船堀駅,라멘,2025,3.79,2768,https://tabelog.com/tokyo/A1312/A131205/13155875/,https://www.google.com/maps/search/?api=1&query=%E5%A4%A7%E5%B3%B6%20%E8%88%B9%E5%A0%80%E9%A7%85
創作麺 ひとすじ,35.683933,139.659236,스기나미구,方南町駅,라멘,2025,3.84,821,https://tabelog.com/tokyo/A1319/A131903/13305924/,https://www.google.com/maps/search/?api=1&query=%E5%89%B5%E4%BD%9C%E9%BA%BA%20%E3%81%B2%E3%81%A8%E3%81%99%E3%81%98%20%E6%96%B9%E5%8D%97%E7%94%BA%E9%A7%85
手打ち 蓮,35.691463,139.795917,스미다구,森下駅,라멘,2025,3.87,1708,https://tabelog.com/tokyo/A1312/A131201/13278390/,https://www.google.com/maps/search/?api=1&query=%E6%89%8B%E6%89%93%E3%81%A1%20%E8%93%AE%20%E6%A3%AE%E4%B8%8B%E9%A7%85
かしわぎ,35.704291,139.685657,나카노구,東中野駅,라멘,2025,3.78,1990,https://tabelog.com/tokyo/A1319/A131901/13209326/,https://www.google.com/maps/search/?api=1&query=%E3%81%8B%E3%81%97%E3%82%8F%E3%81%8E%20%E6%9D%B1%E4%B8%AD%E9%87%8E%E9%A7%85
中華蕎麦にし乃,35.706763,139.761638,분쿄구,本郷三丁目駅,라멘,2025,3.79,3515,https://tabelog.com/tokyo/A1310/A131004/13218311/,https://www.google.com/maps/search/?api=1&query=%E4%B8%AD%E8%8F%AF%E8%95%8E%E9%BA%A6%E3%81%AB%E3%81%97%E4%B9%83%20%E6%9C%AC%E9%83%B7%E4%B8%89%E4%B8%81%E7%9B%AE%E9%A7%85
味噌っ子 ふっく,35.708383,139.614187,스기나미구,荻窪駅,라멘,2025,3.84,2670,https://tabelog.com/tokyo/A1319/A131906/13226777/,https://www.google.com/maps/search/?api=1&query=%E5%91%B3%E5%99%8C%E3%81%A3%E5%AD%90%20%E3%81%B5%E3%81%A3%E3%81%8F%20%E8%8D%BB%E7%AA%AA%E9%A7%85
入鹿TOKYO,35.759222,139.532156,東久留米구,東久留米駅,라멘,2025,3.88,900,https://tabelog.com/tokyo/A1328/A132802/13234223/,https://www.google.com/maps/search/?api=1&query=%E5%85%A5%E9%B9%BFTOKYO%20%E6%9D%B1%E4%B9%85%E7%95%99%E7%B1%B3%E9%A7%85
神名備,35.731099,139.760736,분쿄구,西日暮里駅,라멘,2025,3.82,1578,https://tabelog.com/tokyo/A1311/A131105/13006070/,https://www.google.com/maps/search/?api=1&query=%E7%A5%9E%E5%90%8D%E5%82%99%20%E8%A5%BF%E6%97%A5%E6%9A%AE%E9%87%8C%E9%A7%85
Homemade Ramen 麦苗,35.590785,139.732812,시나가와구,大森海岸駅,라멘,2025,4.02,2815,https://tabelog.com/tokyo/A1315/A131502/13194812/,https://www.google.com/maps/search/?api=1&query=Homemade%20Ramen%20%E9%BA%A6%E8%8B%97%20%E5%A4%A7%E6%A3%AE%E6%B5%B7%E5%B2%B8%E9%A7%85
つけ麺 五ノ神製作所,35.68736,139.703871,시부야구,新宿三丁目駅,라멘,2025,3.77,5400,https://tabelog.com/tokyo/A1304/A130401/13120708/,https://www.google.com/maps/search/?api=1&query=%E3%81%A4%E3%81%91%E9%BA%BA%20%E4%BA%94%E3%83%8E%E7%A5%9E%E8%A3%BD%E4%BD%9C%E6%89%80%20%E6%96%B0%E5%AE%BF%E4%B8%89%E4%B8%81%E7%9B%AE%E9%A7%85
長男、ほそのたかし,35.736372,139.674098,네리마구,江古田駅,라멘,2025,3.78,1521,https://tabelog.com/tokyo/A1321/A132101/13261549/,https://www.google.com/maps/search/?api=1&query=%E9%95%B7%E7%94%B7%E3%80%81%E3%81%BB%E3%81%9D%E3%81%AE%E3%81%9F%E3%81%8B%E3%81%97%20%E6%B1%9F%E5%8F%A4%E7%94%B0%E9%A7%85
RAMEN MATSUI,35.689079,139.71551,신주쿠구,新宿御苑前駅,라멘,2025,3.82,1486,https://tabelog.com/tokyo/A1304/A130402/13285098/,https://www.google.com/maps/search/?api=1&query=RAMEN%20MATSUI%20%E6%96%B0%E5%AE%BF%E5%BE%A1%E8%8B%91%E5%89%8D%E9%A7%85
つけそば 神田 勝本,35.697496,139.759572,지요다구,神保町駅,라멘,2025,3.78,3001,https://tabelog.com/tokyo/A1310/A131003/13192433/,https://www.google.com/maps/search/?api=1&query=%E3%81%A4%E3%81%91%E3%81%9D%E3%81%B0%20%E7%A5%9E%E7%94%B0%20%E5%8B%9D%E6%9C%AC%20%E7%A5%9E%E4%BF%9D%E7%94%BA%E9%A7%85
一条流がんこ総本家分家四谷荒木町,35.689268,139.721507,신주쿠구,四谷三丁目駅,라멘,2025,3.78,1549,https://tabelog.com/tokyo/A1309/A130903/13126058/,https://www.google.com/maps/search/?api=1&query=%E4%B8%80%E6%9D%A1%E6%B5%81%E3%81%8C%E3%82%93%E3%81%93%E7%B7%8F%E6%9C%AC%E5%AE%B6%E5%88%86%E5%AE%B6%E5%9B%9B%E8%B0%B7%E8%8D%92%E6%9C%A8%E7%94%BA%20%E5%9B%9B%E8%B0%B7%E4%B8%89%E4%B8%81%E7%9B%AE%E9%A7%85
麺 ふじさき,35.701457,139.822762,고토구,亀戸駅,라멘,2025,3.77,1444,https://tabelog.com/tokyo/A1312/A131202/13276443/,https://www.google.com/maps/search/?api=1&query=%E9%BA%BA%20%E3%81%B5%E3%81%98%E3%81%95%E3%81%8D%20%E4%BA%80%E6%88%B8%E9%A7%85
Ramen FeeL,35.788721,139.221785,青梅구,日向和田駅,라멘,2025,3.94,1369,https://tabelog.com/tokyo/A1330/A133003/13254631/,https://www.google.com/maps/search/?api=1&query=Ramen%20FeeL%20%E6%97%A5%E5%90%91%E5%92%8C%E7%94%B0%E9%A7%85
らぁめん小池,35.670507,139.622387,세타가야구,上北沢駅,라멘,2025,3.79,2150,https://tabelog.com/tokyo/A1318/A131809/13172994/,https://www.google.com/maps/search/?api=1&query=%E3%82%89%E3%81%81%E3%82%81%E3%82%93%E5%B0%8F%E6%B1%A0%20%E4%B8%8A%E5%8C%97%E6%B2%A2%E9%A7%85
風雲児 新宿本店,35.686843,139.696648,시부야구,南新宿駅,라멘,2025,3.77,5288,https://tabelog.com/tokyo/A1304/A130401/13044091/,https://www.google.com/maps/search/?api=1&query=%E9%A2%A8%E9%9B%B2%E5%85%90%20%E6%96%B0%E5%AE%BF%E6%9C%AC%E5%BA%97%20%E5%8D%97%E6%96%B0%E5%AE%BF%E9%A7%85
こうかいぼう,35.67531,139.798812,고토구,門前仲町駅,라멘,2025,3.79,2991,https://tabelog.com/tokyo/A1313/A131303/13005052/,https://www.google.com/maps/search/?api=1&query=%E3%81%93%E3%81%86%E3%81%8B%E3%81%84%E3%81%BC%E3%81%86%20%E9%96%80%E5%89%8D%E4%BB%B2%E7%94%BA%E9%A7%85
燦燦斗,35.764588,139.725801,기타구,東十条駅,라멘,2025,3.83,1515,https://tabelog.com/tokyo/A1323/A132304/13038064/,https://www.google.com/maps/search/?api=1&query=%E7%87%A6%E7%87%A6%E6%96%97%20%E6%9D%B1%E5%8D%81%E6%9D%A1%E9%A7%85
MENSHO,35.716338,139.728688,분쿄구,護国寺駅,라멘,2025,3.78,2318,https://tabelog.com/tokyo/A1323/A132302/13203848/,https://www.google.com/maps/search/?api=1&query=MENSHO%20%E8%AD%B7%E5%9B%BD%E5%AF%BA%E9%A7%85
Japanese Soba Noodles 蔦,35.670406,139.682484,시부야구,代々木上原駅,라멘,2025,3.78,1904,https://tabelog.com/tokyo/A1318/A131811/13241560/,https://www.google.com/maps/search/?api=1&query=Japanese%20Soba%20Noodles%20%E8%94%A6%20%E4%BB%A3%E3%80%85%E6%9C%A8%E4%B8%8A%E5%8E%9F%E9%A7%85
支那ソバ おさだ,35.747506,139.7042,이타바시구,大山駅,라멘,2025,3.82,1488,https://tabelog.com/tokyo/A1322/A132203/13266841/,https://www.google.com/maps/search/?api=1&query=%E6%94%AF%E9%82%A3%E3%82%BD%E3%83%90%20%E3%81%8A%E3%81%95%E3%81%A0%20%E5%A4%A7%E5%B1%B1%E9%A7%85
中華蕎麦 ひら井,35.688044,139.479618,府中구,府中市,라멘,2025,3.82,1486,https://tabelog.com/tokyo/A1326/A132602/13259078/,https://www.google.com/maps/search/?api=1&query=%E4%B8%AD%E8%8F%AF%E8%95%8E%E9%BA%A6%20%E3%81%B2%E3%82%89%E4%BA%95%20%E5%BA%9C%E4%B8%AD%E5%B8%82
饗 くろ喜,35.698005,139.785457,다이토구,浅草橋駅,라멘,2025,3.92,1770,https://tabelog.com/tokyo/A1311/A131103/13290780/,https://www.google.com/maps/search/?api=1&query=%E9%A5%97%20%E3%81%8F%E3%82%8D%E5%96%9C%20%E6%B5%85%E8%8D%89%E6%A9%8B%E9%A7%85
メヂカそば 吟魚,35.669618,139.419136,日野구,万願寺駅,라멘,2025,3.89,996,https://tabelog.com/tokyo/A1329/A132903/13272366/,https://www.google.com/maps/search/?api=1&query=%E3%83%A1%E3%83%82%E3%82%AB%E3%81%9D%E3%81%B0%20%E5%90%9F%E9%AD%9A%20%E4%B8%87%E9%A1%98%E5%AF%BA%E9%A7%85
煮干しつけ麺 宮元,35.564236,139.713437,오타구,蒲田駅,라멘,2025,3.78,2995,https://tabelog.com/tokyo/A1315/A131503/13180862/,https://www.google.com/maps/search/?api=1&query=%E7%85%AE%E5%B9%B2%E3%81%97%E3%81%A4%E3%81%91%E9%BA%BA%20%E5%AE%AE%E5%85%83%20%E8%92%B2%E7%94%B0%E9%A7%85
Tokyo Style Noodle ほたて日和,35.698564,139.777167,지요다구,秋葉原駅,라멘,2025,3.85,1413,https://tabelog.com/tokyo/A1310/A131001/13280086/,https://www.google.com/maps/search/?api=1&query=Tokyo%20Style%20Noodle%20%E3%81%BB%E3%81%9F%E3%81%A6%E6%97%A5%E5%92%8C%20%E7%A7%8B%E8%91%89%E5%8E%9F%E9%A7%85
入鹿TOKYO 六本木,35.66477,139.731683,미나토구,六本木駅,라멘,2025,3.79,2873,https://tabelog.com/tokyo/A1307/A130701/13264260/,https://www.google.com/maps/search/?api=1&query=%E5%85%A5%E9%B9%BFTOKYO%20%E5%85%AD%E6%9C%AC%E6%9C%A8%20%E5%85%AD%E6%9C%AC%E6%9C%A8%E9%A7%85
麺屋鈴春,35.704883,139.760825,분쿄구,本郷三丁目駅,라멘,2025,3.79,1881,https://tabelog.com/tokyo/A1310/A131004/13250293/,https://www.google.com/maps/search/?api=1&query=%E9%BA%BA%E5%B1%8B%E9%88%B4%E6%98%A5%20%E6%9C%AC%E9%83%B7%E4%B8%89%E4%B8%81%E7%9B%AE%E9%A7%85
中華そば しば田,35.631973,139.576649,狛江구,狛江駅,라멘,2025,4.01,1590,https://tabelog.com/tokyo/A1326/A132603/13300645/,https://www.google.com/maps/search/?api=1&query=%E4%B8%AD%E8%8F%AF%E3%81%9D%E3%81%B0%20%E3%81%97%E3%81%B0%E7%94%B0%20%E7%8B%9B%E6%B1%9F%E9%A7%85
しおらーめん進化 2nd,35.587466,139.468866,町田구,町田市,라멘,2025,3.78,909,https://tabelog.com/tokyo/A1327/A132701/13277081/,https://www.google.com/maps/search/?api=1&query=%E3%81%97%E3%81%8A%E3%82%89%E3%83%BC%E3%82%81%E3%82%93%E9%80%B2%E5%8C%96%202nd%20%E7%94%BA%E7%94%B0%E5%B8%82
煮干鰮らーめん 圓 八王子本店,35.660333,139.338432,八王子구,京王八王子駅,라멘,2025,3.78,2692,https://tabelog.com/tokyo/A1329/A132904/13091258/,https://www.google.com/maps/search/?api=1&query=%E7%85%AE%E5%B9%B2%E9%B0%AE%E3%82%89%E3%83%BC%E3%82%81%E3%82%93%20%E5%9C%93%20%E5%85%AB%E7%8E%8B%E5%AD%90%E6%9C%AC%E5%BA%97%20%E4%BA%AC%E7%8E%8B%E5%85%AB%E7%8E%8B%E5%AD%90%E9%A7%85
中華そば 児ノ木,35.71123,139.691297,신주쿠구,落合駅,라멘,2025,3.79,1923,https://tabelog.com/tokyo/A1319/A131901/13154006/,https://www.google.com/maps/search/?api=1&query=%E4%B8%AD%E8%8F%AF%E3%81%9D%E3%81%B0%20%E5%85%90%E3%83%8E%E6%9C%A8%20%E8%90%BD%E5%90%88%E9%A7%85
自家製中華そば としおか,35.704709,139.726539,신주쿠구,早稲田（メトロ）駅,라멘,2025,3.79,1519,https://tabelog.com/tokyo/A1305/A130504/13182315/,https://www.google.com/maps/search/?api=1&query=%E8%87%AA%E5%AE%B6%E8%A3%BD%E4%B8%AD%E8%8F%AF%E3%81%9D%E3%81%B0%20%E3%81%A8%E3%81%97%E3%81%8A%E3%81%8B%20%E6%97%A9%E7%A8%B2%E7%94%B0%EF%BC%88%E3%83%A1%E3%83%88%E3%83%AD%EF%BC%89%E9%A7%85
塩そば 時空,35.68977,139.618981,스기나미구,高井戸駅,라멘,2025,3.83,1163,https://tabelog.com/tokyo/A1319/A131906/13287906/,https://www.google.com/maps/search/?api=1&query=%E5%A1%A9%E3%81%9D%E3%81%B0%20%E6%99%82%E7%A9%BA%20%E9%AB%98%E4%BA%95%E6%88%B8%E9%A7%85
三ん寅,35.709247,139.730405,신주쿠구,江戸川橋駅,라멘,2025,3.81,3122,https://tabelog.com/tokyo/A1309/A130905/13240660/,https://www.google.com/maps/search/?api=1&query=%E4%B8%89%E3%82%93%E5%AF%85%20%E6%B1%9F%E6%88%B8%E5%B7%9D%E6%A9%8B%E9%A7%85
らぁ麺や 嶋,35.688342,139.680874,시부야구,西新宿五丁目駅,라멘,2025,4.06,2137,https://tabelog.com/tokyo/A1304/A130401/13247487/,https://www.google.com/maps/search/?api=1&query=%E3%82%89%E3%81%81%E9%BA%BA%E3%82%84%20%E5%B6%8B%20%E8%A5%BF%E6%96%B0%E5%AE%BF%E4%BA%94%E4%B8%81%E7%9B%AE%E9%A7%85
Ramen Break Beats,35.633524,139.698777,메구로구,祐天寺駅,라멘,2025,3.84,1518,https://tabelog.com/tokyo/A1317/A131701/13267329/,https://www.google.com/maps/search/?api=1&query=Ramen%20Break%20Beats%20%E7%A5%90%E5%A4%A9%E5%AF%BA%E9%A7%85
麺創庵 砂田,35.737396,139.733615,도시마구,庚申塚駅,라멘,2025,3.79,1789,https://tabelog.com/tokyo/A1322/A132201/13246362/,https://www.google.com/maps/search/?api=1&query=%E9%BA%BA%E5%89%B5%E5%BA%B5%20%E7%A0%82%E7%94%B0%20%E5%BA%9A%E7%94%B3%E5%A1%9A%E9%A7%85
麺屋一燈,35.718832,139.857705,가쓰시카구,新小岩駅,라멘,2025,3.79,4691,https://tabelog.com/tokyo/A1312/A131204/13111737/,https://www.google.com/maps/search/?api=1&query=%E9%BA%BA%E5%B1%8B%E4%B8%80%E7%87%88%20%E6%96%B0%E5%B0%8F%E5%B2%A9%E9%A7%85
奈つやの中華そば,35.571403,139.683891,오타구,下丸子駅,라멘,2025,3.86,1282,https://tabelog.com/tokyo/A1317/A131716/13293385/,https://www.google.com/maps/search/?api=1&query=%E5%A5%88%E3%81%A4%E3%82%84%E3%81%AE%E4%B8%AD%E8%8F%AF%E3%81%9D%E3%81%B0%20%E4%B8%8B%E4%B8%B8%E5%AD%90%E9%A7%85
there is ramen,35.707417,139.618361,스기나미구,荻窪駅,라멘,2025,3.78,2324,https://tabelog.com/tokyo/A1319/A131906/13277729/,https://www.google.com/maps/search/?api=1&query=there%20is%20ramen%20%E8%8D%BB%E7%AA%AA%E9%A7%85
麺処 銀笹,35.666233,139.763429,주오구,築地市場駅,라멘,2025,3.78,2704,https://tabelog.com/tokyo/A1301/A130103/13119563/,https://www.google.com/maps/search/?api=1&query=%E9%BA%BA%E5%87%A6%20%E9%8A%80%E7%AC%B9%20%E7%AF%89%E5%9C%B0%E5%B8%82%E5%A0%B4%E9%A7%85
つけ麺 道,35.767922,139.84681,가쓰시카구,亀有駅,라멘,2025,3.79,2369,https://tabelog.com/tokyo/A1324/A132403/13094595/,https://www.google.com/maps/search/?api=1&query=%E3%81%A4%E3%81%91%E9%BA%BA%20%E9%81%93%20%E4%BA%80%E6%9C%89%E9%A7%85
宍道湖しじみ中華蕎麦 琥珀 東京本店,35.551255,139.711195,오타구,雑色駅,라멘,2025,3.91,2040,https://tabelog.com/tokyo/A1315/A131503/13234195/,https://www.google.com/maps/search/?api=1&query=%E5%AE%8D%E9%81%93%E6%B9%96%E3%81%97%E3%81%98%E3%81%BF%E4%B8%AD%E8%8F%AF%E8%95%8E%E9%BA%A6%20%E7%90%A5%E7%8F%80%20%E6%9D%B1%E4%BA%AC%E6%9C%AC%E5%BA%97%20%E9%9B%91%E8%89%B2%E9%A7%85
ラーメン 健やか,35.703813,139.564336,武蔵野구,三鷹駅,라멘,2025,3.78,1987,https://tabelog.com/tokyo/A1320/A132002/13207054/,https://www.google.com/maps/search/?api=1&query=%E3%83%A9%E3%83%BC%E3%83%A1%E3%83%B3%20%E5%81%A5%E3%82%84%E3%81%8B%20%E4%B8%89%E9%B7%B9%E9%A7%85
三馬路 東京店,35.69106,139.768211,지요다구,神田駅,라멘,2025,3.77,2266,https://tabelog.com/tokyo/A1310/A131002/13266565/,https://www.google.com/maps/search/?api=1&query=%E4%B8%89%E9%A6%AC%E8%B7%AF%20%E6%9D%B1%E4%BA%AC%E5%BA%97%20%E7%A5%9E%E7%94%B0%E9%A7%85
中華そば 和渦 TOKYO,35.621902,139.738447,시나가와구,北品川駅,라멘,2025,3.78,2714,https://tabelog.com/tokyo/A1314/A131405/13233678/,https://www.google.com/maps/search/?api=1&query=%E4%B8%AD%E8%8F%AF%E3%81%9D%E3%81%B0%20%E5%92%8C%E6%B8%A6%20TOKYO%20%E5%8C%97%E5%93%81%E5%B7%9D%E9%A7%85
らぁめん 山と樹,35.703504,139.655078,스기나미구,高円寺駅,라멘,2025,3.8,1674,https://tabelog.com/tokyo/A1319/A131904/13204607/,https://www.google.com/maps/search/?api=1&query=%E3%82%89%E3%81%81%E3%82%81%E3%82%93%20%E5%B1%B1%E3%81%A8%E6%A8%B9%20%E9%AB%98%E5%86%86%E5%AF%BA%E9%A7%85
らぁ麺やまぐち,35.709983,139.713916,신주쿠구,面影橋駅,라멘,2025,3.78,3029,https://tabelog.com/tokyo/A1305/A130504/13151200/,https://www.google.com/maps/search/?api=1&query=%E3%82%89%E3%81%81%E9%BA%BA%E3%82%84%E3%81%BE%E3%81%90%E3%81%A1%20%E9%9D%A2%E5%BD%B1%E6%A9%8B%E9%A7%85
はやし,35.657334,139.697991,시부야구,渋谷駅,라멘,2025,3.77,3504,https://tabelog.com/tokyo/A1303/A130301/13003367/,https://www.google.com/maps/search/?api=1&query=%E3%81%AF%E3%82%84%E3%81%97%20%E6%B8%8B%E8%B0%B7%E9%A7%85
一番いちばん,35.549399,139.446998,町田구,町田駅,라멘,2025,3.79,1355,https://tabelog.com/tokyo/A1327/A132701/13001469/,https://www.google.com/maps/search/?api=1&query=%E4%B8%80%E7%95%AA%E3%81%84%E3%81%A1%E3%81%B0%E3%82%93%20%E7%94%BA%E7%94%B0%E9%A7%85
らーめん改,35.704449,139.790165,다이토구,蔵前駅,라멘,2025,3.78,2779,https://tabelog.com/tokyo/A1311/A131103/13191776/,https://www.google.com/maps/search/?api=1&query=%E3%82%89%E3%83%BC%E3%82%81%E3%82%93%E6%94%B9%20%E8%94%B5%E5%89%8D%E9%A7%85
麺屋 翔 本店,35.696603,139.69661,신주쿠구,西武新宿駅,라멘,2025,3.77,4610,https://tabelog.com/tokyo/A1304/A130401/13040181/,https://www.google.com/maps/search/?api=1&query=%E9%BA%BA%E5%B1%8B%20%E7%BF%94%20%E6%9C%AC%E5%BA%97%20%E8%A5%BF%E6%AD%A6%E6%96%B0%E5%AE%BF%E9%A7%85
銀座 八五,35.670556,139.770159,주오구,新富町駅,라멘,2025,3.91,2488,https://tabelog.com/tokyo/A1301/A130101/13228602/,https://www.google.com/maps/search/?api=1&query=%E9%8A%80%E5%BA%A7%20%E5%85%AB%E4%BA%94%20%E6%96%B0%E5%AF%8C%E7%94%BA%E9%A7%85
中華ソバ 伊吹,35.772701,139.692553,이타바시구,志村坂上駅,라멘,2025,3.83,1985,https://tabelog.com/tokyo/A1322/A132205/13163874/,https://www.google.com/maps/search/?api=1&query=%E4%B8%AD%E8%8F%AF%E3%82%BD%E3%83%90%20%E4%BC%8A%E5%90%B9%20%E5%BF%97%E6%9D%91%E5%9D%82%E4%B8%8A%E9%A7%85
燎,35.672104,139.774266,주오구,新富町駅,라멘,2025,3.81,1450,https://tabelog.com/tokyo/A1313/A131301/13296303/,https://www.google.com/maps/search/?api=1&query=%E7%87%8E%20%E6%96%B0%E5%AF%8C%E7%94%BA%E9%A7%85
らーめん飛粋,35.564045,139.717317,오타구,蒲田駅,라멘,2025,3.78,3706,https://tabelog.com/tokyo/A1315/A131503/13217922/,https://www.google.com/maps/search/?api=1&query=%E3%82%89%E3%83%BC%E3%82%81%E3%82%93%E9%A3%9B%E7%B2%8B%20%E8%92%B2%E7%94%B0%E9%A7%85
ラーメン二郎 三田本店,35.648069,139.741641,미나토구,田町駅,라멘,2025,3.76,3447,https://tabelog.com/tokyo/A1314/A131402/13006051/,https://www.google.com/maps/search/?api=1&query=%E3%83%A9%E3%83%BC%E3%83%A1%E3%83%B3%E4%BA%8C%E9%83%8E%20%E4%B8%89%E7%94%B0%E6%9C%AC%E5%BA%97%20%E7%94%B0%E7%94%BA%E9%A7%85
えーちゃん食堂,35.630546,139.709555,메구로구,不動前駅,라멘,2025,3.77,1170,https://tabelog.com/tokyo/A1316/A131601/13284505/,https://www.google.com/maps/search/?api=1&query=%E3%81%88%E3%83%BC%E3%81%A1%E3%82%83%E3%82%93%E9%A3%9F%E5%A0%82%20%E4%B8%8D%E5%8B%95%E5%89%8D%E9%A7%85
はつね,35.703471,139.599803,스기나미구,西荻窪駅,라멘,2025,3.77,1825,https://tabelog.com/tokyo/A1319/A131907/13000717/,https://www.google.com/maps/search/?api=1&query=%E3%81%AF%E3%81%A4%E3%81%AD%20%E8%A5%BF%E8%8D%BB%E7%AA%AA%E9%A7%85
あさひ町内会,35.750112,139.712167,이타바시구,板橋区役所前駅,라멘,2025,3.78,2116,https://tabelog.com/tokyo/A1322/A132205/13244535/,https://www.google.com/maps/search/?api=1&query=%E3%81%82%E3%81%95%E3%81%B2%E7%94%BA%E5%86%85%E4%BC%9A%20%E6%9D%BF%E6%A9%8B%E5%8C%BA%E5%BD%B9%E6%89%80%E5%89%8D%E9%A7%85
桜上水 船越,35.668829,139.633577,스기나미구,桜上水駅,라멘,2025,3.8,1639,https://tabelog.com/tokyo/A1318/A131809/13281101/,https://www.google.com/maps/search/?api=1&query=%E6%A1%9C%E4%B8%8A%E6%B0%B4%20%E8%88%B9%E8%B6%8A%20%E6%A1%9C%E4%B8%8A%E6%B0%B4%E9%A7%85
キング製麺,35.753416,139.733829,기타구,王子駅前駅,라멘,2025,3.79,2627,https://tabelog.com/tokyo/A1323/A132303/13232817/,https://www.google.com/maps/search/?api=1&query=%E3%82%AD%E3%83%B3%E3%82%B0%E8%A3%BD%E9%BA%BA%20%E7%8E%8B%E5%AD%90%E9%A7%85%E5%89%8D%E9%A7%85
メンドコロ キナリ,35.705664,139.686172,나카노구,東中野駅,라멘,2025,3.77,1870,https://tabelog.com/tokyo/A1319/A131901/13221001/,https://www.google.com/maps/search/?api=1&query=%E3%83%A1%E3%83%B3%E3%83%89%E3%82%B3%E3%83%AD%20%E3%82%AD%E3%83%8A%E3%83%AA%20%E6%9D%B1%E4%B8%AD%E9%87%8E%E9%A7%85
麺や金時,35.738329,139.678295,네리마구,江古田駅,라멘,2025,3.79,1498,https://tabelog.com/tokyo/A1321/A132101/13139195/,https://www.google.com/maps/search/?api=1&query=%E9%BA%BA%E3%82%84%E9%87%91%E6%99%82%20%E6%B1%9F%E5%8F%A4%E7%94%B0%E9%A7%85
創作麺工房 鳴龍,35.728684,139.730351,도시마구,新大塚駅,라멘,2025,3.87,2499,https://tabelog.com/tokyo/A1323/A132302/13141302/,https://www.google.com/maps/search/?api=1&query=%E5%89%B5%E4%BD%9C%E9%BA%BA%E5%B7%A5%E6%88%BF%20%E9%B3%B4%E9%BE%8D%20%E6%96%B0%E5%A4%A7%E5%A1%9A%E9%A7%85
麺処 しろくろ,35.66977,139.615538,스기나미구,八幡山駅,라멘,2025,3.85,1335,https://tabelog.com/tokyo/A1318/A131809/13242508/,https://www.google.com/maps/search/?api=1&query=%E9%BA%BA%E5%87%A6%20%E3%81%97%E3%82%8D%E3%81%8F%E3%82%8D%20%E5%85%AB%E5%B9%A1%E5%B1%B1%E9%A7%85
タンタン,35.651918,139.340323,八王子구,八王子駅,라멘,2025,3.8,1576,https://tabelog.com/tokyo/A1329/A132904/13046007/,https://www.google.com/maps/search/?api=1&query=%E3%82%BF%E3%83%B3%E3%82%BF%E3%83%B3%20%E5%85%AB%E7%8E%8B%E5%AD%90%E9%A7%85
麺や 七彩,35.677185,139.776338,주오구,八丁堀駅,라멘,2025,3.78,4634,https://tabelog.com/tokyo/A1302/A130203/13184399/,https://www.google.com/maps/search/?api=1&query=%E9%BA%BA%E3%82%84%20%E4%B8%83%E5%BD%A9%20%E5%85%AB%E4%B8%81%E5%A0%80%E9%A7%85
らーめん亭 ひなり竜王,35.567356,139.735638,오타구,大森町駅,라멘,2025,3.78,1260,https://tabelog.com/tokyo/A1315/A131503/13276299/,https://www.google.com/maps/search/?api=1&query=%E3%82%89%E3%83%BC%E3%82%81%E3%82%93%E4%BA%AD%20%E3%81%B2%E3%81%AA%E3%82%8A%E7%AB%9C%E7%8E%8B%20%E5%A4%A7%E6%A3%AE%E7%94%BA%E9%A7%85
酒亭 田中,35.730711,139.819559,스미다구,鐘ケ淵駅,야키토리,2025,4.26,382,https://tabelog.com/tokyo/A1312/A131203/13285811/,https://www.google.com/maps/search/?api=1&query=%E9%85%92%E4%BA%AD%20%E7%94%B0%E4%B8%AD%20%E9%90%98%E3%82%B1%E6%B7%B5%E9%A7%85
焼鳥 はちまん,35.709596,139.716365,신주쿠구,早稲田（都電）駅,야키토리,2025,3.68,532,https://tabelog.com/tokyo/A1305/A130504/13000055/,https://www.google.com/maps/search/?api=1&query=%E7%84%BC%E9%B3%A5%20%E3%81%AF%E3%81%A1%E3%81%BE%E3%82%93%20%E6%97%A9%E7%A8%B2%E7%94%B0%EF%BC%88%E9%83%BD%E9%9B%BB%EF%BC%89%E9%A7%85
YAKITORI 燃 es,35.663735,139.730295,미나토구,六本木駅,야키토리,2025,4.27,817,https://tabelog.com/tokyo/A1307/A130701/13259508/,https://www.google.com/maps/search/?api=1&query=YAKITORI%20%E7%87%83%20es%20%E5%85%AD%E6%9C%AC%E6%9C%A8%E9%A7%85
やきとり 右羽。,35.629681,139.686477,메구로구,学芸大学駅,야키토리,2025,3.73,357,https://tabelog.com/tokyo/A1317/A131702/13253473/,https://www.google.com/maps/search/?api=1&query=%E3%82%84%E3%81%8D%E3%81%A8%E3%82%8A%20%E5%8F%B3%E7%BE%BD%E3%80%82%20%E5%AD%A6%E8%8A%B8%E5%A4%A7%E5%AD%A6%E9%A7%85
蒼天 南口店,35.729576,139.727423,도시마구,向原駅,야키토리,2025,3.66,857,https://tabelog.com/tokyo/A1323/A132302/13092061/,https://www.google.com/maps/search/?api=1&query=%E8%92%BC%E5%A4%A9%20%E5%8D%97%E5%8F%A3%E5%BA%97%20%E5%90%91%E5%8E%9F%E9%A7%85
焼鳥 山香,35.703489,139.73281,신주쿠구,神楽坂駅,야키토리,2025,3.7,289,https://tabelog.com/tokyo/A1309/A130905/13245585/,https://www.google.com/maps/search/?api=1&query=%E7%84%BC%E9%B3%A5%20%E5%B1%B1%E9%A6%99%20%E7%A5%9E%E6%A5%BD%E5%9D%82%E9%A7%85
銀座バードランド,35.672794,139.763902,주오구,銀座駅,야키토리,2025,3.56,514,https://tabelog.com/tokyo/A1301/A130101/13004097/,https://www.google.com/maps/search/?api=1&query=%E9%8A%80%E5%BA%A7%E3%83%90%E3%83%BC%E3%83%89%E3%83%A9%E3%83%B3%E3%83%89%20%E9%8A%80%E5%BA%A7%E9%A7%85
焼鳥 高はし,35.68099,139.774605,주오구,日本橋駅,야키토리,2025,3.7,241,https://tabelog.com/tokyo/A1302/A130202/13277790/,https://www.google.com/maps/search/?api=1&query=%E7%84%BC%E9%B3%A5%20%E9%AB%98%E3%81%AF%E3%81%97%20%E6%97%A5%E6%9C%AC%E6%A9%8B%E9%A7%85
とり茶太郎,35.654112,139.70215,시부야구,渋谷駅,야키토리,2025,4.42,764,https://tabelog.com/tokyo/A1303/A130301/13157208/,https://www.google.com/maps/search/?api=1&query=%E3%81%A8%E3%82%8A%E8%8C%B6%E5%A4%AA%E9%83%8E%20%E6%B8%8B%E8%B0%B7%E9%A7%85
酉囃子,35.656751,139.734215,미나토구,麻布十番駅,야키토리,2025,4.15,217,https://tabelog.com/tokyo/A1307/A130702/13304401/,https://www.google.com/maps/search/?api=1&query=%E9%85%89%E5%9B%83%E5%AD%90%20%E9%BA%BB%E5%B8%83%E5%8D%81%E7%95%AA%E9%A7%85
やき鳥 宮川,35.678297,139.778319,주오구,茅場町駅,야키토리,2025,3.69,2019,https://tabelog.com/tokyo/A1302/A130203/13008082/,https://www.google.com/maps/search/?api=1&query=%E3%82%84%E3%81%8D%E9%B3%A5%20%E5%AE%AE%E5%B7%9D%20%E8%8C%85%E5%A0%B4%E7%94%BA%E9%A7%85
おみ乃 神谷町,35.664229,139.746755,미나토구,神谷町駅,야키토리,2025,3.81,562,https://tabelog.com/tokyo/A1307/A130704/13255846/,https://www.google.com/maps/search/?api=1&query=%E3%81%8A%E3%81%BF%E4%B9%83%20%E7%A5%9E%E8%B0%B7%E7%94%BA%20%E7%A5%9E%E8%B0%B7%E7%94%BA%E9%A7%85
焼鳥 おみ乃,35.709873,139.8159,스미다구,押上駅,야키토리,2025,4.03,1586,https://tabelog.com/tokyo/A1312/A131203/13206654/,https://www.google.com/maps/search/?api=1&query=%E7%84%BC%E9%B3%A5%20%E3%81%8A%E3%81%BF%E4%B9%83%20%E6%8A%BC%E4%B8%8A%E9%A7%85
鳥よし 中目黒本店,35.642379,139.699093,메구로구,中目黒駅,야키토리,2025,3.72,814,https://tabelog.com/tokyo/A1317/A131701/13003200/,https://www.google.com/maps/search/?api=1&query=%E9%B3%A5%E3%82%88%E3%81%97%20%E4%B8%AD%E7%9B%AE%E9%BB%92%E6%9C%AC%E5%BA%97%20%E4%B8%AD%E7%9B%AE%E9%BB%92%E9%A7%85
鳥よし 銀座店,35.670566,139.759774,주오구,内幸町駅,야키토리,2025,3.66,722,https://tabelog.com/tokyo/A1301/A130101/13016582/,https://www.google.com/maps/search/?api=1&query=%E9%B3%A5%E3%82%88%E3%81%97%20%E9%8A%80%E5%BA%A7%E5%BA%97%20%E5%86%85%E5%B9%B8%E7%94%BA%E9%A7%85
とり吾,35.645804,139.696053,메구로구,中目黒駅,야키토리,2025,3.72,255,https://tabelog.com/tokyo/A1317/A131701/13294983/,https://www.google.com/maps/search/?api=1&query=%E3%81%A8%E3%82%8A%E5%90%BE%20%E4%B8%AD%E7%9B%AE%E9%BB%92%E9%A7%85
焼鳥 篠原,35.662086,139.725218,미나토구,乃木坂駅,야키토리,2025,3.79,635,https://tabelog.com/tokyo/A1307/A130701/13254666/,https://www.google.com/maps/search/?api=1&query=%E7%84%BC%E9%B3%A5%20%E7%AF%A0%E5%8E%9F%20%E4%B9%83%E6%9C%A8%E5%9D%82%E9%A7%85
白金 酉玉 本館,35.644492,139.721908,시부야구,広尾駅,야키토리,2025,3.59,790,https://tabelog.com/tokyo/A1316/A131602/13005504/,https://www.google.com/maps/search/?api=1&query=%E7%99%BD%E9%87%91%20%E9%85%89%E7%8E%89%20%E6%9C%AC%E9%A4%A8%20%E5%BA%83%E5%B0%BE%E9%A7%85
とり卓忠,35.706591,139.731227,신주쿠구,江戸川橋駅,야키토리,2025,3.69,242,https://tabelog.com/tokyo/A1309/A130905/13298796/,https://www.google.com/maps/search/?api=1&query=%E3%81%A8%E3%82%8A%E5%8D%93%E5%BF%A0%20%E6%B1%9F%E6%88%B8%E5%B7%9D%E6%A9%8B%E9%A7%85
白金 酉玉 神楽坂店,35.702274,139.738889,신주쿠구,牛込神楽坂駅,야키토리,2025,3.65,953,https://tabelog.com/tokyo/A1309/A130905/13059154/,https://www.google.com/maps/search/?api=1&query=%E7%99%BD%E9%87%91%20%E9%85%89%E7%8E%89%20%E7%A5%9E%E6%A5%BD%E5%9D%82%E5%BA%97%20%E7%89%9B%E8%BE%BC%E7%A5%9E%E6%A5%BD%E5%9D%82%E9%A7%85
焼鳥 うの,35.602464,139.671869,세타가야구,奥沢駅,야키토리,2025,3.79,435,https://tabelog.com/tokyo/A1317/A131711/13130757/,https://www.google.com/maps/search/?api=1&query=%E7%84%BC%E9%B3%A5%20%E3%81%86%E3%81%AE%20%E5%A5%A5%E6%B2%A2%E9%A7%85
かさ原,35.706394,139.739816,신주쿠구,神楽坂駅,야키토리,2025,4.54,520,https://tabelog.com/tokyo/A1309/A130905/13266251/,https://www.google.com/maps/search/?api=1&query=%E3%81%8B%E3%81%95%E5%8E%9F%20%E7%A5%9E%E6%A5%BD%E5%9D%82%E9%A7%85
炭焼 TORI8,35.681003,139.774584,주오구,日本橋駅,야키토리,2025,4.07,349,https://tabelog.com/tokyo/A1302/A130202/13293712/,https://www.google.com/maps/search/?api=1&query=%E7%82%AD%E7%84%BC%20TORI8%20%E6%97%A5%E6%9C%AC%E6%A9%8B%E9%A7%85
根津 焼鳥 照隅,35.71695,139.765964,분쿄구,根津駅,야키토리,2025,3.85,442,https://tabelog.com/tokyo/A1311/A131106/13182104/,https://www.google.com/maps/search/?api=1&query=%E6%A0%B9%E6%B4%A5%20%E7%84%BC%E9%B3%A5%20%E7%85%A7%E9%9A%85%20%E6%A0%B9%E6%B4%A5%E9%A7%85
焼鳥なかむら,35.666927,139.751253,미나토구,虎ノ門ヒルズ駅,야키토리,2025,3.61,138,https://tabelog.com/tokyo/A1308/A130802/13299397/,https://www.google.com/maps/search/?api=1&query=%E7%84%BC%E9%B3%A5%E3%81%AA%E3%81%8B%E3%82%80%E3%82%89%20%E8%99%8E%E3%83%8E%E9%96%80%E3%83%92%E3%83%AB%E3%82%BA%E9%A7%85
とりアロマ,35.696525,139.7567,지요다구,神保町駅,야키토리,2025,3.95,426,https://tabelog.com/tokyo/A1310/A131003/13280797/,https://www.google.com/maps/search/?api=1&query=%E3%81%A8%E3%82%8A%E3%82%A2%E3%83%AD%E3%83%9E%20%E7%A5%9E%E4%BF%9D%E7%94%BA%E9%A7%85
とり喜,35.698115,139.811314,스미다구,錦糸町駅,야키토리,2025,3.74,1058,https://tabelog.com/tokyo/A1312/A131201/13026017/,https://www.google.com/maps/search/?api=1&query=%E3%81%A8%E3%82%8A%E5%96%9C%20%E9%8C%A6%E7%B3%B8%E7%94%BA%E9%A7%85
三政,35.664837,139.757356,미나토구,新橋駅,야키토리,2025,3.68,793,https://tabelog.com/tokyo/A1301/A130103/13001520/,https://www.google.com/maps/search/?api=1&query=%E4%B8%89%E6%94%BF%20%E6%96%B0%E6%A9%8B%E9%A7%85
伊勢廣 京橋本店,35.678497,139.77035,주오구,京橋駅,야키토리,2025,3.68,1210,https://tabelog.com/tokyo/A1302/A130202/13251802/,https://www.google.com/maps/search/?api=1&query=%E4%BC%8A%E5%8B%A2%E5%BB%A3%20%E4%BA%AC%E6%A9%8B%E6%9C%AC%E5%BA%97%20%E4%BA%AC%E6%A9%8B%E9%A7%85
焼鳥 おがわ,35.689631,139.722203,신주쿠구,四谷三丁目駅,야키토리,2025,3.65,376,https://tabelog.com/tokyo/A1309/A130903/13158357/,https://www.google.com/maps/search/?api=1&query=%E7%84%BC%E9%B3%A5%20%E3%81%8A%E3%81%8C%E3%82%8F%20%E5%9B%9B%E8%B0%B7%E4%B8%89%E4%B8%81%E7%9B%AE%E9%A7%85
おが和,35.687473,139.782186,주오구,人形町駅,야키토리,2025,3.69,1429,https://tabelog.com/tokyo/A1302/A130204/13063782/,https://www.google.com/maps/search/?api=1&query=%E3%81%8A%E3%81%8C%E5%92%8C%20%E4%BA%BA%E5%BD%A2%E7%94%BA%E9%A7%85
酒亭湯澤,35.691147,139.783506,주오구,馬喰横山駅,야키토리,2025,4.02,312,https://tabelog.com/tokyo/A1302/A130204/13304051/,https://www.google.com/maps/search/?api=1&query=%E9%85%92%E4%BA%AD%E6%B9%AF%E6%BE%A4%20%E9%A6%AC%E5%96%B0%E6%A8%AA%E5%B1%B1%E9%A7%85
鳥長,35.734599,139.656836,네리마구,練馬駅,야키토리,2025,3.74,726,https://tabelog.com/tokyo/A1321/A132102/13058892/,https://www.google.com/maps/search/?api=1&query=%E9%B3%A5%E9%95%B7%20%E7%B7%B4%E9%A6%AC%E9%A7%85
鳥匠いし井ひな,35.650034,139.733341,미나토구,麻布十番駅,야키토리,2025,4.1,631,https://tabelog.com/tokyo/A1307/A130702/13271040/,https://www.google.com/maps/search/?api=1&query=%E9%B3%A5%E5%8C%A0%E3%81%84%E3%81%97%E4%BA%95%E3%81%B2%E3%81%AA%20%E9%BA%BB%E5%B8%83%E5%8D%81%E7%95%AA%E9%A7%85
焼鳥どろまみれ 四谷本店,35.690731,139.72254,신주쿠구,曙橋駅,야키토리,2025,3.68,763,https://tabelog.com/tokyo/A1309/A130903/13116757/,https://www.google.com/maps/search/?api=1&query=%E7%84%BC%E9%B3%A5%E3%81%A9%E3%82%8D%E3%81%BE%E3%81%BF%E3%82%8C%20%E5%9B%9B%E8%B0%B7%E6%9C%AC%E5%BA%97%20%E6%9B%99%E6%A9%8B%E9%A7%85
焼鳥 山もと,35.705008,139.562681,武蔵野구,三鷹駅,야키토리,2025,3.78,400,https://tabelog.com/tokyo/A1320/A132002/13187433/,https://www.google.com/maps/search/?api=1&query=%E7%84%BC%E9%B3%A5%20%E5%B1%B1%E3%82%82%E3%81%A8%20%E4%B8%89%E9%B7%B9%E9%A7%85
焼鶏 ひらこ,35.661851,139.725779,미나토구,乃木坂駅,야키토리,2025,3.69,409,https://tabelog.com/tokyo/A1307/A130701/13232545/,https://www.google.com/maps/search/?api=1&query=%E7%84%BC%E9%B6%8F%20%E3%81%B2%E3%82%89%E3%81%93%20%E4%B9%83%E6%9C%A8%E5%9D%82%E9%A7%85
鳥さわ22,35.658172,139.718731,미나토구,広尾駅,야키토리,2025,3.9,466,https://tabelog.com/tokyo/A1307/A130703/13222625/,https://www.google.com/maps/search/?api=1&query=%E9%B3%A5%E3%81%95%E3%82%8F22%20%E5%BA%83%E5%B0%BE%E9%A7%85
とり澤,35.644833,139.700231,메구로구,中目黒駅,야키토리,2025,3.76,499,https://tabelog.com/tokyo/A1317/A131701/13248473/,https://www.google.com/maps/search/?api=1&query=%E3%81%A8%E3%82%8A%E6%BE%A4%20%E4%B8%AD%E7%9B%AE%E9%BB%92%E9%A7%85
焼鳥 ひら野,35.667561,139.763142,주오구,東銀座駅,야키토리,2025,3.71,675,https://tabelog.com/tokyo/A1301/A130103/13267696/,https://www.google.com/maps/search/?api=1&query=%E7%84%BC%E9%B3%A5%20%E3%81%B2%E3%82%89%E9%87%8E%20%E6%9D%B1%E9%8A%80%E5%BA%A7%E9%A7%85
床島,35.642599,139.667531,세타가야구,西太子堂駅,야키토리,2025,3.73,377,https://tabelog.com/tokyo/A1317/A131706/13114433/,https://www.google.com/maps/search/?api=1&query=%E5%BA%8A%E5%B3%B6%20%E8%A5%BF%E5%A4%AA%E5%AD%90%E5%A0%82%E9%A7%85
BLESS,35.688278,139.79951,고토구,森下駅,야키토리,2025,3.72,892,https://tabelog.com/tokyo/A1312/A131201/13246437/,https://www.google.com/maps/search/?api=1&query=BLESS%20%E6%A3%AE%E4%B8%8B%E9%A7%85
喜鈴,35.647302,139.708508,시부야구,恵比寿駅,야키토리,2025,3.65,990,https://tabelog.com/tokyo/A1303/A130302/13188236/,https://www.google.com/maps/search/?api=1&query=%E5%96%9C%E9%88%B4%20%E6%81%B5%E6%AF%94%E5%AF%BF%E9%A7%85
道しるべ,35.694768,139.703702,신주쿠구,西武新宿駅,야키토리,2025,3.71,649,https://tabelog.com/tokyo/A1304/A130401/13101685/,https://www.google.com/maps/search/?api=1&query=%E9%81%93%E3%81%97%E3%82%8B%E3%81%B9%20%E8%A5%BF%E6%AD%A6%E6%96%B0%E5%AE%BF%E9%A7%85
焼鳥 本田,35.669835,139.778206,주오구,新富町駅,야키토리,2025,3.83,136,https://tabelog.com/tokyo/A1313/A131301/13143142/,https://www.google.com/maps/search/?api=1&query=%E7%84%BC%E9%B3%A5%20%E6%9C%AC%E7%94%B0%20%E6%96%B0%E5%AF%8C%E7%94%BA%E9%A7%85
鍈輝,35.645697,139.71685,시부야구,恵比寿駅,야키토리,2025,4.25,420,https://tabelog.com/tokyo/A1303/A130302/13230923/,https://www.google.com/maps/search/?api=1&query=%E9%8D%88%E8%BC%9D%20%E6%81%B5%E6%AF%94%E5%AF%BF%E9%A7%85
やきとりshira,35.655208,139.653274,세타가야구,梅ケ丘駅,야키토리,2025,3.92,452,https://tabelog.com/tokyo/A1318/A131812/13193012/,https://www.google.com/maps/search/?api=1&query=%E3%82%84%E3%81%8D%E3%81%A8%E3%82%8Ashira%20%E6%A2%85%E3%82%B1%E4%B8%98%E9%A7%85
南青山 七鳥目,35.65715,139.71816,미나토구,広尾駅,야키토리,2025,4.19,495,https://tabelog.com/tokyo/A1307/A130703/13200559/,https://www.google.com/maps/search/?api=1&query=%E5%8D%97%E9%9D%92%E5%B1%B1%20%E4%B8%83%E9%B3%A5%E7%9B%AE%20%E5%BA%83%E5%B0%BE%E9%A7%85
焼鳥今井,35.67183,139.713944,시부야구,外苑前駅,야키토리,2025,3.71,701,https://tabelog.com/tokyo/A1306/A130603/13025995/,https://www.google.com/maps/search/?api=1&query=%E7%84%BC%E9%B3%A5%E4%BB%8A%E4%BA%95%20%E5%A4%96%E8%8B%91%E5%89%8D%E9%A7%85
焼鳥 ひなた,35.656102,139.732566,미나토구,麻布十番駅,야키토리,2025,3.67,80,https://tabelog.com/tokyo/A1307/A130702/13262306/,https://www.google.com/maps/search/?api=1&query=%E7%84%BC%E9%B3%A5%20%E3%81%B2%E3%81%AA%E3%81%9F%20%E9%BA%BB%E5%B8%83%E5%8D%81%E7%95%AA%E9%A7%85
虎ノ門 焼鳥國よし,35.667041,139.75078,미나토구,虎ノ門ヒルズ駅,야키토리,2025,3.68,486,https://tabelog.com/tokyo/A1308/A130802/13213940/,https://www.google.com/maps/search/?api=1&query=%E8%99%8E%E3%83%8E%E9%96%80%20%E7%84%BC%E9%B3%A5%E5%9C%8B%E3%82%88%E3%81%97%20%E8%99%8E%E3%83%8E%E9%96%80%E3%83%92%E3%83%AB%E3%82%BA%E9%A7%85
焼鳥 嘉とう,35.647312,139.743629,미나토구,田町駅,야키토리,2025,3.69,247,https://tabelog.com/tokyo/A1314/A131402/13193773/,https://www.google.com/maps/search/?api=1&query=%E7%84%BC%E9%B3%A5%20%E5%98%89%E3%81%A8%E3%81%86%20%E7%94%B0%E7%94%BA%E9%A7%85
瀬尾,35.657192,139.735484,미나토구,麻布十番駅,야키토리,2025,3.73,310,https://tabelog.com/tokyo/A1307/A130702/13005034/,https://www.google.com/maps/search/?api=1&query=%E7%80%AC%E5%B0%BE%20%E9%BA%BB%E5%B8%83%E5%8D%81%E7%95%AA%E9%A7%85
鳥しき,35.634287,139.716898,시나가와구,目黒駅,야키토리,2025,4.42,1366,https://tabelog.com/tokyo/A1316/A131601/13041029/,https://www.google.com/maps/search/?api=1&query=%E9%B3%A5%E3%81%97%E3%81%8D%20%E7%9B%AE%E9%BB%92%E9%A7%85
鳥さわ,35.698356,139.823749,고토구,亀戸駅,야키토리,2025,3.74,706,https://tabelog.com/tokyo/A1312/A131202/13135959/,https://www.google.com/maps/search/?api=1&query=%E9%B3%A5%E3%81%95%E3%82%8F%20%E4%BA%80%E6%88%B8%E9%A7%85
焼き鳥 峠,35.699021,139.732718,신주쿠구,牛込神楽坂駅,야키토리,2025,3.75,265,https://tabelog.com/tokyo/A1309/A130905/13225479/,https://www.google.com/maps/search/?api=1&query=%E7%84%BC%E3%81%8D%E9%B3%A5%20%E5%B3%A0%20%E7%89%9B%E8%BE%BC%E7%A5%9E%E6%A5%BD%E5%9D%82%E9%A7%85
新まき,35.655692,139.744337,미나토구,赤羽橋駅,야키토리,2025,3.73,170,https://tabelog.com/tokyo/A1314/A131401/13296718/,https://www.google.com/maps/search/?api=1&query=%E6%96%B0%E3%81%BE%E3%81%8D%20%E8%B5%A4%E7%BE%BD%E6%A9%8B%E9%A7%85
焼鳥 せきね,35.737091,139.749026,도시마구,駒込駅,야키토리,2025,3.72,268,https://tabelog.com/tokyo/A1323/A132301/13270116/,https://www.google.com/maps/search/?api=1&query=%E7%84%BC%E9%B3%A5%20%E3%81%9B%E3%81%8D%E3%81%AD%20%E9%A7%92%E8%BE%BC%E9%A7%85
薪鳥新神戸,35.677281,139.736203,미나토구,赤坂見附駅,야키토리,2025,4.43,765,https://tabelog.com/tokyo/A1308/A130801/13291292/,https://www.google.com/maps/search/?api=1&query=%E8%96%AA%E9%B3%A5%E6%96%B0%E7%A5%9E%E6%88%B8%20%E8%B5%A4%E5%9D%82%E8%A6%8B%E9%99%84%E9%A7%85
やきとり 陽火,35.644485,139.726402,미나토구,白金高輪駅,야키토리,2025,3.74,311,https://tabelog.com/tokyo/A1316/A131602/13247688/,https://www.google.com/maps/search/?api=1&query=%E3%82%84%E3%81%8D%E3%81%A8%E3%82%8A%20%E9%99%BD%E7%81%AB%20%E7%99%BD%E9%87%91%E9%AB%98%E8%BC%AA%E9%A7%85
オオクサ,35.689114,139.722274,신주쿠구,四谷三丁目駅,야키토리,2025,4.36,479,https://tabelog.com/tokyo/A1309/A130903/13240980/,https://www.google.com/maps/search/?api=1&query=%E3%82%AA%E3%82%AA%E3%82%AF%E3%82%B5%20%E5%9B%9B%E8%B0%B7%E4%B8%89%E4%B8%81%E7%9B%AE%E9%A7%85
とり澤 六本木,35.664419,139.73411,미나토구,六本木駅,야키토리,2025,3.73,224,https://tabelog.com/tokyo/A1307/A130701/13277047/,https://www.google.com/maps/search/?api=1&query=%E3%81%A8%E3%82%8A%E6%BE%A4%20%E5%85%AD%E6%9C%AC%E6%9C%A8%20%E5%85%AD%E6%9C%AC%E6%9C%A8%E9%A7%85
鳥さみ,35.766195,139.850045,가쓰시카구,亀有駅,야키토리,2025,3.66,182,https://tabelog.com/tokyo/A1324/A132403/13256125/,https://www.google.com/maps/search/?api=1&query=%E9%B3%A5%E3%81%95%E3%81%BF%20%E4%BA%80%E6%9C%89%E9%A7%85
鳥焼 笹や,35.635301,139.710151,메구로구,目黒駅,야키토리,2025,3.65,640,https://tabelog.com/tokyo/A1316/A131601/13045529/,https://www.google.com/maps/search/?api=1&query=%E9%B3%A5%E7%84%BC%20%E7%AC%B9%E3%82%84%20%E7%9B%AE%E9%BB%92%E9%A7%85
やきとり阿部,35.633963,139.718108,시나가와구,目黒駅,야키토리,2025,3.68,436,https://tabelog.com/tokyo/A1316/A131601/13197391/,https://www.google.com/maps/search/?api=1&query=%E3%82%84%E3%81%8D%E3%81%A8%E3%82%8A%E9%98%BF%E9%83%A8%20%E7%9B%AE%E9%BB%92%E9%A7%85
鳥恵 上野広小路店,35.707864,139.772345,분쿄구,上野広小路駅,야키토리,2025,3.7,743,https://tabelog.com/tokyo/A1311/A131101/13128870/,https://www.google.com/maps/search/?api=1&query=%E9%B3%A5%E6%81%B5%20%E4%B8%8A%E9%87%8E%E5%BA%83%E5%B0%8F%E8%B7%AF%E5%BA%97%20%E4%B8%8A%E9%87%8E%E5%BA%83%E5%B0%8F%E8%B7%AF%E9%A7%85
鳥おか,35.662167,139.741464,미나토구,神谷町駅,야키토리,2025,3.91,194,https://tabelog.com/tokyo/A1307/A130701/13293212/,https://www.google.com/maps/search/?api=1&query=%E9%B3%A5%E3%81%8A%E3%81%8B%20%E7%A5%9E%E8%B0%B7%E7%94%BA%E9%A7%85
おみ乃 椿,35.676129,139.770469,주오구,京橋駅,야키토리,2025,3.97,222,https://tabelog.com/tokyo/A1302/A130202/13290286/,https://www.google.com/maps/search/?api=1&query=%E3%81%8A%E3%81%BF%E4%B9%83%20%E6%A4%BF%20%E4%BA%AC%E6%A9%8B%E9%A7%85
焼肉ホルモン金樹,35.672394,139.738436,미나토구,赤坂駅,야키니쿠,2025,3.74,1078,https://tabelog.com/tokyo/A1308/A130801/13273456/,https://www.google.com/maps/search/?api=1&query=%E7%84%BC%E8%82%89%E3%83%9B%E3%83%AB%E3%83%A2%E3%83%B3%E9%87%91%E6%A8%B9%20%E8%B5%A4%E5%9D%82%E9%A7%85
東京食肉市場直送 肉焼屋 D-29 広尾店,35.649111,139.719531,시부야구,広尾駅,야키니쿠,2025,3.69,191,https://tabelog.com/tokyo/A1307/A130703/13269923/,https://www.google.com/maps/search/?api=1&query=%E6%9D%B1%E4%BA%AC%E9%A3%9F%E8%82%89%E5%B8%82%E5%A0%B4%E7%9B%B4%E9%80%81%20%E8%82%89%E7%84%BC%E5%B1%8B%20D-29%20%E5%BA%83%E5%B0%BE%E5%BA%97%20%E5%BA%83%E5%B0%BE%E9%A7%85
炭火焼 ゆうじ,35.662587,139.697338,시부야구,渋谷駅,야키니쿠,2025,4.19,2351,https://tabelog.com/tokyo/A1303/A130301/13001794/,https://www.google.com/maps/search/?api=1&query=%E7%82%AD%E7%81%AB%E7%84%BC%20%E3%82%86%E3%81%86%E3%81%98%20%E6%B8%8B%E8%B0%B7%E9%A7%85
代官山 焼肉かねこ,35.64972,139.699022,시부야구,代官山駅,야키니쿠,2025,3.67,369,https://tabelog.com/tokyo/A1303/A130303/13178613/,https://www.google.com/maps/search/?api=1&query=%E4%BB%A3%E5%AE%98%E5%B1%B1%20%E7%84%BC%E8%82%89%E3%81%8B%E3%81%AD%E3%81%93%20%E4%BB%A3%E5%AE%98%E5%B1%B1%E9%A7%85
正泰苑 総本店,35.747726,139.78507,아라카와구,荒川七丁目駅,야키니쿠,2025,3.66,847,https://tabelog.com/tokyo/A1324/A132401/13003776/,https://www.google.com/maps/search/?api=1&query=%E6%AD%A3%E6%B3%B0%E8%8B%91%20%E7%B7%8F%E6%9C%AC%E5%BA%97%20%E8%8D%92%E5%B7%9D%E4%B8%83%E4%B8%81%E7%9B%AE%E9%A7%85
高円寺 焼肉ここち 本店,35.707111,139.651524,스기나미구,高円寺駅,야키니쿠,2025,4.15,434,https://tabelog.com/tokyo/A1319/A131904/13301288/,https://www.google.com/maps/search/?api=1&query=%E9%AB%98%E5%86%86%E5%AF%BA%20%E7%84%BC%E8%82%89%E3%81%93%E3%81%93%E3%81%A1%20%E6%9C%AC%E5%BA%97%20%E9%AB%98%E5%86%86%E5%AF%BA%E9%A7%85
在市 月島本店,35.662284,139.782988,주오구,月島駅,야키니쿠,2025,3.74,1469,https://tabelog.com/tokyo/A1313/A131302/13095398/,https://www.google.com/maps/search/?api=1&query=%E5%9C%A8%E5%B8%82%20%E6%9C%88%E5%B3%B6%E6%9C%AC%E5%BA%97%20%E6%9C%88%E5%B3%B6%E9%A7%85
誇味山,35.661668,139.722681,미나토구,乃木坂駅,야키니쿠,2025,3.65,298,https://tabelog.com/tokyo/A1307/A130701/13230924/,https://www.google.com/maps/search/?api=1&query=%E8%AA%87%E5%91%B3%E5%B1%B1%20%E4%B9%83%E6%9C%A8%E5%9D%82%E9%A7%85
焼肉 うしの絵,35.546557,139.447019,町田구,町田駅,야키니쿠,2025,3.94,239,https://tabelog.com/tokyo/A1327/A132701/13202074/,https://www.google.com/maps/search/?api=1&query=%E7%84%BC%E8%82%89%20%E3%81%86%E3%81%97%E3%81%AE%E7%B5%B5%20%E7%94%BA%E7%94%B0%E9%A7%85
焼肉 ジャンボ 本郷店,35.706695,139.762624,분쿄구,本郷三丁目駅,야키니쿠,2025,4.06,1407,https://tabelog.com/tokyo/A1310/A131004/13110601/,https://www.google.com/maps/search/?api=1&query=%E7%84%BC%E8%82%89%20%E3%82%B8%E3%83%A3%E3%83%B3%E3%83%9C%20%E6%9C%AC%E9%83%B7%E5%BA%97%20%E6%9C%AC%E9%83%B7%E4%B8%89%E4%B8%81%E7%9B%AE%E9%A7%85
焼肉ヒロミヤ 3号店,35.691981,139.720624,신주쿠구,曙橋駅,야키니쿠,2025,3.65,522,https://tabelog.com/tokyo/A1309/A130903/13201547/,https://www.google.com/maps/search/?api=1&query=%E7%84%BC%E8%82%89%E3%83%92%E3%83%AD%E3%83%9F%E3%83%A4%203%E5%8F%B7%E5%BA%97%20%E6%9B%99%E6%A9%8B%E9%A7%85
うし松,35.657059,139.724043,미나토구,広尾駅,야키니쿠,2025,3.86,1210,https://tabelog.com/tokyo/A1307/A130703/13242515/,https://www.google.com/maps/search/?api=1&query=%E3%81%86%E3%81%97%E6%9D%BE%20%E5%BA%83%E5%B0%BE%E9%A7%85
焼肉うしごろ 表参道店,35.663187,139.709912,미나토구,表参道駅,야키니쿠,2025,3.62,1308,https://tabelog.com/tokyo/A1306/A130602/13252182/,https://www.google.com/maps/search/?api=1&query=%E7%84%BC%E8%82%89%E3%81%86%E3%81%97%E3%81%94%E3%82%8D%20%E8%A1%A8%E5%8F%82%E9%81%93%E5%BA%97%20%E8%A1%A8%E5%8F%82%E9%81%93%E9%A7%85
焼肉 思食,35.675681,139.736407,미나토구,赤坂見附駅,야키니쿠,2025,3.8,488,https://tabelog.com/tokyo/A1308/A130801/13247485/,https://www.google.com/maps/search/?api=1&query=%E7%84%BC%E8%82%89%20%E6%80%9D%E9%A3%9F%20%E8%B5%A4%E5%9D%82%E8%A6%8B%E9%99%84%E9%A7%85
生粋,35.703576,139.771534,지요다구,末広町駅,야키니쿠,2025,3.71,2423,https://tabelog.com/tokyo/A1311/A131101/13165294/,https://www.google.com/maps/search/?api=1&query=%E7%94%9F%E7%B2%8B%20%E6%9C%AB%E5%BA%83%E7%94%BA%E9%A7%85
焼肉うしごろ 銀座並木通り店,35.671377,139.762776,주오구,銀座駅,야키니쿠,2025,3.68,1850,https://tabelog.com/tokyo/A1301/A130101/13226719/,https://www.google.com/maps/search/?api=1&query=%E7%84%BC%E8%82%89%E3%81%86%E3%81%97%E3%81%94%E3%82%8D%20%E9%8A%80%E5%BA%A7%E4%B8%A6%E6%9C%A8%E9%80%9A%E3%82%8A%E5%BA%97%20%E9%8A%80%E5%BA%A7%E9%A7%85
江戸焼肉,35.67096,139.762496,주오구,銀座駅,야키니쿠,2025,4.07,187,https://tabelog.com/tokyo/A1301/A130101/13270037/,https://www.google.com/maps/search/?api=1&query=%E6%B1%9F%E6%88%B8%E7%84%BC%E8%82%89%20%E9%8A%80%E5%BA%A7%E9%A7%85
USHIGORO S. SHINJUKU,35.692123,139.702777,신주쿠구,新宿三丁目駅,야키니쿠,2025,3.77,485,https://tabelog.com/tokyo/A1304/A130401/13268688/,https://www.google.com/maps/search/?api=1&query=USHIGORO%20S.%20SHINJUKU%20%E6%96%B0%E5%AE%BF%E4%B8%89%E4%B8%81%E7%9B%AE%E9%A7%85
うら松,35.657059,139.724042,미나토구,広尾駅,야키니쿠,2025,4.3,114,https://tabelog.com/tokyo/A1307/A130703/13297307/,https://www.google.com/maps/search/?api=1&query=%E3%81%86%E3%82%89%E6%9D%BE%20%E5%BA%83%E5%B0%BE%E9%A7%85
蕃 YORONIKU,35.646366,139.711815,시부야구,恵比寿駅,야키니쿠,2025,4.24,1972,https://tabelog.com/tokyo/A1303/A130302/13211927/,https://www.google.com/maps/search/?api=1&query=%E8%95%83%20YORONIKU%20%E6%81%B5%E6%AF%94%E5%AF%BF%E9%A7%85
炭火焼肉ホルモン まるは,35.626708,139.725432,시나가와구,五反田駅,야키니쿠,2025,3.69,637,https://tabelog.com/tokyo/A1316/A131603/13210437/,https://www.google.com/maps/search/?api=1&query=%E7%82%AD%E7%81%AB%E7%84%BC%E8%82%89%E3%83%9B%E3%83%AB%E3%83%A2%E3%83%B3%20%E3%81%BE%E3%82%8B%E3%81%AF%20%E4%BA%94%E5%8F%8D%E7%94%B0%E9%A7%85
三宿トラジ,35.636863,139.691164,메구로구,祐天寺駅,야키니쿠,2025,3.73,637,https://tabelog.com/tokyo/A1317/A131701/13004517/,https://www.google.com/maps/search/?api=1&query=%E4%B8%89%E5%AE%BF%E3%83%88%E3%83%A9%E3%82%B8%20%E7%A5%90%E5%A4%A9%E5%AF%BA%E9%A7%85
ビーフキッチン 中目黒本店,35.641355,139.696336,메구로구,中目黒駅,야키니쿠,2025,3.61,1936,https://tabelog.com/tokyo/A1317/A131701/13054178/,https://www.google.com/maps/search/?api=1&query=%E3%83%93%E3%83%BC%E3%83%95%E3%82%AD%E3%83%83%E3%83%81%E3%83%B3%20%E4%B8%AD%E7%9B%AE%E9%BB%92%E6%9C%AC%E5%BA%97%20%E4%B8%AD%E7%9B%AE%E9%BB%92%E9%A7%85
焼肉 銀座コバウ 特別室,35.670474,139.762681,주오구,銀座駅,야키니쿠,2025,3.73,1056,https://tabelog.com/tokyo/A1301/A130101/13005008/,https://www.google.com/maps/search/?api=1&query=%E7%84%BC%E8%82%89%20%E9%8A%80%E5%BA%A7%E3%82%B3%E3%83%90%E3%82%A6%20%E7%89%B9%E5%88%A5%E5%AE%A4%20%E9%8A%80%E5%BA%A7%E9%A7%85
本とさや,35.71438,139.792017,다이토구,浅草（つくばＥＸＰ）駅,야키니쿠,2025,3.72,2189,https://tabelog.com/tokyo/A1311/A131102/13003711/,https://www.google.com/maps/search/?api=1&query=%E6%9C%AC%E3%81%A8%E3%81%95%E3%82%84%20%E6%B5%85%E8%8D%89%EF%BC%88%E3%81%A4%E3%81%8F%E3%81%B0%EF%BC%A5%EF%BC%B8%EF%BC%B0%EF%BC%89%E9%A7%85
鯉登り,35.703819,139.694988,신주쿠구,大久保駅,야키니쿠,2025,3.88,113,https://tabelog.com/tokyo/A1304/A130404/13024080/,https://www.google.com/maps/search/?api=1&query=%E9%AF%89%E7%99%BB%E3%82%8A%20%E5%A4%A7%E4%B9%85%E4%BF%9D%E9%A7%85
焼肉あきら,35.704169,139.75767,분쿄구,水道橋駅,야키니쿠,2025,3.65,1116,https://tabelog.com/tokyo/A1310/A131003/13251014/,https://www.google.com/maps/search/?api=1&query=%E7%84%BC%E8%82%89%E3%81%82%E3%81%8D%E3%82%89%20%E6%B0%B4%E9%81%93%E6%A9%8B%E9%A7%85
焼肉問屋 牛蔵,35.736043,139.629003,네리마구,富士見台駅,야키니쿠,2025,3.65,1743,https://tabelog.com/tokyo/A1321/A132102/13008910/,https://www.google.com/maps/search/?api=1&query=%E7%84%BC%E8%82%89%E5%95%8F%E5%B1%8B%20%E7%89%9B%E8%94%B5%20%E5%AF%8C%E5%A3%AB%E8%A6%8B%E5%8F%B0%E9%A7%85
大幸園 小宮本店,35.68745,139.372911,八王子구,小宮駅,야키니쿠,2025,3.64,531,https://tabelog.com/tokyo/A1329/A132904/13107594/,https://www.google.com/maps/search/?api=1&query=%E5%A4%A7%E5%B9%B8%E5%9C%92%20%E5%B0%8F%E5%AE%AE%E6%9C%AC%E5%BA%97%20%E5%B0%8F%E5%AE%AE%E9%A7%85
焼肉しみず,35.625979,139.712888,시나가와구,不動前駅,야키니쿠,2025,3.76,1031,https://tabelog.com/tokyo/A1317/A131710/13096548/,https://www.google.com/maps/search/?api=1&query=%E7%84%BC%E8%82%89%E3%81%97%E3%81%BF%E3%81%9A%20%E4%B8%8D%E5%8B%95%E5%89%8D%E9%A7%85
銀座 ちかみつ,35.668186,139.76473,주오구,東銀座駅,야키니쿠,2025,3.58,453,https://tabelog.com/tokyo/A1301/A130101/13247552/,https://www.google.com/maps/search/?api=1&query=%E9%8A%80%E5%BA%A7%20%E3%81%A1%E3%81%8B%E3%81%BF%E3%81%A4%20%E6%9D%B1%E9%8A%80%E5%BA%A7%E9%A7%85
初代吉田,35.699496,139.826178,고토구,亀戸駅,야키니쿠,2025,3.65,1185,https://tabelog.com/tokyo/A1312/A131202/13059640/,https://www.google.com/maps/search/?api=1&query=%E5%88%9D%E4%BB%A3%E5%90%89%E7%94%B0%20%E4%BA%80%E6%88%B8%E9%A7%85
赤坂 みすじ,35.674706,139.737003,미나토구,赤坂見附駅,야키니쿠,2025,3.68,1347,https://tabelog.com/tokyo/A1308/A130801/13114946/,https://www.google.com/maps/search/?api=1&query=%E8%B5%A4%E5%9D%82%20%E3%81%BF%E3%81%99%E3%81%98%20%E8%B5%A4%E5%9D%82%E8%A6%8B%E9%99%84%E9%A7%85
赤坂大関 本店,35.675474,139.736333,미나토구,赤坂見附駅,야키니쿠,2025,3.67,921,https://tabelog.com/tokyo/A1308/A130801/13015197/,https://www.google.com/maps/search/?api=1&query=%E8%B5%A4%E5%9D%82%E5%A4%A7%E9%96%A2%20%E6%9C%AC%E5%BA%97%20%E8%B5%A4%E5%9D%82%E8%A6%8B%E9%99%84%E9%A7%85
銀座 ちかみつ 六丁目,35.668847,139.764586,주오구,東銀座駅,야키니쿠,2025,3.7,917,https://tabelog.com/tokyo/A1301/A130101/13259532/,https://www.google.com/maps/search/?api=1&query=%E9%8A%80%E5%BA%A7%20%E3%81%A1%E3%81%8B%E3%81%BF%E3%81%A4%20%E5%85%AD%E4%B8%81%E7%9B%AE%20%E6%9D%B1%E9%8A%80%E5%BA%A7%E9%A7%85
焼肉ヒロミヤ 新本店,35.691163,139.716507,신주쿠구,四谷三丁目駅,야키니쿠,2025,3.64,207,https://tabelog.com/tokyo/A1309/A130903/13279918/,https://www.google.com/maps/search/?api=1&query=%E7%84%BC%E8%82%89%E3%83%92%E3%83%AD%E3%83%9F%E3%83%A4%20%E6%96%B0%E6%9C%AC%E5%BA%97%20%E5%9B%9B%E8%B0%B7%E4%B8%89%E4%B8%81%E7%9B%AE%E9%A7%85
焼肉 ジャンボ はなれ,35.706621,139.762437,분쿄구,本郷三丁目駅,야키니쿠,2025,4.32,1606,https://tabelog.com/tokyo/A1310/A131004/13160962/,https://www.google.com/maps/search/?api=1&query=%E7%84%BC%E8%82%89%20%E3%82%B8%E3%83%A3%E3%83%B3%E3%83%9C%20%E3%81%AF%E3%81%AA%E3%82%8C%20%E6%9C%AC%E9%83%B7%E4%B8%89%E4%B8%81%E7%9B%AE%E9%A7%85
焼肉ホルモン金樹 はなれ,35.672179,139.738216,미나토구,赤坂駅,야키니쿠,2025,3.65,483,https://tabelog.com/tokyo/A1308/A130801/13285255/,https://www.google.com/maps/search/?api=1&query=%E7%84%BC%E8%82%89%E3%83%9B%E3%83%AB%E3%83%A2%E3%83%B3%E9%87%91%E6%A8%B9%20%E3%81%AF%E3%81%AA%E3%82%8C%20%E8%B5%A4%E5%9D%82%E9%A7%85
焼肉うしごろ 新宿三丁目店,35.692126,139.702757,신주쿠구,新宿三丁目駅,야키니쿠,2025,3.67,1485,https://tabelog.com/tokyo/A1304/A130401/13258565/,https://www.google.com/maps/search/?api=1&query=%E7%84%BC%E8%82%89%E3%81%86%E3%81%97%E3%81%94%E3%82%8D%20%E6%96%B0%E5%AE%BF%E4%B8%89%E4%B8%81%E7%9B%AE%E5%BA%97%20%E6%96%B0%E5%AE%BF%E4%B8%89%E4%B8%81%E7%9B%AE%E9%A7%85
ホルモン人生タロちゃん,35.707094,139.66669,나카노구,中野駅,야키니쿠,2025,3.72,803,https://tabelog.com/tokyo/A1319/A131902/13264580/,https://www.google.com/maps/search/?api=1&query=%E3%83%9B%E3%83%AB%E3%83%A2%E3%83%B3%E4%BA%BA%E7%94%9F%E3%82%BF%E3%83%AD%E3%81%A1%E3%82%83%E3%82%93%20%E4%B8%AD%E9%87%8E%E9%A7%85
焼肉 静龍苑,35.684286,139.798341,고토구,清澄白河駅,야키니쿠,2025,4.32,2006,https://tabelog.com/tokyo/A1313/A131303/13237978/,https://www.google.com/maps/search/?api=1&query=%E7%84%BC%E8%82%89%20%E9%9D%99%E9%BE%8D%E8%8B%91%20%E6%B8%85%E6%BE%84%E7%99%BD%E6%B2%B3%E9%A7%85
八面六秘,35.673957,139.73524,미나토구,赤坂駅,야키니쿠,2025,3.62,386,https://tabelog.com/tokyo/A1308/A130801/13287824/,https://www.google.com/maps/search/?api=1&query=%E5%85%AB%E9%9D%A2%E5%85%AD%E7%A7%98%20%E8%B5%A4%E5%9D%82%E9%A7%85
游玄亭 新宿,35.695181,139.70317,신주쿠구,西武新宿駅,야키니쿠,2025,3.7,972,https://tabelog.com/tokyo/A1304/A130401/13004152/,https://www.google.com/maps/search/?api=1&query=%E6%B8%B8%E7%8E%84%E4%BA%AD%20%E6%96%B0%E5%AE%BF%20%E8%A5%BF%E6%AD%A6%E6%96%B0%E5%AE%BF%E9%A7%85
炭火焼肉 ふちおか,35.64831,139.636151,세타가야구,経堂駅,야키니쿠,2025,3.65,702,https://tabelog.com/tokyo/A1318/A131813/13208137/,https://www.google.com/maps/search/?api=1&query=%E7%82%AD%E7%81%AB%E7%84%BC%E8%82%89%20%E3%81%B5%E3%81%A1%E3%81%8A%E3%81%8B%20%E7%B5%8C%E5%A0%82%E9%A7%85
銀座 王十里,35.67082,139.766618,주오구,東銀座駅,야키니쿠,2025,3.7,918,https://tabelog.com/tokyo/A1301/A130101/13002283/,https://www.google.com/maps/search/?api=1&query=%E9%8A%80%E5%BA%A7%20%E7%8E%8B%E5%8D%81%E9%87%8C%20%E6%9D%B1%E9%8A%80%E5%BA%A7%E9%A7%85
SATOブリアン にごう,35.704825,139.637684,스기나미구,阿佐ケ谷駅,야키니쿠,2025,3.89,1098,https://tabelog.com/tokyo/A1319/A131905/13159782/,https://www.google.com/maps/search/?api=1&query=SATO%E3%83%96%E3%83%AA%E3%82%A2%E3%83%B3%20%E3%81%AB%E3%81%94%E3%81%86%20%E9%98%BF%E4%BD%90%E3%82%B1%E8%B0%B7%E9%A7%85
山田屋 日暮里店,35.729396,139.771517,아라카와구,日暮里駅,야키니쿠,2025,3.63,611,https://tabelog.com/tokyo/A1311/A131105/13091831/,https://www.google.com/maps/search/?api=1&query=%E5%B1%B1%E7%94%B0%E5%B1%8B%20%E6%97%A5%E6%9A%AE%E9%87%8C%E5%BA%97%20%E6%97%A5%E6%9A%AE%E9%87%8C%E9%A7%85
焼肉 ジャンボ 白金,35.646999,139.73142,미나토구,白金高輪駅,야키니쿠,2025,3.73,1600,https://tabelog.com/tokyo/A1316/A131602/13026377/,https://www.google.com/maps/search/?api=1&query=%E7%84%BC%E8%82%89%20%E3%82%B8%E3%83%A3%E3%83%B3%E3%83%9C%20%E7%99%BD%E9%87%91%20%E7%99%BD%E9%87%91%E9%AB%98%E8%BC%AA%E9%A7%85
きらく亭,35.646965,139.7277,미나토구,広尾駅,야키니쿠,2025,3.74,984,https://tabelog.com/tokyo/A1307/A130703/13007145/,https://www.google.com/maps/search/?api=1&query=%E3%81%8D%E3%82%89%E3%81%8F%E4%BA%AD%20%E5%BA%83%E5%B0%BE%E9%A7%85
スタミナ苑,35.779935,139.752409,아다치구,足立区,야키니쿠,2025,4.28,2714,https://tabelog.com/tokyo/A1323/A132305/13003777/,https://www.google.com/maps/search/?api=1&query=%E3%82%B9%E3%82%BF%E3%83%9F%E3%83%8A%E8%8B%91%20%E8%B6%B3%E7%AB%8B%E5%8C%BA
志村 徳寿園,35.776523,139.691973,이타바시구,志村坂上駅,야키니쿠,2025,3.79,349,https://tabelog.com/tokyo/A1322/A132205/13043209/,https://www.google.com/maps/search/?api=1&query=%E5%BF%97%E6%9D%91%20%E5%BE%B3%E5%AF%BF%E5%9C%92%20%E5%BF%97%E6%9D%91%E5%9D%82%E4%B8%8A%E9%A7%85
Hodori 用賀店,35.624789,139.637336,세타가야구,用賀駅,야키니쿠,2025,3.71,431,https://tabelog.com/tokyo/A1317/A131707/13098101/,https://www.google.com/maps/search/?api=1&query=Hodori%20%E7%94%A8%E8%B3%80%E5%BA%97%20%E7%94%A8%E8%B3%80%E9%A7%85
Nose to Tail,35.701509,139.740293,신주쿠구,飯田橋駅,야키니쿠,2025,3.74,300,https://tabelog.com/tokyo/A1309/A130905/13265713/,https://www.google.com/maps/search/?api=1&query=Nose%20to%20Tail%20%E9%A3%AF%E7%94%B0%E6%A9%8B%E9%A7%85
よろにく,35.660255,139.717574,미나토구,表参道駅,야키니쿠,2025,3.8,3040,https://tabelog.com/tokyo/A1306/A130602/13042979/,https://www.google.com/maps/search/?api=1&query=%E3%82%88%E3%82%8D%E3%81%AB%E3%81%8F%20%E8%A1%A8%E5%8F%82%E9%81%93%E9%A7%85
YORONIKU TOKYO AZABUDAIHILLS,35.661165,139.740792,미나토구,六本木一丁目駅,야키니쿠,2025,4.34,323,https://tabelog.com/tokyo/A1307/A130701/13291424/,https://www.google.com/maps/search/?api=1&query=YORONIKU%20TOKYO%20AZABUDAIHILLS%20%E5%85%AD%E6%9C%AC%E6%9C%A8%E4%B8%80%E4%B8%81%E7%9B%AE%E9%A7%85
焼肉幸泉,35.738165,139.848809,가쓰시카구,京成立石駅,야키니쿠,2025,4.38,629,https://tabelog.com/tokyo/A1324/A132403/13133997/,https://www.google.com/maps/search/?api=1&query=%E7%84%BC%E8%82%89%E5%B9%B8%E6%B3%89%20%E4%BA%AC%E6%88%90%E7%AB%8B%E7%9F%B3%E9%A7%85
炭火焼肉 なかはら,35.689177,139.735256,지요다구,市ケ谷駅,야키니쿠,2025,3.88,765,https://tabelog.com/tokyo/A1309/A130904/13175110/,https://www.google.com/maps/search/?api=1&query=%E7%82%AD%E7%81%AB%E7%84%BC%E8%82%89%20%E3%81%AA%E3%81%8B%E3%81%AF%E3%82%89%20%E5%B8%82%E3%82%B1%E8%B0%B7%E9%A7%85
ホルモン焼 婁熊東京,35.650063,139.70796,시부야구,代官山駅,야키니쿠,2025,3.7,629,https://tabelog.com/tokyo/A1303/A130302/13132685/,https://www.google.com/maps/search/?api=1&query=%E3%83%9B%E3%83%AB%E3%83%A2%E3%83%B3%E7%84%BC%20%E5%A9%81%E7%86%8A%E6%9D%B1%E4%BA%AC%20%E4%BB%A3%E5%AE%98%E5%B1%B1%E9%A7%85
焼肉くにもと 本店,35.653578,139.755144,미나토구,浜松町駅,야키니쿠,2025,3.7,442,https://tabelog.com/tokyo/A1314/A131401/13007842/,https://www.google.com/maps/search/?api=1&query=%E7%84%BC%E8%82%89%E3%81%8F%E3%81%AB%E3%82%82%E3%81%A8%20%E6%9C%AC%E5%BA%97%20%E6%B5%9C%E6%9D%BE%E7%94%BA%E9%A7%85
焼肉赤身にくがとう 人形町本店,35.687151,139.779834,주오구,人形町駅,야키니쿠,2025,3.6,866,https://tabelog.com/tokyo/A1302/A130204/13168436/,https://www.google.com/maps/search/?api=1&query=%E7%84%BC%E8%82%89%E8%B5%A4%E8%BA%AB%E3%81%AB%E3%81%8F%E3%81%8C%E3%81%A8%E3%81%86%20%E4%BA%BA%E5%BD%A2%E7%94%BA%E6%9C%AC%E5%BA%97%20%E4%BA%BA%E5%BD%A2%E7%94%BA%E9%A7%85
広尾 焼肉 暴飲暴食,35.649486,139.720843,시부야구,広尾駅,야키니쿠,2025,3.59,590,https://tabelog.com/tokyo/A1307/A130703/13281284/,https://www.google.com/maps/search/?api=1&query=%E5%BA%83%E5%B0%BE%20%E7%84%BC%E8%82%89%20%E6%9A%B4%E9%A3%B2%E6%9A%B4%E9%A3%9F%20%E5%BA%83%E5%B0%BE%E9%A7%85
高円寺 焼肉ここち 市場店,35.706072,139.649183,스기나미구,高円寺駅,야키니쿠,2025,3.78,621,https://tabelog.com/tokyo/A1319/A131904/13284595/,https://www.google.com/maps/search/?api=1&query=%E9%AB%98%E5%86%86%E5%AF%BA%20%E7%84%BC%E8%82%89%E3%81%93%E3%81%93%E3%81%A1%20%E5%B8%82%E5%A0%B4%E5%BA%97%20%E9%AB%98%E5%86%86%E5%AF%BA%E9%A7%85
The INNOCENT CARVERY,35.661944,139.723751,미나토구,乃木坂駅,야키니쿠,2025,3.96,948,https://tabelog.com/tokyo/A1307/A130701/13189539/,https://www.google.com/maps/search/?api=1&query=The%20INNOCENT%20CARVERY%20%E4%B9%83%E6%9C%A8%E5%9D%82%E9%A7%85
焼肉うしごろ 銀座店,35.674367,139.768732,주오구,銀座一丁目駅,야키니쿠,2025,3.69,1031,https://tabelog.com/tokyo/A1301/A130101/13263391/,https://www.google.com/maps/search/?api=1&query=%E7%84%BC%E8%82%89%E3%81%86%E3%81%97%E3%81%94%E3%82%8D%20%E9%8A%80%E5%BA%A7%E5%BA%97%20%E9%8A%80%E5%BA%A7%E4%B8%80%E4%B8%81%E7%9B%AE%E9%A7%85
にくがとう 六本木ヒルズ店,35.660762,139.72916,미나토구,六本木駅,야키니쿠,2025,3.6,576,https://tabelog.com/tokyo/A1307/A130701/13226179/,https://www.google.com/maps/search/?api=1&query=%E3%81%AB%E3%81%8F%E3%81%8C%E3%81%A8%E3%81%86%20%E5%85%AD%E6%9C%AC%E6%9C%A8%E3%83%92%E3%83%AB%E3%82%BA%E5%BA%97%20%E5%85%AD%E6%9C%AC%E6%9C%A8%E9%A7%85
ホルモン コウ,35.705016,139.620333,스기나미구,荻窪駅,야키니쿠,2025,3.69,687,https://tabelog.com/tokyo/A1319/A131906/13275863/,https://www.google.com/maps/search/?api=1&query=%E3%83%9B%E3%83%AB%E3%83%A2%E3%83%B3%20%E3%82%B3%E3%82%A6%20%E8%8D%BB%E7%AA%AA%E9%A7%85
焼肉 ジャンボ 篠崎本店,35.698537,139.911897,에도가와구,江戸川区,야키니쿠,2025,3.76,1025,https://tabelog.com/tokyo/A1312/A131205/13003075/,https://www.google.com/maps/search/?api=1&query=%E7%84%BC%E8%82%89%20%E3%82%B8%E3%83%A3%E3%83%B3%E3%83%9C%20%E7%AF%A0%E5%B4%8E%E6%9C%AC%E5%BA%97%20%E6%B1%9F%E6%88%B8%E5%B7%9D%E5%8C%BA
焼肉 矢澤 東京,35.681724,139.771147,주오구,日本橋駅,야키니쿠,2025,3.66,578,https://tabelog.com/tokyo/A1302/A130202/13168322/,https://www.google.com/maps/search/?api=1&query=%E7%84%BC%E8%82%89%20%E7%9F%A2%E6%BE%A4%20%E6%9D%B1%E4%BA%AC%20%E6%97%A5%E6%9C%AC%E6%A9%8B%E9%A7%85
焼肉 凛,35.663267,139.782509,주오구,月島駅,야키니쿠,2025,3.69,662,https://tabelog.com/tokyo/A1313/A131302/13002240/,https://www.google.com/maps/search/?api=1&query=%E7%84%BC%E8%82%89%20%E5%87%9B%20%E6%9C%88%E5%B3%B6%E9%A7%85
銀座 山科,35.671611,139.761982,주오구,銀座駅,야키니쿠,2025,3.69,1505,https://tabelog.com/tokyo/A1301/A130101/13240197/,https://www.google.com/maps/search/?api=1&query=%E9%8A%80%E5%BA%A7%20%E5%B1%B1%E7%A7%91%20%E9%8A%80%E5%BA%A7%E9%A7%85
うしごろ 貫 恵比寿本店,35.64625,139.709356,시부야구,恵比寿駅,야키니쿠,2025,3.66,1207,https://tabelog.com/tokyo/A1303/A130302/13160330/,https://www.google.com/maps/search/?api=1&query=%E3%81%86%E3%81%97%E3%81%94%E3%82%8D%20%E8%B2%AB%20%E6%81%B5%E6%AF%94%E5%AF%BF%E6%9C%AC%E5%BA%97%20%E6%81%B5%E6%AF%94%E5%AF%BF%E9%A7%85
赤坂 らいもん,35.676878,139.736253,미나토구,赤坂見附駅,야키니쿠,2025,4.53,584,https://tabelog.com/tokyo/A1308/A130801/13224635/,https://www.google.com/maps/search/?api=1&query=%E8%B5%A4%E5%9D%82%20%E3%82%89%E3%81%84%E3%82%82%E3%82%93%20%E8%B5%A4%E5%9D%82%E8%A6%8B%E9%99%84%E9%A7%85
焼肉 鶯谷園,35.722363,139.779352,다이토구,鶯谷駅,야키니쿠,2025,3.82,3897,https://tabelog.com/tokyo/A1311/A131104/13012243/,https://www.google.com/maps/search/?api=1&query=%E7%84%BC%E8%82%89%20%E9%B6%AF%E8%B0%B7%E5%9C%92%20%E9%B6%AF%E8%B0%B7%E9%A7%85
お肉屋 けいすけ 三男坊,35.650232,139.720308,시부야구,広尾駅,야키니쿠,2025,3.63,438,https://tabelog.com/tokyo/A1307/A130703/13196643/,https://www.google.com/maps/search/?api=1&query=%E3%81%8A%E8%82%89%E5%B1%8B%20%E3%81%91%E3%81%84%E3%81%99%E3%81%91%20%E4%B8%89%E7%94%B7%E5%9D%8A%20%E5%BA%83%E5%B0%BE%E9%A7%85
楽酔苑,35.768532,139.644688,네리마구,地下鉄赤塚駅,야키니쿠,2025,3.65,127,https://tabelog.com/tokyo/A1322/A132204/13193192/,https://www.google.com/maps/search/?api=1&query=%E6%A5%BD%E9%85%94%E8%8B%91%20%E5%9C%B0%E4%B8%8B%E9%89%84%E8%B5%A4%E5%A1%9A%E9%A7%85
高麗亭,35.659402,139.705645,시부야구,渋谷駅,야키니쿠,2025,3.67,395,https://tabelog.com/tokyo/A1303/A130301/13013023/,https://www.google.com/maps/search/?api=1&query=%E9%AB%98%E9%BA%97%E4%BA%AD%20%E6%B8%8B%E8%B0%B7%E9%A7%85
焼肉くにもと 新館,35.654003,139.755693,미나토구,浜松町駅,야키니쿠,2025,3.66,565,https://tabelog.com/tokyo/A1314/A131401/13035852/,https://www.google.com/maps/search/?api=1&query=%E7%84%BC%E8%82%89%E3%81%8F%E3%81%AB%E3%82%82%E3%81%A8%20%E6%96%B0%E9%A4%A8%20%E6%B5%9C%E6%9D%BE%E7%94%BA%E9%A7%85
焼肉うしごろ 西麻布本店,35.660074,139.72253,미나토구,乃木坂駅,야키니쿠,2025,3.63,1366,https://tabelog.com/tokyo/A1307/A130701/13124592/,https://www.google.com/maps/search/?api=1&query=%E7%84%BC%E8%82%89%E3%81%86%E3%81%97%E3%81%94%E3%82%8D%20%E8%A5%BF%E9%BA%BB%E5%B8%83%E6%9C%AC%E5%BA%97%20%E4%B9%83%E6%9C%A8%E5%9D%82%E9%A7%85
サトブリDA,35.704746,139.634625,스기나미구,阿佐ケ谷駅,야키니쿠,2025,3.73,161,https://tabelog.com/tokyo/A1319/A131905/13216529/,https://www.google.com/maps/search/?api=1&query=%E3%82%B5%E3%83%88%E3%83%96%E3%83%AADA%20%E9%98%BF%E4%BD%90%E3%82%B1%E8%B0%B7%E9%A7%85
游玄亭 西麻布本館,35.659325,139.723742,미나토구,広尾駅,야키니쿠,2025,3.7,746,https://tabelog.com/tokyo/A1307/A130701/13003488/,https://www.google.com/maps/search/?api=1&query=%E6%B8%B8%E7%8E%84%E4%BA%AD%20%E8%A5%BF%E9%BA%BB%E5%B8%83%E6%9C%AC%E9%A4%A8%20%E5%BA%83%E5%B0%BE%E9%A7%85
東京園,35.670308,139.765515,주오구,東銀座駅,야키니쿠,2025,3.88,467,https://tabelog.com/tokyo/A1301/A130101/13002566/,https://www.google.com/maps/search/?api=1&query=%E6%9D%B1%E4%BA%AC%E5%9C%92%20%E6%9D%B1%E9%8A%80%E5%BA%A7%E9%A7%85
焼肉冷麺だいじゅ,35.732497,139.727898,도시마구,大塚駅,야키니쿠,2025,3.64,1041,https://tabelog.com/tokyo/A1323/A132302/13245971/,https://www.google.com/maps/search/?api=1&query=%E7%84%BC%E8%82%89%E5%86%B7%E9%BA%BA%E3%81%A0%E3%81%84%E3%81%98%E3%82%85%20%E5%A4%A7%E5%A1%9A%E9%A7%85
西麻布 焼肉 X,35.662271,139.726185,미나토구,乃木坂駅,야키니쿠,2025,3.81,631,https://tabelog.com/tokyo/A1307/A130701/13233427/,https://www.google.com/maps/search/?api=1&query=%E8%A5%BF%E9%BA%BB%E5%B8%83%20%E7%84%BC%E8%82%89%20X%20%E4%B9%83%E6%9C%A8%E5%9D%82%E9%A7%85
SATOブリアン さんごう,35.708936,139.635575,스기나미구,阿佐ケ谷駅,야키니쿠,2025,3.88,296,https://tabelog.com/tokyo/A1319/A131905/13223460/,https://www.google.com/maps/search/?api=1&query=SATO%E3%83%96%E3%83%AA%E3%82%A2%E3%83%B3%20%E3%81%95%E3%82%93%E3%81%94%E3%81%86%20%E9%98%BF%E4%BD%90%E3%82%B1%E8%B0%B7%E9%A7%85
炭焼 金竜山,35.645339,139.728313,미나토구,白金高輪駅,야키니쿠,2025,4.33,1173,https://tabelog.com/tokyo/A1316/A131602/13001625/,https://www.google.com/maps/search/?api=1&query=%E7%82%AD%E7%84%BC%20%E9%87%91%E7%AB%9C%E5%B1%B1%20%E7%99%BD%E9%87%91%E9%AB%98%E8%BC%AA%E9%A7%85
山田屋,35.731867,139.781331,아라카와구,三河島駅,야키니쿠,2025,3.71,418,https://tabelog.com/tokyo/A1311/A131104/13032374/,https://www.google.com/maps/search/?api=1&query=%E5%B1%B1%E7%94%B0%E5%B1%8B%20%E4%B8%89%E6%B2%B3%E5%B3%B6%E9%A7%85
焼肉 冷麺 ユッチャン。,35.662775,139.728288,미나토구,六本木駅,야키니쿠,2025,3.65,2065,https://tabelog.com/tokyo/A1307/A130701/13230170/,https://www.google.com/maps/search/?api=1&query=%E7%84%BC%E8%82%89%20%E5%86%B7%E9%BA%BA%20%E3%83%A6%E3%83%83%E3%83%81%E3%83%A3%E3%83%B3%E3%80%82%20%E5%85%AD%E6%9C%AC%E6%9C%A8%E9%A7%85
SATOブリアン七番,35.704942,139.633743,스기나미구,阿佐ケ谷駅,야키니쿠,2025,3.86,93,https://tabelog.com/tokyo/A1319/A131905/13267452/,https://www.google.com/maps/search/?api=1&query=SATO%E3%83%96%E3%83%AA%E3%82%A2%E3%83%B3%E4%B8%83%E7%95%AA%20%E9%98%BF%E4%BD%90%E3%82%B1%E8%B0%B7%E9%A7%85
正泰苑 芝大門店,35.658033,139.753752,미나토구,大門駅,야키니쿠,2025,3.67,1623,https://tabelog.com/tokyo/A1314/A131401/13005213/,https://www.google.com/maps/search/?api=1&query=%E6%AD%A3%E6%B3%B0%E8%8B%91%20%E8%8A%9D%E5%A4%A7%E9%96%80%E5%BA%97%20%E5%A4%A7%E9%96%80%E9%A7%85
USHIGORO S. GINZA,35.66932,139.762031,주오구,銀座駅,야키니쿠,2025,3.94,935,https://tabelog.com/tokyo/A1301/A130101/13222093/,https://www.google.com/maps/search/?api=1&query=USHIGORO%20S.%20GINZA%20%E9%8A%80%E5%BA%A7%E9%A7%85
ホルモンまさる,35.648109,139.746668,미나토구,三田駅,야키니쿠,2025,3.7,2074,https://tabelog.com/tokyo/A1314/A131402/13150755/,https://www.google.com/maps/search/?api=1&query=%E3%83%9B%E3%83%AB%E3%83%A2%E3%83%B3%E3%81%BE%E3%81%95%E3%82%8B%20%E4%B8%89%E7%94%B0%E9%A7%85
焼肉・光陽,35.620234,139.727162,시나가와구,大崎駅,야키니쿠,2025,3.71,633,https://tabelog.com/tokyo/A1316/A131604/13020181/,https://www.google.com/maps/search/?api=1&query=%E7%84%BC%E8%82%89%E3%83%BB%E5%85%89%E9%99%BD%20%E5%A4%A7%E5%B4%8E%E9%A7%85
焼肉 燈花,35.686334,139.784084,주오구,人形町駅,야키니쿠,2025,3.62,583,https://tabelog.com/tokyo/A1302/A130204/13279087/,https://www.google.com/maps/search/?api=1&query=%E7%84%BC%E8%82%89%20%E7%87%88%E8%8A%B1%20%E4%BA%BA%E5%BD%A2%E7%94%BA%E9%A7%85
ビーフキッチン 恵比寿店,35.645505,139.710324,시부야구,恵比寿駅,야키니쿠,2025,3.59,1687,https://tabelog.com/tokyo/A1303/A130302/13262681/,https://www.google.com/maps/search/?api=1&query=%E3%83%93%E3%83%BC%E3%83%95%E3%82%AD%E3%83%83%E3%83%81%E3%83%B3%20%E6%81%B5%E6%AF%94%E5%AF%BF%E5%BA%97%20%E6%81%B5%E6%AF%94%E5%AF%BF%E9%A7%85
焼肉ホルモン 新井屋 渋谷,35.659356,139.696311,시부야구,神泉駅,야키니쿠,2025,3.66,928,https://tabelog.com/tokyo/A1303/A130301/13237382/,https://www.google.com/maps/search/?api=1&query=%E7%84%BC%E8%82%89%E3%83%9B%E3%83%AB%E3%83%A2%E3%83%B3%20%E6%96%B0%E4%BA%95%E5%B1%8B%20%E6%B8%8B%E8%B0%B7%20%E7%A5%9E%E6%B3%89%E9%A7%85
USHIGORO S. NISHIAZABU,35.660066,139.722551,미나토구,乃木坂駅,야키니쿠,2025,3.84,594,https://tabelog.com/tokyo/A1307/A130701/13209611/,https://www.google.com/maps/search/?api=1&query=USHIGORO%20S.%20NISHIAZABU%20%E4%B9%83%E6%9C%A8%E5%9D%82%E9%A7%85
神泉ホルモン 三百屋,35.655797,139.692642,시부야구,神泉駅,야키니쿠,2025,3.65,759,https://tabelog.com/tokyo/A1303/A130301/13024281/,https://www.google.com/maps/search/?api=1&query=%E7%A5%9E%E6%B3%89%E3%83%9B%E3%83%AB%E3%83%A2%E3%83%B3%20%E4%B8%89%E7%99%BE%E5%B1%8B%20%E7%A5%9E%E6%B3%89%E9%A7%85
SATOブリアン 本店,35.704637,139.634245,스기나미구,阿佐ケ谷駅,야키니쿠,2025,3.95,1126,https://tabelog.com/tokyo/A1319/A131905/13127046/,https://www.google.com/maps/search/?api=1&query=SATO%E3%83%96%E3%83%AA%E3%82%A2%E3%83%B3%20%E6%9C%AC%E5%BA%97%20%E9%98%BF%E4%BD%90%E3%82%B1%E8%B0%B7%E9%A7%85
本牧亭。,35.602025,139.697983,오타구,長原駅,야키니쿠,2025,3.64,313,https://tabelog.com/tokyo/A1317/A131714/13010448/,https://www.google.com/maps/search/?api=1&query=%E6%9C%AC%E7%89%A7%E4%BA%AD%E3%80%82%20%E9%95%B7%E5%8E%9F%E9%A7%85
焼肉 六甲園,35.647461,139.678891,세타가야구,池尻大橋駅,야키니쿠,2025,3.72,917,https://tabelog.com/tokyo/A1317/A131705/13252117/,https://www.google.com/maps/search/?api=1&query=%E7%84%BC%E8%82%89%20%E5%85%AD%E7%94%B2%E5%9C%92%20%E6%B1%A0%E5%B0%BB%E5%A4%A7%E6%A9%8B%E9%A7%85
とよ田,35.608629,139.672264,메구로구,自由が丘駅,닭요리,2025,3.68,237,https://tabelog.com/tokyo/A1317/A131703/13278985/,https://www.google.com/maps/search/?api=1&query=%E3%81%A8%E3%82%88%E7%94%B0%20%E8%87%AA%E7%94%B1%E3%81%8C%E4%B8%98%E9%A7%85
地土里,35.663254,139.736257,미나토구,六本木一丁目駅,닭요리,2025,3.9,91,https://tabelog.com/tokyo/A1307/A130701/13303122/,https://www.google.com/maps/search/?api=1&query=%E5%9C%B0%E5%9C%9F%E9%87%8C%20%E5%85%AD%E6%9C%AC%E6%9C%A8%E4%B8%80%E4%B8%81%E7%9B%AE%E9%A7%85
焼肉鳥ｇｇ,35.646098,139.708,시부야구,恵比寿駅,닭요리,2025,3.61,399,https://tabelog.com/tokyo/A1303/A130302/13195809/,https://www.google.com/maps/search/?api=1&query=%E7%84%BC%E8%82%89%E9%B3%A5%EF%BD%87%EF%BD%87%20%E6%81%B5%E6%AF%94%E5%AF%BF%E9%A7%85
鷹匠壽,35.710447,139.795068,다이토구,浅草（東武・都営・メトロ）駅,닭요리,2025,4.35,202,https://tabelog.com/tokyo/A1311/A131102/13003661/,https://www.google.com/maps/search/?api=1&query=%E9%B7%B9%E5%8C%A0%E5%A3%BD%20%E6%B5%85%E8%8D%89%EF%BC%88%E6%9D%B1%E6%AD%A6%E3%83%BB%E9%83%BD%E5%96%B6%E3%83%BB%E3%83%A1%E3%83%88%E3%83%AD%EF%BC%89%E9%A7%85
鳥樹 蒲田店,35.562478,139.718332,오타구,蒲田駅,닭요리,2025,3.58,576,https://tabelog.com/tokyo/A1315/A131503/13024227/,https://www.google.com/maps/search/?api=1&query=%E9%B3%A5%E6%A8%B9%20%E8%92%B2%E7%94%B0%E5%BA%97%20%E8%92%B2%E7%94%B0%E9%A7%85
軍鶏丸,35.645362,139.70739,시부야구,恵比寿駅,닭요리,2025,3.59,299,https://tabelog.com/tokyo/A1303/A130302/13003326/,https://www.google.com/maps/search/?api=1&query=%E8%BB%8D%E9%B6%8F%E4%B8%B8%20%E6%81%B5%E6%AF%94%E5%AF%BF%E9%A7%85
若鳥焼き もばら,35.605107,139.733656,시나가와구,大井町駅,닭요리,2025,3.63,327,https://tabelog.com/tokyo/A1315/A131501/13230305/,https://www.google.com/maps/search/?api=1&query=%E8%8B%A5%E9%B3%A5%E7%84%BC%E3%81%8D%20%E3%82%82%E3%81%B0%E3%82%89%20%E5%A4%A7%E4%BA%95%E7%94%BA%E9%A7%85
鳥料理 鳥勝,35.69171,139.724265,신주쿠구,曙橋駅,닭요리,2025,3.86,110,https://tabelog.com/tokyo/A1309/A130903/13193026/,https://www.google.com/maps/search/?api=1&query=%E9%B3%A5%E6%96%99%E7%90%86%20%E9%B3%A5%E5%8B%9D%20%E6%9B%99%E6%A9%8B%E9%A7%85
とり料理ふじ,35.626005,139.720718,시나가와구,五反田駅,닭요리,2025,3.58,416,https://tabelog.com/tokyo/A1316/A131603/13155948/,https://www.google.com/maps/search/?api=1&query=%E3%81%A8%E3%82%8A%E6%96%99%E7%90%86%E3%81%B5%E3%81%98%20%E4%BA%94%E5%8F%8D%E7%94%B0%E9%A7%85
鳥めし 鳥藤分店,35.666062,139.770421,주오구,築地駅,닭요리,2025,3.54,1338,https://tabelog.com/tokyo/A1313/A131301/13037973/,https://www.google.com/maps/search/?api=1&query=%E9%B3%A5%E3%82%81%E3%81%97%20%E9%B3%A5%E8%97%A4%E5%88%86%E5%BA%97%20%E7%AF%89%E5%9C%B0%E9%A7%85
鶏焼き肉 囲,35.664925,139.727802,미나토구,乃木坂駅,닭요리,2025,3.53,346,https://tabelog.com/tokyo/A1307/A130701/13289352/,https://www.google.com/maps/search/?api=1&query=%E9%B6%8F%E7%84%BC%E3%81%8D%E8%82%89%20%E5%9B%B2%20%E4%B9%83%E6%9C%A8%E5%9D%82%E9%A7%85
泰然,35.689535,139.714353,신주쿠구,新宿御苑前駅,닭요리,2025,3.63,357,https://tabelog.com/tokyo/A1304/A130402/13146085/,https://www.google.com/maps/search/?api=1&query=%E6%B3%B0%E7%84%B6%20%E6%96%B0%E5%AE%BF%E5%BE%A1%E8%8B%91%E5%89%8D%E9%A7%85
鳥めし 鳥藤 豊洲市場,35.644123,139.782486,고토구,市場前駅,닭요리,2025,3.66,464,https://tabelog.com/tokyo/A1313/A131307/13117868/,https://www.google.com/maps/search/?api=1&query=%E9%B3%A5%E3%82%81%E3%81%97%20%E9%B3%A5%E8%97%A4%20%E8%B1%8A%E6%B4%B2%E5%B8%82%E5%A0%B4%20%E5%B8%82%E5%A0%B4%E5%89%8D%E9%A7%85
あひ鴨一品 鳥安,35.692824,139.787055,주오구,東日本橋駅,닭요리,2025,3.61,151,https://tabelog.com/tokyo/A1302/A130204/13003728/,https://www.google.com/maps/search/?api=1&query=%E3%81%82%E3%81%B2%E9%B4%A8%E4%B8%80%E5%93%81%20%E9%B3%A5%E5%AE%89%20%E6%9D%B1%E6%97%A5%E6%9C%AC%E6%A9%8B%E9%A7%85
庭つ鶏,35.626581,139.721391,시나가와구,五反田駅,닭요리,2025,3.65,770,https://tabelog.com/tokyo/A1316/A131603/13020732/,https://www.google.com/maps/search/?api=1&query=%E5%BA%AD%E3%81%A4%E9%B6%8F%20%E4%BA%94%E5%8F%8D%E7%94%B0%E9%A7%85
飛鳥くら田,35.690483,139.771178,지요다구,神田駅,닭요리,2025,3.99,260,https://tabelog.com/tokyo/A1310/A131002/13281891/,https://www.google.com/maps/search/?api=1&query=%E9%A3%9B%E9%B3%A5%E3%81%8F%E3%82%89%E7%94%B0%20%E7%A5%9E%E7%94%B0%E9%A7%85
ひな鳥 そのだ,35.607145,139.740414,시나가와구,鮫洲駅,닭요리,2025,3.61,305,https://tabelog.com/tokyo/A1315/A131501/13137722/,https://www.google.com/maps/search/?api=1&query=%E3%81%B2%E3%81%AA%E9%B3%A5%20%E3%81%9D%E3%81%AE%E3%81%A0%20%E9%AE%AB%E6%B4%B2%E9%A7%85
水づき,35.644301,139.721378,미나토구,白金台駅,닭요리,2025,4.14,234,https://tabelog.com/tokyo/A1316/A131602/13303865/,https://www.google.com/maps/search/?api=1&query=%E6%B0%B4%E3%81%A5%E3%81%8D%20%E7%99%BD%E9%87%91%E5%8F%B0%E9%A7%85
とりなご 恵比寿店,35.645125,139.716953,시부야구,恵比寿駅,닭요리,2025,3.62,1168,https://tabelog.com/tokyo/A1303/A130302/13132380/,https://www.google.com/maps/search/?api=1&query=%E3%81%A8%E3%82%8A%E3%81%AA%E3%81%94%20%E6%81%B5%E6%AF%94%E5%AF%BF%E5%BA%97%20%E6%81%B5%E6%AF%94%E5%AF%BF%E9%A7%85
鳥つね自然洞,35.703987,139.772707,지요다구,末広町駅,닭요리,2025,3.73,1629,https://tabelog.com/tokyo/A1311/A131101/13005547/,https://www.google.com/maps/search/?api=1&query=%E9%B3%A5%E3%81%A4%E3%81%AD%E8%87%AA%E7%84%B6%E6%B4%9E%20%E6%9C%AB%E5%BA%83%E7%94%BA%E9%A7%85
鳥とみ,35.644953,139.679345,세타가야구,三軒茶屋駅,닭요리,2025,3.67,153,https://tabelog.com/tokyo/A1317/A131705/13228923/,https://www.google.com/maps/search/?api=1&query=%E9%B3%A5%E3%81%A8%E3%81%BF%20%E4%B8%89%E8%BB%92%E8%8C%B6%E5%B1%8B%E9%A7%85
一鳥目 とり松,35.656806,139.734111,미나토구,麻布十番駅,닭요리,2025,3.65,330,https://tabelog.com/tokyo/A1307/A130702/13289604/,https://www.google.com/maps/search/?api=1&query=%E4%B8%80%E9%B3%A5%E7%9B%AE%20%E3%81%A8%E3%82%8A%E6%9D%BE%20%E9%BA%BB%E5%B8%83%E5%8D%81%E7%95%AA%E9%A7%85
Na Camo guro,35.644722,139.699181,메구로구,中目黒駅,닭요리,2025,3.6,1455,https://tabelog.com/tokyo/A1317/A131701/13188190/,https://www.google.com/maps/search/?api=1&query=Na%20Camo%20guro%20%E4%B8%AD%E7%9B%AE%E9%BB%92%E9%A7%85
鳥焼き 小花,35.643746,139.71561,시부야구,恵比寿駅,닭요리,2025,3.75,319,https://tabelog.com/tokyo/A1303/A130302/13265540/,https://www.google.com/maps/search/?api=1&query=%E9%B3%A5%E7%84%BC%E3%81%8D%20%E5%B0%8F%E8%8A%B1%20%E6%81%B5%E6%AF%94%E5%AF%BF%E9%A7%85
鬼亭,35.660424,139.704373,시부야구,渋谷駅,닭요리,2025,3.6,562,https://tabelog.com/tokyo/A1303/A130301/13003491/,https://www.google.com/maps/search/?api=1&query=%E9%AC%BC%E4%BA%AD%20%E6%B8%8B%E8%B0%B7%E9%A7%85
お好み焼き 福竹,35.564393,139.707065,오타구,蓮沼駅,오코노미야키,2025,3.68,369,https://tabelog.com/tokyo/A1317/A131714/13003312/,https://www.google.com/maps/search/?api=1&query=%E3%81%8A%E5%A5%BD%E3%81%BF%E7%84%BC%E3%81%8D%20%E7%A6%8F%E7%AB%B9%20%E8%93%AE%E6%B2%BC%E9%A7%85
源亀,35.69778,139.815702,스미다구,錦糸町駅,오코노미야키,2025,3.63,409,https://tabelog.com/tokyo/A1312/A131201/13072955/,https://www.google.com/maps/search/?api=1&query=%E6%BA%90%E4%BA%80%20%E9%8C%A6%E7%B3%B8%E7%94%BA%E9%A7%85
八昌,35.650525,139.637009,세타가야구,経堂駅,오코노미야키,2025,3.65,566,https://tabelog.com/tokyo/A1318/A131813/13013135/,https://www.google.com/maps/search/?api=1&query=%E5%85%AB%E6%98%8C%20%E7%B5%8C%E5%A0%82%E9%A7%85
USHIO,35.663421,139.733113,미나토구,六本木駅,오코노미야키,2025,3.67,515,https://tabelog.com/tokyo/A1307/A130701/13038559/,https://www.google.com/maps/search/?api=1&query=USHIO%20%E5%85%AD%E6%9C%AC%E6%9C%A8%E9%A7%85
戸田亘のお好み焼 さんて寛,35.665597,139.73946,미나토구,六本木一丁目駅,오코노미야키,2025,3.52,1003,https://tabelog.com/tokyo/A1307/A130701/13163322/,https://www.google.com/maps/search/?api=1&query=%E6%88%B8%E7%94%B0%E4%BA%98%E3%81%AE%E3%81%8A%E5%A5%BD%E3%81%BF%E7%84%BC%20%E3%81%95%E3%82%93%E3%81%A6%E5%AF%9B%20%E5%85%AD%E6%9C%AC%E6%9C%A8%E4%B8%80%E4%B8%81%E7%9B%AE%E9%A7%85
お好み焼 きじ 品川店,35.629051,139.744446,미나토구,品川駅,오코노미야키,2025,3.55,1851,https://tabelog.com/tokyo/A1314/A131403/13120197/,https://www.google.com/maps/search/?api=1&query=%E3%81%8A%E5%A5%BD%E3%81%BF%E7%84%BC%20%E3%81%8D%E3%81%98%20%E5%93%81%E5%B7%9D%E5%BA%97%20%E5%93%81%E5%B7%9D%E9%A7%85
浪花,35.735663,139.65491,네리마구,練馬駅,오코노미야키,2025,3.6,469,https://tabelog.com/tokyo/A1321/A132102/13008999/,https://www.google.com/maps/search/?api=1&query=%E6%B5%AA%E8%8A%B1%20%E7%B7%B4%E9%A6%AC%E9%A7%85
お好み焼 きじ 丸の内店,35.678452,139.765094,지요다구,東京駅,오코노미야키,2025,3.65,2585,https://tabelog.com/tokyo/A1302/A130201/13020110/,https://www.google.com/maps/search/?api=1&query=%E3%81%8A%E5%A5%BD%E3%81%BF%E7%84%BC%20%E3%81%8D%E3%81%98%20%E4%B8%B8%E3%81%AE%E5%86%85%E5%BA%97%20%E6%9D%B1%E4%BA%AC%E9%A7%85
お好み焼き いまり 恵比寿,35.649882,139.7077,시부야구,代官山駅,오코노미야키,2025,3.7,831,https://tabelog.com/tokyo/A1303/A130302/13155810/,https://www.google.com/maps/search/?api=1&query=%E3%81%8A%E5%A5%BD%E3%81%BF%E7%84%BC%E3%81%8D%20%E3%81%84%E3%81%BE%E3%82%8A%20%E6%81%B5%E6%AF%94%E5%AF%BF%20%E4%BB%A3%E5%AE%98%E5%B1%B1%E9%A7%85
広島お好み焼き おこたろう,35.765355,139.848847,가쓰시카구,亀有駅,오코노미야키,2025,3.57,314,https://tabelog.com/tokyo/A1324/A132403/13061247/,https://www.google.com/maps/search/?api=1&query=%E5%BA%83%E5%B3%B6%E3%81%8A%E5%A5%BD%E3%81%BF%E7%84%BC%E3%81%8D%20%E3%81%8A%E3%81%93%E3%81%9F%E3%82%8D%E3%81%86%20%E4%BA%80%E6%9C%89%E9%A7%85
なんばん亭 下北沢店,35.660758,139.667909,세타가야구,下北沢駅,오코노미야키,2025,3.59,680,https://tabelog.com/tokyo/A1318/A131802/13037445/,https://www.google.com/maps/search/?api=1&query=%E3%81%AA%E3%82%93%E3%81%B0%E3%82%93%E4%BA%AD%20%E4%B8%8B%E5%8C%97%E6%B2%A2%E5%BA%97%20%E4%B8%8B%E5%8C%97%E6%B2%A2%E9%A7%85
美味ぇ津゛,35.663875,139.757803,미나토구,汐留駅,이자카야,2025,3.64,443,https://tabelog.com/tokyo/A1301/A130103/13159855/,https://www.google.com/maps/search/?api=1&query=%E7%BE%8E%E5%91%B3%E3%81%87%E6%B4%A5%E3%82%9B%20%E6%B1%90%E7%95%99%E9%A7%85
鮨ト酒肴 富かわ,35.702536,139.577596,武蔵野구,吉祥寺駅,이자카야,2025,3.64,393,https://tabelog.com/tokyo/A1320/A132001/13297928/,https://www.google.com/maps/search/?api=1&query=%E9%AE%A8%E3%83%88%E9%85%92%E8%82%B4%20%E5%AF%8C%E3%81%8B%E3%82%8F%20%E5%90%89%E7%A5%A5%E5%AF%BA%E9%A7%85
酒肴 新屋敷,35.711857,139.709537,신주쿠구,西早稲田駅,이자카야,2025,3.71,587,https://tabelog.com/tokyo/A1305/A130503/13193868/,https://www.google.com/maps/search/?api=1&query=%E9%85%92%E8%82%B4%20%E6%96%B0%E5%B1%8B%E6%95%B7%20%E8%A5%BF%E6%97%A9%E7%A8%B2%E7%94%B0%E9%A7%85
長生庵,35.66531,139.771505,주오구,築地駅,이자카야,2025,3.57,921,https://tabelog.com/tokyo/A1313/A131301/13024450/,https://www.google.com/maps/search/?api=1&query=%E9%95%B7%E7%94%9F%E5%BA%B5%20%E7%AF%89%E5%9C%B0%E9%A7%85
菜香餃子房,35.74785,139.803944,아다치구,北千住駅,이자카야,2025,3.65,219,https://tabelog.com/tokyo/A1324/A132402/13158080/,https://www.google.com/maps/search/?api=1&query=%E8%8F%9C%E9%A6%99%E9%A4%83%E5%AD%90%E6%88%BF%20%E5%8C%97%E5%8D%83%E4%BD%8F%E9%A7%85
かんだ光壽,35.693294,139.772175,지요다구,神田駅,이자카야,2025,3.67,645,https://tabelog.com/tokyo/A1310/A131002/13011272/,https://www.google.com/maps/search/?api=1&query=%E3%81%8B%E3%82%93%E3%81%A0%E5%85%89%E5%A3%BD%20%E7%A5%9E%E7%94%B0%E9%A7%85
食堂とだか,35.624883,139.724286,시나가와구,五反田駅,이자카야,2025,3.9,1105,https://tabelog.com/tokyo/A1316/A131603/13187669/,https://www.google.com/maps/search/?api=1&query=%E9%A3%9F%E5%A0%82%E3%81%A8%E3%81%A0%E3%81%8B%20%E4%BA%94%E5%8F%8D%E7%94%B0%E9%A7%85
高太郎,35.655566,139.699288,시부야구,渋谷駅,이자카야,2025,3.7,554,https://tabelog.com/tokyo/A1303/A130301/13123997/,https://www.google.com/maps/search/?api=1&query=%E9%AB%98%E5%A4%AA%E9%83%8E%20%E6%B8%8B%E8%B0%B7%E9%A7%85
陸蒸気,35.707602,139.666109,나카노구,中野駅,이자카야,2025,3.59,1809,https://tabelog.com/tokyo/A1319/A131902/13000216/,https://www.google.com/maps/search/?api=1&query=%E9%99%B8%E8%92%B8%E6%B0%97%20%E4%B8%AD%E9%87%8E%E9%A7%85
日南,35.626493,139.724651,시나가와구,五反田駅,이자카야,2025,3.63,516,https://tabelog.com/tokyo/A1316/A131603/13001650/,https://www.google.com/maps/search/?api=1&query=%E6%97%A5%E5%8D%97%20%E4%BA%94%E5%8F%8D%E7%94%B0%E9%A7%85
ここにもとだか,35.622418,139.721922,시나가와구,大崎広小路駅,이자카야,2025,3.68,487,https://tabelog.com/tokyo/A1316/A131603/13296612/,https://www.google.com/maps/search/?api=1&query=%E3%81%93%E3%81%93%E3%81%AB%E3%82%82%E3%81%A8%E3%81%A0%E3%81%8B%20%E5%A4%A7%E5%B4%8E%E5%BA%83%E5%B0%8F%E8%B7%AF%E9%A7%85
大塚 みや穂,35.730508,139.727348,도시마구,大塚駅,이자카야,2025,3.65,568,https://tabelog.com/tokyo/A1323/A132302/13103559/,https://www.google.com/maps/search/?api=1&query=%E5%A4%A7%E5%A1%9A%20%E3%81%BF%E3%82%84%E7%A9%82%20%E5%A4%A7%E5%A1%9A%E9%A7%85
産直屋 たか,35.658522,139.694153,시부야구,神泉駅,이자카야,2025,3.72,538,https://tabelog.com/tokyo/A1303/A130301/13008327/,https://www.google.com/maps/search/?api=1&query=%E7%94%A3%E7%9B%B4%E5%B1%8B%20%E3%81%9F%E3%81%8B%20%E7%A5%9E%E6%B3%89%E9%A7%85
ニュー新みかん,35.66629,139.75739,미나토구,新橋駅,이자카야,2025,3.61,300,https://tabelog.com/tokyo/A1301/A130103/13281580/,https://www.google.com/maps/search/?api=1&query=%E3%83%8B%E3%83%A5%E3%83%BC%E6%96%B0%E3%81%BF%E3%81%8B%E3%82%93%20%E6%96%B0%E6%A9%8B%E9%A7%85
味のなかむら,35.656195,139.72145,미나토구,広尾駅,이자카야,2025,3.61,517,https://tabelog.com/tokyo/A1307/A130703/13170372/,https://www.google.com/maps/search/?api=1&query=%E5%91%B3%E3%81%AE%E3%81%AA%E3%81%8B%E3%82%80%E3%82%89%20%E5%BA%83%E5%B0%BE%E9%A7%85
新橋 いっぱし,35.668293,139.756461,미나토구,内幸町駅,이자카야,2025,3.59,900,https://tabelog.com/tokyo/A1301/A130103/13224766/,https://www.google.com/maps/search/?api=1&query=%E6%96%B0%E6%A9%8B%20%E3%81%84%E3%81%A3%E3%81%B1%E3%81%97%20%E5%86%85%E5%B9%B8%E7%94%BA%E9%A7%85
丸千葉,35.726016,139.800254,다이토구,南千住駅,이자카야,2025,3.64,646,https://tabelog.com/tokyo/A1324/A132401/13050828/,https://www.google.com/maps/search/?api=1&query=%E4%B8%B8%E5%8D%83%E8%91%89%20%E5%8D%97%E5%8D%83%E4%BD%8F%E9%A7%85
銀座呑小路やま岸,35.670338,139.760698,주오구,銀座駅,이자카야,2025,3.68,250,https://tabelog.com/tokyo/A1301/A130101/13289912/,https://www.google.com/maps/search/?api=1&query=%E9%8A%80%E5%BA%A7%E5%91%91%E5%B0%8F%E8%B7%AF%E3%82%84%E3%81%BE%E5%B2%B8%20%E9%8A%80%E5%BA%A7%E9%A7%85
金田,35.608161,139.669413,메구로구,自由が丘駅,이자카야,2025,3.67,698,https://tabelog.com/tokyo/A1317/A131703/13003212/,https://www.google.com/maps/search/?api=1&query=%E9%87%91%E7%94%B0%20%E8%87%AA%E7%94%B1%E3%81%8C%E4%B8%98%E9%A7%85
酒井商会,35.657569,139.704902,시부야구,渋谷駅,이자카야,2025,3.69,458,https://tabelog.com/tokyo/A1303/A130301/13220751/,https://www.google.com/maps/search/?api=1&query=%E9%85%92%E4%BA%95%E5%95%86%E4%BC%9A%20%E6%B8%8B%E8%B0%B7%E9%A7%85
EUREKA！,35.659411,139.722414,미나토구,広尾駅,이자카야,2025,3.67,118,https://tabelog.com/tokyo/A1307/A130701/13278959/,https://www.google.com/maps/search/?api=1&query=EUREKA%EF%BC%81%20%E5%BA%83%E5%B0%BE%E9%A7%85
松濤 爛缶,35.658624,139.692516,시부야구,神泉駅,이자카야,2025,3.69,130,https://tabelog.com/tokyo/A1303/A130301/13246953/,https://www.google.com/maps/search/?api=1&query=%E6%9D%BE%E6%BF%A4%20%E7%88%9B%E7%BC%B6%20%E7%A5%9E%E6%B3%89%E9%A7%85
あかぎ,35.71912,139.784087,다이토구,入谷駅,이자카야,2025,3.64,398,https://tabelog.com/tokyo/A1311/A131104/13157124/,https://www.google.com/maps/search/?api=1&query=%E3%81%82%E3%81%8B%E3%81%8E%20%E5%85%A5%E8%B0%B7%E9%A7%85
四季の味 ふじ芳,35.694448,139.79895,스미다구,両国駅,이자카야,2025,3.7,252,https://tabelog.com/tokyo/A1312/A131201/13220723/,https://www.google.com/maps/search/?api=1&query=%E5%9B%9B%E5%AD%A3%E3%81%AE%E5%91%B3%20%E3%81%B5%E3%81%98%E8%8A%B3%20%E4%B8%A1%E5%9B%BD%E9%A7%85
酒 秀治郎,35.649088,139.706574,시부야구,代官山駅,이자카야,2025,3.63,409,https://tabelog.com/tokyo/A1303/A130302/13222854/,https://www.google.com/maps/search/?api=1&query=%E9%85%92%20%E7%A7%80%E6%B2%BB%E9%83%8E%20%E4%BB%A3%E5%AE%98%E5%B1%B1%E9%A7%85
多け乃,35.664602,139.77224,주오구,築地駅,이자카야,2025,3.67,1083,https://tabelog.com/tokyo/A1313/A131301/13007634/,https://www.google.com/maps/search/?api=1&query=%E5%A4%9A%E3%81%91%E4%B9%83%20%E7%AF%89%E5%9C%B0%E9%A7%85
月肴,35.689823,139.721723,신주쿠구,四谷三丁目駅,이자카야,2025,3.63,134,https://tabelog.com/tokyo/A1309/A130903/13173302/,https://www.google.com/maps/search/?api=1&query=%E6%9C%88%E8%82%B4%20%E5%9B%9B%E8%B0%B7%E4%B8%89%E4%B8%81%E7%9B%AE%E9%A7%85
岸田屋,35.662395,139.779896,주오구,勝どき駅,이자카야,2025,3.71,1431,https://tabelog.com/tokyo/A1313/A131302/13002239/,https://www.google.com/maps/search/?api=1&query=%E5%B2%B8%E7%94%B0%E5%B1%8B%20%E5%8B%9D%E3%81%A9%E3%81%8D%E9%A7%85
肴や味泉,35.664886,139.781445,주오구,月島駅,이자카야,2025,3.63,288,https://tabelog.com/tokyo/A1313/A131302/13002247/,https://www.google.com/maps/search/?api=1&query=%E8%82%B4%E3%82%84%E5%91%B3%E6%B3%89%20%E6%9C%88%E5%B3%B6%E9%A7%85
創和堂,35.64803,139.71532,시부야구,恵比寿駅,이자카야,2025,3.68,695,https://tabelog.com/tokyo/A1303/A130302/13248516/,https://www.google.com/maps/search/?api=1&query=%E5%89%B5%E5%92%8C%E5%A0%82%20%E6%81%B5%E6%AF%94%E5%AF%BF%E9%A7%85
立呑み とだか,35.624885,139.724209,시나가와구,五反田駅,이자카야,2025,3.68,713,https://tabelog.com/tokyo/A1316/A131603/13201886/,https://www.google.com/maps/search/?api=1&query=%E7%AB%8B%E5%91%91%E3%81%BF%20%E3%81%A8%E3%81%A0%E3%81%8B%20%E4%BA%94%E5%8F%8D%E7%94%B0%E9%A7%85
萬屋 おかげさん,35.687701,139.725062,신주쿠구,四谷三丁目駅,이자카야,2025,3.64,277,https://tabelog.com/tokyo/A1309/A130903/13025617/,https://www.google.com/maps/search/?api=1&query=%E8%90%AC%E5%B1%8B%20%E3%81%8A%E3%81%8B%E3%81%92%E3%81%95%E3%82%93%20%E5%9B%9B%E8%B0%B7%E4%B8%89%E4%B8%81%E7%9B%AE%E9%A7%85
和食や 太いち,35.605002,139.68509,오타구,大岡山駅,이자카야,2025,3.71,202,https://tabelog.com/tokyo/A1317/A131711/13204861/,https://www.google.com/maps/search/?api=1&query=%E5%92%8C%E9%A3%9F%E3%82%84%20%E5%A4%AA%E3%81%84%E3%81%A1%20%E5%A4%A7%E5%B2%A1%E5%B1%B1%E9%A7%85
菱田屋酒場,35.657613,139.686674,메구로구,駒場東大前駅,이자카야,2025,3.61,241,https://tabelog.com/tokyo/A1318/A131801/13261928/,https://www.google.com/maps/search/?api=1&query=%E8%8F%B1%E7%94%B0%E5%B1%8B%E9%85%92%E5%A0%B4%20%E9%A7%92%E5%A0%B4%E6%9D%B1%E5%A4%A7%E5%89%8D%E9%A7%85
のどぐろ専門 銀座 中俣,35.67018,139.766977,주오구,東銀座駅,이자카야,2025,3.66,557,https://tabelog.com/tokyo/A1301/A130101/13186922/,https://www.google.com/maps/search/?api=1&query=%E3%81%AE%E3%81%A9%E3%81%90%E3%82%8D%E5%B0%82%E9%96%80%20%E9%8A%80%E5%BA%A7%20%E4%B8%AD%E4%BF%A3%20%E6%9D%B1%E9%8A%80%E5%BA%A7%E9%A7%85
舞浜,35.665847,139.755811,미나토구,新橋駅,이자카야,2025,3.67,1166,https://tabelog.com/tokyo/A1301/A130103/13013868/,https://www.google.com/maps/search/?api=1&query=%E8%88%9E%E6%B5%9C%20%E6%96%B0%E6%A9%8B%E9%A7%85
牧野,35.6182,139.742024,시나가와구,新馬場駅,이자카야,2025,3.68,389,https://tabelog.com/tokyo/A1314/A131405/13027466/,https://www.google.com/maps/search/?api=1&query=%E7%89%A7%E9%87%8E%20%E6%96%B0%E9%A6%AC%E5%A0%B4%E9%A7%85
シンスケ,35.708185,139.769161,분쿄구,湯島駅,이자카야,2025,3.57,372,https://tabelog.com/tokyo/A1311/A131101/13003607/,https://www.google.com/maps/search/?api=1&query=%E3%82%B7%E3%83%B3%E3%82%B9%E3%82%B1%20%E6%B9%AF%E5%B3%B6%E9%A7%85
浅草 ASA虎,35.713054,139.798619,다이토구,浅草（東武・都営・メトロ）駅,이자카야,2025,3.65,833,https://tabelog.com/tokyo/A1311/A131102/13259649/,https://www.google.com/maps/search/?api=1&query=%E6%B5%85%E8%8D%89%20ASA%E8%99%8E%20%E6%B5%85%E8%8D%89%EF%BC%88%E6%9D%B1%E6%AD%A6%E3%83%BB%E9%83%BD%E5%96%B6%E3%83%BB%E3%83%A1%E3%83%88%E3%83%AD%EF%BC%89%E9%A7%85
タチアタル,35.749052,139.803805,아다치구,北千住駅,선술집,2025,3.56,401,https://tabelog.com/tokyo/A1324/A132402/13246471/,https://www.google.com/maps/search/?api=1&query=%E3%82%BF%E3%83%81%E3%82%A2%E3%82%BF%E3%83%AB%20%E5%8C%97%E5%8D%83%E4%BD%8F%E9%A7%85
銀座 しまだ,35.669605,139.759547,주오구,新橋駅,선술집,2025,3.66,1459,https://tabelog.com/tokyo/A1301/A130101/13136359/,https://www.google.com/maps/search/?api=1&query=%E9%8A%80%E5%BA%A7%20%E3%81%97%E3%81%BE%E3%81%A0%20%E6%96%B0%E6%A9%8B%E9%A7%85
城喜元,35.664443,139.756605,미나토구,新橋駅,선술집,2025,3.55,461,https://tabelog.com/tokyo/A1301/A130103/13122159/,https://www.google.com/maps/search/?api=1&query=%E5%9F%8E%E5%96%9C%E5%85%83%20%E6%96%B0%E6%A9%8B%E9%A7%85
富士屋本店 日本橋浜町,35.685929,139.78825,주오구,浜町駅,선술집,2025,3.68,692,https://tabelog.com/tokyo/A1302/A130204/13193413/,https://www.google.com/maps/search/?api=1&query=%E5%AF%8C%E5%A3%AB%E5%B1%8B%E6%9C%AC%E5%BA%97%20%E6%97%A5%E6%9C%AC%E6%A9%8B%E6%B5%9C%E7%94%BA%20%E6%B5%9C%E7%94%BA%E9%A7%85
立呑み 浅草 洒落者,35.710778,139.792372,다이토구,田原町駅,선술집,2025,3.69,347,https://tabelog.com/tokyo/A1311/A131102/13205183/,https://www.google.com/maps/search/?api=1&query=%E7%AB%8B%E5%91%91%E3%81%BF%20%E6%B5%85%E8%8D%89%20%E6%B4%92%E8%90%BD%E8%80%85%20%E7%94%B0%E5%8E%9F%E7%94%BA%E9%A7%85
縄のれん,35.647559,139.708513,시부야구,恵比寿駅,선술집,2025,3.54,361,https://tabelog.com/tokyo/A1303/A130302/13007484/,https://www.google.com/maps/search/?api=1&query=%E7%B8%84%E3%81%AE%E3%82%8C%E3%82%93%20%E6%81%B5%E6%AF%94%E5%AF%BF%E9%A7%85
なまけ,35.562404,139.712279,오타구,蒲田駅,선술집,2025,3.49,522,https://tabelog.com/tokyo/A1315/A131503/13275125/,https://www.google.com/maps/search/?api=1&query=%E3%81%AA%E3%81%BE%E3%81%91%20%E8%92%B2%E7%94%B0%E9%A7%85
スタンドトトノイ,35.746503,139.720327,이타바시구,板橋駅,선술집,2025,3.44,142,https://tabelog.com/tokyo/A1322/A132201/13257217/,https://www.google.com/maps/search/?api=1&query=%E3%82%B9%E3%82%BF%E3%83%B3%E3%83%89%E3%83%88%E3%83%88%E3%83%8E%E3%82%A4%20%E6%9D%BF%E6%A9%8B%E9%A7%85
大衆酒場 宗屋,35.648081,139.749356,미나토구,三田駅,선술집,2025,3.56,266,https://tabelog.com/tokyo/A1314/A131402/13249390/,https://www.google.com/maps/search/?api=1&query=%E5%A4%A7%E8%A1%86%E9%85%92%E5%A0%B4%20%E5%AE%97%E5%B1%8B%20%E4%B8%89%E7%94%B0%E9%A7%85
さか月,35.662804,139.781594,주오구,月島駅,선술집,2025,3.59,82,https://tabelog.com/tokyo/A1313/A131302/13230398/,https://www.google.com/maps/search/?api=1&query=%E3%81%95%E3%81%8B%E6%9C%88%20%E6%9C%88%E5%B3%B6%E9%A7%85
ますらお,35.670868,139.797486,고토구,門前仲町駅,선술집,2025,3.55,723,https://tabelog.com/tokyo/A1313/A131303/13178222/,https://www.google.com/maps/search/?api=1&query=%E3%81%BE%E3%81%99%E3%82%89%E3%81%8A%20%E9%96%80%E5%89%8D%E4%BB%B2%E7%94%BA%E9%A7%85
サ嘉ダチ,35.673226,139.773837,주오구,新富町駅,선술집,2025,3.62,299,https://tabelog.com/tokyo/A1313/A131301/13170367/,https://www.google.com/maps/search/?api=1&query=%E3%82%B5%E5%98%89%E3%83%80%E3%83%81%20%E6%96%B0%E5%AF%8C%E7%94%BA%E9%A7%85
魚草,35.709639,139.774722,다이토구,京成上野駅,선술집,2025,3.55,1226,https://tabelog.com/tokyo/A1311/A131101/13164551/,https://www.google.com/maps/search/?api=1&query=%E9%AD%9A%E8%8D%89%20%E4%BA%AC%E6%88%90%E4%B8%8A%E9%87%8E%E9%A7%85
かねます,35.660015,139.776785,주오구,勝どき駅,선술집,2025,3.75,815,https://tabelog.com/tokyo/A1313/A131302/13002243/,https://www.google.com/maps/search/?api=1&query=%E3%81%8B%E3%81%AD%E3%81%BE%E3%81%99%20%E5%8B%9D%E3%81%A9%E3%81%8D%E9%A7%85
築地長屋6-7-7,35.66494,139.773744,주오구,築地駅,선술집,2025,3.62,250,https://tabelog.com/tokyo/A1313/A131301/13265484/,https://www.google.com/maps/search/?api=1&query=%E7%AF%89%E5%9C%B0%E9%95%B7%E5%B1%8B6-7-7%20%E7%AF%89%E5%9C%B0%E9%A7%85
スタンドヒーロー,35.701774,139.75385,지요다구,水道橋駅,선술집,2025,3.54,593,https://tabelog.com/tokyo/A1310/A131003/13037849/,https://www.google.com/maps/search/?api=1&query=%E3%82%B9%E3%82%BF%E3%83%B3%E3%83%89%E3%83%92%E3%83%BC%E3%83%AD%E3%83%BC%20%E6%B0%B4%E9%81%93%E6%A9%8B%E9%A7%85
neo,35.657463,139.694421,시부야구,神泉駅,선술집,2025,3.55,472,https://tabelog.com/tokyo/A1303/A130301/13262588/,https://www.google.com/maps/search/?api=1&query=neo%20%E7%A5%9E%E6%B3%89%E9%A7%85
魚がし 福ちゃん 2号店,35.65784,139.698669,시부야구,渋谷駅,선술집,2025,3.66,288,https://tabelog.com/tokyo/A1303/A130301/13067049/,https://www.google.com/maps/search/?api=1&query=%E9%AD%9A%E3%81%8C%E3%81%97%20%E7%A6%8F%E3%81%A1%E3%82%83%E3%82%93%202%E5%8F%B7%E5%BA%97%20%E6%B8%8B%E8%B0%B7%E9%A7%85
ワインショップ 奥神楽坂商店,35.703505,139.737133,신주쿠구,神楽坂駅,선술집,2025,3.54,137,https://tabelog.com/tokyo/A1309/A130905/13253879/,https://www.google.com/maps/search/?api=1&query=%E3%83%AF%E3%82%A4%E3%83%B3%E3%82%B7%E3%83%A7%E3%83%83%E3%83%97%20%E5%A5%A5%E7%A5%9E%E6%A5%BD%E5%9D%82%E5%95%86%E5%BA%97%20%E7%A5%9E%E6%A5%BD%E5%9D%82%E9%A7%85
立呑 富士屋本店,35.656633,139.701071,시부야구,渋谷駅,선술집,2025,3.53,610,https://tabelog.com/tokyo/A1303/A130301/13279361/,https://www.google.com/maps/search/?api=1&query=%E7%AB%8B%E5%91%91%20%E5%AF%8C%E5%A3%AB%E5%B1%8B%E6%9C%AC%E5%BA%97%20%E6%B8%8B%E8%B0%B7%E9%A7%85
Peter Luger Steak House Tokyo,35.643882,139.713962,시부야구,恵比寿駅,스테이크·철판,2025,3.75,2110,https://tabelog.com/tokyo/A1303/A130302/13258435/,https://www.google.com/maps/search/?api=1&query=Peter%20Luger%20Steak%20House%20Tokyo%20%E6%81%B5%E6%AF%94%E5%AF%BF%E9%A7%85
鉄板焼き 高見,35.653958,139.713842,시부야구,広尾駅,스테이크·철판,2025,3.55,198,https://tabelog.com/tokyo/A1303/A130302/13021191/,https://www.google.com/maps/search/?api=1&query=%E9%89%84%E6%9D%BF%E7%84%BC%E3%81%8D%20%E9%AB%98%E8%A6%8B%20%E5%BA%83%E5%B0%BE%E9%A7%85
Steak Dining Vitis,35.645251,139.697147,메구로구,中目黒駅,스테이크·철판,2025,3.62,251,https://tabelog.com/tokyo/A1317/A131701/13173227/,https://www.google.com/maps/search/?api=1&query=Steak%20Dining%20Vitis%20%E4%B8%AD%E7%9B%AE%E9%BB%92%E9%A7%85
哥利歐,35.666258,139.76499,주오구,築地市場駅,스테이크·철판,2025,3.77,213,https://tabelog.com/tokyo/A1313/A131301/13002356/,https://www.google.com/maps/search/?api=1&query=%E5%93%A5%E5%88%A9%E6%AD%90%20%E7%AF%89%E5%9C%B0%E5%B8%82%E5%A0%B4%E9%A7%85
小石川 中勢以,35.716155,139.740674,분쿄구,茗荷谷駅,스테이크·철판,2025,3.72,1299,https://tabelog.com/tokyo/A1323/A132302/13152057/,https://www.google.com/maps/search/?api=1&query=%E5%B0%8F%E7%9F%B3%E5%B7%9D%20%E4%B8%AD%E5%8B%A2%E4%BB%A5%20%E8%8C%97%E8%8D%B7%E8%B0%B7%E9%A7%85
Morton&#39;s The Steakhouse 丸の内,35.677976,139.761901,지요다구,二重橋前駅,스테이크·철판,2025,3.64,482,https://tabelog.com/tokyo/A1301/A130102/13226598/,https://www.google.com/maps/search/?api=1&query=Morton%26%2339%3Bs%20The%20Steakhouse%20%E4%B8%B8%E3%81%AE%E5%86%85%20%E4%BA%8C%E9%87%8D%E6%A9%8B%E5%89%8D%E9%A7%85
鉄板焼さざん,35.627139,139.720867,시나가와구,五反田駅,스테이크·철판,2025,3.58,305,https://tabelog.com/tokyo/A1316/A131603/13264012/,https://www.google.com/maps/search/?api=1&query=%E9%89%84%E6%9D%BF%E7%84%BC%E3%81%95%E3%81%96%E3%82%93%20%E4%BA%94%E5%8F%8D%E7%94%B0%E9%A7%85
ステーキ＆ワイン　神房,35.695676,139.75737,지요다구,神保町駅,스테이크·철판,2025,3.59,439,https://tabelog.com/tokyo/A1310/A131003/13053632/,https://www.google.com/maps/search/?api=1&query=%E3%82%B9%E3%83%86%E3%83%BC%E3%82%AD%EF%BC%86%E3%83%AF%E3%82%A4%E3%83%B3%E3%80%80%E7%A5%9E%E6%88%BF%20%E7%A5%9E%E4%BF%9D%E7%94%BA%E9%A7%85
鉄板焼 さざんか,35.667086,139.745523,미나토구,虎ノ門ヒルズ駅,스테이크·철판,2025,3.6,221,https://tabelog.com/tokyo/A1308/A130802/13238559/,https://www.google.com/maps/search/?api=1&query=%E9%89%84%E6%9D%BF%E7%84%BC%20%E3%81%95%E3%81%96%E3%82%93%E3%81%8B%20%E8%99%8E%E3%83%8E%E9%96%80%E3%83%92%E3%83%AB%E3%82%BA%E9%A7%85
ラステイクス,35.648685,139.71797,시부야구,広尾駅,스테이크·철판,2025,3.68,883,https://tabelog.com/tokyo/A1303/A130302/13183954/,https://www.google.com/maps/search/?api=1&query=%E3%83%A9%E3%82%B9%E3%83%86%E3%82%A4%E3%82%AF%E3%82%B9%20%E5%BA%83%E5%B0%BE%E9%A7%85
神戸牛炉釜炭焼ステーキ銀座一宮,35.668638,139.766984,주오구,東銀座駅,스테이크·철판,2025,3.7,105,https://tabelog.com/tokyo/A1301/A130101/13231933/,https://www.google.com/maps/search/?api=1&query=%E7%A5%9E%E6%88%B8%E7%89%9B%E7%82%89%E9%87%9C%E7%82%AD%E7%84%BC%E3%82%B9%E3%83%86%E3%83%BC%E3%82%AD%E9%8A%80%E5%BA%A7%E4%B8%80%E5%AE%AE%20%E6%9D%B1%E9%8A%80%E5%BA%A7%E9%A7%85
CHACOあめみや,35.678612,139.710107,시부야구,千駄ケ谷駅,스테이크·철판,2025,3.66,900,https://tabelog.com/tokyo/A1309/A130901/13006988/,https://www.google.com/maps/search/?api=1&query=CHACO%E3%81%82%E3%82%81%E3%81%BF%E3%82%84%20%E5%8D%83%E9%A7%84%E3%82%B1%E8%B0%B7%E9%A7%85
加藤牛肉店 銀座,35.67126,139.761331,주오구,銀座駅,스테이크·철판,2025,3.66,310,https://tabelog.com/tokyo/A1301/A130101/13076544/,https://www.google.com/maps/search/?api=1&query=%E5%8A%A0%E8%97%A4%E7%89%9B%E8%82%89%E5%BA%97%20%E9%8A%80%E5%BA%A7%20%E9%8A%80%E5%BA%A7%E9%A7%85
秋田牛鉄板焼 銀座五明,35.6716,139.761643,주오구,銀座駅,스테이크·철판,2025,3.75,155,https://tabelog.com/tokyo/A1301/A130101/13187289/,https://www.google.com/maps/search/?api=1&query=%E7%A7%8B%E7%94%B0%E7%89%9B%E9%89%84%E6%9D%BF%E7%84%BC%20%E9%8A%80%E5%BA%A7%E4%BA%94%E6%98%8E%20%E9%8A%80%E5%BA%A7%E9%A7%85
T,35.641137,139.696272,메구로구,中目黒駅,스테이크·철판,2025,3.62,189,https://tabelog.com/tokyo/A1317/A131701/13273441/,https://www.google.com/maps/search/?api=1&query=T%20%E4%B8%AD%E7%9B%AE%E9%BB%92%E9%A7%85
鉄板焼 濠,35.684812,139.761565,지요다구,大手町駅,스테이크·철판,2025,3.66,139,https://tabelog.com/tokyo/A1302/A130201/13141131/,https://www.google.com/maps/search/?api=1&query=%E9%89%84%E6%9D%BF%E7%84%BC%20%E6%BF%A0%20%E5%A4%A7%E6%89%8B%E7%94%BA%E9%A7%85
西洋料理 島,35.679056,139.772905,주오구,京橋駅,스테이크·철판,2025,3.71,267,https://tabelog.com/tokyo/A1302/A130202/13000495/,https://www.google.com/maps/search/?api=1&query=%E8%A5%BF%E6%B4%8B%E6%96%99%E7%90%86%20%E5%B3%B6%20%E4%BA%AC%E6%A9%8B%E9%A7%85
ベンジャミンステーキハウス 六本木,35.663787,139.731498,미나토구,六本木駅,스테이크·철판,2025,3.66,1208,https://tabelog.com/tokyo/A1307/A130701/13209863/,https://www.google.com/maps/search/?api=1&query=%E3%83%99%E3%83%B3%E3%82%B8%E3%83%A3%E3%83%9F%E3%83%B3%E3%82%B9%E3%83%86%E3%83%BC%E3%82%AD%E3%83%8F%E3%82%A6%E3%82%B9%20%E5%85%AD%E6%9C%AC%E6%9C%A8%20%E5%85%AD%E6%9C%AC%E6%9C%A8%E9%A7%85
嘉門,35.672413,139.758349,지요다구,日比谷駅,스테이크·철판,2025,3.62,389,https://tabelog.com/tokyo/A1301/A130102/13002295/,https://www.google.com/maps/search/?api=1&query=%E5%98%89%E9%96%80%20%E6%97%A5%E6%AF%94%E8%B0%B7%E9%A7%85
ウルフギャング・ステーキハウス 丸の内店,35.679344,139.761787,지요다구,二重橋前駅,스테이크·철판,2025,3.69,2747,https://tabelog.com/tokyo/A1302/A130201/13175479/,https://www.google.com/maps/search/?api=1&query=%E3%82%A6%E3%83%AB%E3%83%95%E3%82%AE%E3%83%A3%E3%83%B3%E3%82%B0%E3%83%BB%E3%82%B9%E3%83%86%E3%83%BC%E3%82%AD%E3%83%8F%E3%82%A6%E3%82%B9%20%E4%B8%B8%E3%81%AE%E5%86%85%E5%BA%97%20%E4%BA%8C%E9%87%8D%E6%A9%8B%E5%89%8D%E9%A7%85
佐賀牛 季楽 銀座,35.671721,139.763298,주오구,銀座駅,스테이크·철판,2025,3.67,496,https://tabelog.com/tokyo/A1301/A130101/13020504/,https://www.google.com/maps/search/?api=1&query=%E4%BD%90%E8%B3%80%E7%89%9B%20%E5%AD%A3%E6%A5%BD%20%E9%8A%80%E5%BA%A7%20%E9%8A%80%E5%BA%A7%E9%A7%85
ロウリーズ・ザ・プライムリブ 恵比寿ガーデンプレイス店,35.642212,139.713674,메구로구,恵比寿駅,스테이크·철판,2025,3.62,2647,https://tabelog.com/tokyo/A1303/A130302/13165420/,https://www.google.com/maps/search/?api=1&query=%E3%83%AD%E3%82%A6%E3%83%AA%E3%83%BC%E3%82%BA%E3%83%BB%E3%82%B6%E3%83%BB%E3%83%97%E3%83%A9%E3%82%A4%E3%83%A0%E3%83%AA%E3%83%96%20%E6%81%B5%E6%AF%94%E5%AF%BF%E3%82%AC%E3%83%BC%E3%83%87%E3%83%B3%E3%83%97%E3%83%AC%E3%82%A4%E3%82%B9%E5%BA%97%20%E6%81%B5%E6%AF%94%E5%AF%BF%E9%A7%85
ロウリーズ・ザ・プライムリブ 赤坂店,35.669946,139.742646,미나토구,溜池山王駅,스테이크·철판,2025,3.68,1480,https://tabelog.com/tokyo/A1308/A130802/13210946/,https://www.google.com/maps/search/?api=1&query=%E3%83%AD%E3%82%A6%E3%83%AA%E3%83%BC%E3%82%BA%E3%83%BB%E3%82%B6%E3%83%BB%E3%83%97%E3%83%A9%E3%82%A4%E3%83%A0%E3%83%AA%E3%83%96%20%E8%B5%A4%E5%9D%82%E5%BA%97%20%E6%BA%9C%E6%B1%A0%E5%B1%B1%E7%8E%8B%E9%A7%85
トロワフレーシュ,35.669719,139.759607,주오구,内幸町駅,스테이크·철판,2025,3.77,210,https://tabelog.com/tokyo/A1301/A130103/13130978/,https://www.google.com/maps/search/?api=1&query=%E3%83%88%E3%83%AD%E3%83%AF%E3%83%95%E3%83%AC%E3%83%BC%E3%82%B7%E3%83%A5%20%E5%86%85%E5%B9%B8%E7%94%BA%E9%A7%85
旬菜ステーキ処 らいむらいと,35.691957,139.741209,지요다구,市ケ谷駅,스테이크·철판,2025,3.67,1485,https://tabelog.com/tokyo/A1309/A130904/13000220/,https://www.google.com/maps/search/?api=1&query=%E6%97%AC%E8%8F%9C%E3%82%B9%E3%83%86%E3%83%BC%E3%82%AD%E5%87%A6%20%E3%82%89%E3%81%84%E3%82%80%E3%82%89%E3%81%84%E3%81%A8%20%E5%B8%82%E3%82%B1%E8%B0%B7%E9%A7%85
神戸牛炉釜ステーキ GINZA KOKO炉,35.674089,139.768606,주오구,銀座一丁目駅,스테이크·철판,2025,3.71,362,https://tabelog.com/tokyo/A1301/A130101/13224979/,https://www.google.com/maps/search/?api=1&query=%E7%A5%9E%E6%88%B8%E7%89%9B%E7%82%89%E9%87%9C%E3%82%B9%E3%83%86%E3%83%BC%E3%82%AD%20GINZA%20KOKO%E7%82%89%20%E9%8A%80%E5%BA%A7%E4%B8%80%E4%B8%81%E7%9B%AE%E9%A7%85
麤皮,35.661779,139.751354,미나토구,御成門駅,스테이크·철판,2025,3.58,165,https://tabelog.com/tokyo/A1314/A131401/13002897/,https://www.google.com/maps/search/?api=1&query=%E9%BA%A4%E7%9A%AE%20%E5%BE%A1%E6%88%90%E9%96%80%E9%A7%85
ウェスタ,35.680003,139.773386,주오구,日本橋駅,스테이크·철판,2025,3.85,293,https://tabelog.com/tokyo/A1302/A130202/13185496/,https://www.google.com/maps/search/?api=1&query=%E3%82%A6%E3%82%A7%E3%82%B9%E3%82%BF%20%E6%97%A5%E6%9C%AC%E6%A9%8B%E9%A7%85
本店山科,35.670894,139.765012,주오구,銀座駅,스테이크·철판,2025,3.71,623,https://tabelog.com/tokyo/A1301/A130101/13268574/,https://www.google.com/maps/search/?api=1&query=%E6%9C%AC%E5%BA%97%E5%B1%B1%E7%A7%91%20%E9%8A%80%E5%BA%A7%E9%A7%85
けやき坂,35.660089,139.728239,미나토구,六本木駅,스테이크·철판,2025,3.57,554,https://tabelog.com/tokyo/A1307/A130701/13040328/,https://www.google.com/maps/search/?api=1&query=%E3%81%91%E3%82%84%E3%81%8D%E5%9D%82%20%E5%85%AD%E6%9C%AC%E6%9C%A8%E9%A7%85
くずし鉄板 あばぐら 神田店,35.690473,139.772595,지요다구,新日本橋駅,스테이크·철판,2025,3.67,1058,https://tabelog.com/tokyo/A1310/A131002/13197319/,https://www.google.com/maps/search/?api=1&query=%E3%81%8F%E3%81%9A%E3%81%97%E9%89%84%E6%9D%BF%20%E3%81%82%E3%81%B0%E3%81%90%E3%82%89%20%E7%A5%9E%E7%94%B0%E5%BA%97%20%E6%96%B0%E6%97%A5%E6%9C%AC%E6%A9%8B%E9%A7%85
表参道うかい亭,35.667397,139.706797,시부야구,明治神宮前駅,스테이크·철판,2025,3.7,1102,https://tabelog.com/tokyo/A1306/A130601/13044361/,https://www.google.com/maps/search/?api=1&query=%E8%A1%A8%E5%8F%82%E9%81%93%E3%81%86%E3%81%8B%E3%81%84%E4%BA%AD%20%E6%98%8E%E6%B2%BB%E7%A5%9E%E5%AE%AE%E5%89%8D%E9%A7%85
Empire Steak House Roppongi,35.662051,139.732691,미나토구,六本木駅,스테이크·철판,2025,3.59,902,https://tabelog.com/tokyo/A1307/A130701/13213238/,https://www.google.com/maps/search/?api=1&query=Empire%20Steak%20House%20Roppongi%20%E5%85%AD%E6%9C%AC%E6%9C%A8%E9%A7%85
ワカヌイ グリル ダイニング バー 東京,35.658864,139.746436,미나토구,神谷町駅,스테이크·철판,2025,3.66,800,https://tabelog.com/tokyo/A1307/A130704/13124827/,https://www.google.com/maps/search/?api=1&query=%E3%83%AF%E3%82%AB%E3%83%8C%E3%82%A4%20%E3%82%B0%E3%83%AA%E3%83%AB%20%E3%83%80%E3%82%A4%E3%83%8B%E3%83%B3%E3%82%B0%20%E3%83%90%E3%83%BC%20%E6%9D%B1%E4%BA%AC%20%E7%A5%9E%E8%B0%B7%E7%94%BA%E9%A7%85
八王子うかい亭,35.673411,139.33435,八王子구,八王子市,스테이크·철판,2025,3.72,634,https://tabelog.com/tokyo/A1329/A132904/13006015/,https://www.google.com/maps/search/?api=1&query=%E5%85%AB%E7%8E%8B%E5%AD%90%E3%81%86%E3%81%8B%E3%81%84%E4%BA%AD%20%E5%85%AB%E7%8E%8B%E5%AD%90%E5%B8%82
BLT STEAK  ROPPONGI,35.664604,139.739292,미나토구,六本木一丁目駅,스테이크·철판,2025,3.53,943,https://tabelog.com/tokyo/A1307/A130701/13172995/,https://www.google.com/maps/search/?api=1&query=BLT%20STEAK%20%20ROPPONGI%20%E5%85%AD%E6%9C%AC%E6%9C%A8%E4%B8%80%E4%B8%81%E7%9B%AE%E9%A7%85
ウルフギャング・ステーキハウス 六本木,35.661448,139.735379,미나토구,六本木駅,스테이크·철판,2025,3.67,2884,https://tabelog.com/tokyo/A1307/A130701/13164062/,https://www.google.com/maps/search/?api=1&query=%E3%82%A6%E3%83%AB%E3%83%95%E3%82%AE%E3%83%A3%E3%83%B3%E3%82%B0%E3%83%BB%E3%82%B9%E3%83%86%E3%83%BC%E3%82%AD%E3%83%8F%E3%82%A6%E3%82%B9%20%E5%85%AD%E6%9C%AC%E6%9C%A8%20%E5%85%AD%E6%9C%AC%E6%9C%A8%E9%A7%85
巴里 夕顔,35.668166,139.761264,주오구,新橋駅,스테이크·철판,2025,3.59,396,https://tabelog.com/tokyo/A1301/A130101/13079558/,https://www.google.com/maps/search/?api=1&query=%E5%B7%B4%E9%87%8C%20%E5%A4%95%E9%A1%94%20%E6%96%B0%E6%A9%8B%E9%A7%85
鉄板焼 赤坂,35.668068,139.741176,미나토구,六本木一丁目駅,스테이크·철판,2025,3.63,358,https://tabelog.com/tokyo/A1308/A130802/13007536/,https://www.google.com/maps/search/?api=1&query=%E9%89%84%E6%9D%BF%E7%84%BC%20%E8%B5%A4%E5%9D%82%20%E5%85%AD%E6%9C%AC%E6%9C%A8%E4%B8%80%E4%B8%81%E7%9B%AE%E9%A7%85
蘭麻,35.65593,139.742827,미나토구,赤羽橋駅,스테이크·철판,2025,3.6,604,https://tabelog.com/tokyo/A1314/A131401/13034212/,https://www.google.com/maps/search/?api=1&query=%E8%98%AD%E9%BA%BB%20%E8%B5%A4%E7%BE%BD%E6%A9%8B%E9%A7%85
FORNO,35.659255,139.722293,미나토구,広尾駅,스테이크·철판,2025,3.57,330,https://tabelog.com/tokyo/A1307/A130703/13220897/,https://www.google.com/maps/search/?api=1&query=FORNO%20%E5%BA%83%E5%B0%BE%E9%A7%85
銀座 ひらやま,35.666786,139.766367,주오구,築地市場駅,스테이크·철판,2025,3.77,158,https://tabelog.com/tokyo/A1313/A131301/13151917/,https://www.google.com/maps/search/?api=1&query=%E9%8A%80%E5%BA%A7%20%E3%81%B2%E3%82%89%E3%82%84%E3%81%BE%20%E7%AF%89%E5%9C%B0%E5%B8%82%E5%A0%B4%E9%A7%85
PENTHOUSE GINZA hanare:,35.668728,139.760005,주오구,新橋駅,스테이크·철판,2025,3.65,97,https://tabelog.com/tokyo/A1301/A130101/13209209/,https://www.google.com/maps/search/?api=1&query=PENTHOUSE%20GINZA%20hanare%3A%20%E6%96%B0%E6%A9%8B%E9%A7%85
鉄板焼 花,35.650072,139.704494,시부야구,代官山駅,스테이크·철판,2025,3.63,522,https://tabelog.com/tokyo/A1303/A130303/13192732/,https://www.google.com/maps/search/?api=1&query=%E9%89%84%E6%9D%BF%E7%84%BC%20%E8%8A%B1%20%E4%BB%A3%E5%AE%98%E5%B1%B1%E9%A7%85
六本木うかい亭,35.658951,139.731096,미나토구,六本木駅,스테이크·철판,2025,3.66,265,https://tabelog.com/tokyo/A1307/A130701/13219288/,https://www.google.com/maps/search/?api=1&query=%E5%85%AD%E6%9C%AC%E6%9C%A8%E3%81%86%E3%81%8B%E3%81%84%E4%BA%AD%20%E5%85%AD%E6%9C%AC%E6%9C%A8%E9%A7%85
築地鉄板焼 Kurosawa,35.669176,139.772786,주오구,築地駅,스테이크·철판,2025,3.61,243,https://tabelog.com/tokyo/A1313/A131301/13022458/,https://www.google.com/maps/search/?api=1&query=%E7%AF%89%E5%9C%B0%E9%89%84%E6%9D%BF%E7%84%BC%20Kurosawa%20%E7%AF%89%E5%9C%B0%E9%A7%85
銀座うかい亭,35.66809,139.767198,주오구,東銀座駅,스테이크·철판,2025,3.95,1411,https://tabelog.com/tokyo/A1301/A130101/13002367/,https://www.google.com/maps/search/?api=1&query=%E9%8A%80%E5%BA%A7%E3%81%86%E3%81%8B%E3%81%84%E4%BA%AD%20%E6%9D%B1%E9%8A%80%E5%BA%A7%E9%A7%85
六本木モンシェルトントン,35.663189,139.733705,미나토구,六本木駅,스테이크·철판,2025,3.63,437,https://tabelog.com/tokyo/A1307/A130701/13006984/,https://www.google.com/maps/search/?api=1&query=%E5%85%AD%E6%9C%AC%E6%9C%A8%E3%83%A2%E3%83%B3%E3%82%B7%E3%82%A7%E3%83%AB%E3%83%88%E3%83%B3%E3%83%88%E3%83%B3%20%E5%85%AD%E6%9C%AC%E6%9C%A8%E9%A7%85
ルース クリス ステーキハウス,35.670591,139.746524,지요다구,虎ノ門駅,스테이크·철판,2025,3.7,695,https://tabelog.com/tokyo/A1308/A130802/13045091/,https://www.google.com/maps/search/?api=1&query=%E3%83%AB%E3%83%BC%E3%82%B9%20%E3%82%AF%E3%83%AA%E3%82%B9%20%E3%82%B9%E3%83%86%E3%83%BC%E3%82%AD%E3%83%8F%E3%82%A6%E3%82%B9%20%E8%99%8E%E3%83%8E%E9%96%80%E9%A7%85
神楽坂 鉄板焼 向日葵,35.701013,139.739451,신주쿠구,牛込神楽坂駅,스테이크·철판,2025,3.64,541,https://tabelog.com/tokyo/A1309/A130905/13220651/,https://www.google.com/maps/search/?api=1&query=%E7%A5%9E%E6%A5%BD%E5%9D%82%20%E9%89%84%E6%9D%BF%E7%84%BC%20%E5%90%91%E6%97%A5%E8%91%B5%20%E7%89%9B%E8%BE%BC%E7%A5%9E%E6%A5%BD%E5%9D%82%E9%A7%85
定谷,35.724887,139.783776,다이토구,入谷駅,스테이크·철판,2025,3.57,77,https://tabelog.com/tokyo/A1311/A131104/13031814/,https://www.google.com/maps/search/?api=1&query=%E5%AE%9A%E8%B0%B7%20%E5%85%A5%E8%B0%B7%E9%A7%85
おちあいろうステーキハウス東京,35.661624,139.740354,미나토구,六本木一丁目駅,스테이크·철판,2025,3.62,429,https://tabelog.com/tokyo/A1307/A130701/13291175/,https://www.google.com/maps/search/?api=1&query=%E3%81%8A%E3%81%A1%E3%81%82%E3%81%84%E3%82%8D%E3%81%86%E3%82%B9%E3%83%86%E3%83%BC%E3%82%AD%E3%83%8F%E3%82%A6%E3%82%B9%E6%9D%B1%E4%BA%AC%20%E5%85%AD%E6%9C%AC%E6%9C%A8%E4%B8%80%E4%B8%81%E7%9B%AE%E9%A7%85
匠,35.653257,139.762237,미나토구,竹芝駅,스테이크·철판,2025,3.61,161,https://tabelog.com/tokyo/A1314/A131401/13152696/,https://www.google.com/maps/search/?api=1&query=%E5%8C%A0%20%E7%AB%B9%E8%8A%9D%E9%A7%85
神戸牛炉釜炭焼ステーキ IDEA 銀座,35.669081,139.762202,주오구,銀座駅,스테이크·철판,2025,3.61,348,https://tabelog.com/tokyo/A1301/A130101/13161192/,https://www.google.com/maps/search/?api=1&query=%E7%A5%9E%E6%88%B8%E7%89%9B%E7%82%89%E9%87%9C%E7%82%AD%E7%84%BC%E3%82%B9%E3%83%86%E3%83%BC%E3%82%AD%20IDEA%20%E9%8A%80%E5%BA%A7%20%E9%8A%80%E5%BA%A7%E9%A7%85
眠庵,35.695342,139.770737,지요다구,淡路町駅,소바,2025,3.59,409,https://tabelog.com/tokyo/A1310/A131002/13020841/,https://www.google.com/maps/search/?api=1&query=%E7%9C%A0%E5%BA%B5%20%E6%B7%A1%E8%B7%AF%E7%94%BA%E9%A7%85
手打ちそば やっ古,35.627329,139.684666,메구로구,学芸大学駅,소바,2025,3.71,161,https://tabelog.com/tokyo/A1317/A131702/13204512/,https://www.google.com/maps/search/?api=1&query=%E6%89%8B%E6%89%93%E3%81%A1%E3%81%9D%E3%81%B0%20%E3%82%84%E3%81%A3%E5%8F%A4%20%E5%AD%A6%E8%8A%B8%E5%A4%A7%E5%AD%A6%E9%A7%85
汐見,35.707678,139.726315,신주쿠구,早稲田（メトロ）駅,소바,2025,3.76,482,https://tabelog.com/tokyo/A1305/A130504/13183623/,https://www.google.com/maps/search/?api=1&query=%E6%B1%90%E8%A6%8B%20%E6%97%A9%E7%A8%B2%E7%94%B0%EF%BC%88%E3%83%A1%E3%83%88%E3%83%AD%EF%BC%89%E9%A7%85
浅草 ひら山,35.710779,139.789818,다이토구,田原町駅,소바,2025,3.71,395,https://tabelog.com/tokyo/A1311/A131102/13264582/,https://www.google.com/maps/search/?api=1&query=%E6%B5%85%E8%8D%89%20%E3%81%B2%E3%82%89%E5%B1%B1%20%E7%94%B0%E5%8E%9F%E7%94%BA%E9%A7%85
ら すとらあだ,35.695818,139.680402,나카노구,中野坂上駅,소바,2025,3.78,317,https://tabelog.com/tokyo/A1319/A131903/13141774/,https://www.google.com/maps/search/?api=1&query=%E3%82%89%20%E3%81%99%E3%81%A8%E3%82%89%E3%81%82%E3%81%A0%20%E4%B8%AD%E9%87%8E%E5%9D%82%E4%B8%8A%E9%A7%85
土家,35.762312,139.46296,東村山구,東村山駅,소바,2025,3.83,253,https://tabelog.com/tokyo/A1328/A132806/13061606/,https://www.google.com/maps/search/?api=1&query=%E5%9C%9F%E5%AE%B6%20%E6%9D%B1%E6%9D%91%E5%B1%B1%E9%A7%85
手打蕎麦 まるやま,35.672405,139.659281,스기나미구,代田橋駅,소바,2025,3.7,449,https://tabelog.com/tokyo/A1318/A131808/13053742/,https://www.google.com/maps/search/?api=1&query=%E6%89%8B%E6%89%93%E8%95%8E%E9%BA%A6%20%E3%81%BE%E3%82%8B%E3%82%84%E3%81%BE%20%E4%BB%A3%E7%94%B0%E6%A9%8B%E9%A7%85
蕎心,35.716933,139.766567,분쿄구,根津駅,소바,2025,3.71,692,https://tabelog.com/tokyo/A1311/A131106/13187177/,https://www.google.com/maps/search/?api=1&query=%E8%95%8E%E5%BF%83%20%E6%A0%B9%E6%B4%A5%E9%A7%85
手打ち蕎麦 銀杏,35.690531,139.823201,고토구,西大島駅,소바,2025,3.72,745,https://tabelog.com/tokyo/A1312/A131202/13019925/,https://www.google.com/maps/search/?api=1&query=%E6%89%8B%E6%89%93%E3%81%A1%E8%95%8E%E9%BA%A6%20%E9%8A%80%E6%9D%8F%20%E8%A5%BF%E5%A4%A7%E5%B3%B6%E9%A7%85
吾妻橋 やぶそば,35.708047,139.798654,스미다구,浅草（東武・都営・メトロ）駅,소바,2025,3.71,854,https://tabelog.com/tokyo/A1311/A131102/13007981/,https://www.google.com/maps/search/?api=1&query=%E5%90%BE%E5%A6%BB%E6%A9%8B%20%E3%82%84%E3%81%B6%E3%81%9D%E3%81%B0%20%E6%B5%85%E8%8D%89%EF%BC%88%E6%9D%B1%E6%AD%A6%E3%83%BB%E9%83%BD%E5%96%B6%E3%83%BB%E3%83%A1%E3%83%88%E3%83%AD%EF%BC%89%E9%A7%85
一東菴,35.763108,139.728883,기타구,東十条駅,소바,2025,3.71,460,https://tabelog.com/tokyo/A1323/A132304/13143622/,https://www.google.com/maps/search/?api=1&query=%E4%B8%80%E6%9D%B1%E8%8F%B4%20%E6%9D%B1%E5%8D%81%E6%9D%A1%E9%A7%85
蕎庵 三たて,35.655471,139.734217,미나토구,麻布十番駅,소바,2025,3.69,209,https://tabelog.com/tokyo/A1307/A130702/13274939/,https://www.google.com/maps/search/?api=1&query=%E8%95%8E%E5%BA%B5%20%E4%B8%89%E3%81%9F%E3%81%A6%20%E9%BA%BB%E5%B8%83%E5%8D%81%E7%95%AA%E9%A7%85
玄蕎麦 野中,35.732567,139.645148,네리마구,中村橋駅,소바,2025,3.68,775,https://tabelog.com/tokyo/A1321/A132102/13002725/,https://www.google.com/maps/search/?api=1&query=%E7%8E%84%E8%95%8E%E9%BA%A6%20%E9%87%8E%E4%B8%AD%20%E4%B8%AD%E6%9D%91%E6%A9%8B%E9%A7%85
吟八亭 やざ和,35.762903,139.846395,가쓰시카구,亀有駅,소바,2025,3.73,1064,https://tabelog.com/tokyo/A1324/A132403/13003083/,https://www.google.com/maps/search/?api=1&query=%E5%90%9F%E5%85%AB%E4%BA%AD%20%E3%82%84%E3%81%96%E5%92%8C%20%E4%BA%80%E6%9C%89%E9%A7%85
つきじ 文化人,35.668451,139.770082,주오구,築地駅,소바,2025,3.65,589,https://tabelog.com/tokyo/A1301/A130101/13159030/,https://www.google.com/maps/search/?api=1&query=%E3%81%A4%E3%81%8D%E3%81%98%20%E6%96%87%E5%8C%96%E4%BA%BA%20%E7%AF%89%E5%9C%B0%E9%A7%85
蕎麦 流石,35.671653,139.770189,주오구,東銀座駅,소바,2025,3.66,840,https://tabelog.com/tokyo/A1301/A130101/13002488/,https://www.google.com/maps/search/?api=1&query=%E8%95%8E%E9%BA%A6%20%E6%B5%81%E7%9F%B3%20%E6%9D%B1%E9%8A%80%E5%BA%A7%E9%A7%85
手打そば 菊谷 巣鴨本店,35.73805,139.731429,도시마구,庚申塚駅,소바,2025,3.71,877,https://tabelog.com/tokyo/A1322/A132201/13127598/,https://www.google.com/maps/search/?api=1&query=%E6%89%8B%E6%89%93%E3%81%9D%E3%81%B0%20%E8%8F%8A%E8%B0%B7%20%E5%B7%A3%E9%B4%A8%E6%9C%AC%E5%BA%97%20%E5%BA%9A%E7%94%B3%E5%A1%9A%E9%A7%85
蕎麦小路 さわらび,35.682434,139.742006,지요다구,半蔵門駅,소바,2025,3.71,396,https://tabelog.com/tokyo/A1308/A130803/13022640/,https://www.google.com/maps/search/?api=1&query=%E8%95%8E%E9%BA%A6%E5%B0%8F%E8%B7%AF%20%E3%81%95%E3%82%8F%E3%82%89%E3%81%B3%20%E5%8D%8A%E8%94%B5%E9%96%80%E9%A7%85
玉笑,35.664449,139.704684,시부야구,明治神宮前駅,소바,2025,3.85,1929,https://tabelog.com/tokyo/A1306/A130601/13129390/,https://www.google.com/maps/search/?api=1&query=%E7%8E%89%E7%AC%91%20%E6%98%8E%E6%B2%BB%E7%A5%9E%E5%AE%AE%E5%89%8D%E9%A7%85
木挽町 湯津上屋,35.672037,139.770957,주오구,新富町駅,소바,2025,3.7,517,https://tabelog.com/tokyo/A1313/A131301/13019153/,https://www.google.com/maps/search/?api=1&query=%E6%9C%A8%E6%8C%BD%E7%94%BA%20%E6%B9%AF%E6%B4%A5%E4%B8%8A%E5%B1%8B%20%E6%96%B0%E5%AF%8C%E7%94%BA%E9%A7%85
石臼挽き手打 蕎楽亭,35.700785,139.739516,신주쿠구,牛込神楽坂駅,소바,2025,3.75,1911,https://tabelog.com/tokyo/A1309/A130905/13000479/,https://www.google.com/maps/search/?api=1&query=%E7%9F%B3%E8%87%BC%E6%8C%BD%E3%81%8D%E6%89%8B%E6%89%93%20%E8%95%8E%E6%A5%BD%E4%BA%AD%20%E7%89%9B%E8%BE%BC%E7%A5%9E%E6%A5%BD%E5%9D%82%E9%A7%85
手打蕎麦 じゆうさん,35.72992,139.677119,나카노구,東長崎駅,소바,2025,4.04,1146,https://tabelog.com/tokyo/A1321/A132101/13025978/,https://www.google.com/maps/search/?api=1&query=%E6%89%8B%E6%89%93%E8%95%8E%E9%BA%A6%20%E3%81%98%E3%82%86%E3%81%86%E3%81%95%E3%82%93%20%E6%9D%B1%E9%95%B7%E5%B4%8E%E9%A7%85
手打ち蕎麦切り 匠,35.69745,139.778673,지요다구,岩本町駅,소바,2025,3.67,597,https://tabelog.com/tokyo/A1310/A131002/13208650/,https://www.google.com/maps/search/?api=1&query=%E6%89%8B%E6%89%93%E3%81%A1%E8%95%8E%E9%BA%A6%E5%88%87%E3%82%8A%20%E5%8C%A0%20%E5%B2%A9%E6%9C%AC%E7%94%BA%E9%A7%85
竹ノ下そば,35.671697,139.70433,시부야구,原宿駅,소바,2025,3.71,141,https://tabelog.com/tokyo/A1306/A130601/13286285/,https://www.google.com/maps/search/?api=1&query=%E7%AB%B9%E3%83%8E%E4%B8%8B%E3%81%9D%E3%81%B0%20%E5%8E%9F%E5%AE%BF%E9%A7%85
東京 土山人,35.650088,139.691442,메구로구,池尻大橋駅,소바,2025,3.68,1456,https://tabelog.com/tokyo/A1317/A131705/13047472/,https://www.google.com/maps/search/?api=1&query=%E6%9D%B1%E4%BA%AC%20%E5%9C%9F%E5%B1%B1%E4%BA%BA%20%E6%B1%A0%E5%B0%BB%E5%A4%A7%E6%A9%8B%E9%A7%85
千寿 竹やぶ,35.744479,139.797308,아다치구,千住大橋駅,소바,2025,3.72,724,https://tabelog.com/tokyo/A1324/A132402/13003773/,https://www.google.com/maps/search/?api=1&query=%E5%8D%83%E5%AF%BF%20%E7%AB%B9%E3%82%84%E3%81%B6%20%E5%8D%83%E4%BD%8F%E5%A4%A7%E6%A9%8B%E9%A7%85
巽蕎麦 志ま平,35.697772,139.734037,신주쿠구,牛込神楽坂駅,소바,2025,3.69,209,https://tabelog.com/tokyo/A1309/A130905/13020236/,https://www.google.com/maps/search/?api=1&query=%E5%B7%BD%E8%95%8E%E9%BA%A6%20%E5%BF%97%E3%81%BE%E5%B9%B3%20%E7%89%9B%E8%BE%BC%E7%A5%9E%E6%A5%BD%E5%9D%82%E9%A7%85
蕎麦懐石 無庵,35.699568,139.410818,立川구,立川北駅,소바,2025,3.68,682,https://tabelog.com/tokyo/A1329/A132901/13005984/,https://www.google.com/maps/search/?api=1&query=%E8%95%8E%E9%BA%A6%E6%87%90%E7%9F%B3%20%E7%84%A1%E5%BA%B5%20%E7%AB%8B%E5%B7%9D%E5%8C%97%E9%A7%85
蕎麦切り 酒 大愚,35.667781,139.752691,미나토구,虎ノ門駅,소바,2025,3.72,222,https://tabelog.com/tokyo/A1308/A130802/13130565/,https://www.google.com/maps/search/?api=1&query=%E8%95%8E%E9%BA%A6%E5%88%87%E3%82%8A%20%E9%85%92%20%E5%A4%A7%E6%84%9A%20%E8%99%8E%E3%83%8E%E9%96%80%E9%A7%85
green glass,35.713287,139.682447,신주쿠구,落合駅,소바,2025,3.76,192,https://tabelog.com/tokyo/A1321/A132104/13196314/,https://www.google.com/maps/search/?api=1&query=green%20glass%20%E8%90%BD%E5%90%88%E9%A7%85
浅草じゅうろく,35.719555,139.796056,다이토구,浅草（つくばＥＸＰ）駅,소바,2025,3.94,469,https://tabelog.com/tokyo/A1311/A131102/13185027/,https://www.google.com/maps/search/?api=1&query=%E6%B5%85%E8%8D%89%E3%81%98%E3%82%85%E3%81%86%E3%82%8D%E3%81%8F%20%E6%B5%85%E8%8D%89%EF%BC%88%E3%81%A4%E3%81%8F%E3%81%B0%EF%BC%A5%EF%BC%B8%EF%BC%B0%EF%BC%89%E9%A7%85
蕎麦 たじま,35.654782,139.726077,미나토구,広尾駅,소바,2025,3.69,687,https://tabelog.com/tokyo/A1307/A130703/13020154/,https://www.google.com/maps/search/?api=1&query=%E8%95%8E%E9%BA%A6%20%E3%81%9F%E3%81%98%E3%81%BE%20%E5%BA%83%E5%B0%BE%E9%A7%85
手打ちそば 根津 鷹匠,35.720598,139.764446,분쿄구,根津駅,소바,2025,3.71,868,https://tabelog.com/tokyo/A1311/A131106/13009812/,https://www.google.com/maps/search/?api=1&query=%E6%89%8B%E6%89%93%E3%81%A1%E3%81%9D%E3%81%B0%20%E6%A0%B9%E6%B4%A5%20%E9%B7%B9%E5%8C%A0%20%E6%A0%B9%E6%B4%A5%E9%A7%85
蕎麦 坐忘,35.657573,139.307957,八王子구,西八王子駅,소바,2025,3.7,554,https://tabelog.com/tokyo/A1329/A132904/13006022/,https://www.google.com/maps/search/?api=1&query=%E8%95%8E%E9%BA%A6%20%E5%9D%90%E5%BF%98%20%E8%A5%BF%E5%85%AB%E7%8E%8B%E5%AD%90%E9%A7%85
江戸蕎麦 ほそ川,35.69673,139.798059,스미다구,両国駅,소바,2025,3.65,1191,https://tabelog.com/tokyo/A1312/A131201/13002967/,https://www.google.com/maps/search/?api=1&query=%E6%B1%9F%E6%88%B8%E8%95%8E%E9%BA%A6%20%E3%81%BB%E3%81%9D%E5%B7%9D%20%E4%B8%A1%E5%9B%BD%E9%A7%85
蕎や 月心,35.632554,139.69217,메구로구,祐天寺駅,소바,2025,3.74,324,https://tabelog.com/tokyo/A1317/A131701/13096494/,https://www.google.com/maps/search/?api=1&query=%E8%95%8E%E3%82%84%20%E6%9C%88%E5%BF%83%20%E7%A5%90%E5%A4%A9%E5%AF%BA%E9%A7%85
蕎麦切 森の,35.7048,139.760516,분쿄구,本郷三丁目駅,소바,2025,3.7,394,https://tabelog.com/tokyo/A1310/A131004/13018364/,https://www.google.com/maps/search/?api=1&query=%E8%95%8E%E9%BA%A6%E5%88%87%20%E6%A3%AE%E3%81%AE%20%E6%9C%AC%E9%83%B7%E4%B8%89%E4%B8%81%E7%9B%AE%E9%A7%85
並木藪蕎麦,35.709685,139.795954,다이토구,浅草（東武・都営・メトロ）駅,소바,2025,3.67,2593,https://tabelog.com/tokyo/A1311/A131102/13003650/,https://www.google.com/maps/search/?api=1&query=%E4%B8%A6%E6%9C%A8%E8%97%AA%E8%95%8E%E9%BA%A6%20%E6%B5%85%E8%8D%89%EF%BC%88%E6%9D%B1%E6%AD%A6%E3%83%BB%E9%83%BD%E5%96%B6%E3%83%BB%E3%83%A1%E3%83%88%E3%83%AD%EF%BC%89%E9%A7%85
手打蕎麦 松永,35.673473,139.710129,시부야구,北参道駅,소바,2025,3.7,690,https://tabelog.com/tokyo/A1306/A130601/13024514/,https://www.google.com/maps/search/?api=1&query=%E6%89%8B%E6%89%93%E8%95%8E%E9%BA%A6%20%E6%9D%BE%E6%B0%B8%20%E5%8C%97%E5%8F%82%E9%81%93%E9%A7%85
松庵,35.688623,139.722752,신주쿠구,四谷三丁目駅,소바,2025,3.7,173,https://tabelog.com/tokyo/A1309/A130903/13165186/,https://www.google.com/maps/search/?api=1&query=%E6%9D%BE%E5%BA%B5%20%E5%9B%9B%E8%B0%B7%E4%B8%89%E4%B8%81%E7%9B%AE%E9%A7%85
室町砂場 日本橋本店,35.689361,139.77178,주오구,新日本橋駅,소바,2025,3.67,1846,https://tabelog.com/tokyo/A1310/A131002/13000316/,https://www.google.com/maps/search/?api=1&query=%E5%AE%A4%E7%94%BA%E7%A0%82%E5%A0%B4%20%E6%97%A5%E6%9C%AC%E6%A9%8B%E6%9C%AC%E5%BA%97%20%E6%96%B0%E6%97%A5%E6%9C%AC%E6%A9%8B%E9%A7%85
神楽坂 大川や,35.703664,139.736468,신주쿠구,神楽坂駅,소바,2025,3.74,606,https://tabelog.com/tokyo/A1309/A130905/13197727/,https://www.google.com/maps/search/?api=1&query=%E7%A5%9E%E6%A5%BD%E5%9D%82%20%E5%A4%A7%E5%B7%9D%E3%82%84%20%E7%A5%9E%E6%A5%BD%E5%9D%82%E9%A7%85
打心蕎庵,35.655843,139.668702,세타가야구,下北沢駅,소바,2025,3.7,1064,https://tabelog.com/tokyo/A1318/A131802/13028732/,https://www.google.com/maps/search/?api=1&query=%E6%89%93%E5%BF%83%E8%95%8E%E5%BA%B5%20%E4%B8%8B%E5%8C%97%E6%B2%A2%E9%A7%85
蕎麦おさめ,35.72263,139.701008,신주쿠구,目白駅,소바,2025,3.79,417,https://tabelog.com/tokyo/A1305/A130502/13283508/,https://www.google.com/maps/search/?api=1&query=%E8%95%8E%E9%BA%A6%E3%81%8A%E3%81%95%E3%82%81%20%E7%9B%AE%E7%99%BD%E9%A7%85
おそばの甲賀,35.660051,139.72278,미나토구,乃木坂駅,소바,2025,3.72,1022,https://tabelog.com/tokyo/A1307/A130701/13047594/,https://www.google.com/maps/search/?api=1&query=%E3%81%8A%E3%81%9D%E3%81%B0%E3%81%AE%E7%94%B2%E8%B3%80%20%E4%B9%83%E6%9C%A8%E5%9D%82%E9%A7%85
手打ち蕎麦 成冨,35.665998,139.765052,주오구,築地市場駅,소바,2025,3.73,765,https://tabelog.com/tokyo/A1313/A131301/13023064/,https://www.google.com/maps/search/?api=1&query=%E6%89%8B%E6%89%93%E3%81%A1%E8%95%8E%E9%BA%A6%20%E6%88%90%E5%86%A8%20%E7%AF%89%E5%9C%B0%E5%B8%82%E5%A0%B4%E9%A7%85
室町 砂場 赤坂店,35.671169,139.736194,미나토구,赤坂駅,소바,2025,3.66,1111,https://tabelog.com/tokyo/A1308/A130801/13002787/,https://www.google.com/maps/search/?api=1&query=%E5%AE%A4%E7%94%BA%20%E7%A0%82%E5%A0%B4%20%E8%B5%A4%E5%9D%82%E5%BA%97%20%E8%B5%A4%E5%9D%82%E9%A7%85
もりいろ,35.572068,139.731079,오타구,大森町駅,소바,2025,3.71,540,https://tabelog.com/tokyo/A1315/A131502/13176833/,https://www.google.com/maps/search/?api=1&query=%E3%82%82%E3%82%8A%E3%81%84%E3%82%8D%20%E5%A4%A7%E6%A3%AE%E7%94%BA%E9%A7%85
煉瓦亭,35.67276,139.766021,주오구,銀座駅,요쇼쿠,2025,3.49,2169,https://tabelog.com/tokyo/A1301/A130101/13002430/,https://www.google.com/maps/search/?api=1&query=%E7%85%89%E7%93%A6%E4%BA%AD%20%E9%8A%80%E5%BA%A7%E9%A7%85
ヨシカミ 浅草店,35.712946,139.793766,다이토구,浅草（つくばＥＸＰ）駅,요쇼쿠,2025,3.73,3407,https://tabelog.com/tokyo/A1311/A131102/13003654/,https://www.google.com/maps/search/?api=1&query=%E3%83%A8%E3%82%B7%E3%82%AB%E3%83%9F%20%E6%B5%85%E8%8D%89%E5%BA%97%20%E6%B5%85%E8%8D%89%EF%BC%88%E3%81%A4%E3%81%8F%E3%81%B0%EF%BC%A5%EF%BC%B8%EF%BC%B0%EF%BC%89%E9%A7%85
西洋御料理 東洋軒,35.677795,139.734836,미나토구,赤坂見附駅,요쇼쿠,2025,3.74,407,https://tabelog.com/tokyo/A1308/A130801/13164394/,https://www.google.com/maps/search/?api=1&query=%E8%A5%BF%E6%B4%8B%E5%BE%A1%E6%96%99%E7%90%86%20%E6%9D%B1%E6%B4%8B%E8%BB%92%20%E8%B5%A4%E5%9D%82%E8%A6%8B%E9%99%84%E9%A7%85
美味卵家,35.691968,139.771418,지요다구,神田駅,요쇼쿠,2025,3.65,1311,https://tabelog.com/tokyo/A1310/A131002/13009141/,https://www.google.com/maps/search/?api=1&query=%E7%BE%8E%E5%91%B3%E5%8D%B5%E5%AE%B6%20%E7%A5%9E%E7%94%B0%E9%A7%85
土桜,35.69588,139.763867,지요다구,新御茶ノ水駅,요쇼쿠,2025,3.68,183,https://tabelog.com/tokyo/A1310/A131002/13000619/,https://www.google.com/maps/search/?api=1&query=%E5%9C%9F%E6%A1%9C%20%E6%96%B0%E5%BE%A1%E8%8C%B6%E3%83%8E%E6%B0%B4%E9%A7%85
ぐりる スズコウ,35.56215,139.717293,오타구,蒲田駅,요쇼쿠,2025,3.7,947,https://tabelog.com/tokyo/A1315/A131503/13031132/,https://www.google.com/maps/search/?api=1&query=%E3%81%90%E3%82%8A%E3%82%8B%20%E3%82%B9%E3%82%BA%E3%82%B3%E3%82%A6%20%E8%92%B2%E7%94%B0%E9%A7%85
資生堂パーラー 銀座本店,35.668587,139.761911,주오구,新橋駅,요쇼쿠,2025,3.73,1371,https://tabelog.com/tokyo/A1301/A130101/13004938/,https://www.google.com/maps/search/?api=1&query=%E8%B3%87%E7%94%9F%E5%A0%82%E3%83%91%E3%83%BC%E3%83%A9%E3%83%BC%20%E9%8A%80%E5%BA%A7%E6%9C%AC%E5%BA%97%20%E6%96%B0%E6%A9%8B%E9%A7%85
黒船亭,35.709983,139.773223,다이토구,京成上野駅,요쇼쿠,2025,3.59,1379,https://tabelog.com/tokyo/A1311/A131101/13003640/,https://www.google.com/maps/search/?api=1&query=%E9%BB%92%E8%88%B9%E4%BA%AD%20%E4%BA%AC%E6%88%90%E4%B8%8A%E9%87%8E%E9%A7%85
洋食・ワイン フリッツ,35.712263,139.751089,분쿄구,春日駅,요쇼쿠,2025,3.72,509,https://tabelog.com/tokyo/A1310/A131004/13195479/,https://www.google.com/maps/search/?api=1&query=%E6%B4%8B%E9%A3%9F%E3%83%BB%E3%83%AF%E3%82%A4%E3%83%B3%20%E3%83%95%E3%83%AA%E3%83%83%E3%83%84%20%E6%98%A5%E6%97%A5%E9%A7%85
ロシヤ料理 ラルース,35.712429,139.794577,다이토구,浅草（つくばＥＸＰ）駅,요쇼쿠,2025,3.55,360,https://tabelog.com/tokyo/A1311/A131102/13016816/,https://www.google.com/maps/search/?api=1&query=%E3%83%AD%E3%82%B7%E3%83%A4%E6%96%99%E7%90%86%20%E3%83%A9%E3%83%AB%E3%83%BC%E3%82%B9%20%E6%B5%85%E8%8D%89%EF%BC%88%E3%81%A4%E3%81%8F%E3%81%B0%EF%BC%A5%EF%BC%B8%EF%BC%B0%EF%BC%89%E9%A7%85
キッチン たか,35.688548,139.722548,신주쿠구,四谷三丁目駅,요쇼쿠,2025,3.5,936,https://tabelog.com/tokyo/A1309/A130903/13130525/,https://www.google.com/maps/search/?api=1&query=%E3%82%AD%E3%83%83%E3%83%81%E3%83%B3%20%E3%81%9F%E3%81%8B%20%E5%9B%9B%E8%B0%B7%E4%B8%89%E4%B8%81%E7%9B%AE%E9%A7%85
七條,35.70179,139.562344,三鷹구,三鷹駅,요쇼쿠,2025,3.7,436,https://tabelog.com/tokyo/A1320/A132002/13291810/,https://www.google.com/maps/search/?api=1&query=%E4%B8%83%E6%A2%9D%20%E4%B8%89%E9%B7%B9%E9%A7%85
seiohtei 新宿店,35.691583,139.704654,신주쿠구,新宿三丁目駅,요쇼쿠,2025,3.55,821,https://tabelog.com/tokyo/A1304/A130401/13012100/,https://www.google.com/maps/search/?api=1&query=seiohtei%20%E6%96%B0%E5%AE%BF%E5%BA%97%20%E6%96%B0%E5%AE%BF%E4%B8%89%E4%B8%81%E7%9B%AE%E9%A7%85
挽肉と米 吉祥寺,35.705839,139.577796,武蔵野구,吉祥寺駅,요쇼쿠,2025,3.66,1352,https://tabelog.com/tokyo/A1320/A132001/13246332/,https://www.google.com/maps/search/?api=1&query=%E6%8C%BD%E8%82%89%E3%81%A8%E7%B1%B3%20%E5%90%89%E7%A5%A5%E5%AF%BA%20%E5%90%89%E7%A5%A5%E5%AF%BA%E9%A7%85
麻布食堂,35.658188,139.720416,미나토구,広尾駅,요쇼쿠,2025,3.72,891,https://tabelog.com/tokyo/A1307/A130703/13243727/,https://www.google.com/maps/search/?api=1&query=%E9%BA%BB%E5%B8%83%E9%A3%9F%E5%A0%82%20%E5%BA%83%E5%B0%BE%E9%A7%85
ぽん多本家,35.706351,139.773012,다이토구,上野広小路駅,요쇼쿠,2025,3.77,2030,https://tabelog.com/tokyo/A1311/A131101/13003587/,https://www.google.com/maps/search/?api=1&query=%E3%81%BD%E3%82%93%E5%A4%9A%E6%9C%AC%E5%AE%B6%20%E4%B8%8A%E9%87%8E%E5%BA%83%E5%B0%8F%E8%B7%AF%E9%A7%85
ラトリエ プリュ,35.607315,139.667856,메구로구,自由が丘駅,요쇼쿠,2025,3.67,449,https://tabelog.com/tokyo/A1317/A131703/13218359/,https://www.google.com/maps/search/?api=1&query=%E3%83%A9%E3%83%88%E3%83%AA%E3%82%A8%20%E3%83%97%E3%83%AA%E3%83%A5%20%E8%87%AA%E7%94%B1%E3%81%8C%E4%B8%98%E9%A7%85
洋食堂葡萄 神楽坂,35.701769,139.738517,신주쿠구,牛込神楽坂駅,요쇼쿠,2025,3.63,482,https://tabelog.com/tokyo/A1309/A130905/13305578/,https://www.google.com/maps/search/?api=1&query=%E6%B4%8B%E9%A3%9F%E5%A0%82%E8%91%A1%E8%90%84%20%E7%A5%9E%E6%A5%BD%E5%9D%82%20%E7%89%9B%E8%BE%BC%E7%A5%9E%E6%A5%BD%E5%9D%82%E9%A7%85
みかわや,35.671156,139.766114,주오구,銀座駅,요쇼쿠,2025,3.68,680,https://tabelog.com/tokyo/A1301/A130101/13002421/,https://www.google.com/maps/search/?api=1&query=%E3%81%BF%E3%81%8B%E3%82%8F%E3%82%84%20%E9%8A%80%E5%BA%A7%E9%A7%85
銀座スイス 本店,35.673061,139.766159,주오구,銀座一丁目駅,요쇼쿠,2025,3.49,946,https://tabelog.com/tokyo/A1301/A130101/13268862/,https://www.google.com/maps/search/?api=1&query=%E9%8A%80%E5%BA%A7%E3%82%B9%E3%82%A4%E3%82%B9%20%E6%9C%AC%E5%BA%97%20%E9%8A%80%E5%BA%A7%E4%B8%80%E4%B8%81%E7%9B%AE%E9%A7%85
麻布笄軒 広尾本店,35.656063,139.723144,미나토구,広尾駅,요쇼쿠,2025,3.71,1141,https://tabelog.com/tokyo/A1307/A130703/13184028/,https://www.google.com/maps/search/?api=1&query=%E9%BA%BB%E5%B8%83%E7%AC%84%E8%BB%92%20%E5%BA%83%E5%B0%BE%E6%9C%AC%E5%BA%97%20%E5%BA%83%E5%B0%BE%E9%A7%85
赤坂 津つ井 総本店,35.668721,139.737839,미나토구,赤坂駅,요쇼쿠,2025,3.68,1150,https://tabelog.com/tokyo/A1307/A130701/13002829/,https://www.google.com/maps/search/?api=1&query=%E8%B5%A4%E5%9D%82%20%E6%B4%A5%E3%81%A4%E4%BA%95%20%E7%B7%8F%E6%9C%AC%E5%BA%97%20%E8%B5%A4%E5%9D%82%E9%A7%85
レストラン桂,35.686594,139.775303,주오구,三越前駅,요쇼쿠,2025,3.67,1407,https://tabelog.com/tokyo/A1302/A130202/13011199/,https://www.google.com/maps/search/?api=1&query=%E3%83%AC%E3%82%B9%E3%83%88%E3%83%A9%E3%83%B3%E6%A1%82%20%E4%B8%89%E8%B6%8A%E5%89%8D%E9%A7%85
御茶ノ水 小川軒,35.701884,139.765755,분쿄구,御茶ノ水駅,요쇼쿠,2025,3.63,466,https://tabelog.com/tokyo/A1310/A131002/13005532/,https://www.google.com/maps/search/?api=1&query=%E5%BE%A1%E8%8C%B6%E3%83%8E%E6%B0%B4%20%E5%B0%8F%E5%B7%9D%E8%BB%92%20%E5%BE%A1%E8%8C%B6%E3%83%8E%E6%B0%B4%E9%A7%85
洋食ビストロTOYAMA,35.660741,139.724169,미나토구,乃木坂駅,요쇼쿠,2025,3.67,159,https://tabelog.com/tokyo/A1307/A130701/13251436/,https://www.google.com/maps/search/?api=1&query=%E6%B4%8B%E9%A3%9F%E3%83%93%E3%82%B9%E3%83%88%E3%83%ADTOYAMA%20%E4%B9%83%E6%9C%A8%E5%9D%82%E9%A7%85
厳選洋食さくらい,35.707925,139.772333,분쿄구,上野広小路駅,요쇼쿠,2025,3.68,1950,https://tabelog.com/tokyo/A1311/A131101/13003638/,https://www.google.com/maps/search/?api=1&query=%E5%8E%B3%E9%81%B8%E6%B4%8B%E9%A3%9F%E3%81%95%E3%81%8F%E3%82%89%E3%81%84%20%E4%B8%8A%E9%87%8E%E5%BA%83%E5%B0%8F%E8%B7%AF%E9%A7%85
ミート矢澤 五反田本店,35.626033,139.720581,시나가와구,五反田駅,요쇼쿠,2025,3.68,4492,https://tabelog.com/tokyo/A1316/A131603/13042320/,https://www.google.com/maps/search/?api=1&query=%E3%83%9F%E3%83%BC%E3%83%88%E7%9F%A2%E6%BE%A4%20%E4%BA%94%E5%8F%8D%E7%94%B0%E6%9C%AC%E5%BA%97%20%E4%BA%94%E5%8F%8D%E7%94%B0%E9%A7%85
グリル グランド,35.716996,139.79756,다이토구,浅草（つくばＥＸＰ）駅,요쇼쿠,2025,3.7,927,https://tabelog.com/tokyo/A1311/A131102/13008702/,https://www.google.com/maps/search/?api=1&query=%E3%82%B0%E3%83%AA%E3%83%AB%20%E3%82%B0%E3%83%A9%E3%83%B3%E3%83%89%20%E6%B5%85%E8%8D%89%EF%BC%88%E3%81%A4%E3%81%8F%E3%81%B0%EF%BC%A5%EF%BC%B8%EF%BC%B0%EF%BC%89%E9%A7%85
芳味亭,35.685181,139.783739,주오구,人形町駅,요쇼쿠,2025,3.65,663,https://tabelog.com/tokyo/A1302/A130204/13229229/,https://www.google.com/maps/search/?api=1&query=%E8%8A%B3%E5%91%B3%E4%BA%AD%20%E4%BA%BA%E5%BD%A2%E7%94%BA%E9%A7%85
ウチョウテン,35.725568,139.71619,도시마구,都電雑司ケ谷駅,요쇼쿠,2025,3.66,2396,https://tabelog.com/tokyo/A1305/A130501/13003914/,https://www.google.com/maps/search/?api=1&query=%E3%82%A6%E3%83%81%E3%83%A7%E3%82%A6%E3%83%86%E3%83%B3%20%E9%83%BD%E9%9B%BB%E9%9B%91%E5%8F%B8%E3%82%B1%E8%B0%B7%E9%A7%85
レストラン香味屋,35.724001,139.783689,다이토구,入谷駅,요쇼쿠,2025,3.81,1055,https://tabelog.com/tokyo/A1311/A131104/13003752/,https://www.google.com/maps/search/?api=1&query=%E3%83%AC%E3%82%B9%E3%83%88%E3%83%A9%E3%83%B3%E9%A6%99%E5%91%B3%E5%B1%8B%20%E5%85%A5%E8%B0%B7%E9%A7%85
東洋軒 東京ステーション,35.681729,139.766185,지요다구,東京駅,요쇼쿠,2025,3.61,399,https://tabelog.com/tokyo/A1302/A130201/13249441/,https://www.google.com/maps/search/?api=1&query=%E6%9D%B1%E6%B4%8B%E8%BB%92%20%E6%9D%B1%E4%BA%AC%E3%82%B9%E3%83%86%E3%83%BC%E3%82%B7%E3%83%A7%E3%83%B3%20%E6%9D%B1%E4%BA%AC%E9%A7%85
グリルK 駒込本店,35.733827,139.748627,도시마구,駒込駅,요쇼쿠,2025,3.62,554,https://tabelog.com/tokyo/A1323/A132301/13283187/,https://www.google.com/maps/search/?api=1&query=%E3%82%B0%E3%83%AA%E3%83%ABK%20%E9%A7%92%E8%BE%BC%E6%9C%AC%E5%BA%97%20%E9%A7%92%E8%BE%BC%E9%A7%85
グリルエフ,35.626485,139.724563,시나가와구,五反田駅,요쇼쿠,2025,3.56,2023,https://tabelog.com/tokyo/A1316/A131603/13001552/,https://www.google.com/maps/search/?api=1&query=%E3%82%B0%E3%83%AA%E3%83%AB%E3%82%A8%E3%83%95%20%E4%BA%94%E5%8F%8D%E7%94%B0%E9%A7%85
旬香亭,35.721581,139.707381,도시마구,目白駅,요쇼쿠,2025,3.69,795,https://tabelog.com/tokyo/A1305/A130502/13175757/,https://www.google.com/maps/search/?api=1&query=%E6%97%AC%E9%A6%99%E4%BA%AD%20%E7%9B%AE%E7%99%BD%E9%A7%85
挽肉と米 渋谷,35.659319,139.697563,시부야구,渋谷駅,요쇼쿠,2025,3.7,1332,https://tabelog.com/tokyo/A1303/A130301/13257261/,https://www.google.com/maps/search/?api=1&query=%E6%8C%BD%E8%82%89%E3%81%A8%E7%B1%B3%20%E6%B8%8B%E8%B0%B7%20%E6%B8%8B%E8%B0%B7%E9%A7%85
レストラン クインベル,35.700187,139.798166,스미다구,両国駅,요쇼쿠,2025,3.57,585,https://tabelog.com/tokyo/A1312/A131201/13017962/,https://www.google.com/maps/search/?api=1&query=%E3%83%AC%E3%82%B9%E3%83%88%E3%83%A9%E3%83%B3%20%E3%82%AF%E3%82%A4%E3%83%B3%E3%83%99%E3%83%AB%20%E4%B8%A1%E5%9B%BD%E9%A7%85
キッチン南海 神保町店,35.694836,139.760668,지요다구,神保町駅,요쇼쿠,2025,3.66,1890,https://tabelog.com/tokyo/A1310/A131003/13249021/,https://www.google.com/maps/search/?api=1&query=%E3%82%AD%E3%83%83%E3%83%81%E3%83%B3%E5%8D%97%E6%B5%B7%20%E7%A5%9E%E4%BF%9D%E7%94%BA%E5%BA%97%20%E7%A5%9E%E4%BF%9D%E7%94%BA%E9%A7%85
グリル佐久良,35.71732,139.797095,다이토구,浅草（つくばＥＸＰ）駅,요쇼쿠,2025,3.71,939,https://tabelog.com/tokyo/A1311/A131102/13003755/,https://www.google.com/maps/search/?api=1&query=%E3%82%B0%E3%83%AA%E3%83%AB%E4%BD%90%E4%B9%85%E8%89%AF%20%E6%B5%85%E8%8D%89%EF%BC%88%E3%81%A4%E3%81%8F%E3%81%B0%EF%BC%A5%EF%BC%B8%EF%BC%B0%EF%BC%89%E9%A7%85
洋食 GOTOO,35.730499,139.728197,도시마구,大塚駅,요쇼쿠,2025,3.51,785,https://tabelog.com/tokyo/A1323/A132302/13022659/,https://www.google.com/maps/search/?api=1&query=%E6%B4%8B%E9%A3%9F%20GOTOO%20%E5%A4%A7%E5%A1%9A%E9%A7%85
レストラン カタヤマ 東向島本店,35.727897,139.813455,스미다구,東向島駅,요쇼쿠,2025,3.56,1067,https://tabelog.com/tokyo/A1312/A131203/13017945/,https://www.google.com/maps/search/?api=1&query=%E3%83%AC%E3%82%B9%E3%83%88%E3%83%A9%E3%83%B3%20%E3%82%AB%E3%82%BF%E3%83%A4%E3%83%9E%20%E6%9D%B1%E5%90%91%E5%B3%B6%E6%9C%AC%E5%BA%97%20%E6%9D%B1%E5%90%91%E5%B3%B6%E9%A7%85
ハンバーグ ウィル,35.688027,139.712042,신주쿠구,新宿御苑前駅,요쇼쿠,2025,3.68,2974,https://tabelog.com/tokyo/A1304/A130402/13041176/,https://www.google.com/maps/search/?api=1&query=%E3%83%8F%E3%83%B3%E3%83%90%E3%83%BC%E3%82%B0%20%E3%82%A6%E3%82%A3%E3%83%AB%20%E6%96%B0%E5%AE%BF%E5%BE%A1%E8%8B%91%E5%89%8D%E9%A7%85
津々井,35.678057,139.781914,주오구,茅場町駅,요쇼쿠,2025,3.56,1114,https://tabelog.com/tokyo/A1302/A130203/13002395/,https://www.google.com/maps/search/?api=1&query=%E6%B4%A5%E3%80%85%E4%BA%95%20%E8%8C%85%E5%A0%B4%E7%94%BA%E9%A7%85
洋食 三浦亭,35.727261,139.573065,네리마구,武蔵関駅,요쇼쿠,2025,3.65,612,https://tabelog.com/tokyo/A1321/A132105/13040217/,https://www.google.com/maps/search/?api=1&query=%E6%B4%8B%E9%A3%9F%20%E4%B8%89%E6%B5%A6%E4%BA%AD%20%E6%AD%A6%E8%94%B5%E9%96%A2%E9%A7%85
キッチン パンチ,35.642795,139.699138,메구로구,中目黒駅,요쇼쿠,2025,3.71,1117,https://tabelog.com/tokyo/A1317/A131701/13018284/,https://www.google.com/maps/search/?api=1&query=%E3%82%AD%E3%83%83%E3%83%81%E3%83%B3%20%E3%83%91%E3%83%B3%E3%83%81%20%E4%B8%AD%E7%9B%AE%E9%BB%92%E9%A7%85
グラシア,35.699751,139.786119,다이토구,浅草橋駅,요쇼쿠,2025,3.73,1192,https://tabelog.com/tokyo/A1311/A131103/13130729/,https://www.google.com/maps/search/?api=1&query=%E3%82%B0%E3%83%A9%E3%82%B7%E3%82%A2%20%E6%B5%85%E8%8D%89%E6%A9%8B%E9%A7%85
洋食バル ウルトラ,35.65053,139.637552,세타가야구,経堂駅,요쇼쿠,2025,3.6,658,https://tabelog.com/tokyo/A1318/A131813/13137110/,https://www.google.com/maps/search/?api=1&query=%E6%B4%8B%E9%A3%9F%E3%83%90%E3%83%AB%20%E3%82%A6%E3%83%AB%E3%83%88%E3%83%A9%20%E7%B5%8C%E5%A0%82%E9%A7%85
ルー・ド・メール,35.691497,139.76939,지요다구,神田駅,요쇼쿠,2025,3.65,1522,https://tabelog.com/tokyo/A1310/A131002/13009148/,https://www.google.com/maps/search/?api=1&query=%E3%83%AB%E3%83%BC%E3%83%BB%E3%83%89%E3%83%BB%E3%83%A1%E3%83%BC%E3%83%AB%20%E7%A5%9E%E7%94%B0%E9%A7%85
南蛮 銀圓亭,35.671413,139.763101,주오구,銀座駅,요쇼쿠,2025,3.69,272,https://tabelog.com/tokyo/A1301/A130101/13002305/,https://www.google.com/maps/search/?api=1&query=%E5%8D%97%E8%9B%AE%20%E9%8A%80%E5%9C%93%E4%BA%AD%20%E9%8A%80%E5%BA%A7%E9%A7%85
ニコラ,35.646004,139.66996,세타가야구,三軒茶屋駅,카페,2025,3.69,517,https://tabelog.com/tokyo/A1317/A131706/13127430/,https://www.google.com/maps/search/?api=1&query=%E3%83%8B%E3%82%B3%E3%83%A9%20%E4%B8%89%E8%BB%92%E8%8C%B6%E5%B1%8B%E9%A7%85
スターバックス リザーブ ロースタリー トウキョウ,35.649272,139.692599,메구로구,池尻大橋駅,카페,2025,3.7,3119,https://tabelog.com/tokyo/A1317/A131701/13231942/,https://www.google.com/maps/search/?api=1&query=%E3%82%B9%E3%82%BF%E3%83%BC%E3%83%90%E3%83%83%E3%82%AF%E3%82%B9%20%E3%83%AA%E3%82%B6%E3%83%BC%E3%83%96%20%E3%83%AD%E3%83%BC%E3%82%B9%E3%82%BF%E3%83%AA%E3%83%BC%20%E3%83%88%E3%82%A6%E3%82%AD%E3%83%A7%E3%82%A6%20%E6%B1%A0%E5%B0%BB%E5%A4%A7%E6%A9%8B%E9%A7%85
珈琲専門店 三十間 銀座本店,35.67133,139.767107,주오구,東銀座駅,카페,2025,3.68,975,https://tabelog.com/tokyo/A1301/A130101/13149724/,https://www.google.com/maps/search/?api=1&query=%E7%8F%88%E7%90%B2%E5%B0%82%E9%96%80%E5%BA%97%20%E4%B8%89%E5%8D%81%E9%96%93%20%E9%8A%80%E5%BA%A7%E6%9C%AC%E5%BA%97%20%E6%9D%B1%E9%8A%80%E5%BA%A7%E9%A7%85
ボン ボヌール,35.671208,139.766044,주오구,銀座駅,카페,2025,3.67,867,https://tabelog.com/tokyo/A1301/A130101/13229565/,https://www.google.com/maps/search/?api=1&query=%E3%83%9C%E3%83%B3%20%E3%83%9C%E3%83%8C%E3%83%BC%E3%83%AB%20%E9%8A%80%E5%BA%A7%E9%A7%85
ナッティーズ カフ,35.715809,139.742273,분쿄구,茗荷谷駅,카페,2025,3.65,446,https://tabelog.com/tokyo/A1323/A132302/13231008/,https://www.google.com/maps/search/?api=1&query=%E3%83%8A%E3%83%83%E3%83%86%E3%82%A3%E3%83%BC%E3%82%BA%20%E3%82%AB%E3%83%95%20%E8%8C%97%E8%8D%B7%E8%B0%B7%E9%A7%85
crisscross,35.66295,139.712606,미나토구,表参道駅,카페,2025,3.71,2618,https://tabelog.com/tokyo/A1306/A130602/13148003/,https://www.google.com/maps/search/?api=1&query=crisscross%20%E8%A1%A8%E5%8F%82%E9%81%93%E9%A7%85
ル・ジャルダン,35.712151,139.725942,분쿄구,早稲田（都電）駅,카페,2025,3.66,839,https://tabelog.com/tokyo/A1309/A130905/13003817/,https://www.google.com/maps/search/?api=1&query=%E3%83%AB%E3%83%BB%E3%82%B8%E3%83%A3%E3%83%AB%E3%83%80%E3%83%B3%20%E6%97%A9%E7%A8%B2%E7%94%B0%EF%BC%88%E9%83%BD%E9%9B%BB%EF%BC%89%E9%A7%85
Cafe Tram,35.648085,139.708483,시부야구,恵比寿駅,카페,2025,3.7,986,https://tabelog.com/tokyo/A1303/A130302/13170379/,https://www.google.com/maps/search/?api=1&query=Cafe%20Tram%20%E6%81%B5%E6%AF%94%E5%AF%BF%E9%A7%85
蕪木,35.704134,139.785829,다이토구,新御徒町駅,카페,2025,3.69,432,https://tabelog.com/tokyo/A1311/A131101/13242617/,https://www.google.com/maps/search/?api=1&query=%E8%95%AA%E6%9C%A8%20%E6%96%B0%E5%BE%A1%E5%BE%92%E7%94%BA%E9%A7%85
サカノウエカフェ,35.705026,139.76724,분쿄구,湯島駅,카페,2025,3.67,955,https://tabelog.com/tokyo/A1311/A131101/13149347/,https://www.google.com/maps/search/?api=1&query=%E3%82%B5%E3%82%AB%E3%83%8E%E3%82%A6%E3%82%A8%E3%82%AB%E3%83%95%E3%82%A7%20%E6%B9%AF%E5%B3%B6%E9%A7%85
和光ティーサロン,35.671774,139.764727,주오구,銀座駅,카페,2025,3.83,1441,https://tabelog.com/tokyo/A1301/A130101/13009081/,https://www.google.com/maps/search/?api=1&query=%E5%92%8C%E5%85%89%E3%83%86%E3%82%A3%E3%83%BC%E3%82%B5%E3%83%AD%E3%83%B3%20%E9%8A%80%E5%BA%A7%E9%A7%85
アマメリア エスプレッソ,35.620315,139.706063,시나가와구,武蔵小山駅,카페,2025,3.7,617,https://tabelog.com/tokyo/A1317/A131710/13114545/,https://www.google.com/maps/search/?api=1&query=%E3%82%A2%E3%83%9E%E3%83%A1%E3%83%AA%E3%82%A2%20%E3%82%A8%E3%82%B9%E3%83%97%E3%83%AC%E3%83%83%E3%82%BD%20%E6%AD%A6%E8%94%B5%E5%B0%8F%E5%B1%B1%E9%A7%85
No.4,35.688212,139.736138,지요다구,市ケ谷駅,카페,2025,3.72,3599,https://tabelog.com/tokyo/A1309/A130904/13189835/,https://www.google.com/maps/search/?api=1&query=No.4%20%E5%B8%82%E3%82%B1%E8%B0%B7%E9%A7%85
ユニゾン テイラー NINGYOCHO,35.686974,139.782465,주오구,人形町駅,카페,2025,3.66,859,https://tabelog.com/tokyo/A1302/A130204/13207561/,https://www.google.com/maps/search/?api=1&query=%E3%83%A6%E3%83%8B%E3%82%BE%E3%83%B3%20%E3%83%86%E3%82%A4%E3%83%A9%E3%83%BC%20NINGYOCHO%20%E4%BA%BA%E5%BD%A2%E7%94%BA%E9%A7%85
ル カフェドゥ ジョエル・ロブション 日本橋高島屋店,35.680833,139.773445,주오구,日本橋駅,카페,2025,3.73,1074,https://tabelog.com/tokyo/A1302/A130202/13009090/,https://www.google.com/maps/search/?api=1&query=%E3%83%AB%20%E3%82%AB%E3%83%95%E3%82%A7%E3%83%89%E3%82%A5%20%E3%82%B8%E3%83%A7%E3%82%A8%E3%83%AB%E3%83%BB%E3%83%AD%E3%83%96%E3%82%B7%E3%83%A7%E3%83%B3%20%E6%97%A5%E6%9C%AC%E6%A9%8B%E9%AB%98%E5%B3%B6%E5%B1%8B%E5%BA%97%20%E6%97%A5%E6%9C%AC%E6%A9%8B%E9%A7%85
オクサワ・ファクトリー・コーヒー・アンド・ベイクス,35.602205,139.672179,세타가야구,奥沢駅,카페,2025,3.65,452,https://tabelog.com/tokyo/A1317/A131711/13201219/,https://www.google.com/maps/search/?api=1&query=%E3%82%AA%E3%82%AF%E3%82%B5%E3%83%AF%E3%83%BB%E3%83%95%E3%82%A1%E3%82%AF%E3%83%88%E3%83%AA%E3%83%BC%E3%83%BB%E3%82%B3%E3%83%BC%E3%83%92%E3%83%BC%E3%83%BB%E3%82%A2%E3%83%B3%E3%83%89%E3%83%BB%E3%83%99%E3%82%A4%E3%82%AF%E3%82%B9%20%E5%A5%A5%E6%B2%A2%E9%A7%85
マーサーブランチ ギンザテラス,35.674238,139.768753,주오구,銀座一丁目駅,카페,2025,3.64,3079,https://tabelog.com/tokyo/A1301/A130101/13174574/,https://www.google.com/maps/search/?api=1&query=%E3%83%9E%E3%83%BC%E3%82%B5%E3%83%BC%E3%83%96%E3%83%A9%E3%83%B3%E3%83%81%20%E3%82%AE%E3%83%B3%E3%82%B6%E3%83%86%E3%83%A9%E3%82%B9%20%E9%8A%80%E5%BA%A7%E4%B8%80%E4%B8%81%E7%9B%AE%E9%A7%85
HAGI CAFE,35.726392,139.766113,다이토구,千駄木駅,카페,2025,3.66,783,https://tabelog.com/tokyo/A1311/A131106/13153660/,https://www.google.com/maps/search/?api=1&query=HAGI%20CAFE%20%E5%8D%83%E9%A7%84%E6%9C%A8%E9%A7%85
バー＆ラウンジ  トゥエンティエイト コンラッド東京,35.662984,139.761256,미나토구,汐留駅,카페,2025,3.67,1125,https://tabelog.com/tokyo/A1301/A130103/13020228/,https://www.google.com/maps/search/?api=1&query=%E3%83%90%E3%83%BC%EF%BC%86%E3%83%A9%E3%82%A6%E3%83%B3%E3%82%B8%20%20%E3%83%88%E3%82%A5%E3%82%A8%E3%83%B3%E3%83%86%E3%82%A3%E3%82%A8%E3%82%A4%E3%83%88%20%E3%82%B3%E3%83%B3%E3%83%A9%E3%83%83%E3%83%89%E6%9D%B1%E4%BA%AC%20%E6%B1%90%E7%95%99%E9%A7%85
クリントン・ストリート・ベイキング・カンパニー 南青山店,35.660997,139.714528,미나토구,表参道駅,카페,2025,3.75,2910,https://tabelog.com/tokyo/A1306/A130602/13159456/,https://www.google.com/maps/search/?api=1&query=%E3%82%AF%E3%83%AA%E3%83%B3%E3%83%88%E3%83%B3%E3%83%BB%E3%82%B9%E3%83%88%E3%83%AA%E3%83%BC%E3%83%88%E3%83%BB%E3%83%99%E3%82%A4%E3%82%AD%E3%83%B3%E3%82%B0%E3%83%BB%E3%82%AB%E3%83%B3%E3%83%91%E3%83%8B%E3%83%BC%20%E5%8D%97%E9%9D%92%E5%B1%B1%E5%BA%97%20%E8%A1%A8%E5%8F%82%E9%81%93%E9%A7%85
カフェ リゼッタ 二子玉川店,35.613112,139.625739,세타가야구,二子玉川駅,카페,2025,3.66,865,https://tabelog.com/tokyo/A1317/A131708/13058141/,https://www.google.com/maps/search/?api=1&query=%E3%82%AB%E3%83%95%E3%82%A7%20%E3%83%AA%E3%82%BC%E3%83%83%E3%82%BF%20%E4%BA%8C%E5%AD%90%E7%8E%89%E5%B7%9D%E5%BA%97%20%E4%BA%8C%E5%AD%90%E7%8E%89%E5%B7%9D%E9%A7%85
ロクシタンカフェ SHIBUYA TOKYO,35.65932,139.699899,시부야구,渋谷駅,카페,2025,3.69,1827,https://tabelog.com/tokyo/A1303/A130301/13225574/,https://www.google.com/maps/search/?api=1&query=%E3%83%AD%E3%82%AF%E3%82%B7%E3%82%BF%E3%83%B3%E3%82%AB%E3%83%95%E3%82%A7%20SHIBUYA%20TOKYO%20%E6%B8%8B%E8%B0%B7%E9%A7%85
ガーデンラウンジ,35.680307,139.734832,지요다구,麹町駅,카페,2025,3.67,887,https://tabelog.com/tokyo/A1308/A130803/13009058/,https://www.google.com/maps/search/?api=1&query=%E3%82%AC%E3%83%BC%E3%83%87%E3%83%B3%E3%83%A9%E3%82%A6%E3%83%B3%E3%82%B8%20%E9%BA%B9%E7%94%BA%E9%A7%85
ザ リビング,35.572673,139.692691,오타구,千鳥町駅,카페,2025,3.66,471,https://tabelog.com/tokyo/A1317/A131714/13135826/,https://www.google.com/maps/search/?api=1&query=%E3%82%B6%20%E3%83%AA%E3%83%93%E3%83%B3%E3%82%B0%20%E5%8D%83%E9%B3%A5%E7%94%BA%E9%A7%85
オリエンタルラウンジ,35.687077,139.77297,주오구,三越前駅,카페,2025,3.67,710,https://tabelog.com/tokyo/A1302/A130202/13020365/,https://www.google.com/maps/search/?api=1&query=%E3%82%AA%E3%83%AA%E3%82%A8%E3%83%B3%E3%82%BF%E3%83%AB%E3%83%A9%E3%82%A6%E3%83%B3%E3%82%B8%20%E4%B8%89%E8%B6%8A%E5%89%8D%E9%A7%85
ガーデンラウンジ 坐忘,35.656297,139.699782,시부야구,渋谷駅,카페,2025,3.68,542,https://tabelog.com/tokyo/A1303/A130301/13012588/,https://www.google.com/maps/search/?api=1&query=%E3%82%AC%E3%83%BC%E3%83%87%E3%83%B3%E3%83%A9%E3%82%A6%E3%83%B3%E3%82%B8%20%E5%9D%90%E5%BF%98%20%E6%B8%8B%E8%B0%B7%E9%A7%85
Mallorca,35.611233,139.630404,세타가야구,二子玉川駅,카페,2025,3.68,1782,https://tabelog.com/tokyo/A1317/A131708/13181404/,https://www.google.com/maps/search/?api=1&query=Mallorca%20%E4%BA%8C%E5%AD%90%E7%8E%89%E5%B7%9D%E9%A7%85
クルミドコーヒー,35.699027,139.46451,国分寺구,西国分寺駅,카페,2025,3.74,968,https://tabelog.com/tokyo/A1325/A132502/13056474/,https://www.google.com/maps/search/?api=1&query=%E3%82%AF%E3%83%AB%E3%83%9F%E3%83%89%E3%82%B3%E3%83%BC%E3%83%92%E3%83%BC%20%E8%A5%BF%E5%9B%BD%E5%88%86%E5%AF%BA%E9%A7%85
ザ・ロビー,35.674848,139.760315,지요다구,日比谷駅,카페,2025,3.69,990,https://tabelog.com/tokyo/A1301/A130102/13043018/,https://www.google.com/maps/search/?api=1&query=%E3%82%B6%E3%83%BB%E3%83%AD%E3%83%93%E3%83%BC%20%E6%97%A5%E6%AF%94%E8%B0%B7%E9%A7%85
ローズベーカリー 銀座,35.670444,139.763152,주오구,銀座駅,카페,2025,3.7,1074,https://tabelog.com/tokyo/A1301/A130101/13138416/,https://www.google.com/maps/search/?api=1&query=%E3%83%AD%E3%83%BC%E3%82%BA%E3%83%99%E3%83%BC%E3%82%AB%E3%83%AA%E3%83%BC%20%E9%8A%80%E5%BA%A7%20%E9%8A%80%E5%BA%A7%E9%A7%85
カフェ アクイーユ 恵比寿店,35.649341,139.706658,시부야구,代官山駅,카페,2025,3.66,2668,https://tabelog.com/tokyo/A1303/A130302/13127590/,https://www.google.com/maps/search/?api=1&query=%E3%82%AB%E3%83%95%E3%82%A7%20%E3%82%A2%E3%82%AF%E3%82%A4%E3%83%BC%E3%83%A6%20%E6%81%B5%E6%AF%94%E5%AF%BF%E5%BA%97%20%E4%BB%A3%E5%AE%98%E5%B1%B1%E9%A7%85
カンダコーヒー,35.69748,139.754749,지요다구,神保町駅,카페,2025,3.73,750,https://tabelog.com/tokyo/A1310/A131003/13133520/,https://www.google.com/maps/search/?api=1&query=%E3%82%AB%E3%83%B3%E3%83%80%E3%82%B3%E3%83%BC%E3%83%92%E3%83%BC%20%E7%A5%9E%E4%BF%9D%E7%94%BA%E9%A7%85
すみだ珈琲,35.701406,139.816214,스미다구,錦糸町駅,카페,2025,3.72,871,https://tabelog.com/tokyo/A1312/A131201/13120781/,https://www.google.com/maps/search/?api=1&query=%E3%81%99%E3%81%BF%E3%81%A0%E7%8F%88%E7%90%B2%20%E9%8C%A6%E7%B3%B8%E7%94%BA%E9%A7%85
自家焙煎珈琲みじんこ,35.704021,139.766914,분쿄구,湯島駅,카페,2025,3.78,2224,https://tabelog.com/tokyo/A1310/A131002/13126204/,https://www.google.com/maps/search/?api=1&query=%E8%87%AA%E5%AE%B6%E7%84%99%E7%85%8E%E7%8F%88%E7%90%B2%E3%81%BF%E3%81%98%E3%82%93%E3%81%93%20%E6%B9%AF%E5%B3%B6%E9%A7%85
ペリカンカフェ,35.706987,139.79117,다이토구,田原町駅,카페,2025,3.71,1316,https://tabelog.com/tokyo/A1311/A131103/13212182/,https://www.google.com/maps/search/?api=1&query=%E3%83%9A%E3%83%AA%E3%82%AB%E3%83%B3%E3%82%AB%E3%83%95%E3%82%A7%20%E7%94%B0%E5%8E%9F%E7%94%BA%E9%A7%85
ブリコラージュ ブレッド アンド カンパニー ダイニング・カフェ,35.659195,139.728248,미나토구,六本木駅,카페,2025,3.72,1040,https://tabelog.com/tokyo/A1307/A130701/13222793/,https://www.google.com/maps/search/?api=1&query=%E3%83%96%E3%83%AA%E3%82%B3%E3%83%A9%E3%83%BC%E3%82%B8%E3%83%A5%20%E3%83%96%E3%83%AC%E3%83%83%E3%83%89%20%E3%82%A2%E3%83%B3%E3%83%89%20%E3%82%AB%E3%83%B3%E3%83%91%E3%83%8B%E3%83%BC%20%E3%83%80%E3%82%A4%E3%83%8B%E3%83%B3%E3%82%B0%E3%83%BB%E3%82%AB%E3%83%95%E3%82%A7%20%E5%85%AD%E6%9C%AC%E6%9C%A8%E9%A7%85
COFFEE VALLEY,35.727694,139.71308,도시마구,池袋駅,카페,2025,3.71,2331,https://tabelog.com/tokyo/A1305/A130501/13175074/,https://www.google.com/maps/search/?api=1&query=COFFEE%20VALLEY%20%E6%B1%A0%E8%A2%8B%E9%A7%85
AKHA AMA COFFEE KAGURAZAKA,35.704706,139.737244,신주쿠구,神楽坂駅,카페,2025,3.67,920,https://tabelog.com/tokyo/A1309/A130905/13248105/,https://www.google.com/maps/search/?api=1&query=AKHA%20AMA%20COFFEE%20KAGURAZAKA%20%E7%A5%9E%E6%A5%BD%E5%9D%82%E9%A7%85
ディゾン 水道橋,35.699523,139.755429,지요다구,水道橋駅,카페,2025,3.73,1745,https://tabelog.com/tokyo/A1310/A131003/13182399/,https://www.google.com/maps/search/?api=1&query=%E3%83%87%E3%82%A3%E3%82%BE%E3%83%B3%20%E6%B0%B4%E9%81%93%E6%A9%8B%20%E6%B0%B4%E9%81%93%E6%A9%8B%E9%A7%85
お茶とお菓子まやんち,35.560481,139.717216,오타구,蒲田駅,카페,2025,3.67,402,https://tabelog.com/tokyo/A1315/A131503/13085237/,https://www.google.com/maps/search/?api=1&query=%E3%81%8A%E8%8C%B6%E3%81%A8%E3%81%8A%E8%8F%93%E5%AD%90%E3%81%BE%E3%82%84%E3%82%93%E3%81%A1%20%E8%92%B2%E7%94%B0%E9%A7%85
ASAKO IWAYANAGI SALON DE THE,35.608236,139.649891,세타가야구,等々力駅,카페,2025,3.68,541,https://tabelog.com/tokyo/A1317/A131715/13264608/,https://www.google.com/maps/search/?api=1&query=ASAKO%20IWAYANAGI%20SALON%20DE%20THE%20%E7%AD%89%E3%80%85%E5%8A%9B%E9%A7%85
東京豆漿生活,35.623099,139.72372,시나가와구,大崎広小路駅,카페,2025,3.67,1550,https://tabelog.com/tokyo/A1316/A131603/13231970/,https://www.google.com/maps/search/?api=1&query=%E6%9D%B1%E4%BA%AC%E8%B1%86%E6%BC%BF%E7%94%9F%E6%B4%BB%20%E5%A4%A7%E5%B4%8E%E5%BA%83%E5%B0%8F%E8%B7%AF%E9%A7%85
CAFE AALIYA,35.690505,139.704781,신주쿠구,新宿三丁目駅,카페,2025,3.75,3383,https://tabelog.com/tokyo/A1304/A130401/13012089/,https://www.google.com/maps/search/?api=1&query=CAFE%20AALIYA%20%E6%96%B0%E5%AE%BF%E4%B8%89%E4%B8%81%E7%9B%AE%E9%A7%85
DEPOT,35.682225,139.767435,지요다구,東京駅,카페,2025,3.64,1914,https://tabelog.com/tokyo/A1302/A130201/13249428/,https://www.google.com/maps/search/?api=1&query=DEPOT%20%E6%9D%B1%E4%BA%AC%E9%A7%85
ル・パン・コティディアン 東京ミッドタウン店,35.665711,139.730754,미나토구,六本木駅,카페,2025,3.67,1118,https://tabelog.com/tokyo/A1307/A130701/13209416/,https://www.google.com/maps/search/?api=1&query=%E3%83%AB%E3%83%BB%E3%83%91%E3%83%B3%E3%83%BB%E3%82%B3%E3%83%86%E3%82%A3%E3%83%87%E3%82%A3%E3%82%A2%E3%83%B3%20%E6%9D%B1%E4%BA%AC%E3%83%9F%E3%83%83%E3%83%89%E3%82%BF%E3%82%A6%E3%83%B3%E5%BA%97%20%E5%85%AD%E6%9C%AC%E6%9C%A8%E9%A7%85
IVY PLACE,35.649367,139.699952,시부야구,代官山駅,카페,2025,3.69,4151,https://tabelog.com/tokyo/A1303/A130303/13134309/,https://www.google.com/maps/search/?api=1&query=IVY%20PLACE%20%E4%BB%A3%E5%AE%98%E5%B1%B1%E9%A7%85
カフェ マメヒコ 三軒茶屋本店,35.644543,139.669207,세타가야구,三軒茶屋駅,카페,2025,3.71,1110,https://tabelog.com/tokyo/A1317/A131706/13021745/,https://www.google.com/maps/search/?api=1&query=%E3%82%AB%E3%83%95%E3%82%A7%20%E3%83%9E%E3%83%A1%E3%83%92%E3%82%B3%20%E4%B8%89%E8%BB%92%E8%8C%B6%E5%B1%8B%E6%9C%AC%E5%BA%97%20%E4%B8%89%E8%BB%92%E8%8C%B6%E5%B1%8B%E9%A7%85
石釜 ベイクブレッド 茶房 タムタム,35.695668,139.758749,지요다구,神保町駅,카페,2025,3.7,1405,https://tabelog.com/tokyo/A1310/A131003/13174159/,https://www.google.com/maps/search/?api=1&query=%E7%9F%B3%E9%87%9C%20%E3%83%99%E3%82%A4%E3%82%AF%E3%83%96%E3%83%AC%E3%83%83%E3%83%89%20%E8%8C%B6%E6%88%BF%20%E3%82%BF%E3%83%A0%E3%82%BF%E3%83%A0%20%E7%A5%9E%E4%BF%9D%E7%94%BA%E9%A7%85
カフェ・ミケランジェロ,35.648597,139.699435,시부야구,代官山駅,카페,2025,3.67,1667,https://tabelog.com/tokyo/A1303/A130303/13003369/,https://www.google.com/maps/search/?api=1&query=%E3%82%AB%E3%83%95%E3%82%A7%E3%83%BB%E3%83%9F%E3%82%B1%E3%83%A9%E3%83%B3%E3%82%B8%E3%82%A7%E3%83%AD%20%E4%BB%A3%E5%AE%98%E5%B1%B1%E9%A7%85
THE ROASTERY BY NOZY COFFEE,35.665581,139.704775,시부야구,明治神宮前駅,카페,2025,3.71,1250,https://tabelog.com/tokyo/A1303/A130301/13161140/,https://www.google.com/maps/search/?api=1&query=THE%20ROASTERY%20BY%20NOZY%20COFFEE%20%E6%98%8E%E6%B2%BB%E7%A5%9E%E5%AE%AE%E5%89%8D%E9%A7%85
ストリーマー コーヒーカンパニー SHIBUYA,35.663463,139.703939,시부야구,渋谷駅,카페,2025,3.73,1293,https://tabelog.com/tokyo/A1303/A130301/13109635/,https://www.google.com/maps/search/?api=1&query=%E3%82%B9%E3%83%88%E3%83%AA%E3%83%BC%E3%83%9E%E3%83%BC%20%E3%82%B3%E3%83%BC%E3%83%92%E3%83%BC%E3%82%AB%E3%83%B3%E3%83%91%E3%83%8B%E3%83%BC%20SHIBUYA%20%E6%B8%8B%E8%B0%B7%E9%A7%85
一芯二葉,35.705749,139.60075,스기나미구,西荻窪駅,카페,2025,3.67,258,https://tabelog.com/tokyo/A1319/A131907/13126324/,https://www.google.com/maps/search/?api=1&query=%E4%B8%80%E8%8A%AF%E4%BA%8C%E8%91%89%20%E8%A5%BF%E8%8D%BB%E7%AA%AA%E9%A7%85
銀座のジンジャー 銀座本店,35.675132,139.767017,주오구,銀座一丁目駅,카페,2025,3.71,1112,https://tabelog.com/tokyo/A1301/A130101/13143693/,https://www.google.com/maps/search/?api=1&query=%E9%8A%80%E5%BA%A7%E3%81%AE%E3%82%B8%E3%83%B3%E3%82%B8%E3%83%A3%E3%83%BC%20%E9%8A%80%E5%BA%A7%E6%9C%AC%E5%BA%97%20%E9%8A%80%E5%BA%A7%E4%B8%80%E4%B8%81%E7%9B%AE%E9%A7%85
フェブラリーカフェ,35.708312,139.794661,다이토구,浅草（東武・都営・メトロ）駅,카페,2025,3.65,725,https://tabelog.com/tokyo/A1311/A131102/13143292/,https://www.google.com/maps/search/?api=1&query=%E3%83%95%E3%82%A7%E3%83%96%E3%83%A9%E3%83%AA%E3%83%BC%E3%82%AB%E3%83%95%E3%82%A7%20%E6%B5%85%E8%8D%89%EF%BC%88%E6%9D%B1%E6%AD%A6%E3%83%BB%E9%83%BD%E5%96%B6%E3%83%BB%E3%83%A1%E3%83%88%E3%83%AD%EF%BC%89%E9%A7%85
ザ・ラウンジ byアマン,35.685562,139.765376,지요다구,大手町駅,카페,2025,3.68,1153,https://tabelog.com/tokyo/A1302/A130201/13180843/,https://www.google.com/maps/search/?api=1&query=%E3%82%B6%E3%83%BB%E3%83%A9%E3%82%A6%E3%83%B3%E3%82%B8%20by%E3%82%A2%E3%83%9E%E3%83%B3%20%E5%A4%A7%E6%89%8B%E7%94%BA%E9%A7%85
ザ・ロビーラウンジ＆バー,35.666438,139.731445,미나토구,六本木駅,카페,2025,3.66,704,https://tabelog.com/tokyo/A1307/A130701/13037931/,https://www.google.com/maps/search/?api=1&query=%E3%82%B6%E3%83%BB%E3%83%AD%E3%83%93%E3%83%BC%E3%83%A9%E3%82%A6%E3%83%B3%E3%82%B8%EF%BC%86%E3%83%90%E3%83%BC%20%E5%85%AD%E6%9C%AC%E6%9C%A8%E9%A7%85
トラヤ トウキョウ,35.680993,139.765909,지요다구,東京駅,카페,2025,3.84,1039,https://tabelog.com/tokyo/A1302/A130201/13147493/,https://www.google.com/maps/search/?api=1&query=%E3%83%88%E3%83%A9%E3%83%A4%20%E3%83%88%E3%82%A6%E3%82%AD%E3%83%A7%E3%82%A6%20%E6%9D%B1%E4%BA%AC%E9%A7%85
Turret Coffee,35.668048,139.772005,주오구,築地駅,카페,2025,3.73,1022,https://tabelog.com/tokyo/A1313/A131301/13162482/,https://www.google.com/maps/search/?api=1&query=Turret%20Coffee%20%E7%AF%89%E5%9C%B0%E9%A7%85
オールシーズンズ コーヒー,35.689805,139.70793,신주쿠구,新宿御苑前駅,카페,2025,3.68,1196,https://tabelog.com/tokyo/A1304/A130401/13187981/,https://www.google.com/maps/search/?api=1&query=%E3%82%AA%E3%83%BC%E3%83%AB%E3%82%B7%E3%83%BC%E3%82%BA%E3%83%B3%E3%82%BA%20%E3%82%B3%E3%83%BC%E3%83%92%E3%83%BC%20%E6%96%B0%E5%AE%BF%E5%BE%A1%E8%8B%91%E5%89%8D%E9%A7%85
ティーハウスタカノ,35.695448,139.75989,지요다구,神保町駅,카페,2025,3.69,707,https://tabelog.com/tokyo/A1310/A131003/13000643/,https://www.google.com/maps/search/?api=1&query=%E3%83%86%E3%82%A3%E3%83%BC%E3%83%8F%E3%82%A6%E3%82%B9%E3%82%BF%E3%82%AB%E3%83%8E%20%E7%A5%9E%E4%BF%9D%E7%94%BA%E9%A7%85
ザ・リッツ・カールトン カフェ＆デリ,35.66604,139.730947,미나토구,六本木駅,카페,2025,3.73,927,https://tabelog.com/tokyo/A1307/A130701/13037995/,https://www.google.com/maps/search/?api=1&query=%E3%82%B6%E3%83%BB%E3%83%AA%E3%83%83%E3%83%84%E3%83%BB%E3%82%AB%E3%83%BC%E3%83%AB%E3%83%88%E3%83%B3%20%E3%82%AB%E3%83%95%E3%82%A7%EF%BC%86%E3%83%87%E3%83%AA%20%E5%85%AD%E6%9C%AC%E6%9C%A8%E9%A7%85
ブルー・ブリック・ラウンジ,35.663427,139.71485,미나토구,表参道駅,카페,2025,3.7,1058,https://tabelog.com/tokyo/A1306/A130602/13004798/,https://www.google.com/maps/search/?api=1&query=%E3%83%96%E3%83%AB%E3%83%BC%E3%83%BB%E3%83%96%E3%83%AA%E3%83%83%E3%82%AF%E3%83%BB%E3%83%A9%E3%82%A6%E3%83%B3%E3%82%B8%20%E8%A1%A8%E5%8F%82%E9%81%93%E9%A7%85
茶茶の間,35.666291,139.707026,시부야구,明治神宮前駅,카페,2025,3.69,350,https://tabelog.com/tokyo/A1306/A130601/13043546/,https://www.google.com/maps/search/?api=1&query=%E8%8C%B6%E8%8C%B6%E3%81%AE%E9%96%93%20%E6%98%8E%E6%B2%BB%E7%A5%9E%E5%AE%AE%E5%89%8D%E9%A7%85
ローズベーカリー 丸の内,35.678984,139.762287,지요다구,二重橋前駅,카페,2025,3.7,791,https://tabelog.com/tokyo/A1302/A130201/13122282/,https://www.google.com/maps/search/?api=1&query=%E3%83%AD%E3%83%BC%E3%82%BA%E3%83%99%E3%83%BC%E3%82%AB%E3%83%AA%E3%83%BC%20%E4%B8%B8%E3%81%AE%E5%86%85%20%E4%BA%8C%E9%87%8D%E6%A9%8B%E5%89%8D%E9%A7%85
Nicolai Bergmann NOMU aoyama,35.66305,139.712793,미나토구,表参道駅,카페,2025,3.7,1281,https://tabelog.com/tokyo/A1306/A130602/13121811/,https://www.google.com/maps/search/?api=1&query=Nicolai%20Bergmann%20NOMU%20aoyama%20%E8%A1%A8%E5%8F%82%E9%81%93%E9%A7%85
うさぎや CAFE,35.706954,139.771617,다이토구,上野広小路駅,카페,2025,3.73,1301,https://tabelog.com/tokyo/A1311/A131101/13184732/,https://www.google.com/maps/search/?api=1&query=%E3%81%86%E3%81%95%E3%81%8E%E3%82%84%20CAFE%20%E4%B8%8A%E9%87%8E%E5%BA%83%E5%B0%8F%E8%B7%AF%E9%A7%85
ザ・フレンチトーストファクトリー ヨドバシAkiba店,35.698673,139.774748,지요다구,秋葉原駅,카페,2025,3.67,1323,https://tabelog.com/tokyo/A1310/A131001/13189295/,https://www.google.com/maps/search/?api=1&query=%E3%82%B6%E3%83%BB%E3%83%95%E3%83%AC%E3%83%B3%E3%83%81%E3%83%88%E3%83%BC%E3%82%B9%E3%83%88%E3%83%95%E3%82%A1%E3%82%AF%E3%83%88%E3%83%AA%E3%83%BC%20%E3%83%A8%E3%83%89%E3%83%90%E3%82%B7Akiba%E5%BA%97%20%E7%A7%8B%E8%91%89%E5%8E%9F%E9%A7%85
茶洒 金田中,35.665565,139.710574,미나토구,表参道駅,카페,2025,3.68,929,https://tabelog.com/tokyo/A1306/A130602/13154538/,https://www.google.com/maps/search/?api=1&query=%E8%8C%B6%E6%B4%92%20%E9%87%91%E7%94%B0%E4%B8%AD%20%E8%A1%A8%E5%8F%82%E9%81%93%E9%A7%85
インペリアルラウンジ アクア,35.672329,139.758248,지요다구,日比谷駅,카페,2025,3.67,822,https://tabelog.com/tokyo/A1301/A130102/13002297/,https://www.google.com/maps/search/?api=1&query=%E3%82%A4%E3%83%B3%E3%83%9A%E3%83%AA%E3%82%A2%E3%83%AB%E3%83%A9%E3%82%A6%E3%83%B3%E3%82%B8%20%E3%82%A2%E3%82%AF%E3%82%A2%20%E6%97%A5%E6%AF%94%E8%B0%B7%E9%A7%85
リュモンコーヒースタンド,35.70128,139.583509,武蔵野구,吉祥寺駅,카페,2025,3.73,713,https://tabelog.com/tokyo/A1320/A132001/13129877/,https://www.google.com/maps/search/?api=1&query=%E3%83%AA%E3%83%A5%E3%83%A2%E3%83%B3%E3%82%B3%E3%83%BC%E3%83%92%E3%83%BC%E3%82%B9%E3%82%BF%E3%83%B3%E3%83%89%20%E5%90%89%E7%A5%A5%E5%AF%BA%E9%A7%85
BERG,35.691837,139.700992,신주쿠구,新宿駅,카페,2025,3.74,2943,https://tabelog.com/tokyo/A1304/A130401/13004332/,https://www.google.com/maps/search/?api=1&query=BERG%20%E6%96%B0%E5%AE%BF%E9%A7%85
エスプレッソ ファクトリー,35.725062,139.761409,분쿄구,千駄木駅,카페,2025,3.69,519,https://tabelog.com/tokyo/A1311/A131106/13120235/,https://www.google.com/maps/search/?api=1&query=%E3%82%A8%E3%82%B9%E3%83%97%E3%83%AC%E3%83%83%E3%82%BD%20%E3%83%95%E3%82%A1%E3%82%AF%E3%83%88%E3%83%AA%E3%83%BC%20%E5%8D%83%E9%A7%84%E6%9C%A8%E9%A7%85
FUGLEN TOKYO,35.666649,139.692424,시부야구,代々木公園駅,카페,2025,3.71,1388,https://tabelog.com/tokyo/A1318/A131810/13141002/,https://www.google.com/maps/search/?api=1&query=FUGLEN%20TOKYO%20%E4%BB%A3%E3%80%85%E6%9C%A8%E5%85%AC%E5%9C%92%E9%A7%85
M＆C Cafe 丸の内オアゾ,35.68361,139.766415,지요다구,東京駅,카페,2025,3.67,935,https://tabelog.com/tokyo/A1302/A130201/13010996/,https://www.google.com/maps/search/?api=1&query=M%EF%BC%86C%20Cafe%20%E4%B8%B8%E3%81%AE%E5%86%85%E3%82%AA%E3%82%A2%E3%82%BE%20%E6%9D%B1%E4%BA%AC%E9%A7%85
Paul Bassett 渋谷ヒカリエ ＳｈiｎＱｓ 東横のれん街店,35.658747,139.703254,시부야구,渋谷駅,카페,2025,3.72,1365,https://tabelog.com/tokyo/A1303/A130301/13140156/,https://www.google.com/maps/search/?api=1&query=Paul%20Bassett%20%E6%B8%8B%E8%B0%B7%E3%83%92%E3%82%AB%E3%83%AA%E3%82%A8%20%EF%BC%B3%EF%BD%88i%EF%BD%8E%EF%BC%B1%EF%BD%93%20%E6%9D%B1%E6%A8%AA%E3%81%AE%E3%82%8C%E3%82%93%E8%A1%97%E5%BA%97%20%E6%B8%8B%E8%B0%B7%E9%A7%85
ル・パン・コティディアン 芝公園店,35.658207,139.750119,미나토구,御成門駅,카페,2025,3.71,3325,https://tabelog.com/tokyo/A1314/A131401/13120999/,https://www.google.com/maps/search/?api=1&query=%E3%83%AB%E3%83%BB%E3%83%91%E3%83%B3%E3%83%BB%E3%82%B3%E3%83%86%E3%82%A3%E3%83%87%E3%82%A3%E3%82%A2%E3%83%B3%20%E8%8A%9D%E5%85%AC%E5%9C%92%E5%BA%97%20%E5%BE%A1%E6%88%90%E9%96%80%E9%A7%85
ザ・ロビーラウンジ,35.682659,139.769466,지요다구,東京駅,카페,2025,3.66,722,https://tabelog.com/tokyo/A1302/A130201/13072553/,https://www.google.com/maps/search/?api=1&query=%E3%82%B6%E3%83%BB%E3%83%AD%E3%83%93%E3%83%BC%E3%83%A9%E3%82%A6%E3%83%B3%E3%82%B8%20%E6%9D%B1%E4%BA%AC%E9%A7%85
カフェーパウリスタ,35.668093,139.76204,주오구,新橋駅,카페,2025,3.73,1819,https://tabelog.com/tokyo/A1301/A130103/13002648/,https://www.google.com/maps/search/?api=1&query=%E3%82%AB%E3%83%95%E3%82%A7%E3%83%BC%E3%83%91%E3%82%A6%E3%83%AA%E3%82%B9%E3%82%BF%20%E6%96%B0%E6%A9%8B%E9%A7%85
グリッチコーヒー&amp;ロースターズ,35.693752,139.761314,지요다구,神保町駅,카페,2025,3.67,652,https://tabelog.com/tokyo/A1310/A131003/13180698/,https://www.google.com/maps/search/?api=1&query=%E3%82%B0%E3%83%AA%E3%83%83%E3%83%81%E3%82%B3%E3%83%BC%E3%83%92%E3%83%BC%26amp%3B%E3%83%AD%E3%83%BC%E3%82%B9%E3%82%BF%E3%83%BC%E3%82%BA%20%E7%A5%9E%E4%BF%9D%E7%94%BA%E9%A7%85
チャイブレイク,35.701789,139.576444,武蔵野구,吉祥寺駅,카페,2025,3.76,1409,https://tabelog.com/tokyo/A1320/A132001/13098849/,https://www.google.com/maps/search/?api=1&query=%E3%83%81%E3%83%A3%E3%82%A4%E3%83%96%E3%83%AC%E3%82%A4%E3%82%AF%20%E5%90%89%E7%A5%A5%E5%AF%BA%E9%A7%85
カフェ ファソン 中目黒本店,35.644713,139.697974,메구로구,中目黒駅,카페,2025,3.75,1452,https://tabelog.com/tokyo/A1317/A131701/13056736/,https://www.google.com/maps/search/?api=1&query=%E3%82%AB%E3%83%95%E3%82%A7%20%E3%83%95%E3%82%A1%E3%82%BD%E3%83%B3%20%E4%B8%AD%E7%9B%AE%E9%BB%92%E6%9C%AC%E5%BA%97%20%E4%B8%AD%E7%9B%AE%E9%BB%92%E9%A7%85
トラヤあんスタンド 新宿店,35.688435,139.701448,시부야구,新宿駅,카페,2025,3.64,699,https://tabelog.com/tokyo/A1304/A130403/13193561/,https://www.google.com/maps/search/?api=1&query=%E3%83%88%E3%83%A9%E3%83%A4%E3%81%82%E3%82%93%E3%82%B9%E3%82%BF%E3%83%B3%E3%83%89%20%E6%96%B0%E5%AE%BF%E5%BA%97%20%E6%96%B0%E5%AE%BF%E9%A7%85
Cafe 1894,35.678453,139.763317,지요다구,二重橋前駅,카페,2025,3.64,1818,https://tabelog.com/tokyo/A1302/A130201/13096426/,https://www.google.com/maps/search/?api=1&query=Cafe%201894%20%E4%BA%8C%E9%87%8D%E6%A9%8B%E5%89%8D%E9%A7%85
Paul Bassett 新宿,35.692838,139.695113,신주쿠구,西新宿駅,카페,2025,3.72,2472,https://tabelog.com/tokyo/A1304/A130401/13026041/,https://www.google.com/maps/search/?api=1&query=Paul%20Bassett%20%E6%96%B0%E5%AE%BF%20%E8%A5%BF%E6%96%B0%E5%AE%BF%E9%A7%85
うぐいすと穀雨,35.721277,139.712862,도시마구,雑司が谷（東京メトロ）駅,카페,2025,3.67,348,https://tabelog.com/tokyo/A1305/A130502/13178579/,https://www.google.com/maps/search/?api=1&query=%E3%81%86%E3%81%90%E3%81%84%E3%81%99%E3%81%A8%E7%A9%80%E9%9B%A8%20%E9%9B%91%E5%8F%B8%E3%81%8C%E8%B0%B7%EF%BC%88%E6%9D%B1%E4%BA%AC%E3%83%A1%E3%83%88%E3%83%AD%EF%BC%89%E9%A7%85
文明堂カフェ,35.686401,139.77526,주오구,三越前駅,카페,2025,3.72,1328,https://tabelog.com/tokyo/A1302/A130202/13152670/,https://www.google.com/maps/search/?api=1&query=%E6%96%87%E6%98%8E%E5%A0%82%E3%82%AB%E3%83%95%E3%82%A7%20%E4%B8%89%E8%B6%8A%E5%89%8D%E9%A7%85
BiOcafe,35.661438,139.698944,시부야구,渋谷駅,카페,2025,3.64,1367,https://tabelog.com/tokyo/A1303/A130301/13004505/,https://www.google.com/maps/search/?api=1&query=BiOcafe%20%E6%B8%8B%E8%B0%B7%E9%A7%85
es,35.661473,139.721356,미나토구,乃木坂駅,창작·이노베이티브,2025,3.79,93,https://tabelog.com/tokyo/A1307/A130701/13276814/,https://www.google.com/maps/search/?api=1&query=es%20%E4%B9%83%E6%9C%A8%E5%9D%82%E9%A7%85
No Code,35.659987,139.720514,미나토구,乃木坂駅,창작·이노베이티브,2025,3.69,116,https://tabelog.com/tokyo/A1306/A130602/13274639/,https://www.google.com/maps/search/?api=1&query=No%20Code%20%E4%B9%83%E6%9C%A8%E5%9D%82%E9%A7%85
タパス モラキュラーバー,35.687058,139.773057,주오구,三越前駅,창작·이노베이티브,2025,3.56,194,https://tabelog.com/tokyo/A1302/A130202/13020501/,https://www.google.com/maps/search/?api=1&query=%E3%82%BF%E3%83%91%E3%82%B9%20%E3%83%A2%E3%83%A9%E3%82%AD%E3%83%A5%E3%83%A9%E3%83%BC%E3%83%90%E3%83%BC%20%E4%B8%89%E8%B6%8A%E5%89%8D%E9%A7%85
蒼,35.660044,139.725267,미나토구,六本木駅,창작·이노베이티브,2025,4.62,563,https://tabelog.com/tokyo/A1307/A130701/13243463/,https://www.google.com/maps/search/?api=1&query=%E8%92%BC%20%E5%85%AD%E6%9C%AC%E6%9C%A8%E9%A7%85
マルゴット エ バッチャーレ,35.658173,139.723457,미나토구,広尾駅,창작·이노베이티브,2025,3.84,450,https://tabelog.com/tokyo/A1307/A130703/13172139/,https://www.google.com/maps/search/?api=1&query=%E3%83%9E%E3%83%AB%E3%82%B4%E3%83%83%E3%83%88%20%E3%82%A8%20%E3%83%90%E3%83%83%E3%83%81%E3%83%A3%E3%83%BC%E3%83%AC%20%E5%BA%83%E5%B0%BE%E9%A7%85
美会,35.665368,139.72795,미나토구,乃木坂駅,창작·이노베이티브,2025,4.35,491,https://tabelog.com/tokyo/A1307/A130701/13270211/,https://www.google.com/maps/search/?api=1&query=%E7%BE%8E%E4%BC%9A%20%E4%B9%83%E6%9C%A8%E5%9D%82%E9%A7%85
伊ざき,35.638088,139.72616,미나토구,白金台駅,창작·이노베이티브,2025,3.93,135,https://tabelog.com/tokyo/A1316/A131602/13295225/,https://www.google.com/maps/search/?api=1&query=%E4%BC%8A%E3%81%96%E3%81%8D%20%E7%99%BD%E9%87%91%E5%8F%B0%E9%A7%85
クイント,35.644785,139.689632,메구로구,池尻大橋駅,창작·이노베이티브,2025,3.88,123,https://tabelog.com/tokyo/A1317/A131701/13285235/,https://www.google.com/maps/search/?api=1&query=%E3%82%AF%E3%82%A4%E3%83%B3%E3%83%88%20%E6%B1%A0%E5%B0%BB%E5%A4%A7%E6%A9%8B%E9%A7%85
MAZ,35.679435,139.737672,지요다구,永田町駅,창작·이노베이티브,2025,4.05,266,https://tabelog.com/tokyo/A1308/A130803/13270953/,https://www.google.com/maps/search/?api=1&query=MAZ%20%E6%B0%B8%E7%94%B0%E7%94%BA%E9%A7%85
NARISAWA,35.671574,139.721897,미나토구,青山一丁目駅,창작·이노베이티브,2025,4.24,776,https://tabelog.com/tokyo/A1306/A130603/13005423/,https://www.google.com/maps/search/?api=1&query=NARISAWA%20%E9%9D%92%E5%B1%B1%E4%B8%80%E4%B8%81%E7%9B%AE%E9%A7%85
KINO_,35.683612,139.700776,시부야구,代々木駅,창작·이노베이티브,2025,3.99,502,https://tabelog.com/tokyo/A1304/A130403/13285210/,https://www.google.com/maps/search/?api=1&query=KINO_%20%E4%BB%A3%E3%80%85%E6%9C%A8%E9%A7%85
CHIUnE,35.679388,139.737656,지요다구,永田町駅,창작·이노베이티브,2025,4.5,219,https://tabelog.com/tokyo/A1308/A130801/13295095/,https://www.google.com/maps/search/?api=1&query=CHIUnE%20%E6%B0%B8%E7%94%B0%E7%94%BA%E9%A7%85
薫 HIROO,35.65119,139.723717,미나토구,広尾駅,창작·이노베이티브,2025,4.3,260,https://tabelog.com/tokyo/A1307/A130703/13238442/,https://www.google.com/maps/search/?api=1&query=%E8%96%AB%20HIROO%20%E5%BA%83%E5%B0%BE%E9%A7%85
シャテーニュ,35.703502,139.737134,신주쿠구,神楽坂駅,창작·이노베이티브,2025,3.68,233,https://tabelog.com/tokyo/A1309/A130905/13234863/,https://www.google.com/maps/search/?api=1&query=%E3%82%B7%E3%83%A3%E3%83%86%E3%83%BC%E3%83%8B%E3%83%A5%20%E7%A5%9E%E6%A5%BD%E5%9D%82%E9%A7%85
傳,35.673185,139.712729,시부야구,外苑前駅,창작·이노베이티브,2025,4.32,334,https://tabelog.com/tokyo/A1306/A130603/13046855/,https://www.google.com/maps/search/?api=1&query=%E5%82%B3%20%E5%A4%96%E8%8B%91%E5%89%8D%E9%A7%85
デンクシフロリ,35.663933,139.708943,미나토구,表参道駅,창작·이노베이티브,2025,3.68,298,https://tabelog.com/tokyo/A1306/A130602/13251137/,https://www.google.com/maps/search/?api=1&query=%E3%83%87%E3%83%B3%E3%82%AF%E3%82%B7%E3%83%95%E3%83%AD%E3%83%AA%20%E8%A1%A8%E5%8F%82%E9%81%93%E9%A7%85
ア・ニュ Shohei Shimono,35.649074,139.719969,시부야구,広尾駅,창작·이노베이티브,2025,3.79,152,https://tabelog.com/tokyo/A1307/A130703/13238000/,https://www.google.com/maps/search/?api=1&query=%E3%82%A2%E3%83%BB%E3%83%8B%E3%83%A5%20Shohei%20Shimono%20%E5%BA%83%E5%B0%BE%E9%A7%85
SUGALABO,35.661057,139.743647,미나토구,神谷町駅,창작·이노베이티브,2025,4.46,866,https://tabelog.com/tokyo/A1307/A130704/13182678/,https://www.google.com/maps/search/?api=1&query=SUGALABO%20%E7%A5%9E%E8%B0%B7%E7%94%BA%E9%A7%85
SECRETO,35.698344,139.731214,신주쿠구,牛込神楽坂駅,창작·이노베이티브,2025,4.29,510,https://tabelog.com/tokyo/A1309/A130905/13213559/,https://www.google.com/maps/search/?api=1&query=SECRETO%20%E7%89%9B%E8%BE%BC%E7%A5%9E%E6%A5%BD%E5%9D%82%E9%A7%85
長谷川 稔,35.651084,139.723724,미나토구,広尾駅,창작·이노베이티브,2025,4.24,265,https://tabelog.com/tokyo/A1307/A130703/13220575/,https://www.google.com/maps/search/?api=1&query=%E9%95%B7%E8%B0%B7%E5%B7%9D%20%E7%A8%94%20%E5%BA%83%E5%B0%BE%E9%A7%85
ete,35.67059,139.683513,시부야구,代々木上原駅,창작·이노베이티브,2025,4.24,131,https://tabelog.com/tokyo/A1318/A131811/13249143/,https://www.google.com/maps/search/?api=1&query=ete%20%E4%BB%A3%E3%80%85%E6%9C%A8%E4%B8%8A%E5%8E%9F%E9%A7%85
SPICE LAB TOKYO,35.671611,139.761983,주오구,銀座駅,창작·이노베이티브,2025,3.68,681,https://tabelog.com/tokyo/A1301/A130101/13240579/,https://www.google.com/maps/search/?api=1&query=SPICE%20LAB%20TOKYO%20%E9%8A%80%E5%BA%A7%E9%A7%85
Metis 六本木,35.661084,139.737041,미나토구,六本木一丁目駅,창작·이노베이티브,2025,4,238,https://tabelog.com/tokyo/A1307/A130702/13280829/,https://www.google.com/maps/search/?api=1&query=Metis%20%E5%85%AD%E6%9C%AC%E6%9C%A8%20%E5%85%AD%E6%9C%AC%E6%9C%A8%E4%B8%80%E4%B8%81%E7%9B%AE%E9%A7%85
LOOP TOKYO,35.712791,139.791221,다이토구,浅草（つくばＥＸＰ）駅,창작·이노베이티브,2025,3.7,92,https://tabelog.com/tokyo/A1311/A131102/13274915/,https://www.google.com/maps/search/?api=1&query=LOOP%20TOKYO%20%E6%B5%85%E8%8D%89%EF%BC%88%E3%81%A4%E3%81%8F%E3%81%B0%EF%BC%A5%EF%BC%B8%EF%BC%B0%EF%BC%89%E9%A7%85
sio,35.66959,139.682143,시부야구,代々木上原駅,창작·이노베이티브,2025,3.87,950,https://tabelog.com/tokyo/A1318/A131811/13150395/,https://www.google.com/maps/search/?api=1&query=sio%20%E4%BB%A3%E3%80%85%E6%9C%A8%E4%B8%8A%E5%8E%9F%E9%A7%85
TexturA,35.674419,139.761256,지요다구,日比谷駅,창작·이노베이티브,2025,3.74,2771,https://tabelog.com/tokyo/A1301/A130102/13232958/,https://www.google.com/maps/search/?api=1&query=TexturA%20%E6%97%A5%E6%AF%94%E8%B0%B7%E9%A7%85
セララバアド,35.665798,139.684192,시부야구,代々木上原駅,창작·이노베이티브,2025,3.7,555,https://tabelog.com/tokyo/A1318/A131811/13176914/,https://www.google.com/maps/search/?api=1&query=%E3%82%BB%E3%83%A9%E3%83%A9%E3%83%90%E3%82%A2%E3%83%89%20%E4%BB%A3%E3%80%85%E6%9C%A8%E4%B8%8A%E5%8E%9F%E9%A7%85
エスキス,35.671725,139.763339,주오구,銀座駅,프렌치,2025,4.3,1190,https://tabelog.com/tokyo/A1301/A130101/13142530/,https://www.google.com/maps/search/?api=1&query=%E3%82%A8%E3%82%B9%E3%82%AD%E3%82%B9%20%E9%8A%80%E5%BA%A7%E9%A7%85
ルカンケ,35.6376,139.723311,미나토구,白金台駅,프렌치,2025,3.84,945,https://tabelog.com/tokyo/A1316/A131602/13099717/,https://www.google.com/maps/search/?api=1&query=%E3%83%AB%E3%82%AB%E3%83%B3%E3%82%B1%20%E7%99%BD%E9%87%91%E5%8F%B0%E9%A7%85
AMOUR,35.64876,139.714159,시부야구,恵比寿駅,프렌치,2025,3.74,344,https://tabelog.com/tokyo/A1303/A130302/13142028/,https://www.google.com/maps/search/?api=1&query=AMOUR%20%E6%81%B5%E6%AF%94%E5%AF%BF%E9%A7%85
クラフタル,35.64743,139.696516,메구로구,中目黒駅,프렌치,2025,3.78,626,https://tabelog.com/tokyo/A1317/A131701/13186719/,https://www.google.com/maps/search/?api=1&query=%E3%82%AF%E3%83%A9%E3%83%95%E3%82%BF%E3%83%AB%20%E4%B8%AD%E7%9B%AE%E9%BB%92%E9%A7%85
L&#39;Octave Hayato KOBAYASHI,35.677588,139.707709,시부야구,北参道駅,프렌치,2025,3.73,202,https://tabelog.com/tokyo/A1309/A130901/13186978/,https://www.google.com/maps/search/?api=1&query=L%26%2339%3BOctave%20Hayato%20KOBAYASHI%20%E5%8C%97%E5%8F%82%E9%81%93%E9%A7%85
Alternative,35.645324,139.72373,미나토구,広尾駅,프렌치,2025,3.74,99,https://tabelog.com/tokyo/A1316/A131602/13263812/,https://www.google.com/maps/search/?api=1&query=Alternative%20%E5%BA%83%E5%B0%BE%E9%A7%85
ラ ターブル ドゥ ジョエル・ロブション,35.641923,139.714546,메구로구,恵比寿駅,프렌치,2025,3.77,1082,https://tabelog.com/tokyo/A1303/A130302/13010725/,https://www.google.com/maps/search/?api=1&query=%E3%83%A9%20%E3%82%BF%E3%83%BC%E3%83%96%E3%83%AB%20%E3%83%89%E3%82%A5%20%E3%82%B8%E3%83%A7%E3%82%A8%E3%83%AB%E3%83%BB%E3%83%AD%E3%83%96%E3%82%B7%E3%83%A7%E3%83%B3%20%E6%81%B5%E6%AF%94%E5%AF%BF%E9%A7%85
ベージュ アラン・デュカス 東京,35.673098,139.766543,주오구,銀座一丁目駅,프렌치,2025,3.78,1065,https://tabelog.com/tokyo/A1301/A130101/13010470/,https://www.google.com/maps/search/?api=1&query=%E3%83%99%E3%83%BC%E3%82%B8%E3%83%A5%20%E3%82%A2%E3%83%A9%E3%83%B3%E3%83%BB%E3%83%87%E3%83%A5%E3%82%AB%E3%82%B9%20%E6%9D%B1%E4%BA%AC%20%E9%8A%80%E5%BA%A7%E4%B8%80%E4%B8%81%E7%9B%AE%E9%A7%85
シェ オリビエ,35.691617,139.741199,지요다구,市ケ谷駅,프렌치,2025,3.73,332,https://tabelog.com/tokyo/A1309/A130904/13097060/,https://www.google.com/maps/search/?api=1&query=%E3%82%B7%E3%82%A7%20%E3%82%AA%E3%83%AA%E3%83%93%E3%82%A8%20%E5%B8%82%E3%82%B1%E8%B0%B7%E9%A7%85
レ セゾン,35.672414,139.758348,지요다구,日比谷駅,프렌치,2025,4.28,1116,https://tabelog.com/tokyo/A1301/A130102/13002294/,https://www.google.com/maps/search/?api=1&query=%E3%83%AC%20%E3%82%BB%E3%82%BE%E3%83%B3%20%E6%97%A5%E6%AF%94%E8%B0%B7%E9%A7%85
ウラノ,35.692296,139.742671,지요다구,市ケ谷駅,프렌치,2025,3.75,80,https://tabelog.com/tokyo/A1309/A130904/13232449/,https://www.google.com/maps/search/?api=1&query=%E3%82%A6%E3%83%A9%E3%83%8E%20%E5%B8%82%E3%82%B1%E8%B0%B7%E9%A7%85
ラトラス,35.703346,139.737925,신주쿠구,神楽坂駅,프렌치,2025,3.76,442,https://tabelog.com/tokyo/A1309/A130905/13059639/,https://www.google.com/maps/search/?api=1&query=%E3%83%A9%E3%83%88%E3%83%A9%E3%82%B9%20%E7%A5%9E%E6%A5%BD%E5%9D%82%E9%A7%85
ラシェット・ブランシュ,35.646707,139.731124,미나토구,白金高輪駅,프렌치,2025,3.88,383,https://tabelog.com/tokyo/A1316/A131602/13004471/,https://www.google.com/maps/search/?api=1&query=%E3%83%A9%E3%82%B7%E3%82%A7%E3%83%83%E3%83%88%E3%83%BB%E3%83%96%E3%83%A9%E3%83%B3%E3%82%B7%E3%83%A5%20%E7%99%BD%E9%87%91%E9%AB%98%E8%BC%AA%E9%A7%85
Héritage by Kei Kobayashi,35.666302,139.731287,미나토구,六本木駅,프렌치,2025,4.01,290,https://tabelog.com/tokyo/A1307/A130701/13293593/,https://www.google.com/maps/search/?api=1&query=H%C3%A9ritage%20by%20Kei%20Kobayashi%20%E5%85%AD%E6%9C%AC%E6%9C%A8%E9%A7%85
ラ ペ,35.685105,139.775581,주오구,三越前駅,프렌치,2025,3.97,713,https://tabelog.com/tokyo/A1302/A130202/13173559/,https://www.google.com/maps/search/?api=1&query=%E3%83%A9%20%E3%83%9A%20%E4%B8%89%E8%B6%8A%E5%89%8D%E9%A7%85
銀座 大石,35.672081,139.768323,주오구,銀座一丁目駅,프렌치,2025,4.45,898,https://tabelog.com/tokyo/A1301/A130101/13238352/,https://www.google.com/maps/search/?api=1&query=%E9%8A%80%E5%BA%A7%20%E5%A4%A7%E7%9F%B3%20%E9%8A%80%E5%BA%A7%E4%B8%80%E4%B8%81%E7%9B%AE%E9%A7%85
アルゴリズム,35.644391,139.724816,미나토구,白金台駅,프렌치,2025,3.92,553,https://tabelog.com/tokyo/A1316/A131602/13213150/,https://www.google.com/maps/search/?api=1&query=%E3%82%A2%E3%83%AB%E3%82%B4%E3%83%AA%E3%82%BA%E3%83%A0%20%E7%99%BD%E9%87%91%E5%8F%B0%E9%A7%85
ラ・マティエール,35.703833,139.736302,신주쿠구,神楽坂駅,프렌치,2025,3.74,497,https://tabelog.com/tokyo/A1309/A130905/13025251/,https://www.google.com/maps/search/?api=1&query=%E3%83%A9%E3%83%BB%E3%83%9E%E3%83%86%E3%82%A3%E3%82%A8%E3%83%BC%E3%83%AB%20%E7%A5%9E%E6%A5%BD%E5%9D%82%E9%A7%85
ラチュレ,35.660767,139.70853,시부야구,表参道駅,프렌치,2025,4.26,3213,https://tabelog.com/tokyo/A1303/A130301/13198692/,https://www.google.com/maps/search/?api=1&query=%E3%83%A9%E3%83%81%E3%83%A5%E3%83%AC%20%E8%A1%A8%E5%8F%82%E9%81%93%E9%A7%85
フランス料理 タンモア,35.669714,139.730679,미나토구,乃木坂駅,프렌치,2025,3.77,181,https://tabelog.com/tokyo/A1307/A130701/13225590/,https://www.google.com/maps/search/?api=1&query=%E3%83%95%E3%83%A9%E3%83%B3%E3%82%B9%E6%96%99%E7%90%86%20%E3%82%BF%E3%83%B3%E3%83%A2%E3%82%A2%20%E4%B9%83%E6%9C%A8%E5%9D%82%E9%A7%85
AZUR et MASA UEKI,35.661008,139.721812,미나토구,乃木坂駅,프렌치,2025,4.02,664,https://tabelog.com/tokyo/A1307/A130701/13206559/,https://www.google.com/maps/search/?api=1&query=AZUR%20et%20MASA%20UEKI%20%E4%B9%83%E6%9C%A8%E5%9D%82%E9%A7%85
エディション・コウジ シモムラ,35.665551,139.738231,미나토구,六本木一丁目駅,프렌치,2025,4.06,769,https://tabelog.com/tokyo/A1307/A130701/13042074/,https://www.google.com/maps/search/?api=1&query=%E3%82%A8%E3%83%87%E3%82%A3%E3%82%B7%E3%83%A7%E3%83%B3%E3%83%BB%E3%82%B3%E3%82%A6%E3%82%B8%20%E3%82%B7%E3%83%A2%E3%83%A0%E3%83%A9%20%E5%85%AD%E6%9C%AC%E6%9C%A8%E4%B8%80%E4%B8%81%E7%9B%AE%E9%A7%85
ル スプートニク,35.664435,139.729885,미나토구,六本木駅,프렌치,2025,3.79,487,https://tabelog.com/tokyo/A1307/A130701/13184105/,https://www.google.com/maps/search/?api=1&query=%E3%83%AB%20%E3%82%B9%E3%83%97%E3%83%BC%E3%83%88%E3%83%8B%E3%82%AF%20%E5%85%AD%E6%9C%AC%E6%9C%A8%E9%A7%85
unis,35.666786,139.748227,미나토구,虎ノ門ヒルズ駅,프렌치,2025,4.22,293,https://tabelog.com/tokyo/A1308/A130802/13253159/,https://www.google.com/maps/search/?api=1&query=unis%20%E8%99%8E%E3%83%8E%E9%96%80%E3%83%92%E3%83%AB%E3%82%BA%E9%A7%85
Alchimiste,35.637552,139.723192,미나토구,白金台駅,프렌치,2025,3.94,292,https://tabelog.com/tokyo/A1316/A131602/13256112/,https://www.google.com/maps/search/?api=1&query=Alchimiste%20%E7%99%BD%E9%87%91%E5%8F%B0%E9%A7%85
ソンブルイユ,35.698022,139.745024,지요다구,飯田橋駅,프렌치,2025,3.77,310,https://tabelog.com/tokyo/A1309/A130905/13211031/,https://www.google.com/maps/search/?api=1&query=%E3%82%BD%E3%83%B3%E3%83%96%E3%83%AB%E3%82%A4%E3%83%A6%20%E9%A3%AF%E7%94%B0%E6%A9%8B%E9%A7%85
フランス料理 エステール by アラン・デュカス,35.684509,139.761229,지요다구,大手町駅,프렌치,2025,3.91,323,https://tabelog.com/tokyo/A1302/A130201/13239843/,https://www.google.com/maps/search/?api=1&query=%E3%83%95%E3%83%A9%E3%83%B3%E3%82%B9%E6%96%99%E7%90%86%20%E3%82%A8%E3%82%B9%E3%83%86%E3%83%BC%E3%83%AB%20by%20%E3%82%A2%E3%83%A9%E3%83%B3%E3%83%BB%E3%83%87%E3%83%A5%E3%82%AB%E3%82%B9%20%E5%A4%A7%E6%89%8B%E7%94%BA%E9%A7%85
レストラン・サカキ,35.67602,139.771482,주오구,宝町駅,프렌치,2025,3.73,1878,https://tabelog.com/tokyo/A1302/A130202/13002443/,https://www.google.com/maps/search/?api=1&query=%E3%83%AC%E3%82%B9%E3%83%88%E3%83%A9%E3%83%B3%E3%83%BB%E3%82%B5%E3%82%AB%E3%82%AD%20%E5%AE%9D%E7%94%BA%E9%A7%85
ボニュ,35.681262,139.691286,시부야구,参宮橋駅,프렌치,2025,4.25,361,https://tabelog.com/tokyo/A1304/A130401/13184186/,https://www.google.com/maps/search/?api=1&query=%E3%83%9C%E3%83%8B%E3%83%A5%20%E5%8F%82%E5%AE%AE%E6%A9%8B%E9%A7%85
sincere,35.6769,139.704316,시부야구,北参道駅,프렌치,2025,4.02,659,https://tabelog.com/tokyo/A1309/A130901/13194253/,https://www.google.com/maps/search/?api=1&query=sincere%20%E5%8C%97%E5%8F%82%E9%81%93%E9%A7%85
レストラン マノワ,35.648427,139.717205,시부야구,広尾駅,프렌치,2025,3.87,772,https://tabelog.com/tokyo/A1303/A130302/13133477/,https://www.google.com/maps/search/?api=1&query=%E3%83%AC%E3%82%B9%E3%83%88%E3%83%A9%E3%83%B3%20%E3%83%9E%E3%83%8E%E3%83%AF%20%E5%BA%83%E5%B0%BE%E9%A7%85
KOTARO Hasegawa DOWNTOWN CUISINE,35.705746,139.781104,다이토구,新御徒町駅,프렌치,2025,3.81,94,https://tabelog.com/tokyo/A1311/A131101/13229542/,https://www.google.com/maps/search/?api=1&query=KOTARO%20Hasegawa%20DOWNTOWN%20CUISINE%20%E6%96%B0%E5%BE%A1%E5%BE%92%E7%94%BA%E9%A7%85
Florilege,35.661617,139.743455,미나토구,神谷町駅,프렌치,2025,4.14,384,https://tabelog.com/tokyo/A1307/A130704/13289651/,https://www.google.com/maps/search/?api=1&query=Florilege%20%E7%A5%9E%E8%B0%B7%E7%94%BA%E9%A7%85
ラ・ボンヌターブル,35.686708,139.774849,주오구,三越前駅,프렌치,2025,3.77,1570,https://tabelog.com/tokyo/A1302/A130202/13166325/,https://www.google.com/maps/search/?api=1&query=%E3%83%A9%E3%83%BB%E3%83%9C%E3%83%B3%E3%83%8C%E3%82%BF%E3%83%BC%E3%83%96%E3%83%AB%20%E4%B8%89%E8%B6%8A%E5%89%8D%E9%A7%85
レストラン リューズ,35.664716,139.733463,미나토구,六本木駅,프렌치,2025,4.07,1001,https://tabelog.com/tokyo/A1307/A130701/13122126/,https://www.google.com/maps/search/?api=1&query=%E3%83%AC%E3%82%B9%E3%83%88%E3%83%A9%E3%83%B3%20%E3%83%AA%E3%83%A5%E3%83%BC%E3%82%BA%20%E5%85%AD%E6%9C%AC%E6%9C%A8%E9%A7%85
レフェルヴェソンス,35.660222,139.719414,미나토구,表参道駅,프렌치,2025,4.48,1764,https://tabelog.com/tokyo/A1306/A130602/13116356/,https://www.google.com/maps/search/?api=1&query=%E3%83%AC%E3%83%95%E3%82%A7%E3%83%AB%E3%83%B4%E3%82%A7%E3%82%BD%E3%83%B3%E3%82%B9%20%E8%A1%A8%E5%8F%82%E9%81%93%E9%A7%85
Jfree,35.70124,139.741939,신주쿠구,飯田橋駅,프렌치,2025,4.07,180,https://tabelog.com/tokyo/A1309/A130905/13279528/,https://www.google.com/maps/search/?api=1&query=Jfree%20%E9%A3%AF%E7%94%B0%E6%A9%8B%E9%A7%85
メゾン ポール・ボキューズ,35.649462,139.698729,시부야구,代官山駅,프렌치,2025,3.73,943,https://tabelog.com/tokyo/A1303/A130303/13040327/,https://www.google.com/maps/search/?api=1&query=%E3%83%A1%E3%82%BE%E3%83%B3%20%E3%83%9D%E3%83%BC%E3%83%AB%E3%83%BB%E3%83%9C%E3%82%AD%E3%83%A5%E3%83%BC%E3%82%BA%20%E4%BB%A3%E5%AE%98%E5%B1%B1%E9%A7%85
シグネチャー,35.687062,139.773156,주오구,三越前駅,프렌치,2025,3.78,634,https://tabelog.com/tokyo/A1302/A130202/13020360/,https://www.google.com/maps/search/?api=1&query=%E3%82%B7%E3%82%B0%E3%83%8D%E3%83%81%E3%83%A3%E3%83%BC%20%E4%B8%89%E8%B6%8A%E5%89%8D%E9%A7%85
abysse,35.648478,139.705678,시부야구,代官山駅,프렌치,2025,3.79,295,https://tabelog.com/tokyo/A1303/A130302/13232482/,https://www.google.com/maps/search/?api=1&query=abysse%20%E4%BB%A3%E5%AE%98%E5%B1%B1%E9%A7%85
SEZANNE,35.678097,139.766879,지요다구,京橋駅,프렌치,2025,4.47,562,https://tabelog.com/tokyo/A1302/A130201/13256878/,https://www.google.com/maps/search/?api=1&query=SEZANNE%20%E4%BA%AC%E6%A9%8B%E9%A7%85
Crony,35.655792,139.743307,미나토구,赤羽橋駅,프렌치,2025,3.76,249,https://tabelog.com/tokyo/A1314/A131401/13256097/,https://www.google.com/maps/search/?api=1&query=Crony%20%E8%B5%A4%E7%BE%BD%E6%A9%8B%E9%A7%85
l&#39;elan,35.667462,139.706863,시부야구,明治神宮前駅,프렌치,2025,3.89,74,https://tabelog.com/tokyo/A1306/A130601/13243117/,https://www.google.com/maps/search/?api=1&query=l%26%2339%3Belan%20%E6%98%8E%E6%B2%BB%E7%A5%9E%E5%AE%AE%E5%89%8D%E9%A7%85
レザンファン ギャテ,35.653124,139.704954,시부야구,代官山駅,프렌치,2025,3.71,756,https://tabelog.com/tokyo/A1303/A130303/13039567/,https://www.google.com/maps/search/?api=1&query=%E3%83%AC%E3%82%B6%E3%83%B3%E3%83%95%E3%82%A1%E3%83%B3%20%E3%82%AE%E3%83%A3%E3%83%86%20%E4%BB%A3%E5%AE%98%E5%B1%B1%E9%A7%85
オマージュ,35.718468,139.797023,다이토구,浅草（つくばＥＸＰ）駅,프렌치,2025,4.12,799,https://tabelog.com/tokyo/A1311/A131102/13008700/,https://www.google.com/maps/search/?api=1&query=%E3%82%AA%E3%83%9E%E3%83%BC%E3%82%B8%E3%83%A5%20%E6%B5%85%E8%8D%89%EF%BC%88%E3%81%A4%E3%81%8F%E3%81%B0%EF%BC%A5%EF%BC%B8%EF%BC%B0%EF%BC%89%E9%A7%85
銀座 レカン,35.671882,139.76542,주오구,銀座駅,프렌치,2025,4.08,1220,https://tabelog.com/tokyo/A1301/A130101/13002444/,https://www.google.com/maps/search/?api=1&query=%E9%8A%80%E5%BA%A7%20%E3%83%AC%E3%82%AB%E3%83%B3%20%E9%8A%80%E5%BA%A7%E9%A7%85
apothéose,35.66787,139.746719,미나토구,虎ノ門ヒルズ駅,프렌치,2025,3.98,180,https://tabelog.com/tokyo/A1308/A130802/13289349/,https://www.google.com/maps/search/?api=1&query=apoth%C3%A9ose%20%E8%99%8E%E3%83%8E%E9%96%80%E3%83%92%E3%83%AB%E3%82%BA%E9%A7%85
アン ファス,35.685347,139.784503,주오구,人形町駅,프렌치,2025,3.78,458,https://tabelog.com/tokyo/A1302/A130204/13238193/,https://www.google.com/maps/search/?api=1&query=%E3%82%A2%E3%83%B3%20%E3%83%95%E3%82%A1%E3%82%B9%20%E4%BA%BA%E5%BD%A2%E7%94%BA%E9%A7%85
レストランひらまつ 広尾,35.651009,139.722924,미나토구,広尾駅,프렌치,2025,3.7,565,https://tabelog.com/tokyo/A1307/A130703/13001590/,https://www.google.com/maps/search/?api=1&query=%E3%83%AC%E3%82%B9%E3%83%88%E3%83%A9%E3%83%B3%E3%81%B2%E3%82%89%E3%81%BE%E3%81%A4%20%E5%BA%83%E5%B0%BE%20%E5%BA%83%E5%B0%BE%E9%A7%85
モノリス,35.660015,139.708299,시부야구,渋谷駅,프렌치,2025,4.04,722,https://tabelog.com/tokyo/A1303/A130301/13108686/,https://www.google.com/maps/search/?api=1&query=%E3%83%A2%E3%83%8E%E3%83%AA%E3%82%B9%20%E6%B8%8B%E8%B0%B7%E9%A7%85
トゥールダルジャン 東京,35.680919,139.73405,지요다구,赤坂見附駅,프렌치,2025,3.95,800,https://tabelog.com/tokyo/A1308/A130803/13000288/,https://www.google.com/maps/search/?api=1&query=%E3%83%88%E3%82%A5%E3%83%BC%E3%83%AB%E3%83%80%E3%83%AB%E3%82%B8%E3%83%A3%E3%83%B3%20%E6%9D%B1%E4%BA%AC%20%E8%B5%A4%E5%9D%82%E8%A6%8B%E9%99%84%E9%A7%85
マダム・トキ,35.65084,139.697061,시부야구,代官山駅,프렌치,2025,3.81,1459,https://tabelog.com/tokyo/A1303/A130303/13001707/,https://www.google.com/maps/search/?api=1&query=%E3%83%9E%E3%83%80%E3%83%A0%E3%83%BB%E3%83%88%E3%82%AD%20%E4%BB%A3%E5%AE%98%E5%B1%B1%E9%A7%85
アピシウス,35.675255,139.761115,지요다구,日比谷駅,프렌치,2025,4.27,1462,https://tabelog.com/tokyo/A1301/A130102/13000145/,https://www.google.com/maps/search/?api=1&query=%E3%82%A2%E3%83%94%E3%82%B7%E3%82%A6%E3%82%B9%20%E6%97%A5%E6%AF%94%E8%B0%B7%E9%A7%85
caillou,35.616082,139.698558,메구로구,西小山駅,프렌치,2025,4.09,333,https://tabelog.com/tokyo/A1317/A131710/13279829/,https://www.google.com/maps/search/?api=1&query=caillou%20%E8%A5%BF%E5%B0%8F%E5%B1%B1%E9%A7%85
recte,35.648939,139.705965,시부야구,代官山駅,프렌치,2025,4.17,600,https://tabelog.com/tokyo/A1303/A130303/13036041/,https://www.google.com/maps/search/?api=1&query=recte%20%E4%BB%A3%E5%AE%98%E5%B1%B1%E9%A7%85
jinen.,35.654204,139.697576,시부야구,神泉駅,프렌치,2025,4.1,231,https://tabelog.com/tokyo/A1303/A130301/13263230/,https://www.google.com/maps/search/?api=1&query=jinen.%20%E7%A5%9E%E6%B3%89%E9%A7%85
ラミティエ,35.712111,139.707967,신주쿠구,高田馬場駅,프렌치,2025,3.72,927,https://tabelog.com/tokyo/A1305/A130503/13004131/,https://www.google.com/maps/search/?api=1&query=%E3%83%A9%E3%83%9F%E3%83%86%E3%82%A3%E3%82%A8%20%E9%AB%98%E7%94%B0%E9%A6%AC%E5%A0%B4%E9%A7%85
ASAHINA Gastronome,35.682717,139.779333,주오구,茅場町駅,프렌치,2025,4.31,679,https://tabelog.com/tokyo/A1302/A130203/13227385/,https://www.google.com/maps/search/?api=1&query=ASAHINA%20Gastronome%20%E8%8C%85%E5%A0%B4%E7%94%BA%E9%A7%85
naoto.K,35.692483,139.76336,지요다구,小川町駅,프렌치,2025,3.89,126,https://tabelog.com/tokyo/A1310/A131002/13261755/,https://www.google.com/maps/search/?api=1&query=naoto.K%20%E5%B0%8F%E5%B7%9D%E7%94%BA%E9%A7%85
ラトリエ ドゥ ジョエル・ロブション,35.660125,139.729441,미나토구,六本木駅,프렌치,2025,3.96,1363,https://tabelog.com/tokyo/A1307/A130701/13005334/,https://www.google.com/maps/search/?api=1&query=%E3%83%A9%E3%83%88%E3%83%AA%E3%82%A8%20%E3%83%89%E3%82%A5%20%E3%82%B8%E3%83%A7%E3%82%A8%E3%83%AB%E3%83%BB%E3%83%AD%E3%83%96%E3%82%B7%E3%83%A7%E3%83%B3%20%E5%85%AD%E6%9C%AC%E6%9C%A8%E9%A7%85
シャントレル,35.670765,139.685792,시부야구,代々木八幡駅,프렌치,2025,3.88,218,https://tabelog.com/tokyo/A1318/A131810/13128296/,https://www.google.com/maps/search/?api=1&query=%E3%82%B7%E3%83%A3%E3%83%B3%E3%83%88%E3%83%AC%E3%83%AB%20%E4%BB%A3%E3%80%85%E6%9C%A8%E5%85%AB%E5%B9%A1%E9%A7%85
ジョンティ アッシュ,35.637187,139.723353,미나토구,白金台駅,프렌치,2025,3.77,460,https://tabelog.com/tokyo/A1316/A131602/13056132/,https://www.google.com/maps/search/?api=1&query=%E3%82%B8%E3%83%A7%E3%83%B3%E3%83%86%E3%82%A3%20%E3%82%A2%E3%83%83%E3%82%B7%E3%83%A5%20%E7%99%BD%E9%87%91%E5%8F%B0%E9%A7%85
レストラン ラ フィネス,35.664256,139.75667,미나토구,新橋駅,프렌치,2025,3.89,262,https://tabelog.com/tokyo/A1301/A130103/13139171/,https://www.google.com/maps/search/?api=1&query=%E3%83%AC%E3%82%B9%E3%83%88%E3%83%A9%E3%83%B3%20%E3%83%A9%20%E3%83%95%E3%82%A3%E3%83%8D%E3%82%B9%20%E6%96%B0%E6%A9%8B%E9%A7%85
ドミニク・ブシェ トーキョー,35.674817,139.767305,주오구,銀座一丁目駅,프렌치,2025,4.01,517,https://tabelog.com/tokyo/A1301/A130101/13183610/,https://www.google.com/maps/search/?api=1&query=%E3%83%89%E3%83%9F%E3%83%8B%E3%82%AF%E3%83%BB%E3%83%96%E3%82%B7%E3%82%A7%20%E3%83%88%E3%83%BC%E3%82%AD%E3%83%A7%E3%83%BC%20%E9%8A%80%E5%BA%A7%E4%B8%80%E4%B8%81%E7%9B%AE%E9%A7%85
ル・マンジュ・トゥー,35.698055,139.732409,신주쿠구,牛込神楽坂駅,프렌치,2025,3.85,330,https://tabelog.com/tokyo/A1309/A130905/13000469/,https://www.google.com/maps/search/?api=1&query=%E3%83%AB%E3%83%BB%E3%83%9E%E3%83%B3%E3%82%B8%E3%83%A5%E3%83%BB%E3%83%88%E3%82%A5%E3%83%BC%20%E7%89%9B%E8%BE%BC%E7%A5%9E%E6%A5%BD%E5%9D%82%E9%A7%85
ラ・トゥーエル,35.703197,139.737808,신주쿠구,神楽坂駅,프렌치,2025,3.79,644,https://tabelog.com/tokyo/A1309/A130905/13000457/,https://www.google.com/maps/search/?api=1&query=%E3%83%A9%E3%83%BB%E3%83%88%E3%82%A5%E3%83%BC%E3%82%A8%E3%83%AB%20%E7%A5%9E%E6%A5%BD%E5%9D%82%E9%A7%85
NeMo,35.659485,139.714261,미나토구,表参道駅,프렌치,2025,3.76,437,https://tabelog.com/tokyo/A1306/A130602/13260539/,https://www.google.com/maps/search/?api=1&query=NeMo%20%E8%A1%A8%E5%8F%82%E9%81%93%E9%A7%85
渡辺料理店,35.671142,139.796233,고토구,門前仲町駅,프렌치,2025,4.22,570,https://tabelog.com/tokyo/A1313/A131303/13274535/,https://www.google.com/maps/search/?api=1&query=%E6%B8%A1%E8%BE%BA%E6%96%99%E7%90%86%E5%BA%97%20%E9%96%80%E5%89%8D%E4%BB%B2%E7%94%BA%E9%A7%85
レストラン ラフィナージュ,35.670122,139.765047,주오구,東銀座駅,프렌치,2025,4.14,373,https://tabelog.com/tokyo/A1301/A130101/13227264/,https://www.google.com/maps/search/?api=1&query=%E3%83%AC%E3%82%B9%E3%83%88%E3%83%A9%E3%83%B3%20%E3%83%A9%E3%83%95%E3%82%A3%E3%83%8A%E3%83%BC%E3%82%B8%E3%83%A5%20%E6%9D%B1%E9%8A%80%E5%BA%A7%E9%A7%85
CIRPAS,35.639368,139.72812,미나토구,白金台駅,프렌치,2025,3.84,270,https://tabelog.com/tokyo/A1316/A131602/13278638/,https://www.google.com/maps/search/?api=1&query=CIRPAS%20%E7%99%BD%E9%87%91%E5%8F%B0%E9%A7%85
ラ・ブランシュ,35.659928,139.708812,시부야구,表参道駅,프렌치,2025,3.89,577,https://tabelog.com/tokyo/A1303/A130301/13002111/,https://www.google.com/maps/search/?api=1&query=%E3%83%A9%E3%83%BB%E3%83%96%E3%83%A9%E3%83%B3%E3%82%B7%E3%83%A5%20%E8%A1%A8%E5%8F%82%E9%81%93%E9%A7%85
Takumi,35.660431,139.724319,미나토구,乃木坂駅,프렌치,2025,3.87,683,https://tabelog.com/tokyo/A1307/A130701/13204624/,https://www.google.com/maps/search/?api=1&query=Takumi%20%E4%B9%83%E6%9C%A8%E5%9D%82%E9%A7%85
ビストロ・シンバ,35.672722,139.772051,주오구,新富町駅,프렌치,2025,3.77,491,https://tabelog.com/tokyo/A1313/A131301/13186713/,https://www.google.com/maps/search/?api=1&query=%E3%83%93%E3%82%B9%E3%83%88%E3%83%AD%E3%83%BB%E3%82%B7%E3%83%B3%E3%83%90%20%E6%96%B0%E5%AF%8C%E7%94%BA%E9%A7%85
コントワール ミサゴ,35.658665,139.718964,미나토구,広尾駅,프렌치,2025,3.74,356,https://tabelog.com/tokyo/A1307/A130703/13114321/,https://www.google.com/maps/search/?api=1&query=%E3%82%B3%E3%83%B3%E3%83%88%E3%83%AF%E3%83%BC%E3%83%AB%20%E3%83%9F%E3%82%B5%E3%82%B4%20%E5%BA%83%E5%B0%BE%E9%A7%85
L&#39;ETERRE,35.700486,139.739654,신주쿠구,牛込神楽坂駅,프렌치,2025,4.21,191,https://tabelog.com/tokyo/A1309/A130905/13281616/,https://www.google.com/maps/search/?api=1&query=L%26%2339%3BETERRE%20%E7%89%9B%E8%BE%BC%E7%A5%9E%E6%A5%BD%E5%9D%82%E9%A7%85
ガストロノミー ジョエル・ロブション,35.64194,139.714591,메구로구,恵比寿駅,프렌치,2025,4.44,2281,https://tabelog.com/tokyo/A1303/A130302/13009310/,https://www.google.com/maps/search/?api=1&query=%E3%82%AC%E3%82%B9%E3%83%88%E3%83%AD%E3%83%8E%E3%83%9F%E3%83%BC%20%E3%82%B8%E3%83%A7%E3%82%A8%E3%83%AB%E3%83%BB%E3%83%AD%E3%83%96%E3%82%B7%E3%83%A7%E3%83%B3%20%E6%81%B5%E6%AF%94%E5%AF%BF%E9%A7%85
フロレゾン,35.700915,139.740093,신주쿠구,牛込神楽坂駅,프렌치,2025,3.87,386,https://tabelog.com/tokyo/A1309/A130905/13234388/,https://www.google.com/maps/search/?api=1&query=%E3%83%95%E3%83%AD%E3%83%AC%E3%82%BE%E3%83%B3%20%E7%89%9B%E8%BE%BC%E7%A5%9E%E6%A5%BD%E5%9D%82%E9%A7%85
au deco,35.647683,139.720303,시부야구,広尾駅,프렌치,2025,3.74,209,https://tabelog.com/tokyo/A1307/A130703/13232146/,https://www.google.com/maps/search/?api=1&query=au%20deco%20%E5%BA%83%E5%B0%BE%E9%A7%85
ナベノ-イズム,35.706826,139.795417,다이토구,浅草（東武・都営・メトロ）駅,프렌치,2025,4.21,831,https://tabelog.com/tokyo/A1311/A131102/13194700/,https://www.google.com/maps/search/?api=1&query=%E3%83%8A%E3%83%99%E3%83%8E-%E3%82%A4%E3%82%BA%E3%83%A0%20%E6%B5%85%E8%8D%89%EF%BC%88%E6%9D%B1%E6%AD%A6%E3%83%BB%E9%83%BD%E5%96%B6%E3%83%BB%E3%83%A1%E3%83%88%E3%83%AD%EF%BC%89%E9%A7%85
パトゥ,35.660469,139.739236,미나토구,六本木一丁目駅,프렌치,2025,4.03,174,https://tabelog.com/tokyo/A1307/A130701/13249638/,https://www.google.com/maps/search/?api=1&query=%E3%83%91%E3%83%88%E3%82%A5%20%E5%85%AD%E6%9C%AC%E6%9C%A8%E4%B8%80%E4%B8%81%E7%9B%AE%E9%A7%85
キノシタ,35.681861,139.693399,시부야구,参宮橋駅,프렌치,2025,3.78,622,https://tabelog.com/tokyo/A1318/A131810/13001058/,https://www.google.com/maps/search/?api=1&query=%E3%82%AD%E3%83%8E%E3%82%B7%E3%82%BF%20%E5%8F%82%E5%AE%AE%E6%A9%8B%E9%A7%85
北島亭,35.687852,139.727013,신주쿠구,四ツ谷駅,프렌치,2025,4.08,644,https://tabelog.com/tokyo/A1309/A130902/13000945/,https://www.google.com/maps/search/?api=1&query=%E5%8C%97%E5%B3%B6%E4%BA%AD%20%E5%9B%9B%E3%83%84%E8%B0%B7%E9%A7%85
ル・ブルギニオン,35.658296,139.727357,미나토구,六本木駅,프렌치,2025,3.9,765,https://tabelog.com/tokyo/A1307/A130701/13005328/,https://www.google.com/maps/search/?api=1&query=%E3%83%AB%E3%83%BB%E3%83%96%E3%83%AB%E3%82%AE%E3%83%8B%E3%82%AA%E3%83%B3%20%E5%85%AD%E6%9C%AC%E6%9C%A8%E9%A7%85
L&#39;eclaireur,35.651816,139.705824,시부야구,代官山駅,프렌치,2025,3.75,184,https://tabelog.com/tokyo/A1303/A130303/13261607/,https://www.google.com/maps/search/?api=1&query=L%26%2339%3Beclaireur%20%E4%BB%A3%E5%AE%98%E5%B1%B1%E9%A7%85
シェ・イノ,35.676878,139.768832,주오구,京橋駅,프렌치,2025,4.45,1244,https://tabelog.com/tokyo/A1302/A130202/13000510/,https://www.google.com/maps/search/?api=1&query=%E3%82%B7%E3%82%A7%E3%83%BB%E3%82%A4%E3%83%8E%20%E4%BA%AC%E6%A9%8B%E9%A7%85
レストラン ラリューム,35.638434,139.723401,미나토구,白金台駅,프렌치,2025,3.9,424,https://tabelog.com/tokyo/A1316/A131602/13224188/,https://www.google.com/maps/search/?api=1&query=%E3%83%AC%E3%82%B9%E3%83%88%E3%83%A9%E3%83%B3%20%E3%83%A9%E3%83%AA%E3%83%A5%E3%83%BC%E3%83%A0%20%E7%99%BD%E9%87%91%E5%8F%B0%E9%A7%85
前芝料理店,35.61679,139.625912,세타가야구,二子玉川駅,프렌치,2025,3.9,141,https://tabelog.com/tokyo/A1317/A131708/13266896/,https://www.google.com/maps/search/?api=1&query=%E5%89%8D%E8%8A%9D%E6%96%99%E7%90%86%E5%BA%97%20%E4%BA%8C%E5%AD%90%E7%8E%89%E5%B7%9D%E9%A7%85
ロオジエ,35.669656,139.761253,주오구,銀座駅,프렌치,2025,4.42,1622,https://tabelog.com/tokyo/A1301/A130101/13002607/,https://www.google.com/maps/search/?api=1&query=%E3%83%AD%E3%82%AA%E3%82%B8%E3%82%A8%20%E9%8A%80%E5%BA%A7%E9%A7%85
TROMPETTE,35.692474,139.779359,주오구,小伝馬町駅,프렌치,2025,3.9,335,https://tabelog.com/tokyo/A1302/A130204/13211826/,https://www.google.com/maps/search/?api=1&query=TROMPETTE%20%E5%B0%8F%E4%BC%9D%E9%A6%AC%E7%94%BA%E9%A7%85
a table,35.703061,139.76798,분쿄구,末広町駅,프렌치,2025,3.78,450,https://tabelog.com/tokyo/A1310/A131004/13156948/,https://www.google.com/maps/search/?api=1&query=a%20table%20%E6%9C%AB%E5%BA%83%E7%94%BA%E9%A7%85
Ata,35.653007,139.704787,시부야구,代官山駅,프렌치,2025,3.72,1193,https://tabelog.com/tokyo/A1303/A130303/13150975/,https://www.google.com/maps/search/?api=1&query=Ata%20%E4%BB%A3%E5%AE%98%E5%B1%B1%E9%A7%85
ラルジャン,35.670595,139.746874,지요다구,虎ノ門駅,프렌치,2025,3.99,253,https://tabelog.com/tokyo/A1308/A130802/13288588/,https://www.google.com/maps/search/?api=1&query=%E3%83%A9%E3%83%AB%E3%82%B8%E3%83%A3%E3%83%B3%20%E8%99%8E%E3%83%8E%E9%96%80%E9%A7%85
L&#39;EAU,35.67015,139.720266,미나토구,外苑前駅,프렌치,2025,3.72,495,https://tabelog.com/tokyo/A1306/A130603/13228902/,https://www.google.com/maps/search/?api=1&query=L%26%2339%3BEAU%20%E5%A4%96%E8%8B%91%E5%89%8D%E9%A7%85
CYCLE by Mauro Colagreco,35.687801,139.762358,지요다구,大手町駅,프렌치,2025,3.76,142,https://tabelog.com/tokyo/A1302/A130201/13288151/,https://www.google.com/maps/search/?api=1&query=CYCLE%20by%20Mauro%20Colagreco%20%E5%A4%A7%E6%89%8B%E7%94%BA%E9%A7%85
フィリップ・ミル 東京,35.666778,139.73066,미나토구,乃木坂駅,프렌치,2025,3.73,758,https://tabelog.com/tokyo/A1307/A130701/13205772/,https://www.google.com/maps/search/?api=1&query=%E3%83%95%E3%82%A3%E3%83%AA%E3%83%83%E3%83%97%E3%83%BB%E3%83%9F%E3%83%AB%20%E6%9D%B1%E4%BA%AC%20%E4%B9%83%E6%9C%A8%E5%9D%82%E9%A7%85
Simplicité,35.649062,139.705409,시부야구,代官山駅,프렌치,2025,4.1,139,https://tabelog.com/tokyo/A1303/A130303/13298935/,https://www.google.com/maps/search/?api=1&query=Simplicit%C3%A9%20%E4%BB%A3%E5%AE%98%E5%B1%B1%E9%A7%85
グルマンディーズ,35.658085,139.723993,미나토구,広尾駅,프렌치,2025,4.45,418,https://tabelog.com/tokyo/A1307/A130701/13190448/,https://www.google.com/maps/search/?api=1&query=%E3%82%B0%E3%83%AB%E3%83%9E%E3%83%B3%E3%83%87%E3%82%A3%E3%83%BC%E3%82%BA%20%E5%BA%83%E5%B0%BE%E9%A7%85
レストラン アラジン,35.647926,139.720328,시부야구,広尾駅,프렌치,2025,3.75,621,https://tabelog.com/tokyo/A1307/A130703/13004454/,https://www.google.com/maps/search/?api=1&query=%E3%83%AC%E3%82%B9%E3%83%88%E3%83%A9%E3%83%B3%20%E3%82%A2%E3%83%A9%E3%82%B8%E3%83%B3%20%E5%BA%83%E5%B0%BE%E9%A7%85
カンテサンス,35.623946,139.733117,시나가와구,北品川駅,프렌치,2025,4.48,2016,https://tabelog.com/tokyo/A1314/A131405/13159567/,https://www.google.com/maps/search/?api=1&query=%E3%82%AB%E3%83%B3%E3%83%86%E3%82%B5%E3%83%B3%E3%82%B9%20%E5%8C%97%E5%93%81%E5%B7%9D%E9%A7%85
プレヴナンス,35.670634,139.720416,미나토구,外苑前駅,프렌치,2025,3.8,537,https://tabelog.com/tokyo/A1306/A130603/13162493/,https://www.google.com/maps/search/?api=1&query=%E3%83%97%E3%83%AC%E3%83%B4%E3%83%8A%E3%83%B3%E3%82%B9%20%E5%A4%96%E8%8B%91%E5%89%8D%E9%A7%85
da GIORGIO,35.707504,139.771519,분쿄구,上野広小路駅,피자,2025,3.69,1080,https://tabelog.com/tokyo/A1311/A131101/13170979/,https://www.google.com/maps/search/?api=1&query=da%20GIORGIO%20%E4%B8%8A%E9%87%8E%E5%BA%83%E5%B0%8F%E8%B7%AF%E9%A7%85
ピッツァダバッボ,35.685889,139.784548,주오구,人形町駅,피자,2025,3.66,1196,https://tabelog.com/tokyo/A1302/A130204/13025362/,https://www.google.com/maps/search/?api=1&query=%E3%83%94%E3%83%83%E3%83%84%E3%82%A1%E3%83%80%E3%83%90%E3%83%83%E3%83%9C%20%E4%BA%BA%E5%BD%A2%E7%94%BA%E9%A7%85
聖林館,35.642886,139.699048,메구로구,中目黒駅,피자,2025,3.74,2921,https://tabelog.com/tokyo/A1317/A131701/13003188/,https://www.google.com/maps/search/?api=1&query=%E8%81%96%E6%9E%97%E9%A4%A8%20%E4%B8%AD%E7%9B%AE%E9%BB%92%E9%A7%85
ピッツェリア ジターリア ダ フィリッポ,35.744432,139.60899,네리마구,石神井公園駅,피자,2025,3.69,891,https://tabelog.com/tokyo/A1321/A132103/13149962/,https://www.google.com/maps/search/?api=1&query=%E3%83%94%E3%83%83%E3%83%84%E3%82%A7%E3%83%AA%E3%82%A2%20%E3%82%B8%E3%82%BF%E3%83%BC%E3%83%AA%E3%82%A2%20%E3%83%80%20%E3%83%95%E3%82%A3%E3%83%AA%E3%83%83%E3%83%9D%20%E7%9F%B3%E7%A5%9E%E4%BA%95%E5%85%AC%E5%9C%92%E9%A7%85
PST 東麻布,35.655657,139.744379,미나토구,赤羽橋駅,피자,2025,3.71,618,https://tabelog.com/tokyo/A1314/A131401/13205741/,https://www.google.com/maps/search/?api=1&query=PST%20%E6%9D%B1%E9%BA%BB%E5%B8%83%20%E8%B5%A4%E7%BE%BD%E6%A9%8B%E9%A7%85
pizza marumo,35.645302,139.708518,시부야구,恵比寿駅,피자,2025,3.7,1226,https://tabelog.com/tokyo/A1303/A130302/13276584/,https://www.google.com/maps/search/?api=1&query=pizza%20marumo%20%E6%81%B5%E6%AF%94%E5%AF%BF%E9%A7%85
ピッツェリア トラットリア ダ オカピート,35.70617,139.618739,스기나미구,荻窪駅,피자,2025,3.75,592,https://tabelog.com/tokyo/A1319/A131906/13257953/,https://www.google.com/maps/search/?api=1&query=%E3%83%94%E3%83%83%E3%83%84%E3%82%A7%E3%83%AA%E3%82%A2%20%E3%83%88%E3%83%A9%E3%83%83%E3%83%88%E3%83%AA%E3%82%A2%20%E3%83%80%20%E3%82%AA%E3%82%AB%E3%83%94%E3%83%BC%E3%83%88%20%E8%8D%BB%E7%AA%AA%E9%A7%85
Pizzeria LUMEN,35.694982,139.705805,신주쿠구,東新宿駅,피자,2025,3.68,615,https://tabelog.com/tokyo/A1304/A130401/13025499/,https://www.google.com/maps/search/?api=1&query=Pizzeria%20LUMEN%20%E6%9D%B1%E6%96%B0%E5%AE%BF%E9%A7%85
PIZZA BORSA,35.730984,139.706205,도시마구,池袋駅,피자,2025,3.73,1650,https://tabelog.com/tokyo/A1305/A130501/13170403/,https://www.google.com/maps/search/?api=1&query=PIZZA%20BORSA%20%E6%B1%A0%E8%A2%8B%E9%A7%85
ナポリスタカ 駒沢店,35.63386,139.66122,세타가야구,駒沢大学駅,피자,2025,3.67,1032,https://tabelog.com/tokyo/A1317/A131707/13188330/,https://www.google.com/maps/search/?api=1&query=%E3%83%8A%E3%83%9D%E3%83%AA%E3%82%B9%E3%82%BF%E3%82%AB%20%E9%A7%92%E6%B2%A2%E5%BA%97%20%E9%A7%92%E6%B2%A2%E5%A4%A7%E5%AD%A6%E9%A7%85
ベッラ・ナポリ,35.685339,139.799097,고토구,清澄白河駅,피자,2025,3.68,893,https://tabelog.com/tokyo/A1312/A131201/13005043/,https://www.google.com/maps/search/?api=1&query=%E3%83%99%E3%83%83%E3%83%A9%E3%83%BB%E3%83%8A%E3%83%9D%E3%83%AA%20%E6%B8%85%E6%BE%84%E7%99%BD%E6%B2%B3%E9%A7%85
ピッツェリア イル・タンブレッロ,35.688622,139.778865,주오구,小伝馬町駅,피자,2025,3.68,904,https://tabelog.com/tokyo/A1302/A130204/13114239/,https://www.google.com/maps/search/?api=1&query=%E3%83%94%E3%83%83%E3%83%84%E3%82%A7%E3%83%AA%E3%82%A2%20%E3%82%A4%E3%83%AB%E3%83%BB%E3%82%BF%E3%83%B3%E3%83%96%E3%83%AC%E3%83%83%E3%83%AD%20%E5%B0%8F%E4%BC%9D%E9%A6%AC%E7%94%BA%E9%A7%85
Pizza 4P&#39;s,35.661555,139.743589,미나토구,神谷町駅,피자,2025,3.75,1070,https://tabelog.com/tokyo/A1307/A130704/13291318/,https://www.google.com/maps/search/?api=1&query=Pizza%204P%26%2339%3Bs%20%E7%A5%9E%E8%B0%B7%E7%94%BA%E9%A7%85
ザ ピッツァバー ON 38TH,35.686983,139.773042,주오구,三越前駅,피자,2025,4.08,547,https://tabelog.com/tokyo/A1302/A130202/13167573/,https://www.google.com/maps/search/?api=1&query=%E3%82%B6%20%E3%83%94%E3%83%83%E3%83%84%E3%82%A1%E3%83%90%E3%83%BC%20ON%2038TH%20%E4%B8%89%E8%B6%8A%E5%89%8D%E9%A7%85
ベントエマーレ,35.623567,139.711198,시나가와구,不動前駅,피자,2025,3.7,770,https://tabelog.com/tokyo/A1317/A131710/13114520/,https://www.google.com/maps/search/?api=1&query=%E3%83%99%E3%83%B3%E3%83%88%E3%82%A8%E3%83%9E%E3%83%BC%E3%83%AC%20%E4%B8%8D%E5%8B%95%E5%89%8D%E9%A7%85
ピッツェリア・ロマーナ・イル・ペンティート,35.682262,139.696678,시부야구,南新宿駅,피자,2025,4.01,394,https://tabelog.com/tokyo/A1318/A131810/13000684/,https://www.google.com/maps/search/?api=1&query=%E3%83%94%E3%83%83%E3%83%84%E3%82%A7%E3%83%AA%E3%82%A2%E3%83%BB%E3%83%AD%E3%83%9E%E3%83%BC%E3%83%8A%E3%83%BB%E3%82%A4%E3%83%AB%E3%83%BB%E3%83%9A%E3%83%B3%E3%83%86%E3%82%A3%E3%83%BC%E3%83%88%20%E5%8D%97%E6%96%B0%E5%AE%BF%E9%A7%85
アンティーカ・ピッツェリア・ダ・ミケーレ 恵比寿,35.645272,139.71178,시부야구,恵比寿駅,피자,2025,3.65,3673,https://tabelog.com/tokyo/A1303/A130302/13136144/,https://www.google.com/maps/search/?api=1&query=%E3%82%A2%E3%83%B3%E3%83%86%E3%82%A3%E3%83%BC%E3%82%AB%E3%83%BB%E3%83%94%E3%83%83%E3%83%84%E3%82%A7%E3%83%AA%E3%82%A2%E3%83%BB%E3%83%80%E3%83%BB%E3%83%9F%E3%82%B1%E3%83%BC%E3%83%AC%20%E6%81%B5%E6%AF%94%E5%AF%BF%20%E6%81%B5%E6%AF%94%E5%AF%BF%E9%A7%85
ピッツェリア パーレンテッシ,35.649742,139.687254,메구로구,池尻大橋駅,피자,2025,3.71,964,https://tabelog.com/tokyo/A1317/A131705/13006076/,https://www.google.com/maps/search/?api=1&query=%E3%83%94%E3%83%83%E3%83%84%E3%82%A7%E3%83%AA%E3%82%A2%20%E3%83%91%E3%83%BC%E3%83%AC%E3%83%B3%E3%83%86%E3%83%83%E3%82%B7%20%E6%B1%A0%E5%B0%BB%E5%A4%A7%E6%A9%8B%E9%A7%85
SAVOY とまととちーず店,35.653749,139.735285,미나토구,麻布十番駅,피자,2025,3.74,711,https://tabelog.com/tokyo/A1307/A130702/13155593/,https://www.google.com/maps/search/?api=1&query=SAVOY%20%E3%81%A8%E3%81%BE%E3%81%A8%E3%81%A8%E3%81%A1%E3%83%BC%E3%81%9A%E5%BA%97%20%E9%BA%BB%E5%B8%83%E5%8D%81%E7%95%AA%E9%A7%85
ファカロー ピッツァ ギャラリー,35.705011,139.783609,다이토구,新御徒町駅,피자,2025,3.91,356,https://tabelog.com/tokyo/A1311/A131101/13269491/,https://www.google.com/maps/search/?api=1&query=%E3%83%95%E3%82%A1%E3%82%AB%E3%83%AD%E3%83%BC%20%E3%83%94%E3%83%83%E3%83%84%E3%82%A1%20%E3%82%AE%E3%83%A3%E3%83%A9%E3%83%AA%E3%83%BC%20%E6%96%B0%E5%BE%A1%E5%BE%92%E7%94%BA%E9%A7%85
ピッツェリア ファッブリカ 1090,35.585095,139.681375,오타구,御嶽山駅,피자,2025,3.95,351,https://tabelog.com/tokyo/A1317/A131714/13265988/,https://www.google.com/maps/search/?api=1&query=%E3%83%94%E3%83%83%E3%83%84%E3%82%A7%E3%83%AA%E3%82%A2%20%E3%83%95%E3%82%A1%E3%83%83%E3%83%96%E3%83%AA%E3%82%AB%201090%20%E5%BE%A1%E5%B6%BD%E5%B1%B1%E9%A7%85
アランジャルシ,35.707931,139.767294,분쿄구,湯島駅,피자,2025,3.67,413,https://tabelog.com/tokyo/A1311/A131101/13057017/,https://www.google.com/maps/search/?api=1&query=%E3%82%A2%E3%83%A9%E3%83%B3%E3%82%B8%E3%83%A3%E3%83%AB%E3%82%B7%20%E6%B9%AF%E5%B3%B6%E9%A7%85
CRAZY PIZZA SQUARE,35.704938,139.730989,신주쿠구,神楽坂駅,피자,2025,3.68,523,https://tabelog.com/tokyo/A1309/A130905/13268166/,https://www.google.com/maps/search/?api=1&query=CRAZY%20PIZZA%20SQUARE%20%E7%A5%9E%E6%A5%BD%E5%9D%82%E9%A7%85
尾山台 山田,35.608362,139.653558,세타가야구,尾山台駅,피자,2025,3.73,162,https://tabelog.com/tokyo/A1317/A131715/13284332/,https://www.google.com/maps/search/?api=1&query=%E5%B0%BE%E5%B1%B1%E5%8F%B0%20%E5%B1%B1%E7%94%B0%20%E5%B0%BE%E5%B1%B1%E5%8F%B0%E9%A7%85
ピッツァ ストラーダ,35.653328,139.734645,미나토구,麻布十番駅,피자,2025,3.71,806,https://tabelog.com/tokyo/A1307/A130702/13131245/,https://www.google.com/maps/search/?api=1&query=%E3%83%94%E3%83%83%E3%83%84%E3%82%A1%20%E3%82%B9%E3%83%88%E3%83%A9%E3%83%BC%E3%83%80%20%E9%BA%BB%E5%B8%83%E5%8D%81%E7%95%AA%E9%A7%85
Pizzeria Bakka M&#39;unica,35.604949,139.743407,시나가와구,鮫洲駅,피자,2025,3.7,1840,https://tabelog.com/tokyo/A1315/A131501/13182694/,https://www.google.com/maps/search/?api=1&query=Pizzeria%20Bakka%20M%26%2339%3Bunica%20%E9%AE%AB%E6%B4%B2%E9%A7%85
ナポリスタカ 神谷町店,35.660201,139.743256,미나토구,神谷町駅,피자,2025,3.58,1713,https://tabelog.com/tokyo/A1307/A130704/13132020/,https://www.google.com/maps/search/?api=1&query=%E3%83%8A%E3%83%9D%E3%83%AA%E3%82%B9%E3%82%BF%E3%82%AB%20%E7%A5%9E%E8%B0%B7%E7%94%BA%E5%BA%97%20%E7%A5%9E%E8%B0%B7%E7%94%BA%E9%A7%85
ラ・トリプレッタ,35.620251,139.705548,시나가와구,武蔵小山駅,피자,2025,3.74,1582,https://tabelog.com/tokyo/A1317/A131710/13165472/,https://www.google.com/maps/search/?api=1&query=%E3%83%A9%E3%83%BB%E3%83%88%E3%83%AA%E3%83%97%E3%83%AC%E3%83%83%E3%82%BF%20%E6%AD%A6%E8%94%B5%E5%B0%8F%E5%B1%B1%E9%A7%85
ピッツェリアGG 吉祥寺,35.700947,139.578697,武蔵野구,吉祥寺駅,피자,2025,3.69,1540,https://tabelog.com/tokyo/A1320/A132001/13047308/,https://www.google.com/maps/search/?api=1&query=%E3%83%94%E3%83%83%E3%83%84%E3%82%A7%E3%83%AA%E3%82%A2GG%20%E5%90%89%E7%A5%A5%E5%AF%BA%20%E5%90%89%E7%A5%A5%E5%AF%BA%E9%A7%85
マッシモッタヴィオ,35.676947,139.642776,스기나미구,永福町駅,피자,2025,3.67,1859,https://tabelog.com/tokyo/A1318/A131805/13132982/,https://www.google.com/maps/search/?api=1&query=%E3%83%9E%E3%83%83%E3%82%B7%E3%83%A2%E3%83%83%E3%82%BF%E3%83%B4%E3%82%A3%E3%82%AA%20%E6%B0%B8%E7%A6%8F%E7%94%BA%E9%A7%85
リンシエメ,35.694718,139.825687,고토구,亀戸駅,피자,2025,3.65,860,https://tabelog.com/tokyo/A1312/A131202/13193917/,https://www.google.com/maps/search/?api=1&query=%E3%83%AA%E3%83%B3%E3%82%B7%E3%82%A8%E3%83%A1%20%E4%BA%80%E6%88%B8%E9%A7%85
400℃ PIZZA TOKYO,35.700228,139.739395,신주쿠구,牛込神楽坂駅,피자,2025,4.01,1306,https://tabelog.com/tokyo/A1309/A130905/13294495/,https://www.google.com/maps/search/?api=1&query=400%E2%84%83%20PIZZA%20TOKYO%20%E7%89%9B%E8%BE%BC%E7%A5%9E%E6%A5%BD%E5%9D%82%E9%A7%85
RODEO,35.640763,139.702063,메구로구,中目黒駅,이탈리안,2025,3.74,1205,https://tabelog.com/tokyo/A1317/A131701/13213575/,https://www.google.com/maps/search/?api=1&query=RODEO%20%E4%B8%AD%E7%9B%AE%E9%BB%92%E9%A7%85
tens.,35.669728,139.716851,미나토구,外苑前駅,이탈리안,2025,4.28,179,https://tabelog.com/tokyo/A1306/A130603/13301005/,https://www.google.com/maps/search/?api=1&query=tens.%20%E5%A4%96%E8%8B%91%E5%89%8D%E9%A7%85
マジカメンテ,35.643915,139.719092,시부야구,恵比寿駅,이탈리안,2025,3.68,283,https://tabelog.com/tokyo/A1303/A130302/13121950/,https://www.google.com/maps/search/?api=1&query=%E3%83%9E%E3%82%B8%E3%82%AB%E3%83%A1%E3%83%B3%E3%83%86%20%E6%81%B5%E6%AF%94%E5%AF%BF%E9%A7%85
トラットリア グランボッカ,35.699007,139.743507,지요다구,飯田橋駅,이탈리안,2025,3.67,1842,https://tabelog.com/tokyo/A1309/A130905/13173167/,https://www.google.com/maps/search/?api=1&query=%E3%83%88%E3%83%A9%E3%83%83%E3%83%88%E3%83%AA%E3%82%A2%20%E3%82%B0%E3%83%A9%E3%83%B3%E3%83%9C%E3%83%83%E3%82%AB%20%E9%A3%AF%E7%94%B0%E6%A9%8B%E9%A7%85
インカント,35.647352,139.723972,미나토구,広尾駅,이탈리안,2025,3.69,381,https://tabelog.com/tokyo/A1307/A130703/13043684/,https://www.google.com/maps/search/?api=1&query=%E3%82%A4%E3%83%B3%E3%82%AB%E3%83%B3%E3%83%88%20%E5%BA%83%E5%B0%BE%E9%A7%85
RAMA 白金,35.644108,139.72184,미나토구,白金台駅,이탈리안,2025,3.62,247,https://tabelog.com/tokyo/A1316/A131602/13239806/,https://www.google.com/maps/search/?api=1&query=RAMA%20%E7%99%BD%E9%87%91%20%E7%99%BD%E9%87%91%E5%8F%B0%E9%A7%85
クオーレアズーロ,35.640963,139.695167,메구로구,中目黒駅,이탈리안,2025,3.68,308,https://tabelog.com/tokyo/A1317/A131701/13140792/,https://www.google.com/maps/search/?api=1&query=%E3%82%AF%E3%82%AA%E3%83%BC%E3%83%AC%E3%82%A2%E3%82%BA%E3%83%BC%E3%83%AD%20%E4%B8%AD%E7%9B%AE%E9%BB%92%E9%A7%85
イル・ジョット,35.625575,139.655787,세타가야구,世田谷区,이탈리안,2025,3.71,133,https://tabelog.com/tokyo/A1317/A131707/13001389/,https://www.google.com/maps/search/?api=1&query=%E3%82%A4%E3%83%AB%E3%83%BB%E3%82%B8%E3%83%A7%E3%83%83%E3%83%88%20%E4%B8%96%E7%94%B0%E8%B0%B7%E5%8C%BA
トラットリア ピッツェリア ラルテ,35.643054,139.672429,세타가야구,三軒茶屋駅,이탈리안,2025,3.78,978,https://tabelog.com/tokyo/A1317/A131706/13128533/,https://www.google.com/maps/search/?api=1&query=%E3%83%88%E3%83%A9%E3%83%83%E3%83%88%E3%83%AA%E3%82%A2%20%E3%83%94%E3%83%83%E3%83%84%E3%82%A7%E3%83%AA%E3%82%A2%20%E3%83%A9%E3%83%AB%E3%83%86%20%E4%B8%89%E8%BB%92%E8%8C%B6%E5%B1%8B%E9%A7%85
トラットリア タンタボッカ,35.679656,139.704298,시부야구,北参道駅,이탈리안,2025,3.67,1580,https://tabelog.com/tokyo/A1304/A130403/13058484/,https://www.google.com/maps/search/?api=1&query=%E3%83%88%E3%83%A9%E3%83%83%E3%83%88%E3%83%AA%E3%82%A2%20%E3%82%BF%E3%83%B3%E3%82%BF%E3%83%9C%E3%83%83%E3%82%AB%20%E5%8C%97%E5%8F%82%E9%81%93%E9%A7%85
リストランテ・ホンダ,35.670258,139.714552,미나토구,外苑前駅,이탈리안,2025,3.77,589,https://tabelog.com/tokyo/A1306/A130603/13016590/,https://www.google.com/maps/search/?api=1&query=%E3%83%AA%E3%82%B9%E3%83%88%E3%83%A9%E3%83%B3%E3%83%86%E3%83%BB%E3%83%9B%E3%83%B3%E3%83%80%20%E5%A4%96%E8%8B%91%E5%89%8D%E9%A7%85
トルナヴェント,35.659514,139.724987,미나토구,六本木駅,이탈리안,2025,3.67,214,https://tabelog.com/tokyo/A1307/A130701/13022053/,https://www.google.com/maps/search/?api=1&query=%E3%83%88%E3%83%AB%E3%83%8A%E3%83%B4%E3%82%A7%E3%83%B3%E3%83%88%20%E5%85%AD%E6%9C%AC%E6%9C%A8%E9%A7%85
プリズマ,35.661569,139.71661,미나토구,表参道駅,이탈리안,2025,4.31,250,https://tabelog.com/tokyo/A1306/A130602/13123890/,https://www.google.com/maps/search/?api=1&query=%E3%83%97%E3%83%AA%E3%82%BA%E3%83%9E%20%E8%A1%A8%E5%8F%82%E9%81%93%E9%A7%85
ペレグリーノ,35.648047,139.718527,시부야구,広尾駅,이탈리안,2025,4.36,346,https://tabelog.com/tokyo/A1303/A130302/13072775/,https://www.google.com/maps/search/?api=1&query=%E3%83%9A%E3%83%AC%E3%82%B0%E3%83%AA%E3%83%BC%E3%83%8E%20%E5%BA%83%E5%B0%BE%E9%A7%85
ペペロッソ,35.661007,139.672823,세타가야구,池ノ上駅,이탈리안,2025,3.81,440,https://tabelog.com/tokyo/A1318/A131801/13243643/,https://www.google.com/maps/search/?api=1&query=%E3%83%9A%E3%83%9A%E3%83%AD%E3%83%83%E3%82%BD%20%E6%B1%A0%E3%83%8E%E4%B8%8A%E9%A7%85
リストランテ ペガソ,35.657739,139.718449,미나토구,広尾駅,이탈리안,2025,3.75,452,https://tabelog.com/tokyo/A1307/A130703/13152248/,https://www.google.com/maps/search/?api=1&query=%E3%83%AA%E3%82%B9%E3%83%88%E3%83%A9%E3%83%B3%E3%83%86%20%E3%83%9A%E3%82%AC%E3%82%BD%20%E5%BA%83%E5%B0%BE%E9%A7%85
ピャチェーレ,35.682389,139.76945,지요다구,東京駅,이탈리안,2025,3.54,450,https://tabelog.com/tokyo/A1302/A130201/13069992/,https://www.google.com/maps/search/?api=1&query=%E3%83%94%E3%83%A3%E3%83%81%E3%82%A7%E3%83%BC%E3%83%AC%20%E6%9D%B1%E4%BA%AC%E9%A7%85
インフィニート ヒロ,35.674251,139.736302,미나토구,赤坂駅,이탈리안,2025,3.67,216,https://tabelog.com/tokyo/A1308/A130801/13253595/,https://www.google.com/maps/search/?api=1&query=%E3%82%A4%E3%83%B3%E3%83%95%E3%82%A3%E3%83%8B%E3%83%BC%E3%83%88%20%E3%83%92%E3%83%AD%20%E8%B5%A4%E5%9D%82%E9%A7%85
Convivio,35.675925,139.708037,시부야구,北参道駅,이탈리안,2025,3.7,501,https://tabelog.com/tokyo/A1309/A130901/13149817/,https://www.google.com/maps/search/?api=1&query=Convivio%20%E5%8C%97%E5%8F%82%E9%81%93%E9%A7%85
マンサルヴァ,35.644767,139.715731,시부야구,恵比寿駅,이탈리안,2025,3.74,616,https://tabelog.com/tokyo/A1303/A130302/13114704/,https://www.google.com/maps/search/?api=1&query=%E3%83%9E%E3%83%B3%E3%82%B5%E3%83%AB%E3%83%B4%E3%82%A1%20%E6%81%B5%E6%AF%94%E5%AF%BF%E9%A7%85
パルテノペ 恵比寿店,35.646169,139.713984,시부야구,恵比寿駅,이탈리안,2025,3.66,1863,https://tabelog.com/tokyo/A1303/A130302/13005480/,https://www.google.com/maps/search/?api=1&query=%E3%83%91%E3%83%AB%E3%83%86%E3%83%8E%E3%83%9A%20%E6%81%B5%E6%AF%94%E5%AF%BF%E5%BA%97%20%E6%81%B5%E6%AF%94%E5%AF%BF%E9%A7%85
TACUBO 白金台,35.639645,139.72279,미나토구,白金台駅,이탈리안,2025,4.08,254,https://tabelog.com/tokyo/A1316/A131602/13302758/,https://www.google.com/maps/search/?api=1&query=TACUBO%20%E7%99%BD%E9%87%91%E5%8F%B0%20%E7%99%BD%E9%87%91%E5%8F%B0%E9%A7%85
Gucci Osteria da Massimo Bottura Tokyo,35.670493,139.762162,주오구,銀座駅,이탈리안,2025,3.7,467,https://tabelog.com/tokyo/A1301/A130101/13257180/,https://www.google.com/maps/search/?api=1&query=Gucci%20Osteria%20da%20Massimo%20Bottura%20Tokyo%20%E9%8A%80%E5%BA%A7%E9%A7%85
代官山ASO チェレステ 日本橋店,35.685071,139.774139,주오구,三越前駅,이탈리안,2025,3.69,843,https://tabelog.com/tokyo/A1302/A130202/13021095/,https://www.google.com/maps/search/?api=1&query=%E4%BB%A3%E5%AE%98%E5%B1%B1ASO%20%E3%83%81%E3%82%A7%E3%83%AC%E3%82%B9%E3%83%86%20%E6%97%A5%E6%9C%AC%E6%A9%8B%E5%BA%97%20%E4%B8%89%E8%B6%8A%E5%89%8D%E9%A7%85
イル・テアトロ,35.71298,139.725506,분쿄구,早稲田（都電）駅,이탈리안,2025,3.65,542,https://tabelog.com/tokyo/A1309/A130905/13003823/,https://www.google.com/maps/search/?api=1&query=%E3%82%A4%E3%83%AB%E3%83%BB%E3%83%86%E3%82%A2%E3%83%88%E3%83%AD%20%E6%97%A9%E7%A8%B2%E7%94%B0%EF%BC%88%E9%83%BD%E9%9B%BB%EF%BC%89%E9%A7%85
ブルガリ イル・リストランテ ルカ・ファンティン,35.672907,139.767204,주오구,銀座一丁目駅,이탈리안,2025,3.72,484,https://tabelog.com/tokyo/A1301/A130101/13045135/,https://www.google.com/maps/search/?api=1&query=%E3%83%96%E3%83%AB%E3%82%AC%E3%83%AA%20%E3%82%A4%E3%83%AB%E3%83%BB%E3%83%AA%E3%82%B9%E3%83%88%E3%83%A9%E3%83%B3%E3%83%86%20%E3%83%AB%E3%82%AB%E3%83%BB%E3%83%95%E3%82%A1%E3%83%B3%E3%83%86%E3%82%A3%E3%83%B3%20%E9%8A%80%E5%BA%A7%E4%B8%80%E4%B8%81%E7%9B%AE%E9%A7%85
サーラ アマービレ,35.673715,139.76716,주오구,銀座一丁目駅,이탈리안,2025,3.7,812,https://tabelog.com/tokyo/A1301/A130101/13113809/,https://www.google.com/maps/search/?api=1&query=%E3%82%B5%E3%83%BC%E3%83%A9%20%E3%82%A2%E3%83%9E%E3%83%BC%E3%83%93%E3%83%AC%20%E9%8A%80%E5%BA%A7%E4%B8%80%E4%B8%81%E7%9B%AE%E9%A7%85
テストキッチンエイチ,35.660926,139.713126,미나토구,表参道駅,이탈리안,2025,3.67,553,https://tabelog.com/tokyo/A1306/A130602/13220384/,https://www.google.com/maps/search/?api=1&query=%E3%83%86%E3%82%B9%E3%83%88%E3%82%AD%E3%83%83%E3%83%81%E3%83%B3%E3%82%A8%E3%82%A4%E3%83%81%20%E8%A1%A8%E5%8F%82%E9%81%93%E9%A7%85
エリオ・ロカンダ・イタリアーナ,35.68351,139.740674,지요다구,半蔵門駅,이탈리안,2025,3.73,1271,https://tabelog.com/tokyo/A1308/A130803/13000293/,https://www.google.com/maps/search/?api=1&query=%E3%82%A8%E3%83%AA%E3%82%AA%E3%83%BB%E3%83%AD%E3%82%AB%E3%83%B3%E3%83%80%E3%83%BB%E3%82%A4%E3%82%BF%E3%83%AA%E3%82%A2%E3%83%BC%E3%83%8A%20%E5%8D%8A%E8%94%B5%E9%96%80%E9%A7%85
ラ・ビスボッチャ,35.645919,139.722507,시부야구,広尾駅,이탈리안,2025,3.72,1440,https://tabelog.com/tokyo/A1307/A130703/13001647/,https://www.google.com/maps/search/?api=1&query=%E3%83%A9%E3%83%BB%E3%83%93%E3%82%B9%E3%83%9C%E3%83%83%E3%83%81%E3%83%A3%20%E5%BA%83%E5%B0%BE%E9%A7%85
FARO,35.668556,139.761903,주오구,新橋駅,이탈리안,2025,3.74,296,https://tabelog.com/tokyo/A1301/A130101/13002640/,https://www.google.com/maps/search/?api=1&query=FARO%20%E6%96%B0%E6%A9%8B%E9%A7%85
ピアッティ カステリーナ,35.705854,139.730849,신주쿠구,神楽坂駅,이탈리안,2025,3.71,1211,https://tabelog.com/tokyo/A1309/A130905/13130769/,https://www.google.com/maps/search/?api=1&query=%E3%83%94%E3%82%A2%E3%83%83%E3%83%86%E3%82%A3%20%E3%82%AB%E3%82%B9%E3%83%86%E3%83%AA%E3%83%BC%E3%83%8A%20%E7%A5%9E%E6%A5%BD%E5%9D%82%E9%A7%85
L&#39;appartamento di NAOKI,35.685628,139.78403,주오구,人形町駅,이탈리안,2025,3.9,107,https://tabelog.com/tokyo/A1302/A130204/13259645/,https://www.google.com/maps/search/?api=1&query=L%26%2339%3Bappartamento%20di%20NAOKI%20%E4%BA%BA%E5%BD%A2%E7%94%BA%E9%A7%85
ワインレストラン ラ・マルゲリータ,35.548871,139.707198,오타구,雑色駅,이탈리안,2025,3.71,182,https://tabelog.com/tokyo/A1315/A131503/13193685/,https://www.google.com/maps/search/?api=1&query=%E3%83%AF%E3%82%A4%E3%83%B3%E3%83%AC%E3%82%B9%E3%83%88%E3%83%A9%E3%83%B3%20%E3%83%A9%E3%83%BB%E3%83%9E%E3%83%AB%E3%82%B2%E3%83%AA%E3%83%BC%E3%82%BF%20%E9%9B%91%E8%89%B2%E9%A7%85
nacol,35.717269,139.798821,다이토구,浅草（つくばＥＸＰ）駅,이탈리안,2025,4.13,540,https://tabelog.com/tokyo/A1311/A131102/13293222/,https://www.google.com/maps/search/?api=1&query=nacol%20%E6%B5%85%E8%8D%89%EF%BC%88%E3%81%A4%E3%81%8F%E3%81%B0%EF%BC%A5%EF%BC%B8%EF%BC%B0%EF%BC%89%E9%A7%85
オステリア・トラマンダーレ,35.68937,139.783245,주오구,馬喰横山駅,이탈리안,2025,3.65,246,https://tabelog.com/tokyo/A1302/A130204/13282008/,https://www.google.com/maps/search/?api=1&query=%E3%82%AA%E3%82%B9%E3%83%86%E3%83%AA%E3%82%A2%E3%83%BB%E3%83%88%E3%83%A9%E3%83%9E%E3%83%B3%E3%83%80%E3%83%BC%E3%83%AC%20%E9%A6%AC%E5%96%B0%E6%A8%AA%E5%B1%B1%E9%A7%85
プリンチピオ,35.655754,139.734852,미나토구,麻布十番駅,이탈리안,2025,3.69,286,https://tabelog.com/tokyo/A1307/A130702/13144481/,https://www.google.com/maps/search/?api=1&query=%E3%83%97%E3%83%AA%E3%83%B3%E3%83%81%E3%83%94%E3%82%AA%20%E9%BA%BB%E5%B8%83%E5%8D%81%E7%95%AA%E9%A7%85
commedia,35.668499,139.810339,고토구,木場駅,이탈리안,2025,4.22,171,https://tabelog.com/tokyo/A1313/A131303/13276923/,https://www.google.com/maps/search/?api=1&query=commedia%20%E6%9C%A8%E5%A0%B4%E9%A7%85
いんぼすこ 神宮前,35.673108,139.709789,시부야구,明治神宮前駅,이탈리안,2025,3.99,87,https://tabelog.com/tokyo/A1306/A130601/13272681/,https://www.google.com/maps/search/?api=1&query=%E3%81%84%E3%82%93%E3%81%BC%E3%81%99%E3%81%93%20%E7%A5%9E%E5%AE%AE%E5%89%8D%20%E6%98%8E%E6%B2%BB%E7%A5%9E%E5%AE%AE%E5%89%8D%E9%A7%85
リストランテASO,35.648507,139.699352,시부야구,代官山駅,이탈리안,2025,3.67,806,https://tabelog.com/tokyo/A1303/A130303/13003356/,https://www.google.com/maps/search/?api=1&query=%E3%83%AA%E3%82%B9%E3%83%88%E3%83%A9%E3%83%B3%E3%83%86ASO%20%E4%BB%A3%E5%AE%98%E5%B1%B1%E9%A7%85
オステリア・オリエーラ,35.691026,139.706013,신주쿠구,新宿三丁目駅,이탈리안,2025,3.68,525,https://tabelog.com/tokyo/A1304/A130401/13099830/,https://www.google.com/maps/search/?api=1&query=%E3%82%AA%E3%82%B9%E3%83%86%E3%83%AA%E3%82%A2%E3%83%BB%E3%82%AA%E3%83%AA%E3%82%A8%E3%83%BC%E3%83%A9%20%E6%96%B0%E5%AE%BF%E4%B8%89%E4%B8%81%E7%9B%AE%E9%A7%85
リナシメント,35.631185,139.710727,메구로구,目黒駅,이탈리안,2025,3.7,807,https://tabelog.com/tokyo/A1317/A131701/13201061/,https://www.google.com/maps/search/?api=1&query=%E3%83%AA%E3%83%8A%E3%82%B7%E3%83%A1%E3%83%B3%E3%83%88%20%E7%9B%AE%E9%BB%92%E9%A7%85
リストランテ･ヒロ  青山,35.663691,139.712993,미나토구,表参道駅,이탈리안,2025,3.64,621,https://tabelog.com/tokyo/A1306/A130602/13002025/,https://www.google.com/maps/search/?api=1&query=%E3%83%AA%E3%82%B9%E3%83%88%E3%83%A9%E3%83%B3%E3%83%86%EF%BD%A5%E3%83%92%E3%83%AD%20%20%E9%9D%92%E5%B1%B1%20%E8%A1%A8%E5%8F%82%E9%81%93%E9%A7%85
オステリア セルヴァジーナ,35.73677,139.746201,도시마구,駒込駅,이탈리안,2025,3.73,308,https://tabelog.com/tokyo/A1323/A132301/13135740/,https://www.google.com/maps/search/?api=1&query=%E3%82%AA%E3%82%B9%E3%83%86%E3%83%AA%E3%82%A2%20%E3%82%BB%E3%83%AB%E3%83%B4%E3%82%A1%E3%82%B8%E3%83%BC%E3%83%8A%20%E9%A7%92%E8%BE%BC%E9%A7%85
ドンブラボー,35.648243,139.559631,調布구,国領駅,이탈리안,2025,4.07,792,https://tabelog.com/tokyo/A1326/A132601/13144681/,https://www.google.com/maps/search/?api=1&query=%E3%83%89%E3%83%B3%E3%83%96%E3%83%A9%E3%83%9C%E3%83%BC%20%E5%9B%BD%E9%A0%98%E9%A7%85
ラ・ピッコラ・ターヴォラ,35.676913,139.643566,스기나미구,永福町駅,이탈리안,2025,3.72,1527,https://tabelog.com/tokyo/A1318/A131805/13005575/,https://www.google.com/maps/search/?api=1&query=%E3%83%A9%E3%83%BB%E3%83%94%E3%83%83%E3%82%B3%E3%83%A9%E3%83%BB%E3%82%BF%E3%83%BC%E3%83%B4%E3%82%A9%E3%83%A9%20%E6%B0%B8%E7%A6%8F%E7%94%BA%E9%A7%85
オルランド,35.65323,139.69247,메구로구,神泉駅,이탈리안,2025,3.71,330,https://tabelog.com/tokyo/A1303/A130301/13174925/,https://www.google.com/maps/search/?api=1&query=%E3%82%AA%E3%83%AB%E3%83%A9%E3%83%B3%E3%83%89%20%E7%A5%9E%E6%B3%89%E9%A7%85
DK,35.666078,139.720216,미나토구,外苑前駅,이탈리안,2025,3.97,98,https://tabelog.com/tokyo/A1306/A130603/13278055/,https://www.google.com/maps/search/?api=1&query=DK%20%E5%A4%96%E8%8B%91%E5%89%8D%E9%A7%85
イル テアトリーノ ダ サローネ,35.658593,139.718742,미나토구,広尾駅,이탈리안,2025,3.76,855,https://tabelog.com/tokyo/A1307/A130703/13110652/,https://www.google.com/maps/search/?api=1&query=%E3%82%A4%E3%83%AB%20%E3%83%86%E3%82%A2%E3%83%88%E3%83%AA%E3%83%BC%E3%83%8E%20%E3%83%80%20%E3%82%B5%E3%83%AD%E3%83%BC%E3%83%8D%20%E5%BA%83%E5%B0%BE%E9%A7%85
チニャーレエノテカ,35.655675,139.689191,메구로구,神泉駅,이탈리안,2025,3.73,254,https://tabelog.com/tokyo/A1318/A131801/13189915/,https://www.google.com/maps/search/?api=1&query=%E3%83%81%E3%83%8B%E3%83%A3%E3%83%BC%E3%83%AC%E3%82%A8%E3%83%8E%E3%83%86%E3%82%AB%20%E7%A5%9E%E6%B3%89%E9%A7%85
セルサルサーレ,35.648702,139.706977,시부야구,代官山駅,이탈리안,2025,3.73,903,https://tabelog.com/tokyo/A1303/A130302/13166739/,https://www.google.com/maps/search/?api=1&query=%E3%82%BB%E3%83%AB%E3%82%B5%E3%83%AB%E3%82%B5%E3%83%BC%E3%83%AC%20%E4%BB%A3%E5%AE%98%E5%B1%B1%E9%A7%85
オッジ ダルマット 西麻布店,35.660866,139.724248,미나토구,六本木駅,이탈리안,2025,3.7,1036,https://tabelog.com/tokyo/A1307/A130701/13057753/,https://www.google.com/maps/search/?api=1&query=%E3%82%AA%E3%83%83%E3%82%B8%20%E3%83%80%E3%83%AB%E3%83%9E%E3%83%83%E3%83%88%20%E8%A5%BF%E9%BA%BB%E5%B8%83%E5%BA%97%20%E5%85%AD%E6%9C%AC%E6%9C%A8%E9%A7%85
アロマフレスカ,35.673697,139.76717,주오구,銀座一丁目駅,이탈리안,2025,3.86,520,https://tabelog.com/tokyo/A1301/A130101/13129298/,https://www.google.com/maps/search/?api=1&query=%E3%82%A2%E3%83%AD%E3%83%9E%E3%83%95%E3%83%AC%E3%82%B9%E3%82%AB%20%E9%8A%80%E5%BA%A7%E4%B8%80%E4%B8%81%E7%9B%AE%E9%A7%85
アルマーニ リストランテ,35.671689,139.763979,주오구,銀座駅,이탈리안,2025,3.59,766,https://tabelog.com/tokyo/A1301/A130101/13044618/,https://www.google.com/maps/search/?api=1&query=%E3%82%A2%E3%83%AB%E3%83%9E%E3%83%BC%E3%83%8B%20%E3%83%AA%E3%82%B9%E3%83%88%E3%83%A9%E3%83%B3%E3%83%86%20%E9%8A%80%E5%BA%A7%E9%A7%85
TACUBO,35.650868,139.706032,시부야구,代官山駅,이탈리안,2025,4.35,1120,https://tabelog.com/tokyo/A1303/A130303/13109940/,https://www.google.com/maps/search/?api=1&query=TACUBO%20%E4%BB%A3%E5%AE%98%E5%B1%B1%E9%A7%85
ダペピ,35.730334,139.739469,분쿄구,巣鴨駅,이탈리안,2025,3.7,197,https://tabelog.com/tokyo/A1323/A132301/13124157/,https://www.google.com/maps/search/?api=1&query=%E3%83%80%E3%83%9A%E3%83%94%20%E5%B7%A3%E9%B4%A8%E9%A7%85
ICARO miyamoto,35.641942,139.696896,메구로구,中目黒駅,이탈리안,2025,3.77,676,https://tabelog.com/tokyo/A1317/A131701/13050216/,https://www.google.com/maps/search/?api=1&query=ICARO%20miyamoto%20%E4%B8%AD%E7%9B%AE%E9%BB%92%E9%A7%85
エミリア,35.674296,139.710785,시부야구,北参道駅,이탈리안,2025,3.69,874,https://tabelog.com/tokyo/A1306/A130601/13099554/,https://www.google.com/maps/search/?api=1&query=%E3%82%A8%E3%83%9F%E3%83%AA%E3%82%A2%20%E5%8C%97%E5%8F%82%E9%81%93%E9%A7%85
aniko,35.670795,139.735719,미나토구,赤坂駅,이탈리안,2025,3.7,693,https://tabelog.com/tokyo/A1308/A130801/13240038/,https://www.google.com/maps/search/?api=1&query=aniko%20%E8%B5%A4%E5%9D%82%E9%A7%85
K+,35.65656,139.723152,미나토구,広尾駅,이탈리안,2025,3.78,693,https://tabelog.com/tokyo/A1307/A130703/13213748/,https://www.google.com/maps/search/?api=1&query=K%2B%20%E5%BA%83%E5%B0%BE%E9%A7%85
canade,35.705254,139.758342,분쿄구,本郷三丁目駅,이탈리안,2025,3.84,131,https://tabelog.com/tokyo/A1310/A131004/13253467/,https://www.google.com/maps/search/?api=1&query=canade%20%E6%9C%AC%E9%83%B7%E4%B8%89%E4%B8%81%E7%9B%AE%E9%A7%85
La Brianza,35.658839,139.730019,미나토구,六本木駅,이탈리안,2025,3.74,2519,https://tabelog.com/tokyo/A1307/A130701/13194346/,https://www.google.com/maps/search/?api=1&query=La%20Brianza%20%E5%85%AD%E6%9C%AC%E6%9C%A8%E9%A7%85
タランテッラ ダ ルイジ,35.644655,139.731271,미나토구,白金高輪駅,이탈리안,2025,3.71,969,https://tabelog.com/tokyo/A1316/A131602/13122166/,https://www.google.com/maps/search/?api=1&query=%E3%82%BF%E3%83%A9%E3%83%B3%E3%83%86%E3%83%83%E3%83%A9%20%E3%83%80%20%E3%83%AB%E3%82%A4%E3%82%B8%20%E7%99%BD%E9%87%91%E9%AB%98%E8%BC%AA%E9%A7%85
シチリア屋,35.715791,139.752508,분쿄구,東大前駅,이탈리안,2025,3.67,324,https://tabelog.com/tokyo/A1323/A132301/13172747/,https://www.google.com/maps/search/?api=1&query=%E3%82%B7%E3%83%81%E3%83%AA%E3%82%A2%E5%B1%8B%20%E6%9D%B1%E5%A4%A7%E5%89%8D%E9%A7%85
リストランテ シンティッラ,35.641379,139.696072,메구로구,中目黒駅,이탈리안,2025,3.75,365,https://tabelog.com/tokyo/A1317/A131701/13240309/,https://www.google.com/maps/search/?api=1&query=%E3%83%AA%E3%82%B9%E3%83%88%E3%83%A9%E3%83%B3%E3%83%86%20%E3%82%B7%E3%83%B3%E3%83%86%E3%82%A3%E3%83%83%E3%83%A9%20%E4%B8%AD%E7%9B%AE%E9%BB%92%E9%A7%85
アンティカ オステリア カルネヤ,35.699058,139.729869,신주쿠구,牛込柳町駅,이탈리안,2025,3.76,1019,https://tabelog.com/tokyo/A1309/A130905/13045549/,https://www.google.com/maps/search/?api=1&query=%E3%82%A2%E3%83%B3%E3%83%86%E3%82%A3%E3%82%AB%20%E3%82%AA%E3%82%B9%E3%83%86%E3%83%AA%E3%82%A2%20%E3%82%AB%E3%83%AB%E3%83%8D%E3%83%A4%20%E7%89%9B%E8%BE%BC%E6%9F%B3%E7%94%BA%E9%A7%85
malca,35.668612,139.717003,미나토구,外苑前駅,이탈리안,2025,4.28,530,https://tabelog.com/tokyo/A1306/A130603/13277748/,https://www.google.com/maps/search/?api=1&query=malca%20%E5%A4%96%E8%8B%91%E5%89%8D%E9%A7%85
草片,35.657522,139.723558,미나토구,広尾駅,이탈리안,2025,3.71,318,https://tabelog.com/tokyo/A1307/A130703/13191105/,https://www.google.com/maps/search/?api=1&query=%E8%8D%89%E7%89%87%20%E5%BA%83%E5%B0%BE%E9%A7%85
ロマンティコ,35.638445,139.722612,미나토구,白金台駅,이탈리안,2025,3.7,302,https://tabelog.com/tokyo/A1316/A131602/13021521/,https://www.google.com/maps/search/?api=1&query=%E3%83%AD%E3%83%9E%E3%83%B3%E3%83%86%E3%82%A3%E3%82%B3%20%E7%99%BD%E9%87%91%E5%8F%B0%E9%A7%85
ARMONICO,35.650683,139.703611,시부야구,代官山駅,이탈리안,2025,3.86,495,https://tabelog.com/tokyo/A1303/A130303/13156479/,https://www.google.com/maps/search/?api=1&query=ARMONICO%20%E4%BB%A3%E5%AE%98%E5%B1%B1%E9%A7%85
三和,35.637763,139.722802,미나토구,白金台駅,이탈리안,2025,4.47,488,https://tabelog.com/tokyo/A1316/A131602/13264755/,https://www.google.com/maps/search/?api=1&query=%E4%B8%89%E5%92%8C%20%E7%99%BD%E9%87%91%E5%8F%B0%E9%A7%85
PRIMO PASSO,35.670231,139.771746,주오구,新富町駅,이탈리안,2025,4.13,302,https://tabelog.com/tokyo/A1313/A131301/13280320/,https://www.google.com/maps/search/?api=1&query=PRIMO%20PASSO%20%E6%96%B0%E5%AF%8C%E7%94%BA%E9%A7%85
ポンテ デル ピアット,35.649068,139.720295,시부야구,広尾駅,이탈리안,2025,3.73,467,https://tabelog.com/tokyo/A1307/A130703/13166111/,https://www.google.com/maps/search/?api=1&query=%E3%83%9D%E3%83%B3%E3%83%86%20%E3%83%87%E3%83%AB%20%E3%83%94%E3%82%A2%E3%83%83%E3%83%88%20%E5%BA%83%E5%B0%BE%E9%A7%85
トラットリア・築地パラディーゾ,35.664003,139.77099,주오구,築地市場駅,이탈리안,2025,3.71,1482,https://tabelog.com/tokyo/A1313/A131301/13132422/,https://www.google.com/maps/search/?api=1&query=%E3%83%88%E3%83%A9%E3%83%83%E3%83%88%E3%83%AA%E3%82%A2%E3%83%BB%E7%AF%89%E5%9C%B0%E3%83%91%E3%83%A9%E3%83%87%E3%82%A3%E3%83%BC%E3%82%BE%20%E7%AF%89%E5%9C%B0%E5%B8%82%E5%A0%B4%E9%A7%85
ラ スフォリーナ,35.665483,139.727847,미나토구,乃木坂駅,이탈리안,2025,3.7,939,https://tabelog.com/tokyo/A1306/A130603/13157731/,https://www.google.com/maps/search/?api=1&query=%E3%83%A9%20%E3%82%B9%E3%83%95%E3%82%A9%E3%83%AA%E3%83%BC%E3%83%8A%20%E4%B9%83%E6%9C%A8%E5%9D%82%E9%A7%85
リストランティーノ ルベロ,35.634118,139.719195,시나가와구,目黒駅,이탈리안,2025,3.73,1019,https://tabelog.com/tokyo/A1316/A131601/13045711/,https://www.google.com/maps/search/?api=1&query=%E3%83%AA%E3%82%B9%E3%83%88%E3%83%A9%E3%83%B3%E3%83%86%E3%82%A3%E3%83%BC%E3%83%8E%20%E3%83%AB%E3%83%99%E3%83%AD%20%E7%9B%AE%E9%BB%92%E9%A7%85
falo,35.650015,139.704207,시부야구,代官山駅,이탈리안,2025,3.72,403,https://tabelog.com/tokyo/A1303/A130303/13197255/,https://www.google.com/maps/search/?api=1&query=falo%20%E4%BB%A3%E5%AE%98%E5%B1%B1%E9%A7%85
SALONE TOKYO,35.673971,139.759639,지요다구,日比谷駅,이탈리안,2025,3.76,1290,https://tabelog.com/tokyo/A1301/A130102/13218266/,https://www.google.com/maps/search/?api=1&query=SALONE%20TOKYO%20%E6%97%A5%E6%AF%94%E8%B0%B7%E9%A7%85
TATSUMI,35.643807,139.722912,미나토구,白金台駅,이탈리안,2025,3.75,146,https://tabelog.com/tokyo/A1316/A131602/13266170/,https://www.google.com/maps/search/?api=1&query=TATSUMI%20%E7%99%BD%E9%87%91%E5%8F%B0%E9%A7%85
luogo 自由ヶ丘店,35.611447,139.669881,메구로구,自由が丘駅,이탈리안,2025,4.07,215,https://tabelog.com/tokyo/A1317/A131703/13279663/,https://www.google.com/maps/search/?api=1&query=luogo%20%E8%87%AA%E7%94%B1%E3%83%B6%E4%B8%98%E5%BA%97%20%E8%87%AA%E7%94%B1%E3%81%8C%E4%B8%98%E9%A7%85
リストランテ ラ チャウ,35.644433,139.752024,미나토구,田町駅,이탈리안,2025,3.7,1112,https://tabelog.com/tokyo/A1314/A131402/13044737/,https://www.google.com/maps/search/?api=1&query=%E3%83%AA%E3%82%B9%E3%83%88%E3%83%A9%E3%83%B3%E3%83%86%20%E3%83%A9%20%E3%83%81%E3%83%A3%E3%82%A6%20%E7%94%B0%E7%94%BA%E9%A7%85
メグリヴァ,35.64702,139.699013,메구로구,中目黒駅,이탈리안,2025,4.32,240,https://tabelog.com/tokyo/A1317/A131701/13225445/,https://www.google.com/maps/search/?api=1&query=%E3%83%A1%E3%82%B0%E3%83%AA%E3%83%B4%E3%82%A1%20%E4%B8%AD%E7%9B%AE%E9%BB%92%E9%A7%85
unito,35.646674,139.696911,메구로구,中目黒駅,이탈리안,2025,3.7,771,https://tabelog.com/tokyo/A1317/A131701/13020531/,https://www.google.com/maps/search/?api=1&query=unito%20%E4%B8%AD%E7%9B%AE%E9%BB%92%E9%A7%85
merachi,35.661525,139.72401,미나토구,乃木坂駅,이탈리안,2025,3.93,277,https://tabelog.com/tokyo/A1307/A130701/13266913/,https://www.google.com/maps/search/?api=1&query=merachi%20%E4%B9%83%E6%9C%A8%E5%9D%82%E9%A7%85
Il Lato,35.691047,139.705646,신주쿠구,新宿三丁目駅,이탈리안,2025,3.87,345,https://tabelog.com/tokyo/A1304/A130401/13256289/,https://www.google.com/maps/search/?api=1&query=Il%20Lato%20%E6%96%B0%E5%AE%BF%E4%B8%89%E4%B8%81%E7%9B%AE%E9%A7%85
misola,35.666316,139.714613,미나토구,表参道駅,이탈리안,2025,3.73,199,https://tabelog.com/tokyo/A1306/A130602/13258218/,https://www.google.com/maps/search/?api=1&query=misola%20%E8%A1%A8%E5%8F%82%E9%81%93%E9%A7%85
Regalo,35.678346,139.692866,시부야구,参宮橋駅,이탈리안,2025,3.78,494,https://tabelog.com/tokyo/A1318/A131810/13057629/,https://www.google.com/maps/search/?api=1&query=Regalo%20%E5%8F%82%E5%AE%AE%E6%A9%8B%E9%A7%85
リストランテ 濱崎,35.671621,139.706716,시부야구,明治神宮前駅,이탈리안,2025,3.71,121,https://tabelog.com/tokyo/A1306/A130601/13270773/,https://www.google.com/maps/search/?api=1&query=%E3%83%AA%E3%82%B9%E3%83%88%E3%83%A9%E3%83%B3%E3%83%86%20%E6%BF%B1%E5%B4%8E%20%E6%98%8E%E6%B2%BB%E7%A5%9E%E5%AE%AE%E5%89%8D%E9%A7%85
リストランテ ラ・バリック トウキョウ,35.709848,139.734866,분쿄구,江戸川橋駅,이탈리안,2025,3.75,601,https://tabelog.com/tokyo/A1309/A130905/13044652/,https://www.google.com/maps/search/?api=1&query=%E3%83%AA%E3%82%B9%E3%83%88%E3%83%A9%E3%83%B3%E3%83%86%20%E3%83%A9%E3%83%BB%E3%83%90%E3%83%AA%E3%83%83%E3%82%AF%20%E3%83%88%E3%82%A6%E3%82%AD%E3%83%A7%E3%82%A6%20%E6%B1%9F%E6%88%B8%E5%B7%9D%E6%A9%8B%E9%A7%85
リストランテ アクアパッツァ,35.66911,139.716702,미나토구,外苑前駅,이탈리안,2025,3.74,745,https://tabelog.com/tokyo/A1306/A130603/13004578/,https://www.google.com/maps/search/?api=1&query=%E3%83%AA%E3%82%B9%E3%83%88%E3%83%A9%E3%83%B3%E3%83%86%20%E3%82%A2%E3%82%AF%E3%82%A2%E3%83%91%E3%83%83%E3%83%84%E3%82%A1%20%E5%A4%96%E8%8B%91%E5%89%8D%E9%A7%85
ボッテガ,35.649475,139.720414,시부야구,広尾駅,이탈리안,2025,3.95,514,https://tabelog.com/tokyo/A1307/A130703/13204358/,https://www.google.com/maps/search/?api=1&query=%E3%83%9C%E3%83%83%E3%83%86%E3%82%AC%20%E5%BA%83%E5%B0%BE%E9%A7%85
WAJO,35.649349,139.704407,시부야구,代官山駅,이탈리안,2025,3.97,205,https://tabelog.com/tokyo/A1303/A130303/13254957/,https://www.google.com/maps/search/?api=1&query=WAJO%20%E4%BB%A3%E5%AE%98%E5%B1%B1%E9%A7%85
カーザ ヴィニタリア,35.651226,139.737102,미나토구,麻布十番駅,이탈리안,2025,3.76,707,https://tabelog.com/tokyo/A1307/A130702/13010456/,https://www.google.com/maps/search/?api=1&query=%E3%82%AB%E3%83%BC%E3%82%B6%20%E3%83%B4%E3%82%A3%E3%83%8B%E3%82%BF%E3%83%AA%E3%82%A2%20%E9%BA%BB%E5%B8%83%E5%8D%81%E7%95%AA%E9%A7%85
ヴィンチェロ,35.692867,139.712398,신주쿠구,新宿御苑前駅,이탈리안,2025,3.73,323,https://tabelog.com/tokyo/A1304/A130402/13004299/,https://www.google.com/maps/search/?api=1&query=%E3%83%B4%E3%82%A3%E3%83%B3%E3%83%81%E3%82%A7%E3%83%AD%20%E6%96%B0%E5%AE%BF%E5%BE%A1%E8%8B%91%E5%89%8D%E9%A7%85
ピアット・スズキ,35.656318,139.734921,미나토구,麻布十番駅,이탈리안,2025,3.67,311,https://tabelog.com/tokyo/A1307/A130702/13004441/,https://www.google.com/maps/search/?api=1&query=%E3%83%94%E3%82%A2%E3%83%83%E3%83%88%E3%83%BB%E3%82%B9%E3%82%BA%E3%82%AD%20%E9%BA%BB%E5%B8%83%E5%8D%81%E7%95%AA%E9%A7%85
フィオッキ,35.642988,139.606526,세타가야구,祖師ケ谷大蔵駅,이탈리안,2025,4.17,427,https://tabelog.com/tokyo/A1318/A131814/13003427/,https://www.google.com/maps/search/?api=1&query=%E3%83%95%E3%82%A3%E3%82%AA%E3%83%83%E3%82%AD%20%E7%A5%96%E5%B8%AB%E3%82%B1%E8%B0%B7%E5%A4%A7%E8%94%B5%E9%A7%85
アンティカ オステリア デル ポンテ,35.681129,139.764108,지요다구,二重橋前駅,이탈리안,2025,3.76,855,https://tabelog.com/tokyo/A1302/A130201/13004061/,https://www.google.com/maps/search/?api=1&query=%E3%82%A2%E3%83%B3%E3%83%86%E3%82%A3%E3%82%AB%20%E3%82%AA%E3%82%B9%E3%83%86%E3%83%AA%E3%82%A2%20%E3%83%87%E3%83%AB%20%E3%83%9D%E3%83%B3%E3%83%86%20%E4%BA%8C%E9%87%8D%E6%A9%8B%E5%89%8D%E9%A7%85
メログラーノ,35.649209,139.719409,시부야구,広尾駅,이탈리안,2025,3.7,297,https://tabelog.com/tokyo/A1307/A130703/13187211/,https://www.google.com/maps/search/?api=1&query=%E3%83%A1%E3%83%AD%E3%82%B0%E3%83%A9%E3%83%BC%E3%83%8E%20%E5%BA%83%E5%B0%BE%E9%A7%85
笠井,35.61795,139.668222,메구로구,都立大学駅,이탈리안,2025,3.79,303,https://tabelog.com/tokyo/A1317/A131702/13242439/,https://www.google.com/maps/search/?api=1&query=%E7%AC%A0%E4%BA%95%20%E9%83%BD%E7%AB%8B%E5%A4%A7%E5%AD%A6%E9%A7%85
イル プレージョ,35.668943,139.682546,시부야구,代々木上原駅,이탈리안,2025,3.72,552,https://tabelog.com/tokyo/A1318/A131811/13147391/,https://www.google.com/maps/search/?api=1&query=%E3%82%A4%E3%83%AB%20%E3%83%97%E3%83%AC%E3%83%BC%E3%82%B8%E3%83%A7%20%E4%BB%A3%E3%80%85%E6%9C%A8%E4%B8%8A%E5%8E%9F%E9%A7%85
てん茂,35.689242,139.773607,주오구,新日本橋駅,텐푸라,2025,3.51,86,https://tabelog.com/tokyo/A1302/A130202/13000320/,https://www.google.com/maps/search/?api=1&query=%E3%81%A6%E3%82%93%E8%8C%82%20%E6%96%B0%E6%97%A5%E6%9C%AC%E6%A9%8B%E9%A7%85
てんぷら 下村,35.704216,139.785356,다이토구,新御徒町駅,텐푸라,2025,3.83,331,https://tabelog.com/tokyo/A1311/A131101/13213663/,https://www.google.com/maps/search/?api=1&query=%E3%81%A6%E3%82%93%E3%81%B7%E3%82%89%20%E4%B8%8B%E6%9D%91%20%E6%96%B0%E5%BE%A1%E5%BE%92%E7%94%BA%E9%A7%85
てんぷら 山の上 三越日本橋店内,35.685773,139.773271,주오구,三越前駅,텐푸라,2025,3.55,364,https://tabelog.com/tokyo/A1302/A130202/13044042/,https://www.google.com/maps/search/?api=1&query=%E3%81%A6%E3%82%93%E3%81%B7%E3%82%89%20%E5%B1%B1%E3%81%AE%E4%B8%8A%20%E4%B8%89%E8%B6%8A%E6%97%A5%E6%9C%AC%E6%A9%8B%E5%BA%97%E5%86%85%20%E4%B8%89%E8%B6%8A%E5%89%8D%E9%A7%85
天麩羅 巽,35.684794,139.7615,지요다구,大手町駅,텐푸라,2025,3.82,124,https://tabelog.com/tokyo/A1302/A130201/13141129/,https://www.google.com/maps/search/?api=1&query=%E5%A4%A9%E9%BA%A9%E7%BE%85%20%E5%B7%BD%20%E5%A4%A7%E6%89%8B%E7%94%BA%E9%A7%85
天冨久,35.585276,139.72924,오타구,大森駅,텐푸라,2025,3.63,959,https://tabelog.com/tokyo/A1315/A131502/13082681/,https://www.google.com/maps/search/?api=1&query=%E5%A4%A9%E5%86%A8%E4%B9%85%20%E5%A4%A7%E6%A3%AE%E9%A7%85
日本橋 蕎ノ字,35.686243,139.784547,주오구,人形町駅,텐푸라,2025,4.46,498,https://tabelog.com/tokyo/A1302/A130204/13201969/,https://www.google.com/maps/search/?api=1&query=%E6%97%A5%E6%9C%AC%E6%A9%8B%20%E8%95%8E%E3%83%8E%E5%AD%97%20%E4%BA%BA%E5%BD%A2%E7%94%BA%E9%A7%85
てんぷら 拓,35.702205,139.741055,신주쿠구,飯田橋駅,텐푸라,2025,3.94,170,https://tabelog.com/tokyo/A1309/A130905/13293838/,https://www.google.com/maps/search/?api=1&query=%E3%81%A6%E3%82%93%E3%81%B7%E3%82%89%20%E6%8B%93%20%E9%A3%AF%E7%94%B0%E6%A9%8B%E9%A7%85
天冨良 よこ田,35.656952,139.732723,미나토구,麻布十番駅,텐푸라,2025,3.67,866,https://tabelog.com/tokyo/A1307/A130702/13001340/,https://www.google.com/maps/search/?api=1&query=%E5%A4%A9%E5%86%A8%E8%89%AF%20%E3%82%88%E3%81%93%E7%94%B0%20%E9%BA%BB%E5%B8%83%E5%8D%81%E7%95%AA%E9%A7%85
天ぷら 元吉,35.649544,139.707561,시부야구,代官山駅,텐푸라,2025,4.08,143,https://tabelog.com/tokyo/A1303/A130302/13270939/,https://www.google.com/maps/search/?api=1&query=%E5%A4%A9%E3%81%B7%E3%82%89%20%E5%85%83%E5%90%89%20%E4%BB%A3%E5%AE%98%E5%B1%B1%E9%A7%85
天婦羅 みやしろ,35.641556,139.697295,메구로구,中目黒駅,텐푸라,2025,3.77,538,https://tabelog.com/tokyo/A1317/A131701/13220479/,https://www.google.com/maps/search/?api=1&query=%E5%A4%A9%E5%A9%A6%E7%BE%85%20%E3%81%BF%E3%82%84%E3%81%97%E3%82%8D%20%E4%B8%AD%E7%9B%AE%E9%BB%92%E9%A7%85
天亭,35.669008,139.761291,주오구,新橋駅,텐푸라,2025,3.67,392,https://tabelog.com/tokyo/A1301/A130103/13002621/,https://www.google.com/maps/search/?api=1&query=%E5%A4%A9%E4%BA%AD%20%E6%96%B0%E6%A9%8B%E9%A7%85
江戸前晋作,35.685599,139.783992,주오구,人形町駅,텐푸라,2025,4.09,333,https://tabelog.com/tokyo/A1302/A130204/13270572/,https://www.google.com/maps/search/?api=1&query=%E6%B1%9F%E6%88%B8%E5%89%8D%E6%99%8B%E4%BD%9C%20%E4%BA%BA%E5%BD%A2%E7%94%BA%E9%A7%85
みかわ 是山居,35.675465,139.79308,고토구,門前仲町駅,텐푸라,2025,4.14,836,https://tabelog.com/tokyo/A1313/A131303/13090866/,https://www.google.com/maps/search/?api=1&query=%E3%81%BF%E3%81%8B%E3%82%8F%20%E6%98%AF%E5%B1%B1%E5%B1%85%20%E9%96%80%E5%89%8D%E4%BB%B2%E7%94%BA%E9%A7%85
喜わ,35.669255,139.682619,시부야구,代々木上原駅,텐푸라,2025,3.61,100,https://tabelog.com/tokyo/A1318/A131811/13243177/,https://www.google.com/maps/search/?api=1&query=%E5%96%9C%E3%82%8F%20%E4%BB%A3%E3%80%85%E6%9C%A8%E4%B8%8A%E5%8E%9F%E9%A7%85
清壽,35.666328,139.771255,주오구,築地駅,텐푸라,2025,3.7,232,https://tabelog.com/tokyo/A1313/A131301/13058904/,https://www.google.com/maps/search/?api=1&query=%E6%B8%85%E5%A3%BD%20%E7%AF%89%E5%9C%B0%E9%A7%85
てんぷら山の上 Ginza,35.669258,139.764169,주오구,東銀座駅,텐푸라,2025,3.69,304,https://tabelog.com/tokyo/A1301/A130101/13207702/,https://www.google.com/maps/search/?api=1&query=%E3%81%A6%E3%82%93%E3%81%B7%E3%82%89%E5%B1%B1%E3%81%AE%E4%B8%8A%20Ginza%20%E6%9D%B1%E9%8A%80%E5%BA%A7%E9%A7%85
てんぷら 高七,35.701231,139.721073,신주쿠구,若松河田駅,텐푸라,2025,3.67,633,https://tabelog.com/tokyo/A1305/A130504/13010870/,https://www.google.com/maps/search/?api=1&query=%E3%81%A6%E3%82%93%E3%81%B7%E3%82%89%20%E9%AB%98%E4%B8%83%20%E8%8B%A5%E6%9D%BE%E6%B2%B3%E7%94%B0%E9%A7%85
てんぷら黒川,35.664687,139.772031,주오구,築地駅,텐푸라,2025,3.65,659,https://tabelog.com/tokyo/A1313/A131301/13002365/,https://www.google.com/maps/search/?api=1&query=%E3%81%A6%E3%82%93%E3%81%B7%E3%82%89%E9%BB%92%E5%B7%9D%20%E7%AF%89%E5%9C%B0%E9%A7%85
てんぷら 近藤,35.671178,139.763187,주오구,銀座駅,텐푸라,2025,3.97,1178,https://tabelog.com/tokyo/A1301/A130101/13004993/,https://www.google.com/maps/search/?api=1&query=%E3%81%A6%E3%82%93%E3%81%B7%E3%82%89%20%E8%BF%91%E8%97%A4%20%E9%8A%80%E5%BA%A7%E9%A7%85
茂竹,35.67124,139.762152,주오구,銀座駅,텐푸라,2025,3.69,272,https://tabelog.com/tokyo/A1301/A130101/13007760/,https://www.google.com/maps/search/?api=1&query=%E8%8C%82%E7%AB%B9%20%E9%8A%80%E5%BA%A7%E9%A7%85
天ぷら 銀屋,35.637473,139.723221,미나토구,白金台駅,텐푸라,2025,3.76,72,https://tabelog.com/tokyo/A1316/A131602/13153190/,https://www.google.com/maps/search/?api=1&query=%E5%A4%A9%E3%81%B7%E3%82%89%20%E9%8A%80%E5%B1%8B%20%E7%99%BD%E9%87%91%E5%8F%B0%E9%A7%85
てんぷら 深町,35.676454,139.77044,주오구,京橋駅,텐푸라,2025,4.05,1017,https://tabelog.com/tokyo/A1302/A130202/13004105/,https://www.google.com/maps/search/?api=1&query=%E3%81%A6%E3%82%93%E3%81%B7%E3%82%89%20%E6%B7%B1%E7%94%BA%20%E4%BA%AC%E6%A9%8B%E9%A7%85
くすのき 本店,35.685998,139.728068,신주쿠구,四ツ谷駅,텐푸라,2025,4.29,382,https://tabelog.com/tokyo/A1309/A130902/13223239/,https://www.google.com/maps/search/?api=1&query=%E3%81%8F%E3%81%99%E3%81%AE%E3%81%8D%20%E6%9C%AC%E5%BA%97%20%E5%9B%9B%E3%83%84%E8%B0%B7%E9%A7%85
天ぷら 逢坂,35.667136,139.751515,미나토구,虎ノ門ヒルズ駅,텐푸라,2025,3.66,371,https://tabelog.com/tokyo/A1308/A130802/13007533/,https://www.google.com/maps/search/?api=1&query=%E5%A4%A9%E3%81%B7%E3%82%89%20%E9%80%A2%E5%9D%82%20%E8%99%8E%E3%83%8E%E9%96%80%E3%83%92%E3%83%AB%E3%82%BA%E9%A7%85
天ぷら浅沼,35.680999,139.774614,주오구,日本橋駅,텐푸라,2025,4.44,538,https://tabelog.com/tokyo/A1302/A130202/13275655/,https://www.google.com/maps/search/?api=1&query=%E5%A4%A9%E3%81%B7%E3%82%89%E6%B5%85%E6%B2%BC%20%E6%97%A5%E6%9C%AC%E6%A9%8B%E9%A7%85
天 よこた,35.657,139.732513,미나토구,麻布十番駅,텐푸라,2025,4.02,243,https://tabelog.com/tokyo/A1307/A130702/13258792/,https://www.google.com/maps/search/?api=1&query=%E5%A4%A9%20%E3%82%88%E3%81%93%E3%81%9F%20%E9%BA%BB%E5%B8%83%E5%8D%81%E7%95%AA%E9%A7%85
旬恵庵 あら垣,35.669632,139.778189,주오구,新富町駅,텐푸라,2025,3.72,92,https://tabelog.com/tokyo/A1313/A131301/13210026/,https://www.google.com/maps/search/?api=1&query=%E6%97%AC%E6%81%B5%E5%BA%B5%20%E3%81%82%E3%82%89%E5%9E%A3%20%E6%96%B0%E5%AF%8C%E7%94%BA%E9%A7%85
天ぷら 蕎楽亭,35.694895,139.717166,신주쿠구,若松河田駅,텐푸라,2025,3.68,46,https://tabelog.com/tokyo/A1309/A130903/13171952/,https://www.google.com/maps/search/?api=1&query=%E5%A4%A9%E3%81%B7%E3%82%89%20%E8%95%8E%E6%A5%BD%E4%BA%AD%20%E8%8B%A5%E6%9D%BE%E6%B2%B3%E7%94%B0%E9%A7%85
天ぷら あらたみかわ,35.666937,139.751261,미나토구,虎ノ門ヒルズ駅,텐푸라,2025,4.03,169,https://tabelog.com/tokyo/A1308/A130802/13299995/,https://www.google.com/maps/search/?api=1&query=%E5%A4%A9%E3%81%B7%E3%82%89%20%E3%81%82%E3%82%89%E3%81%9F%E3%81%BF%E3%81%8B%E3%82%8F%20%E8%99%8E%E3%83%8E%E9%96%80%E3%83%92%E3%83%AB%E3%82%BA%E9%A7%85
CHIKAMINE,35.655662,139.70644,시부야구,渋谷駅,텐푸라,2025,3.97,204,https://tabelog.com/tokyo/A1303/A130301/13280028/,https://www.google.com/maps/search/?api=1&query=CHIKAMINE%20%E6%B8%8B%E8%B0%B7%E9%A7%85
天冨良 いわ井,35.670141,139.761109,주오구,銀座駅,텐푸라,2025,3.67,80,https://tabelog.com/tokyo/A1301/A130101/13183675/,https://www.google.com/maps/search/?api=1&query=%E5%A4%A9%E5%86%A8%E8%89%AF%20%E3%81%84%E3%82%8F%E4%BA%95%20%E9%8A%80%E5%BA%A7%E9%A7%85
なかがわ,35.667749,139.770608,주오구,築地駅,텐푸라,2025,3.71,294,https://tabelog.com/tokyo/A1313/A131301/13002379/,https://www.google.com/maps/search/?api=1&query=%E3%81%AA%E3%81%8B%E3%81%8C%E3%82%8F%20%E7%AF%89%E5%9C%B0%E9%A7%85
天ぷら 福たろう,35.719181,139.767254,다이토구,根津駅,텐푸라,2025,3.7,243,https://tabelog.com/tokyo/A1311/A131106/13204299/,https://www.google.com/maps/search/?api=1&query=%E5%A4%A9%E3%81%B7%E3%82%89%20%E7%A6%8F%E3%81%9F%E3%82%8D%E3%81%86%20%E6%A0%B9%E6%B4%A5%E9%A7%85
てんぷら前平,35.655634,139.733905,미나토구,麻布十番駅,텐푸라,2025,3.71,89,https://tabelog.com/tokyo/A1307/A130702/13212060/,https://www.google.com/maps/search/?api=1&query=%E3%81%A6%E3%82%93%E3%81%B7%E3%82%89%E5%89%8D%E5%B9%B3%20%E9%BA%BB%E5%B8%83%E5%8D%81%E7%95%AA%E9%A7%85
天ぷら やぐち,35.686162,139.784023,주오구,人形町駅,텐푸라,2025,3.4,148,https://tabelog.com/tokyo/A1302/A130204/13248312/,https://www.google.com/maps/search/?api=1&query=%E5%A4%A9%E3%81%B7%E3%82%89%20%E3%82%84%E3%81%90%E3%81%A1%20%E4%BA%BA%E5%BD%A2%E7%94%BA%E9%A7%85
たきや,35.655602,139.734777,미나토구,麻布十番駅,텐푸라,2025,4.51,421,https://tabelog.com/tokyo/A1307/A130702/13185763/,https://www.google.com/maps/search/?api=1&query=%E3%81%9F%E3%81%8D%E3%82%84%20%E9%BA%BB%E5%B8%83%E5%8D%81%E7%95%AA%E9%A7%85
赤坂おぎ乃,35.670898,139.73529,미나토구,赤坂駅,일본요리,2025,4.5,408,https://tabelog.com/tokyo/A1308/A130801/13245499/,https://www.google.com/maps/search/?api=1&query=%E8%B5%A4%E5%9D%82%E3%81%8A%E3%81%8E%E4%B9%83%20%E8%B5%A4%E5%9D%82%E9%A7%85
赤坂 詠月,35.674581,139.737549,미나토구,赤坂見附駅,일본요리,2025,3.92,363,https://tabelog.com/tokyo/A1308/A130801/13116523/,https://www.google.com/maps/search/?api=1&query=%E8%B5%A4%E5%9D%82%20%E8%A9%A0%E6%9C%88%20%E8%B5%A4%E5%9D%82%E8%A6%8B%E9%99%84%E9%A7%85
森ふじ,35.697725,139.733789,신주쿠구,牛込神楽坂駅,일본요리,2025,4.02,156,https://tabelog.com/tokyo/A1309/A130905/13240181/,https://www.google.com/maps/search/?api=1&query=%E6%A3%AE%E3%81%B5%E3%81%98%20%E7%89%9B%E8%BE%BC%E7%A5%9E%E6%A5%BD%E5%9D%82%E9%A7%85
愚直に,35.701597,139.74003,신주쿠구,飯田橋駅,일본요리,2025,3.88,197,https://tabelog.com/tokyo/A1309/A130905/13251541/,https://www.google.com/maps/search/?api=1&query=%E6%84%9A%E7%9B%B4%E3%81%AB%20%E9%A3%AF%E7%94%B0%E6%A9%8B%E9%A7%85
江戸前芝浜,35.651414,139.750528,미나토구,芝公園駅,일본요리,2025,3.76,75,https://tabelog.com/tokyo/A1314/A131401/13260165/,https://www.google.com/maps/search/?api=1&query=%E6%B1%9F%E6%88%B8%E5%89%8D%E8%8A%9D%E6%B5%9C%20%E8%8A%9D%E5%85%AC%E5%9C%92%E9%A7%85
うぶか,35.688653,139.72244,신주쿠구,四谷三丁目駅,일본요리,2025,3.84,335,https://tabelog.com/tokyo/A1309/A130903/13139225/,https://www.google.com/maps/search/?api=1&query=%E3%81%86%E3%81%B6%E3%81%8B%20%E5%9B%9B%E8%B0%B7%E4%B8%89%E4%B8%81%E7%9B%AE%E9%A7%85
川田,35.68539,139.78171,주오구,人形町駅,일본요리,2025,3.91,231,https://tabelog.com/tokyo/A1302/A130204/13232330/,https://www.google.com/maps/search/?api=1&query=%E5%B7%9D%E7%94%B0%20%E4%BA%BA%E5%BD%A2%E7%94%BA%E9%A7%85
麻布室井,35.671104,139.763191,주오구,銀座駅,일본요리,2025,4.15,138,https://tabelog.com/tokyo/A1301/A130101/13292026/,https://www.google.com/maps/search/?api=1&query=%E9%BA%BB%E5%B8%83%E5%AE%A4%E4%BA%95%20%E9%8A%80%E5%BA%A7%E9%A7%85
銀座 よし澤,35.673399,139.769405,주오구,銀座一丁目駅,일본요리,2025,3.74,427,https://tabelog.com/tokyo/A1301/A130101/13175030/,https://www.google.com/maps/search/?api=1&query=%E9%8A%80%E5%BA%A7%20%E3%82%88%E3%81%97%E6%BE%A4%20%E9%8A%80%E5%BA%A7%E4%B8%80%E4%B8%81%E7%9B%AE%E9%A7%85
味幸,35.669904,139.777769,주오구,新富町駅,일본요리,2025,4.35,108,https://tabelog.com/tokyo/A1313/A131301/13277529/,https://www.google.com/maps/search/?api=1&query=%E5%91%B3%E5%B9%B8%20%E6%96%B0%E5%AF%8C%E7%94%BA%E9%A7%85
津の守坂 小柴,35.691056,139.724678,신주쿠구,曙橋駅,일본요리,2025,3.93,239,https://tabelog.com/tokyo/A1309/A130903/13200286/,https://www.google.com/maps/search/?api=1&query=%E6%B4%A5%E3%81%AE%E5%AE%88%E5%9D%82%20%E5%B0%8F%E6%9F%B4%20%E6%9B%99%E6%A9%8B%E9%A7%85
御料理 辻,35.657224,139.73887,미나토구,麻布十番駅,일본요리,2025,3.73,148,https://tabelog.com/tokyo/A1307/A130702/13209899/,https://www.google.com/maps/search/?api=1&query=%E5%BE%A1%E6%96%99%E7%90%86%20%E8%BE%BB%20%E9%BA%BB%E5%B8%83%E5%8D%81%E7%95%AA%E9%A7%85
かわさき,35.658643,139.71896,미나토구,広尾駅,일본요리,2025,3.74,85,https://tabelog.com/tokyo/A1307/A130703/13219503/,https://www.google.com/maps/search/?api=1&query=%E3%81%8B%E3%82%8F%E3%81%95%E3%81%8D%20%E5%BA%83%E5%B0%BE%E9%A7%85
赤坂 菊乃井,35.669892,139.734028,미나토구,赤坂駅,일본요리,2025,3.87,577,https://tabelog.com/tokyo/A1308/A130801/13002514/,https://www.google.com/maps/search/?api=1&query=%E8%B5%A4%E5%9D%82%20%E8%8F%8A%E4%B9%83%E4%BA%95%20%E8%B5%A4%E5%9D%82%E9%A7%85
おかもと,35.662668,139.744446,미나토구,神谷町駅,일본요리,2025,3.87,90,https://tabelog.com/tokyo/A1307/A130704/13144115/,https://www.google.com/maps/search/?api=1&query=%E3%81%8A%E3%81%8B%E3%82%82%E3%81%A8%20%E7%A5%9E%E8%B0%B7%E7%94%BA%E9%A7%85
虎白,35.700831,139.74084,신주쿠구,飯田橋駅,일본요리,2025,4.35,201,https://tabelog.com/tokyo/A1309/A130905/13296900/,https://www.google.com/maps/search/?api=1&query=%E8%99%8E%E7%99%BD%20%E9%A3%AF%E7%94%B0%E6%A9%8B%E9%A7%85
麻布十番 ふくだ,35.653652,139.735054,미나토구,麻布十番駅,일본요리,2025,3.75,125,https://tabelog.com/tokyo/A1307/A130702/13174951/,https://www.google.com/maps/search/?api=1&query=%E9%BA%BB%E5%B8%83%E5%8D%81%E7%95%AA%20%E3%81%B5%E3%81%8F%E3%81%A0%20%E9%BA%BB%E5%B8%83%E5%8D%81%E7%95%AA%E9%A7%85
車力門 おの澤,35.689236,139.722594,신주쿠구,四谷三丁目駅,일본요리,2025,4.04,405,https://tabelog.com/tokyo/A1309/A130903/13247076/,https://www.google.com/maps/search/?api=1&query=%E8%BB%8A%E5%8A%9B%E9%96%80%20%E3%81%8A%E3%81%AE%E6%BE%A4%20%E5%9B%9B%E8%B0%B7%E4%B8%89%E4%B8%81%E7%9B%AE%E9%A7%85
松蔭鶴水,35.644539,139.655677,세타가야구,松陰神社前駅,일본요리,2025,3.73,156,https://tabelog.com/tokyo/A1317/A131709/13220685/,https://www.google.com/maps/search/?api=1&query=%E6%9D%BE%E8%94%AD%E9%B6%B4%E6%B0%B4%20%E6%9D%BE%E9%99%B0%E7%A5%9E%E7%A4%BE%E5%89%8D%E9%A7%85
日本料理 太月,35.664094,139.709478,미나토구,表参道駅,일본요리,2025,4.19,645,https://tabelog.com/tokyo/A1306/A130602/13160021/,https://www.google.com/maps/search/?api=1&query=%E6%97%A5%E6%9C%AC%E6%96%99%E7%90%86%20%E5%A4%AA%E6%9C%88%20%E8%A1%A8%E5%8F%82%E9%81%93%E9%A7%85
櫻木,35.667903,139.773734,주오구,築地駅,일본요리,2025,4.1,164,https://tabelog.com/tokyo/A1313/A131301/13275135/,https://www.google.com/maps/search/?api=1&query=%E6%AB%BB%E6%9C%A8%20%E7%AF%89%E5%9C%B0%E9%A7%85
白金台こばやし,35.641423,139.719406,시나가와구,白金台駅,일본요리,2025,3.81,196,https://tabelog.com/tokyo/A1316/A131602/13162454/,https://www.google.com/maps/search/?api=1&query=%E7%99%BD%E9%87%91%E5%8F%B0%E3%81%93%E3%81%B0%E3%82%84%E3%81%97%20%E7%99%BD%E9%87%91%E5%8F%B0%E9%A7%85
割烹 室井,35.6617,139.720778,미나토구,乃木坂駅,일본요리,2025,4.19,134,https://tabelog.com/tokyo/A1307/A130701/13286652/,https://www.google.com/maps/search/?api=1&query=%E5%89%B2%E7%83%B9%20%E5%AE%A4%E4%BA%95%20%E4%B9%83%E6%9C%A8%E5%9D%82%E9%A7%85
霞町 やまがみ,35.658652,139.723194,미나토구,広尾駅,일본요리,2025,3.83,91,https://tabelog.com/tokyo/A1307/A130703/13220317/,https://www.google.com/maps/search/?api=1&query=%E9%9C%9E%E7%94%BA%20%E3%82%84%E3%81%BE%E3%81%8C%E3%81%BF%20%E5%BA%83%E5%B0%BE%E9%A7%85
銀座 鼓門,35.669808,139.762015,주오구,銀座駅,일본요리,2025,3.69,111,https://tabelog.com/tokyo/A1301/A130101/13270743/,https://www.google.com/maps/search/?api=1&query=%E9%8A%80%E5%BA%A7%20%E9%BC%93%E9%96%80%20%E9%8A%80%E5%BA%A7%E9%A7%85
NK,35.701296,139.7393,신주쿠구,牛込神楽坂駅,일본요리,2025,4.46,329,https://tabelog.com/tokyo/A1309/A130905/13249655/,https://www.google.com/maps/search/?api=1&query=NK%20%E7%89%9B%E8%BE%BC%E7%A5%9E%E6%A5%BD%E5%9D%82%E9%A7%85
味ひろ,35.670564,139.777138,주오구,新富町駅,일본요리,2025,4.16,110,https://tabelog.com/tokyo/A1313/A131301/13293039/,https://www.google.com/maps/search/?api=1&query=%E5%91%B3%E3%81%B2%E3%82%8D%20%E6%96%B0%E5%AF%8C%E7%94%BA%E9%A7%85
時喰み,35.670828,139.768869,주오구,東銀座駅,일본요리,2025,3.74,438,https://tabelog.com/tokyo/A1301/A130101/13233337/,https://www.google.com/maps/search/?api=1&query=%E6%99%82%E5%96%B0%E3%81%BF%20%E6%9D%B1%E9%8A%80%E5%BA%A7%E9%A7%85
西麻布野口,35.661418,139.72424,미나토구,乃木坂駅,일본요리,2025,3.77,162,https://tabelog.com/tokyo/A1307/A130701/13267556/,https://www.google.com/maps/search/?api=1&query=%E8%A5%BF%E9%BA%BB%E5%B8%83%E9%87%8E%E5%8F%A3%20%E4%B9%83%E6%9C%A8%E5%9D%82%E9%A7%85
恵比寿 くろいわ,35.645113,139.714587,시부야구,恵比寿駅,일본요리,2025,3.74,148,https://tabelog.com/tokyo/A1303/A130302/13186582/,https://www.google.com/maps/search/?api=1&query=%E6%81%B5%E6%AF%94%E5%AF%BF%20%E3%81%8F%E3%82%8D%E3%81%84%E3%82%8F%20%E6%81%B5%E6%AF%94%E5%AF%BF%E9%A7%85
徳うち山,35.670325,139.76874,주오구,東銀座駅,일본요리,2025,3.76,552,https://tabelog.com/tokyo/A1301/A130101/13129656/,https://www.google.com/maps/search/?api=1&query=%E5%BE%B3%E3%81%86%E3%81%A1%E5%B1%B1%20%E6%9D%B1%E9%8A%80%E5%BA%A7%E9%A7%85
麻布 幸村,35.657337,139.73293,미나토구,麻布十番駅,일본요리,2025,3.89,184,https://tabelog.com/tokyo/A1307/A130702/13005316/,https://www.google.com/maps/search/?api=1&query=%E9%BA%BB%E5%B8%83%20%E5%B9%B8%E6%9D%91%20%E9%BA%BB%E5%B8%83%E5%8D%81%E7%95%AA%E9%A7%85
銀座ふじやま,35.673129,139.765532,주오구,銀座駅,일본요리,2025,3.76,162,https://tabelog.com/tokyo/A1301/A130101/13232735/,https://www.google.com/maps/search/?api=1&query=%E9%8A%80%E5%BA%A7%E3%81%B5%E3%81%98%E3%82%84%E3%81%BE%20%E9%8A%80%E5%BA%A7%E9%A7%85
とく山,35.65937,139.722519,미나토구,広尾駅,일본요리,2025,3.85,228,https://tabelog.com/tokyo/A1307/A130703/13002088/,https://www.google.com/maps/search/?api=1&query=%E3%81%A8%E3%81%8F%E5%B1%B1%20%E5%BA%83%E5%B0%BE%E9%A7%85
豪龍久保,35.660653,139.723396,미나토구,乃木坂駅,일본요리,2025,3.77,56,https://tabelog.com/tokyo/A1307/A130701/13260180/,https://www.google.com/maps/search/?api=1&query=%E8%B1%AA%E9%BE%8D%E4%B9%85%E4%BF%9D%20%E4%B9%83%E6%9C%A8%E5%9D%82%E9%A7%85
常,35.65922,139.722374,미나토구,広尾駅,일본요리,2025,3.93,184,https://tabelog.com/tokyo/A1307/A130703/13220791/,https://www.google.com/maps/search/?api=1&query=%E5%B8%B8%20%E5%BA%83%E5%B0%BE%E9%A7%85
一宇,35.700469,139.741065,신주쿠구,飯田橋駅,일본요리,2025,3.72,108,https://tabelog.com/tokyo/A1309/A130905/13268887/,https://www.google.com/maps/search/?api=1&query=%E4%B8%80%E5%AE%87%20%E9%A3%AF%E7%94%B0%E6%A9%8B%E9%A7%85
新ばし 笹田,35.668166,139.751583,미나토구,虎ノ門駅,일본요리,2025,3.87,188,https://tabelog.com/tokyo/A1301/A130103/13020781/,https://www.google.com/maps/search/?api=1&query=%E6%96%B0%E3%81%B0%E3%81%97%20%E7%AC%B9%E7%94%B0%20%E8%99%8E%E3%83%8E%E9%96%80%E9%A7%85
松川,35.66747,139.742399,미나토구,六本木一丁目駅,일본요리,2025,4.57,562,https://tabelog.com/tokyo/A1307/A130701/13124391/,https://www.google.com/maps/search/?api=1&query=%E6%9D%BE%E5%B7%9D%20%E5%85%AD%E6%9C%AC%E6%9C%A8%E4%B8%80%E4%B8%81%E7%9B%AE%E9%A7%85
礒田,35.685276,139.782069,주오구,人形町駅,일본요리,2025,4.37,226,https://tabelog.com/tokyo/A1302/A130204/13303109/,https://www.google.com/maps/search/?api=1&query=%E7%A4%92%E7%94%B0%20%E4%BA%BA%E5%BD%A2%E7%94%BA%E9%A7%85
銀座 小十,35.671453,139.763021,주오구,銀座駅,일본요리,2025,3.85,454,https://tabelog.com/tokyo/A1301/A130101/13005683/,https://www.google.com/maps/search/?api=1&query=%E9%8A%80%E5%BA%A7%20%E5%B0%8F%E5%8D%81%20%E9%8A%80%E5%BA%A7%E9%A7%85
銀座 しのはら,35.672974,139.767871,주오구,銀座一丁目駅,일본요리,2025,4.58,1413,https://tabelog.com/tokyo/A1301/A130101/13200949/,https://www.google.com/maps/search/?api=1&query=%E9%8A%80%E5%BA%A7%20%E3%81%97%E3%81%AE%E3%81%AF%E3%82%89%20%E9%8A%80%E5%BA%A7%E4%B8%80%E4%B8%81%E7%9B%AE%E9%A7%85
蓮 三四七,35.670172,139.760173,주오구,内幸町駅,일본요리,2025,3.99,242,https://tabelog.com/tokyo/A1301/A130101/13221959/,https://www.google.com/maps/search/?api=1&query=%E8%93%AE%20%E4%B8%89%E5%9B%9B%E4%B8%83%20%E5%86%85%E5%B9%B8%E7%94%BA%E9%A7%85
感情,35.664487,139.731632,미나토구,六本木駅,일본요리,2025,4.26,274,https://tabelog.com/tokyo/A1307/A130701/13267945/,https://www.google.com/maps/search/?api=1&query=%E6%84%9F%E6%83%85%20%E5%85%AD%E6%9C%AC%E6%9C%A8%E9%A7%85
宮わき,35.654438,139.743975,미나토구,赤羽橋駅,일본요리,2025,3.93,270,https://tabelog.com/tokyo/A1314/A131401/13276093/,https://www.google.com/maps/search/?api=1&query=%E5%AE%AE%E3%82%8F%E3%81%8D%20%E8%B5%A4%E7%BE%BD%E6%A9%8B%E9%A7%85
多仁本,35.70225,139.741054,신주쿠구,飯田橋駅,일본요리,2025,4.2,151,https://tabelog.com/tokyo/A1309/A130905/13288233/,https://www.google.com/maps/search/?api=1&query=%E5%A4%9A%E4%BB%81%E6%9C%AC%20%E9%A3%AF%E7%94%B0%E6%A9%8B%E9%A7%85
茂幸,35.673148,139.678738,시부야구,代々木上原駅,일본요리,2025,3.71,75,https://tabelog.com/tokyo/A1318/A131807/13250288/,https://www.google.com/maps/search/?api=1&query=%E8%8C%82%E5%B9%B8%20%E4%BB%A3%E3%80%85%E6%9C%A8%E4%B8%8A%E5%8E%9F%E9%A7%85
膳司 水光庵,35.657123,139.74057,미나토구,赤羽橋駅,일본요리,2025,4.22,131,https://tabelog.com/tokyo/A1307/A130702/13286120/,https://www.google.com/maps/search/?api=1&query=%E8%86%B3%E5%8F%B8%20%E6%B0%B4%E5%85%89%E5%BA%B5%20%E8%B5%A4%E7%BE%BD%E6%A9%8B%E9%A7%85
炎水,35.6443,139.702446,메구로구,中目黒駅,일본요리,2025,4.03,224,https://tabelog.com/tokyo/A1317/A131701/13254619/,https://www.google.com/maps/search/?api=1&query=%E7%82%8E%E6%B0%B4%20%E4%B8%AD%E7%9B%AE%E9%BB%92%E9%A7%85
よし澤,35.660101,139.728951,미나토구,六本木駅,일본요리,2025,3.75,425,https://tabelog.com/tokyo/A1307/A130701/13226102/,https://www.google.com/maps/search/?api=1&query=%E3%82%88%E3%81%97%E6%BE%A4%20%E5%85%AD%E6%9C%AC%E6%9C%A8%E9%A7%85
山﨑,35.661796,139.723304,미나토구,乃木坂駅,일본요리,2025,4.41,524,https://tabelog.com/tokyo/A1307/A130701/13225691/,https://www.google.com/maps/search/?api=1&query=%E5%B1%B1%EF%A8%91%20%E4%B9%83%E6%9C%A8%E5%9D%82%E9%A7%85
赤坂とゝや魚新,35.674019,139.73573,미나토구,赤坂駅,일본요리,2025,3.72,382,https://tabelog.com/tokyo/A1308/A130801/13002818/,https://www.google.com/maps/search/?api=1&query=%E8%B5%A4%E5%9D%82%E3%81%A8%E3%82%9D%E3%82%84%E9%AD%9A%E6%96%B0%20%E8%B5%A4%E5%9D%82%E9%A7%85
寛幸,35.670796,139.767539,주오구,東銀座駅,일본요리,2025,3.74,238,https://tabelog.com/tokyo/A1301/A130101/13187102/,https://www.google.com/maps/search/?api=1&query=%E5%AF%9B%E5%B9%B8%20%E6%9D%B1%E9%8A%80%E5%BA%A7%E9%A7%85
新ばし 星野,35.662433,139.755321,미나토구,御成門駅,일본요리,2025,4.65,326,https://tabelog.com/tokyo/A1314/A131401/13136847/,https://www.google.com/maps/search/?api=1&query=%E6%96%B0%E3%81%B0%E3%81%97%20%E6%98%9F%E9%87%8E%20%E5%BE%A1%E6%88%90%E9%96%80%E9%A7%85
香嵐,35.671583,139.766764,주오구,東銀座駅,일본요리,2025,4.01,108,https://tabelog.com/tokyo/A1301/A130101/13263638/,https://www.google.com/maps/search/?api=1&query=%E9%A6%99%E5%B5%90%20%E6%9D%B1%E9%8A%80%E5%BA%A7%E9%A7%85
帰燕,35.668911,139.739825,미나토구,溜池山王駅,일본요리,2025,3.76,622,https://tabelog.com/tokyo/A1308/A130802/13100055/,https://www.google.com/maps/search/?api=1&query=%E5%B8%B0%E7%87%95%20%E6%BA%9C%E6%B1%A0%E5%B1%B1%E7%8E%8B%E9%A7%85
と村,35.668961,139.750167,미나토구,虎ノ門駅,일본요리,2025,3.87,189,https://tabelog.com/tokyo/A1308/A130802/13005027/,https://www.google.com/maps/search/?api=1&query=%E3%81%A8%E6%9D%91%20%E8%99%8E%E3%83%8E%E9%96%80%E9%A7%85
喰善 あべ,35.670728,139.763664,주오구,銀座駅,일본요리,2025,3.8,192,https://tabelog.com/tokyo/A1301/A130101/13162190/,https://www.google.com/maps/search/?api=1&query=%E5%96%B0%E5%96%84%20%E3%81%82%E3%81%B9%20%E9%8A%80%E5%BA%A7%E9%A7%85
鈴田式,35.661137,139.725317,미나토구,乃木坂駅,일본요리,2025,4.23,445,https://tabelog.com/tokyo/A1307/A130701/13293100/,https://www.google.com/maps/search/?api=1&query=%E9%88%B4%E7%94%B0%E5%BC%8F%20%E4%B9%83%E6%9C%A8%E5%9D%82%E9%A7%85
ひろ作,35.666233,139.755181,미나토구,新橋駅,일본요리,2025,3.9,392,https://tabelog.com/tokyo/A1301/A130103/13015266/,https://www.google.com/maps/search/?api=1&query=%E3%81%B2%E3%82%8D%E4%BD%9C%20%E6%96%B0%E6%A9%8B%E9%A7%85
神楽坂 石かわ,35.701212,139.739475,신주쿠구,牛込神楽坂駅,일본요리,2025,4.4,722,https://tabelog.com/tokyo/A1309/A130905/13004079/,https://www.google.com/maps/search/?api=1&query=%E7%A5%9E%E6%A5%BD%E5%9D%82%20%E7%9F%B3%E3%81%8B%E3%82%8F%20%E7%89%9B%E8%BE%BC%E7%A5%9E%E6%A5%BD%E5%9D%82%E9%A7%85
御成門はる,35.660183,139.754452,미나토구,御成門駅,일본요리,2025,4.09,247,https://tabelog.com/tokyo/A1314/A131401/13233057/,https://www.google.com/maps/search/?api=1&query=%E5%BE%A1%E6%88%90%E9%96%80%E3%81%AF%E3%82%8B%20%E5%BE%A1%E6%88%90%E9%96%80%E9%A7%85
くろぎ,35.657426,139.752657,미나토구,大門駅,일본요리,2025,4.31,505,https://tabelog.com/tokyo/A1314/A131401/13094789/,https://www.google.com/maps/search/?api=1&query=%E3%81%8F%E3%82%8D%E3%81%8E%20%E5%A4%A7%E9%96%80%E9%A7%85
明寂,35.659437,139.726705,미나토구,六本木駅,일본요리,2025,4.45,318,https://tabelog.com/tokyo/A1307/A130701/13270958/,https://www.google.com/maps/search/?api=1&query=%E6%98%8E%E5%AF%82%20%E5%85%AD%E6%9C%AC%E6%9C%A8%E9%A7%85
銀座くどう,35.668572,139.7669,주오구,東銀座駅,일본요리,2025,3.67,194,https://tabelog.com/tokyo/A1301/A130101/13212919/,https://www.google.com/maps/search/?api=1&query=%E9%8A%80%E5%BA%A7%E3%81%8F%E3%81%A9%E3%81%86%20%E6%9D%B1%E9%8A%80%E5%BA%A7%E9%A7%85
日本料理 晴山,35.647499,139.739965,미나토구,田町駅,일본요리,2025,4.46,1231,https://tabelog.com/tokyo/A1314/A131402/13127807/,https://www.google.com/maps/search/?api=1&query=%E6%97%A5%E6%9C%AC%E6%96%99%E7%90%86%20%E6%99%B4%E5%B1%B1%20%E7%94%B0%E7%94%BA%E9%A7%85
時限堂,35.677281,139.736203,미나토구,赤坂見附駅,일본요리,2025,4.18,319,https://tabelog.com/tokyo/A1308/A130801/13292021/,https://www.google.com/maps/search/?api=1&query=%E6%99%82%E9%99%90%E5%A0%82%20%E8%B5%A4%E5%9D%82%E8%A6%8B%E9%99%84%E9%A7%85
まき村,35.590848,139.735435,시나가와구,大森海岸駅,일본요리,2025,4.43,407,https://tabelog.com/tokyo/A1315/A131502/13003338/,https://www.google.com/maps/search/?api=1&query=%E3%81%BE%E3%81%8D%E6%9D%91%20%E5%A4%A7%E6%A3%AE%E6%B5%B7%E5%B2%B8%E9%A7%85
味享,35.667562,139.753348,미나토구,内幸町駅,일본요리,2025,4.39,254,https://tabelog.com/tokyo/A1301/A130103/13228116/,https://www.google.com/maps/search/?api=1&query=%E5%91%B3%E4%BA%AB%20%E5%86%85%E5%B9%B8%E7%94%BA%E9%A7%85
豊後もん 江とう,35.701267,139.739432,신주쿠구,牛込神楽坂駅,일본요리,2025,3.82,72,https://tabelog.com/tokyo/A1309/A130905/13268276/,https://www.google.com/maps/search/?api=1&query=%E8%B1%8A%E5%BE%8C%E3%82%82%E3%82%93%20%E6%B1%9F%E3%81%A8%E3%81%86%20%E7%89%9B%E8%BE%BC%E7%A5%9E%E6%A5%BD%E5%9D%82%E9%A7%85
龍吟,35.67428,139.759287,지요다구,日比谷駅,일본요리,2025,4.15,328,https://tabelog.com/tokyo/A1301/A130102/13001457/,https://www.google.com/maps/search/?api=1&query=%E9%BE%8D%E5%90%9F%20%E6%97%A5%E6%AF%94%E8%B0%B7%E9%A7%85
はらまさ,35.687939,139.716547,신주쿠구,四谷三丁目駅,일본요리,2025,3.92,775,https://tabelog.com/tokyo/A1309/A130903/13151542/,https://www.google.com/maps/search/?api=1&query=%E3%81%AF%E3%82%89%E3%81%BE%E3%81%95%20%E5%9B%9B%E8%B0%B7%E4%B8%89%E4%B8%81%E7%9B%AE%E9%A7%85
うち山,35.672166,139.770062,주오구,新富町駅,일본요리,2025,3.78,672,https://tabelog.com/tokyo/A1301/A130101/13002322/,https://www.google.com/maps/search/?api=1&query=%E3%81%86%E3%81%A1%E5%B1%B1%20%E6%96%B0%E5%AF%8C%E7%94%BA%E9%A7%85
樋口,35.673489,139.710144,시부야구,北参道駅,일본요리,2025,4.17,214,https://tabelog.com/tokyo/A1306/A130601/13001215/,https://www.google.com/maps/search/?api=1&query=%E6%A8%8B%E5%8F%A3%20%E5%8C%97%E5%8F%82%E9%81%93%E9%A7%85
日本料理 柳燕,35.685616,139.783988,주오구,人形町駅,일본요리,2025,3.75,130,https://tabelog.com/tokyo/A1302/A130204/13258874/,https://www.google.com/maps/search/?api=1&query=%E6%97%A5%E6%9C%AC%E6%96%99%E7%90%86%20%E6%9F%B3%E7%87%95%20%E4%BA%BA%E5%BD%A2%E7%94%BA%E9%A7%85
乃木坂 しん,35.668589,139.728991,미나토구,乃木坂駅,일본요리,2025,3.98,190,https://tabelog.com/tokyo/A1307/A130701/13196404/,https://www.google.com/maps/search/?api=1&query=%E4%B9%83%E6%9C%A8%E5%9D%82%20%E3%81%97%E3%82%93%20%E4%B9%83%E6%9C%A8%E5%9D%82%E9%A7%85
銀座 きた川,35.672137,139.768278,주오구,銀座一丁目駅,일본요리,2025,4.36,418,https://tabelog.com/tokyo/A1301/A130101/13275790/,https://www.google.com/maps/search/?api=1&query=%E9%8A%80%E5%BA%A7%20%E3%81%8D%E3%81%9F%E5%B7%9D%20%E9%8A%80%E5%BA%A7%E4%B8%80%E4%B8%81%E7%9B%AE%E9%A7%85
わたなべ,35.643183,139.733887,미나토구,白金高輪駅,일본요리,2025,3.84,144,https://tabelog.com/tokyo/A1316/A131602/13254996/,https://www.google.com/maps/search/?api=1&query=%E3%82%8F%E3%81%9F%E3%81%AA%E3%81%B9%20%E7%99%BD%E9%87%91%E9%AB%98%E8%BC%AA%E9%A7%85
麻布 かどわき,35.655948,139.73362,미나토구,麻布十番駅,일본요리,2025,4.02,605,https://tabelog.com/tokyo/A1307/A130702/13001664/,https://www.google.com/maps/search/?api=1&query=%E9%BA%BB%E5%B8%83%20%E3%81%8B%E3%81%A9%E3%82%8F%E3%81%8D%20%E9%BA%BB%E5%B8%83%E5%8D%81%E7%95%AA%E9%A7%85
赤坂 渡なべ,35.670644,139.738012,미나토구,赤坂駅,일본요리,2025,3.76,259,https://tabelog.com/tokyo/A1308/A130801/13224478/,https://www.google.com/maps/search/?api=1&query=%E8%B5%A4%E5%9D%82%20%E6%B8%A1%E3%81%AA%E3%81%B9%20%E8%B5%A4%E5%9D%82%E9%A7%85
茶寮 宮坂,35.658711,139.729383,미나토구,六本木駅,일본요리,2025,3.69,366,https://tabelog.com/tokyo/A1307/A130701/13216329/,https://www.google.com/maps/search/?api=1&query=%E8%8C%B6%E5%AF%AE%20%E5%AE%AE%E5%9D%82%20%E5%85%AD%E6%9C%AC%E6%9C%A8%E9%A7%85
日本料理 久丹,35.671612,139.774029,주오구,新富町駅,일본요리,2025,4,265,https://tabelog.com/tokyo/A1313/A131301/13220750/,https://www.google.com/maps/search/?api=1&query=%E6%97%A5%E6%9C%AC%E6%96%99%E7%90%86%20%E4%B9%85%E4%B8%B9%20%E6%96%B0%E5%AF%8C%E7%94%BA%E9%A7%85
あき山,35.644471,139.72475,미나토구,白金台駅,일본요리,2025,3.83,128,https://tabelog.com/tokyo/A1316/A131602/13218136/,https://www.google.com/maps/search/?api=1&query=%E3%81%82%E3%81%8D%E5%B1%B1%20%E7%99%BD%E9%87%91%E5%8F%B0%E9%A7%85
銀座 稲葉,35.667699,139.763099,주오구,東銀座駅,일본요리,2025,3.84,377,https://tabelog.com/tokyo/A1301/A130101/13259495/,https://www.google.com/maps/search/?api=1&query=%E9%8A%80%E5%BA%A7%20%E7%A8%B2%E8%91%89%20%E6%9D%B1%E9%8A%80%E5%BA%A7%E9%A7%85
かんだ,35.665899,139.748176,미나토구,虎ノ門ヒルズ駅,일본요리,2025,4.16,177,https://tabelog.com/tokyo/A1308/A130802/13270674/,https://www.google.com/maps/search/?api=1&query=%E3%81%8B%E3%82%93%E3%81%A0%20%E8%99%8E%E3%83%8E%E9%96%80%E3%83%92%E3%83%AB%E3%82%BA%E9%A7%85
紀茂登,35.706319,139.739877,신주쿠구,神楽坂駅,일본요리,2025,4.33,454,https://tabelog.com/tokyo/A1309/A130905/13226856/,https://www.google.com/maps/search/?api=1&query=%E7%B4%80%E8%8C%82%E7%99%BB%20%E7%A5%9E%E6%A5%BD%E5%9D%82%E9%A7%85
鉄板焼き いわ倉,35.702135,139.737824,신주쿠구,牛込神楽坂駅,일본요리,2025,3.75,409,https://tabelog.com/tokyo/A1309/A130905/13189075/,https://www.google.com/maps/search/?api=1&query=%E9%89%84%E6%9D%BF%E7%84%BC%E3%81%8D%20%E3%81%84%E3%82%8F%E5%80%89%20%E7%89%9B%E8%BE%BC%E7%A5%9E%E6%A5%BD%E5%9D%82%E9%A7%85
ぎんざ 一二岐,35.671344,139.770378,주오구,新富町駅,일본요리,2025,3.79,607,https://tabelog.com/tokyo/A1313/A131301/13115557/,https://www.google.com/maps/search/?api=1&query=%E3%81%8E%E3%82%93%E3%81%96%20%E4%B8%80%E4%BA%8C%E5%B2%90%20%E6%96%B0%E5%AF%8C%E7%94%BA%E9%A7%85
宮坂,35.662465,139.714387,미나토구,表参道駅,일본요리,2025,4.24,164,https://tabelog.com/tokyo/A1306/A130602/13264981/,https://www.google.com/maps/search/?api=1&query=%E5%AE%AE%E5%9D%82%20%E8%A1%A8%E5%8F%82%E9%81%93%E9%A7%85
茜坂大沼,35.674058,139.737809,미나토구,赤坂駅,일본요리,2025,3.84,313,https://tabelog.com/tokyo/A1308/A130801/13244397/,https://www.google.com/maps/search/?api=1&query=%E8%8C%9C%E5%9D%82%E5%A4%A7%E6%B2%BC%20%E8%B5%A4%E5%9D%82%E9%A7%85
お料理 志ぶう,35.674439,139.76657,주오구,銀座一丁目駅,일본요리,2025,3.69,40,https://tabelog.com/tokyo/A1301/A130101/13215411/,https://www.google.com/maps/search/?api=1&query=%E3%81%8A%E6%96%99%E7%90%86%20%E5%BF%97%E3%81%B6%E3%81%86%20%E9%8A%80%E5%BA%A7%E4%B8%80%E4%B8%81%E7%9B%AE%E9%A7%85
伯雲,35.66606,139.718114,미나토구,外苑前駅,일본요리,2025,4.23,243,https://tabelog.com/tokyo/A1306/A130603/13255456/,https://www.google.com/maps/search/?api=1&query=%E4%BC%AF%E9%9B%B2%20%E5%A4%96%E8%8B%91%E5%89%8D%E9%A7%85
日本料理 山崎,35.676505,139.771434,주오구,宝町駅,일본요리,2025,4.06,352,https://tabelog.com/tokyo/A1302/A130202/13287123/,https://www.google.com/maps/search/?api=1&query=%E6%97%A5%E6%9C%AC%E6%96%99%E7%90%86%20%E5%B1%B1%E5%B4%8E%20%E5%AE%9D%E7%94%BA%E9%A7%85
赤坂 島袋,35.676466,139.736183,미나토구,赤坂見附駅,일본요리,2025,4.21,127,https://tabelog.com/tokyo/A1308/A130801/13300943/,https://www.google.com/maps/search/?api=1&query=%E8%B5%A4%E5%9D%82%20%E5%B3%B6%E8%A2%8B%20%E8%B5%A4%E5%9D%82%E8%A6%8B%E9%99%84%E9%A7%85
無題,35.660758,139.740943,미나토구,神谷町駅,일본요리,2025,3.71,55,https://tabelog.com/tokyo/A1307/A130701/13296933/,https://www.google.com/maps/search/?api=1&query=%E7%84%A1%E9%A1%8C%20%E7%A5%9E%E8%B0%B7%E7%94%BA%E9%A7%85
初音鮨,35.565552,139.714555,오타구,蒲田駅,스시,2025,4.24,1327,https://tabelog.com/tokyo/A1315/A131503/13017742/,https://www.google.com/maps/search/?api=1&query=%E5%88%9D%E9%9F%B3%E9%AE%A8%20%E8%92%B2%E7%94%B0%E9%A7%85
鮨 梢,35.633426,139.73238,미나토구,高輪台駅,스시,2025,3.74,121,https://tabelog.com/tokyo/A1316/A131603/13263453/,https://www.google.com/maps/search/?api=1&query=%E9%AE%A8%20%E6%A2%A2%20%E9%AB%98%E8%BC%AA%E5%8F%B0%E9%A7%85
鮨桂太,35.665415,139.773671,주오구,築地駅,스시,2025,3.8,481,https://tabelog.com/tokyo/A1313/A131301/13213360/,https://www.google.com/maps/search/?api=1&query=%E9%AE%A8%E6%A1%82%E5%A4%AA%20%E7%AF%89%E5%9C%B0%E9%A7%85
鮨 いまむら,35.644204,139.725437,미나토구,白金台駅,스시,2025,3.8,133,https://tabelog.com/tokyo/A1316/A131602/13247741/,https://www.google.com/maps/search/?api=1&query=%E9%AE%A8%20%E3%81%84%E3%81%BE%E3%82%80%E3%82%89%20%E7%99%BD%E9%87%91%E5%8F%B0%E9%A7%85
島津,35.643175,139.733648,미나토구,白金高輪駅,스시,2025,4.55,570,https://tabelog.com/tokyo/A1316/A131602/13252991/,https://www.google.com/maps/search/?api=1&query=%E5%B3%B6%E6%B4%A5%20%E7%99%BD%E9%87%91%E9%AB%98%E8%BC%AA%E9%A7%85
東麻布 天本,35.657318,139.743456,미나토구,赤羽橋駅,스시,2025,4.6,653,https://tabelog.com/tokyo/A1314/A131401/13196420/,https://www.google.com/maps/search/?api=1&query=%E6%9D%B1%E9%BA%BB%E5%B8%83%20%E5%A4%A9%E6%9C%AC%20%E8%B5%A4%E7%BE%BD%E6%A9%8B%E9%A7%85
新ばし しみづ,35.666469,139.756381,미나토구,新橋駅,스시,2025,4.3,806,https://tabelog.com/tokyo/A1301/A130103/13002892/,https://www.google.com/maps/search/?api=1&query=%E6%96%B0%E3%81%B0%E3%81%97%20%E3%81%97%E3%81%BF%E3%81%A5%20%E6%96%B0%E6%A9%8B%E9%A7%85
鮨 鈴木,35.670979,139.761895,주오구,銀座駅,스시,2025,4.17,93,https://tabelog.com/tokyo/A1301/A130101/13299923/,https://www.google.com/maps/search/?api=1&query=%E9%AE%A8%20%E9%88%B4%E6%9C%A8%20%E9%8A%80%E5%BA%A7%E9%A7%85
恵比寿 えんどう,35.644706,139.71053,시부야구,恵比寿駅,스시,2025,3.99,368,https://tabelog.com/tokyo/A1303/A130302/13231081/,https://www.google.com/maps/search/?api=1&query=%E6%81%B5%E6%AF%94%E5%AF%BF%20%E3%81%88%E3%82%93%E3%81%A9%E3%81%86%20%E6%81%B5%E6%AF%94%E5%AF%BF%E9%A7%85
鮨 みずかみ,35.687743,139.743316,지요다구,半蔵門駅,스시,2025,4.26,335,https://tabelog.com/tokyo/A1308/A130803/13220742/,https://www.google.com/maps/search/?api=1&query=%E9%AE%A8%20%E3%81%BF%E3%81%9A%E3%81%8B%E3%81%BF%20%E5%8D%8A%E8%94%B5%E9%96%80%E9%A7%85
鮨 ゆうき,35.649831,139.720405,시부야구,広尾駅,스시,2025,4.3,328,https://tabelog.com/tokyo/A1307/A130703/13294395/,https://www.google.com/maps/search/?api=1&query=%E9%AE%A8%20%E3%82%86%E3%81%86%E3%81%8D%20%E5%BA%83%E5%B0%BE%E9%A7%85
江戸前鮓 すし通,35.660113,139.726517,미나토구,六本木駅,스시,2025,3.72,700,https://tabelog.com/tokyo/A1307/A130701/13061640/,https://www.google.com/maps/search/?api=1&query=%E6%B1%9F%E6%88%B8%E5%89%8D%E9%AE%93%20%E3%81%99%E3%81%97%E9%80%9A%20%E5%85%AD%E6%9C%AC%E6%9C%A8%E9%A7%85
鮨 まつうら,35.644491,139.727701,미나토구,白金高輪駅,스시,2025,4.34,324,https://tabelog.com/tokyo/A1316/A131602/13239788/,https://www.google.com/maps/search/?api=1&query=%E9%AE%A8%20%E3%81%BE%E3%81%A4%E3%81%86%E3%82%89%20%E7%99%BD%E9%87%91%E9%AB%98%E8%BC%AA%E9%A7%85
すきやばし 次郎,35.672749,139.763947,주오구,銀座駅,스시,2025,3.84,437,https://tabelog.com/tokyo/A1301/A130101/13002260/,https://www.google.com/maps/search/?api=1&query=%E3%81%99%E3%81%8D%E3%82%84%E3%81%B0%E3%81%97%20%E6%AC%A1%E9%83%8E%20%E9%8A%80%E5%BA%A7%E9%A7%85
小笹寿し,35.668486,139.760446,주오구,新橋駅,스시,2025,3.61,243,https://tabelog.com/tokyo/A1301/A130103/13000569/,https://www.google.com/maps/search/?api=1&query=%E5%B0%8F%E7%AC%B9%E5%AF%BF%E3%81%97%20%E6%96%B0%E6%A9%8B%E9%A7%85
らんまる,35.627105,139.708715,메구로구,不動前駅,스시,2025,4.05,728,https://tabelog.com/tokyo/A1317/A131710/13217903/,https://www.google.com/maps/search/?api=1&query=%E3%82%89%E3%82%93%E3%81%BE%E3%82%8B%20%E4%B8%8D%E5%8B%95%E5%89%8D%E9%A7%85
鮨 太一,35.671221,139.761346,주오구,銀座駅,스시,2025,3.75,521,https://tabelog.com/tokyo/A1301/A130101/13060788/,https://www.google.com/maps/search/?api=1&query=%E9%AE%A8%20%E5%A4%AA%E4%B8%80%20%E9%8A%80%E5%BA%A7%E9%A7%85
すし 喜邑,35.616032,139.62436,세타가야구,二子玉川駅,스시,2025,4.24,523,https://tabelog.com/tokyo/A1317/A131708/13026584/,https://www.google.com/maps/search/?api=1&query=%E3%81%99%E3%81%97%20%E5%96%9C%E9%82%91%20%E4%BA%8C%E5%AD%90%E7%8E%89%E5%B7%9D%E9%A7%85
鮨 在,35.650472,139.721092,시부야구,広尾駅,스시,2025,4.1,525,https://tabelog.com/tokyo/A1307/A130703/13233764/,https://www.google.com/maps/search/?api=1&query=%E9%AE%A8%20%E5%9C%A8%20%E5%BA%83%E5%B0%BE%E9%A7%85
鮨 西崎,35.668917,139.671477,세타가야구,東北沢駅,스시,2025,4.36,309,https://tabelog.com/tokyo/A1318/A131811/13270984/,https://www.google.com/maps/search/?api=1&query=%E9%AE%A8%20%E8%A5%BF%E5%B4%8E%20%E6%9D%B1%E5%8C%97%E6%B2%A2%E9%A7%85
鮨 はしもと,35.672939,139.774478,주오구,新富町駅,스시,2025,4.48,682,https://tabelog.com/tokyo/A1313/A131301/13238306/,https://www.google.com/maps/search/?api=1&query=%E9%AE%A8%20%E3%81%AF%E3%81%97%E3%82%82%E3%81%A8%20%E6%96%B0%E5%AF%8C%E7%94%BA%E9%A7%85
さき田,35.691559,139.569534,三鷹구,三鷹市,스시,2025,3.81,128,https://tabelog.com/tokyo/A1320/A132001/13216828/,https://www.google.com/maps/search/?api=1&query=%E3%81%95%E3%81%8D%E7%94%B0%20%E4%B8%89%E9%B7%B9%E5%B8%82
鮓 ふじなが,35.656575,139.733793,미나토구,麻布十番駅,스시,2025,4.31,296,https://tabelog.com/tokyo/A1307/A130702/13265370/,https://www.google.com/maps/search/?api=1&query=%E9%AE%93%20%E3%81%B5%E3%81%98%E3%81%AA%E3%81%8C%20%E9%BA%BB%E5%B8%83%E5%8D%81%E7%95%AA%E9%A7%85
鮨 美幸,35.67231,139.775009,주오구,新富町駅,스시,2025,4.13,282,https://tabelog.com/tokyo/A1313/A131301/13273113/,https://www.google.com/maps/search/?api=1&query=%E9%AE%A8%20%E7%BE%8E%E5%B9%B8%20%E6%96%B0%E5%AF%8C%E7%94%BA%E9%A7%85
すが弥,35.655313,139.742475,미나토구,赤羽橋駅,스시,2025,4.09,557,https://tabelog.com/tokyo/A1314/A131401/13228776/,https://www.google.com/maps/search/?api=1&query=%E3%81%99%E3%81%8C%E5%BC%A5%20%E8%B5%A4%E7%BE%BD%E6%A9%8B%E9%A7%85
鮨 一幸,35.669502,139.76548,주오구,東銀座駅,스시,2025,4.61,174,https://tabelog.com/tokyo/A1301/A130101/13300481/,https://www.google.com/maps/search/?api=1&query=%E9%AE%A8%20%E4%B8%80%E5%B9%B8%20%E6%9D%B1%E9%8A%80%E5%BA%A7%E9%A7%85
高柿の鮨,35.682765,139.783997,주오구,水天宮前駅,스시,2025,3.73,254,https://tabelog.com/tokyo/A1302/A130204/13231297/,https://www.google.com/maps/search/?api=1&query=%E9%AB%98%E6%9F%BF%E3%81%AE%E9%AE%A8%20%E6%B0%B4%E5%A4%A9%E5%AE%AE%E5%89%8D%E9%A7%85
あら輝,35.671054,139.735379,미나토구,赤坂駅,스시,2025,4.23,109,https://tabelog.com/tokyo/A1308/A130801/13296725/,https://www.google.com/maps/search/?api=1&query=%E3%81%82%E3%82%89%E8%BC%9D%20%E8%B5%A4%E5%9D%82%E9%A7%85
きよ田,35.671468,139.760963,주오구,銀座駅,스시,2025,4.05,335,https://tabelog.com/tokyo/A1301/A130101/13070238/,https://www.google.com/maps/search/?api=1&query=%E3%81%8D%E3%82%88%E7%94%B0%20%E9%8A%80%E5%BA%A7%E9%A7%85
くろ﨑,35.66601,139.716778,미나토구,表参道駅,스시,2025,4.37,359,https://tabelog.com/tokyo/A1306/A130602/13268824/,https://www.google.com/maps/search/?api=1&query=%E3%81%8F%E3%82%8D%EF%A8%91%20%E8%A1%A8%E5%8F%82%E9%81%93%E9%A7%85
寺子屋 すし匠,35.662045,139.742964,미나토구,神谷町駅,스시,2025,4.03,149,https://tabelog.com/tokyo/A1307/A130704/13291238/,https://www.google.com/maps/search/?api=1&query=%E5%AF%BA%E5%AD%90%E5%B1%8B%20%E3%81%99%E3%81%97%E5%8C%A0%20%E7%A5%9E%E8%B0%B7%E7%94%BA%E9%A7%85
すし家 一柳,35.674957,139.767087,주오구,銀座一丁目駅,스시,2025,3.8,443,https://tabelog.com/tokyo/A1301/A130101/13156961/,https://www.google.com/maps/search/?api=1&query=%E3%81%99%E3%81%97%E5%AE%B6%20%E4%B8%80%E6%9F%B3%20%E9%8A%80%E5%BA%A7%E4%B8%80%E4%B8%81%E7%9B%AE%E9%A7%85
鮨 しゅん輔 阿佐ヶ谷,35.7045,139.633921,스기나미구,阿佐ケ谷駅,스시,2025,4.32,720,https://tabelog.com/tokyo/A1319/A131905/13127515/,https://www.google.com/maps/search/?api=1&query=%E9%AE%A8%20%E3%81%97%E3%82%85%E3%82%93%E8%BC%94%20%E9%98%BF%E4%BD%90%E3%83%B6%E8%B0%B7%20%E9%98%BF%E4%BD%90%E3%82%B1%E8%B0%B7%E9%A7%85
匠 進吾,35.671354,139.723887,미나토구,青山一丁目駅,스시,2025,4.2,336,https://tabelog.com/tokyo/A1306/A130603/13155925/,https://www.google.com/maps/search/?api=1&query=%E5%8C%A0%20%E9%80%B2%E5%90%BE%20%E9%9D%92%E5%B1%B1%E4%B8%80%E4%B8%81%E7%9B%AE%E9%A7%85
冨所,35.661912,139.754072,미나토구,御成門駅,스시,2025,3.85,646,https://tabelog.com/tokyo/A1314/A131401/13223846/,https://www.google.com/maps/search/?api=1&query=%E5%86%A8%E6%89%80%20%E5%BE%A1%E6%88%90%E9%96%80%E9%A7%85
あじゅう田,35.662586,139.695161,시부야구,神泉駅,스시,2025,3.79,407,https://tabelog.com/tokyo/A1303/A130301/13257494/,https://www.google.com/maps/search/?api=1&query=%E3%81%82%E3%81%98%E3%82%85%E3%81%86%E7%94%B0%20%E7%A5%9E%E6%B3%89%E9%A7%85
鮨 龍次郎,35.671305,139.721094,미나토구,外苑前駅,스시,2025,4.38,971,https://tabelog.com/tokyo/A1306/A130603/13240787/,https://www.google.com/maps/search/?api=1&query=%E9%AE%A8%20%E9%BE%8D%E6%AC%A1%E9%83%8E%20%E5%A4%96%E8%8B%91%E5%89%8D%E9%A7%85
鮨しゅんじ,35.657067,139.728715,미나토구,麻布十番駅,스시,2025,4.39,215,https://tabelog.com/tokyo/A1307/A130701/13282687/,https://www.google.com/maps/search/?api=1&query=%E9%AE%A8%E3%81%97%E3%82%85%E3%82%93%E3%81%98%20%E9%BA%BB%E5%B8%83%E5%8D%81%E7%95%AA%E9%A7%85
鮨 ます田,35.665612,139.714623,미나토구,表参道駅,스시,2025,4.19,196,https://tabelog.com/tokyo/A1306/A130602/13268503/,https://www.google.com/maps/search/?api=1&query=%E9%AE%A8%20%E3%81%BE%E3%81%99%E7%94%B0%20%E8%A1%A8%E5%8F%82%E9%81%93%E9%A7%85
千葉たかおか,35.679068,139.768952,주오구,東京駅,스시,2025,4.31,176,https://tabelog.com/tokyo/A1302/A130201/13282854/,https://www.google.com/maps/search/?api=1&query=%E5%8D%83%E8%91%89%E3%81%9F%E3%81%8B%E3%81%8A%E3%81%8B%20%E6%9D%B1%E4%BA%AC%E9%A7%85
銀座いち分,35.671986,139.770164,주오구,新富町駅,스시,2025,3.73,119,https://tabelog.com/tokyo/A1301/A130101/13209942/,https://www.google.com/maps/search/?api=1&query=%E9%8A%80%E5%BA%A7%E3%81%84%E3%81%A1%E5%88%86%20%E6%96%B0%E5%AF%8C%E7%94%BA%E9%A7%85
新橋鶴八,35.666289,139.757389,미나토구,新橋駅,스시,2025,3.83,322,https://tabelog.com/tokyo/A1301/A130103/13173432/,https://www.google.com/maps/search/?api=1&query=%E6%96%B0%E6%A9%8B%E9%B6%B4%E5%85%AB%20%E6%96%B0%E6%A9%8B%E9%A7%85
鮨 さいとう 麻布台,35.661701,139.740904,미나토구,神谷町駅,스시,2025,3.76,390,https://tabelog.com/tokyo/A1307/A130701/13295096/,https://www.google.com/maps/search/?api=1&query=%E9%AE%A8%20%E3%81%95%E3%81%84%E3%81%A8%E3%81%86%20%E9%BA%BB%E5%B8%83%E5%8F%B0%20%E7%A5%9E%E8%B0%B7%E7%94%BA%E9%A7%85
鮨 はしぐち,35.677627,139.732318,미나토구,赤坂見附駅,스시,2025,3.95,269,https://tabelog.com/tokyo/A1308/A130801/13134517/,https://www.google.com/maps/search/?api=1&query=%E9%AE%A8%20%E3%81%AF%E3%81%97%E3%81%90%E3%81%A1%20%E8%B5%A4%E5%9D%82%E8%A6%8B%E9%99%84%E9%A7%85
佐野鮨,35.651537,139.750703,미나토구,芝公園駅,스시,2025,4.01,271,https://tabelog.com/tokyo/A1314/A131401/13290845/,https://www.google.com/maps/search/?api=1&query=%E4%BD%90%E9%87%8E%E9%AE%A8%20%E8%8A%9D%E5%85%AC%E5%9C%92%E9%A7%85
不動前 すし 岩澤,35.624231,139.71703,시나가와구,不動前駅,스시,2025,3.7,323,https://tabelog.com/tokyo/A1317/A131710/13193460/,https://www.google.com/maps/search/?api=1&query=%E4%B8%8D%E5%8B%95%E5%89%8D%20%E3%81%99%E3%81%97%20%E5%B2%A9%E6%BE%A4%20%E4%B8%8D%E5%8B%95%E5%89%8D%E9%A7%85
鮨 竜介,35.670309,139.760231,주오구,銀座駅,스시,2025,3.8,284,https://tabelog.com/tokyo/A1301/A130101/13185503/,https://www.google.com/maps/search/?api=1&query=%E9%AE%A8%20%E7%AB%9C%E4%BB%8B%20%E9%8A%80%E5%BA%A7%E9%A7%85
鮨 なんば 日比谷,35.674188,139.759394,지요다구,日比谷駅,스시,2025,4.51,1049,https://tabelog.com/tokyo/A1301/A130102/13219857/,https://www.google.com/maps/search/?api=1&query=%E9%AE%A8%20%E3%81%AA%E3%82%93%E3%81%B0%20%E6%97%A5%E6%AF%94%E8%B0%B7%20%E6%97%A5%E6%AF%94%E8%B0%B7%E9%A7%85
戸越銀座 鮨 ばんど,35.620381,139.716,시나가와구,戸越銀座駅,스시,2025,3.73,314,https://tabelog.com/tokyo/A1317/A131712/13255116/,https://www.google.com/maps/search/?api=1&query=%E6%88%B8%E8%B6%8A%E9%8A%80%E5%BA%A7%20%E9%AE%A8%20%E3%81%B0%E3%82%93%E3%81%A9%20%E6%88%B8%E8%B6%8A%E9%8A%80%E5%BA%A7%E9%A7%85
鮨 あらい,35.668081,139.762723,주오구,銀座駅,스시,2025,4.59,1058,https://tabelog.com/tokyo/A1301/A130101/13188186/,https://www.google.com/maps/search/?api=1&query=%E9%AE%A8%20%E3%81%82%E3%82%89%E3%81%84%20%E9%8A%80%E5%BA%A7%E9%A7%85
鮨 浩也,35.659476,139.756132,미나토구,大門駅,스시,2025,3.74,568,https://tabelog.com/tokyo/A1314/A131401/13247407/,https://www.google.com/maps/search/?api=1&query=%E9%AE%A8%20%E6%B5%A9%E4%B9%9F%20%E5%A4%A7%E9%96%80%E9%A7%85
鮨 めい乃,35.656744,139.734229,미나토구,麻布十番駅,스시,2025,4.45,174,https://tabelog.com/tokyo/A1307/A130702/13292357/,https://www.google.com/maps/search/?api=1&query=%E9%AE%A8%20%E3%82%81%E3%81%84%E4%B9%83%20%E9%BA%BB%E5%B8%83%E5%8D%81%E7%95%AA%E9%A7%85
佐たけ,35.666494,139.763856,주오구,築地市場駅,스시,2025,3.79,523,https://tabelog.com/tokyo/A1301/A130103/13258466/,https://www.google.com/maps/search/?api=1&query=%E4%BD%90%E3%81%9F%E3%81%91%20%E7%AF%89%E5%9C%B0%E5%B8%82%E5%A0%B4%E9%A7%85
鮨 やすみつ,35.688123,139.725283,신주쿠구,四谷三丁目駅,스시,2025,4.01,154,https://tabelog.com/tokyo/A1309/A130902/13212833/,https://www.google.com/maps/search/?api=1&query=%E9%AE%A8%20%E3%82%84%E3%81%99%E3%81%BF%E3%81%A4%20%E5%9B%9B%E8%B0%B7%E4%B8%89%E4%B8%81%E7%9B%AE%E9%A7%85
さわ田,35.67047,139.765253,주오구,銀座駅,스시,2025,4.52,613,https://tabelog.com/tokyo/A1301/A130101/13001043/,https://www.google.com/maps/search/?api=1&query=%E3%81%95%E3%82%8F%E7%94%B0%20%E9%8A%80%E5%BA%A7%E9%A7%85
鮨 陸,35.649897,139.721256,시부야구,広尾駅,스시,2025,4.36,220,https://tabelog.com/tokyo/A1307/A130703/13301089/,https://www.google.com/maps/search/?api=1&query=%E9%AE%A8%20%E9%99%B8%20%E5%BA%83%E5%B0%BE%E9%A7%85
寿司 健,35.66823,139.763579,주오구,東銀座駅,스시,2025,3.87,163,https://tabelog.com/tokyo/A1301/A130101/13271362/,https://www.google.com/maps/search/?api=1&query=%E5%AF%BF%E5%8F%B8%20%E5%81%A5%20%E6%9D%B1%E9%8A%80%E5%BA%A7%E9%A7%85
きざ㐂,35.6764,139.735918,미나토구,赤坂見附駅,스시,2025,4.15,626,https://tabelog.com/tokyo/A1308/A130801/13221218/,https://www.google.com/maps/search/?api=1&query=%E3%81%8D%E3%81%96%E3%90%82%20%E8%B5%A4%E5%9D%82%E8%A6%8B%E9%99%84%E9%A7%85
鮨　まつ本,35.747717,139.719205,이타바시구,新板橋駅,스시,2025,3.84,362,https://tabelog.com/tokyo/A1322/A132201/13185463/,https://www.google.com/maps/search/?api=1&query=%E9%AE%A8%E3%80%80%E3%81%BE%E3%81%A4%E6%9C%AC%20%E6%96%B0%E6%9D%BF%E6%A9%8B%E9%A7%85
鮨処 やまと,35.667926,139.773759,주오구,築地駅,스시,2025,4.3,603,https://tabelog.com/tokyo/A1313/A131301/13262384/,https://www.google.com/maps/search/?api=1&query=%E9%AE%A8%E5%87%A6%20%E3%82%84%E3%81%BE%E3%81%A8%20%E7%AF%89%E5%9C%B0%E9%A7%85
鮨 さいとう,35.665385,139.739597,미나토구,六本木一丁目駅,스시,2025,4.6,1402,https://tabelog.com/tokyo/A1308/A130802/13015251/,https://www.google.com/maps/search/?api=1&query=%E9%AE%A8%20%E3%81%95%E3%81%84%E3%81%A8%E3%81%86%20%E5%85%AD%E6%9C%AC%E6%9C%A8%E4%B8%80%E4%B8%81%E7%9B%AE%E9%A7%85
鮨 由う,35.673027,139.76978,주오구,銀座一丁目駅,스시,2025,4,353,https://tabelog.com/tokyo/A1301/A130101/13291436/,https://www.google.com/maps/search/?api=1&query=%E9%AE%A8%20%E7%94%B1%E3%81%86%20%E9%8A%80%E5%BA%A7%E4%B8%80%E4%B8%81%E7%9B%AE%E9%A7%85
三谷,35.687544,139.727882,신주쿠구,四ツ谷駅,스시,2025,4.48,348,https://tabelog.com/tokyo/A1309/A130902/13042204/,https://www.google.com/maps/search/?api=1&query=%E4%B8%89%E8%B0%B7%20%E5%9B%9B%E3%83%84%E8%B0%B7%E9%A7%85
はっこく,35.670456,139.762719,주오구,銀座駅,스시,2025,3.85,774,https://tabelog.com/tokyo/A1301/A130101/13217157/,https://www.google.com/maps/search/?api=1&query=%E3%81%AF%E3%81%A3%E3%81%93%E3%81%8F%20%E9%8A%80%E5%BA%A7%E9%A7%85
鮨 さえ喜,35.67185,139.761311,주오구,銀座駅,스시,2025,3.98,285,https://tabelog.com/tokyo/A1301/A130101/13239506/,https://www.google.com/maps/search/?api=1&query=%E9%AE%A8%20%E3%81%95%E3%81%88%E5%96%9C%20%E9%8A%80%E5%BA%A7%E9%A7%85
鮨 波やし,35.706703,139.650194,스기나미구,高円寺駅,스시,2025,3.69,140,https://tabelog.com/tokyo/A1319/A131904/13238504/,https://www.google.com/maps/search/?api=1&query=%E9%AE%A8%20%E6%B3%A2%E3%82%84%E3%81%97%20%E9%AB%98%E5%86%86%E5%AF%BA%E9%A7%85
紀尾井町 三谷,35.679219,139.737984,지요다구,永田町駅,스시,2025,3.86,814,https://tabelog.com/tokyo/A1308/A130801/13198197/,https://www.google.com/maps/search/?api=1&query=%E7%B4%80%E5%B0%BE%E4%BA%95%E7%94%BA%20%E4%B8%89%E8%B0%B7%20%E6%B0%B8%E7%94%B0%E7%94%BA%E9%A7%85
いちかわ,35.647983,139.735888,미나토구,白金高輪駅,스시,2025,4.15,303,https://tabelog.com/tokyo/A1316/A131602/13210722/,https://www.google.com/maps/search/?api=1&query=%E3%81%84%E3%81%A1%E3%81%8B%E3%82%8F%20%E7%99%BD%E9%87%91%E9%AB%98%E8%BC%AA%E9%A7%85
きよ田 離れ,35.671664,139.763679,주오구,銀座駅,스시,2025,3.92,62,https://tabelog.com/tokyo/A1301/A130101/13256392/,https://www.google.com/maps/search/?api=1&query=%E3%81%8D%E3%82%88%E7%94%B0%20%E9%9B%A2%E3%82%8C%20%E9%8A%80%E5%BA%A7%E9%A7%85
すし匠,35.685585,139.728328,신주쿠구,四ツ谷駅,스시,2025,4.44,1159,https://tabelog.com/tokyo/A1309/A130902/13000852/,https://www.google.com/maps/search/?api=1&query=%E3%81%99%E3%81%97%E5%8C%A0%20%E5%9B%9B%E3%83%84%E8%B0%B7%E9%A7%85
すきやばし 次郎 六本木ヒルズ店,35.658705,139.729153,미나토구,六本木駅,스시,2025,3.65,211,https://tabelog.com/tokyo/A1307/A130701/13004426/,https://www.google.com/maps/search/?api=1&query=%E3%81%99%E3%81%8D%E3%82%84%E3%81%B0%E3%81%97%20%E6%AC%A1%E9%83%8E%20%E5%85%AD%E6%9C%AC%E6%9C%A8%E3%83%92%E3%83%AB%E3%82%BA%E5%BA%97%20%E5%85%AD%E6%9C%AC%E6%9C%A8%E9%A7%85
麻布十番 秦野よしき,35.655647,139.734726,미나토구,麻布十番駅,스시,2025,4.04,212,https://tabelog.com/tokyo/A1307/A130702/13158874/,https://www.google.com/maps/search/?api=1&query=%E9%BA%BB%E5%B8%83%E5%8D%81%E7%95%AA%20%E7%A7%A6%E9%87%8E%E3%82%88%E3%81%97%E3%81%8D%20%E9%BA%BB%E5%B8%83%E5%8D%81%E7%95%AA%E9%A7%85
すし 良月,35.6453,139.722194,시부야구,広尾駅,스시,2025,4.49,435,https://tabelog.com/tokyo/A1303/A130302/13241432/,https://www.google.com/maps/search/?api=1&query=%E3%81%99%E3%81%97%20%E8%89%AF%E6%9C%88%20%E5%BA%83%E5%B0%BE%E9%A7%85
鮨 利﨑,35.664176,139.693935,시부야구,代々木公園駅,스시,2025,3.69,452,https://tabelog.com/tokyo/A1303/A130301/13235258/,https://www.google.com/maps/search/?api=1&query=%E9%AE%A8%20%E5%88%A9%EF%A8%91%20%E4%BB%A3%E3%80%85%E6%9C%A8%E5%85%AC%E5%9C%92%E9%A7%85
すし 田いら,35.657132,139.728051,미나토구,港区,스시,2025,3.85,111,https://tabelog.com/tokyo/A1307/A130702/13271063/,https://www.google.com/maps/search/?api=1&query=%E3%81%99%E3%81%97%20%E7%94%B0%E3%81%84%E3%82%89%20%E6%B8%AF%E5%8C%BA
紀文寿司,35.711598,139.795471,다이토구,浅草（東武・都営・メトロ）駅,스시,2025,3.68,430,https://tabelog.com/tokyo/A1311/A131102/13016811/,https://www.google.com/maps/search/?api=1&query=%E7%B4%80%E6%96%87%E5%AF%BF%E5%8F%B8%20%E6%B5%85%E8%8D%89%EF%BC%88%E6%9D%B1%E6%AD%A6%E3%83%BB%E9%83%BD%E5%96%B6%E3%83%BB%E3%83%A1%E3%83%88%E3%83%AD%EF%BC%89%E9%A7%85
海味,35.667639,139.717905,미나토구,外苑前駅,스시,2025,3.92,784,https://tabelog.com/tokyo/A1306/A130603/13001179/,https://www.google.com/maps/search/?api=1&query=%E6%B5%B7%E5%91%B3%20%E5%A4%96%E8%8B%91%E5%89%8D%E9%A7%85
鮨 尚充,35.647426,139.695217,메구로구,中目黒駅,스시,2025,4.43,709,https://tabelog.com/tokyo/A1317/A131701/13128483/,https://www.google.com/maps/search/?api=1&query=%E9%AE%A8%20%E5%B0%9A%E5%85%85%20%E4%B8%AD%E7%9B%AE%E9%BB%92%E9%A7%85
日本橋蛎殻町 すぎた,35.681938,139.784929,주오구,水天宮前駅,스시,2025,4.62,1005,https://tabelog.com/tokyo/A1302/A130204/13018162/,https://www.google.com/maps/search/?api=1&query=%E6%97%A5%E6%9C%AC%E6%A9%8B%E8%9B%8E%E6%AE%BB%E7%94%BA%20%E3%81%99%E3%81%8E%E3%81%9F%20%E6%B0%B4%E5%A4%A9%E5%AE%AE%E5%89%8D%E9%A7%85
鮨竹,35.669784,139.761954,주오구,銀座駅,스시,2025,3.72,288,https://tabelog.com/tokyo/A1301/A130101/13169506/,https://www.google.com/maps/search/?api=1&query=%E9%AE%A8%E7%AB%B9%20%E9%8A%80%E5%BA%A7%E9%A7%85
鮨 心白,35.644952,139.71446,시부야구,恵比寿駅,스시,2025,4.06,254,https://tabelog.com/tokyo/A1303/A130302/13239713/,https://www.google.com/maps/search/?api=1&query=%E9%AE%A8%20%E5%BF%83%E7%99%BD%20%E6%81%B5%E6%AF%94%E5%AF%BF%E9%A7%85
波濤,35.702195,139.738865,신주쿠구,牛込神楽坂駅,스시,2025,4.41,342,https://tabelog.com/tokyo/A1309/A130905/13245540/,https://www.google.com/maps/search/?api=1&query=%E6%B3%A2%E6%BF%A4%20%E7%89%9B%E8%BE%BC%E7%A5%9E%E6%A5%BD%E5%9D%82%E9%A7%85
鮨 きのした,35.66225,139.726198,미나토구,六本木駅,스시,2025,3.71,109,https://tabelog.com/tokyo/A1307/A130701/13219373/,https://www.google.com/maps/search/?api=1&query=%E9%AE%A8%20%E3%81%8D%E3%81%AE%E3%81%97%E3%81%9F%20%E5%85%AD%E6%9C%AC%E6%9C%A8%E9%A7%85
鮓 村瀬,35.661639,139.727682,미나토구,六本木駅,스시,2025,3.9,741,https://tabelog.com/tokyo/A1307/A130701/13174475/,https://www.google.com/maps/search/?api=1&query=%E9%AE%93%20%E6%9D%91%E7%80%AC%20%E5%85%AD%E6%9C%AC%E6%9C%A8%E9%A7%85
木挽町 とも樹,35.670091,139.768104,주오구,東銀座駅,스시,2025,3.87,133,https://tabelog.com/tokyo/A1301/A130101/13040702/,https://www.google.com/maps/search/?api=1&query=%E6%9C%A8%E6%8C%BD%E7%94%BA%20%E3%81%A8%E3%82%82%E6%A8%B9%20%E6%9D%B1%E9%8A%80%E5%BA%A7%E9%A7%85
すし匠 齋藤,35.676095,139.73562,미나토구,赤坂見附駅,스시,2025,4.27,519,https://tabelog.com/tokyo/A1308/A130801/13023988/,https://www.google.com/maps/search/?api=1&query=%E3%81%99%E3%81%97%E5%8C%A0%20%E9%BD%8B%E8%97%A4%20%E8%B5%A4%E5%9D%82%E8%A6%8B%E9%99%84%E9%A7%85
すし処 宮葉,35.653635,139.755883,미나토구,浜松町駅,스시,2025,3.66,602,https://tabelog.com/tokyo/A1314/A131401/13019499/,https://www.google.com/maps/search/?api=1&query=%E3%81%99%E3%81%97%E5%87%A6%20%E5%AE%AE%E8%91%89%20%E6%B5%9C%E6%9D%BE%E7%94%BA%E9%A7%85
小笹寿し,35.655744,139.668451,세타가야구,下北沢駅,스시,2025,3.97,158,https://tabelog.com/tokyo/A1318/A131802/13001397/,https://www.google.com/maps/search/?api=1&query=%E5%B0%8F%E7%AC%B9%E5%AF%BF%E3%81%97%20%E4%B8%8B%E5%8C%97%E6%B2%A2%E9%A7%85
青空,35.669232,139.759253,주오구,新橋駅,스시,2025,4.38,467,https://tabelog.com/tokyo/A1301/A130103/13032283/,https://www.google.com/maps/search/?api=1&query=%E9%9D%92%E7%A9%BA%20%E6%96%B0%E6%A9%8B%E9%A7%85
銀座 鮨 かねさか 本店,35.667994,139.762638,주오구,新橋駅,스시,2025,3.91,570,https://tabelog.com/tokyo/A1301/A130103/13005003/,https://www.google.com/maps/search/?api=1&query=%E9%8A%80%E5%BA%A7%20%E9%AE%A8%20%E3%81%8B%E3%81%AD%E3%81%95%E3%81%8B%20%E6%9C%AC%E5%BA%97%20%E6%96%B0%E6%A9%8B%E9%A7%85
うを徳,35.723929,139.817437,스미다구,東向島駅,스시,2025,4,401,https://tabelog.com/tokyo/A1312/A131203/13017947/,https://www.google.com/maps/search/?api=1&query=%E3%81%86%E3%82%92%E5%BE%B3%20%E6%9D%B1%E5%90%91%E5%B3%B6%E9%A7%85
鮨 あお,35.664244,139.710407,미나토구,表参道駅,스시,2025,4.06,344,https://tabelog.com/tokyo/A1306/A130602/13246982/,https://www.google.com/maps/search/?api=1&query=%E9%AE%A8%20%E3%81%82%E3%81%8A%20%E8%A1%A8%E5%8F%82%E9%81%93%E9%A7%85
鮨 よしたけ,35.668925,139.76198,주오구,新橋駅,스시,2025,4.23,267,https://tabelog.com/tokyo/A1301/A130101/13024076/,https://www.google.com/maps/search/?api=1&query=%E9%AE%A8%20%E3%82%88%E3%81%97%E3%81%9F%E3%81%91%20%E6%96%B0%E6%A9%8B%E9%A7%85
鮨 いしやま,35.673129,139.765532,주오구,銀座駅,스시,2025,3.78,259,https://tabelog.com/tokyo/A1301/A130101/13225073/,https://www.google.com/maps/search/?api=1&query=%E9%AE%A8%20%E3%81%84%E3%81%97%E3%82%84%E3%81%BE%20%E9%8A%80%E5%BA%A7%E9%A7%85
鮨 つぼみ,35.6467,139.69296,메구로구,中目黒駅,스시,2025,4.19,608,https://tabelog.com/tokyo/A1317/A131701/13221782/,https://www.google.com/maps/search/?api=1&query=%E9%AE%A8%20%E3%81%A4%E3%81%BC%E3%81%BF%20%E4%B8%AD%E7%9B%AE%E9%BB%92%E9%A7%85
紀尾井町 三谷 別邸,35.679286,139.73704,지요다구,永田町駅,스시,2025,3.78,220,https://tabelog.com/tokyo/A1308/A130801/13262994/,https://www.google.com/maps/search/?api=1&query=%E7%B4%80%E5%B0%BE%E4%BA%95%E7%94%BA%20%E4%B8%89%E8%B0%B7%20%E5%88%A5%E9%82%B8%20%E6%B0%B8%E7%94%B0%E7%94%BA%E9%A7%85
鮨 たかはし,35.673246,139.769619,주오구,銀座一丁目駅,스시,2025,4.02,471,https://tabelog.com/tokyo/A1301/A130101/13165933/,https://www.google.com/maps/search/?api=1&query=%E9%AE%A8%20%E3%81%9F%E3%81%8B%E3%81%AF%E3%81%97%20%E9%8A%80%E5%BA%A7%E4%B8%80%E4%B8%81%E7%9B%AE%E9%A7%85
鮨 奥,35.718053,139.793143,다이토구,浅草（つくばＥＸＰ）駅,스시,2025,3.92,149,https://tabelog.com/tokyo/A1311/A131102/13257709/,https://www.google.com/maps/search/?api=1&query=%E9%AE%A8%20%E5%A5%A5%20%E6%B5%85%E8%8D%89%EF%BC%88%E3%81%A4%E3%81%8F%E3%81%B0%EF%BC%A5%EF%BC%B8%EF%BC%B0%EF%BC%89%E9%A7%85
鮨 大地,35.647058,139.727484,미나토구,広尾駅,스시,2025,3.96,123,https://tabelog.com/tokyo/A1307/A130703/13150503/,https://www.google.com/maps/search/?api=1&query=%E9%AE%A8%20%E5%A4%A7%E5%9C%B0%20%E5%BA%83%E5%B0%BE%E9%A7%85
鮨 佐がわ,35.664729,139.733564,미나토구,六本木駅,스시,2025,3.78,116,https://tabelog.com/tokyo/A1307/A130701/13252500/,https://www.google.com/maps/search/?api=1&query=%E9%AE%A8%20%E4%BD%90%E3%81%8C%E3%82%8F%20%E5%85%AD%E6%9C%AC%E6%9C%A8%E9%A7%85
かがやき,35.672931,139.770601,주오구,宝町駅,스키야키·샤브,2024,3.63,341,https://tabelog.com/tokyo/A1301/A130101/13187129/,https://www.google.com/maps/search/?api=1&query=%E3%81%8B%E3%81%8C%E3%82%84%E3%81%8D%20%E5%AE%9D%E7%94%BA%E9%A7%85
日本橋 伊勢重,35.691774,139.780675,주오구,馬喰横山駅,스키야키·샤브,2024,3.55,404,https://tabelog.com/tokyo/A1302/A130204/13008056/,https://www.google.com/maps/search/?api=1&query=%E6%97%A5%E6%9C%AC%E6%A9%8B%20%E4%BC%8A%E5%8B%A2%E9%87%8D%20%E9%A6%AC%E5%96%B0%E6%A8%AA%E5%B1%B1%E9%A7%85
いし橋,35.702839,139.769869,지요다구,末広町駅,스키야키·샤브,2024,3.62,353,https://tabelog.com/tokyo/A1311/A131101/13021036/,https://www.google.com/maps/search/?api=1&query=%E3%81%84%E3%81%97%E6%A9%8B%20%E6%9C%AB%E5%BA%83%E7%94%BA%E9%A7%85
岡半,35.681116,139.733559,지요다구,四ツ谷駅,스키야키·샤브,2024,3.61,174,https://tabelog.com/tokyo/A1308/A130803/13019041/,https://www.google.com/maps/search/?api=1&query=%E5%B2%A1%E5%8D%8A%20%E5%9B%9B%E3%83%84%E8%B0%B7%E9%A7%85
シャングリラズシークレット 六本木店,35.664243,139.731554,미나토구,六本木駅,스키야키·샤브,2024,3.54,1102,https://tabelog.com/tokyo/A1307/A130701/13175214/,https://www.google.com/maps/search/?api=1&query=%E3%82%B7%E3%83%A3%E3%83%B3%E3%82%B0%E3%83%AA%E3%83%A9%E3%82%BA%E3%82%B7%E3%83%BC%E3%82%AF%E3%83%AC%E3%83%83%E3%83%88%20%E5%85%AD%E6%9C%AC%E6%9C%A8%E5%BA%97%20%E5%85%AD%E6%9C%AC%E6%9C%A8%E9%A7%85
モリタ屋 東京丸の内店,35.681351,139.763649,지요다구,二重橋前駅,스키야키·샤브,2024,3.59,414,https://tabelog.com/tokyo/A1302/A130201/13006083/,https://www.google.com/maps/search/?api=1&query=%E3%83%A2%E3%83%AA%E3%82%BF%E5%B1%8B%20%E6%9D%B1%E4%BA%AC%E4%B8%B8%E3%81%AE%E5%86%85%E5%BA%97%20%E4%BA%8C%E9%87%8D%E6%A9%8B%E5%89%8D%E9%A7%85
かがやき,35.726417,139.789563,다이토구,三ノ輪駅,스키야키·샤브,2024,3.62,422,https://tabelog.com/tokyo/A1324/A132401/13083284/,https://www.google.com/maps/search/?api=1&query=%E3%81%8B%E3%81%8C%E3%82%84%E3%81%8D%20%E4%B8%89%E3%83%8E%E8%BC%AA%E9%A7%85
PRETTY PORK FACTORY,35.694758,139.703013,신주쿠구,西武新宿駅,스키야키·샤브,2024,3.7,1130,https://tabelog.com/tokyo/A1304/A130401/13254601/,https://www.google.com/maps/search/?api=1&query=PRETTY%20PORK%20FACTORY%20%E8%A5%BF%E6%AD%A6%E6%96%B0%E5%AE%BF%E9%A7%85
赤坂武蔵,35.673161,139.738008,미나토구,赤坂駅,스키야키·샤브,2024,3.53,406,https://tabelog.com/tokyo/A1308/A130801/13038448/,https://www.google.com/maps/search/?api=1&query=%E8%B5%A4%E5%9D%82%E6%AD%A6%E8%94%B5%20%E8%B5%A4%E5%9D%82%E9%A7%85
東京肉しゃぶ家,35.69839,139.703361,신주쿠구,東新宿駅,스키야키·샤브,2024,3.89,618,https://tabelog.com/tokyo/A1304/A130401/13196268/,https://www.google.com/maps/search/?api=1&query=%E6%9D%B1%E4%BA%AC%E8%82%89%E3%81%97%E3%82%83%E3%81%B6%E5%AE%B6%20%E6%9D%B1%E6%96%B0%E5%AE%BF%E9%A7%85
伊吹,35.689002,139.697665,신주쿠구,新宿駅,스키야키·샤브,2024,3.55,392,https://tabelog.com/tokyo/A1304/A130401/13136926/,https://www.google.com/maps/search/?api=1&query=%E4%BC%8A%E5%90%B9%20%E6%96%B0%E5%AE%BF%E9%A7%85
人形町今半 本店,35.685779,139.783679,주오구,人形町駅,스키야키·샤브,2024,3.68,1518,https://tabelog.com/tokyo/A1302/A130204/13003059/,https://www.google.com/maps/search/?api=1&query=%E4%BA%BA%E5%BD%A2%E7%94%BA%E4%BB%8A%E5%8D%8A%20%E6%9C%AC%E5%BA%97%20%E4%BA%BA%E5%BD%A2%E7%94%BA%E9%A7%85
浅草今半 国際通り本店,35.713942,139.792239,다이토구,浅草（つくばＥＸＰ）駅,스키야키·샤브,2024,3.63,775,https://tabelog.com/tokyo/A1311/A131102/13003649/,https://www.google.com/maps/search/?api=1&query=%E6%B5%85%E8%8D%89%E4%BB%8A%E5%8D%8A%20%E5%9B%BD%E9%9A%9B%E9%80%9A%E3%82%8A%E6%9C%AC%E5%BA%97%20%E6%B5%85%E8%8D%89%EF%BC%88%E3%81%A4%E3%81%8F%E3%81%B0%EF%BC%A5%EF%BC%B8%EF%BC%B0%EF%BC%89%E9%A7%85
ますだや,35.700948,139.741239,신주쿠구,飯田橋駅,스키야키·샤브,2024,3.57,243,https://tabelog.com/tokyo/A1309/A130905/13040653/,https://www.google.com/maps/search/?api=1&query=%E3%81%BE%E3%81%99%E3%81%A0%E3%82%84%20%E9%A3%AF%E7%94%B0%E6%A9%8B%E9%A7%85
ちんや,35.715022,139.801383,다이토구,浅草（東武・都営・メトロ）駅,스키야키·샤브,2024,3.63,385,https://tabelog.com/tokyo/A1311/A131102/13268750/,https://www.google.com/maps/search/?api=1&query=%E3%81%A1%E3%82%93%E3%82%84%20%E6%B5%85%E8%8D%89%EF%BC%88%E6%9D%B1%E6%AD%A6%E3%83%BB%E9%83%BD%E5%96%B6%E3%83%BB%E3%83%A1%E3%83%88%E3%83%AD%EF%BC%89%E9%A7%85
米久本店,35.715932,139.793718,다이토구,浅草（つくばＥＸＰ）駅,스키야키·샤브,2024,3.65,1278,https://tabelog.com/tokyo/A1311/A131102/13003667/,https://www.google.com/maps/search/?api=1&query=%E7%B1%B3%E4%B9%85%E6%9C%AC%E5%BA%97%20%E6%B5%85%E8%8D%89%EF%BC%88%E3%81%A4%E3%81%8F%E3%81%B0%EF%BC%A5%EF%BC%B8%EF%BC%B0%EF%BC%89%E9%A7%85
ざくろ TBS店,35.673181,139.736166,미나토구,赤坂駅,스키야키·샤브,2024,3.54,483,https://tabelog.com/tokyo/A1308/A130801/13002758/,https://www.google.com/maps/search/?api=1&query=%E3%81%96%E3%81%8F%E3%82%8D%20TBS%E5%BA%97%20%E8%B5%A4%E5%9D%82%E9%A7%85
人形町 今半 東京ガーデンテラス紀尾井町店,35.679228,139.738175,지요다구,永田町駅,스키야키·샤브,2024,3.62,233,https://tabelog.com/tokyo/A1308/A130803/13199422/,https://www.google.com/maps/search/?api=1&query=%E4%BA%BA%E5%BD%A2%E7%94%BA%20%E4%BB%8A%E5%8D%8A%20%E6%9D%B1%E4%BA%AC%E3%82%AC%E3%83%BC%E3%83%87%E3%83%B3%E3%83%86%E3%83%A9%E3%82%B9%E7%B4%80%E5%B0%BE%E4%BA%95%E7%94%BA%E5%BA%97%20%E6%B0%B8%E7%94%B0%E7%94%BA%E9%A7%85
松阪牛 よし田,35.682798,139.6871,신주쿠구,初台駅,스키야키·샤브,2024,3.69,770,https://tabelog.com/tokyo/A1318/A131807/13188515/,https://www.google.com/maps/search/?api=1&query=%E6%9D%BE%E9%98%AA%E7%89%9B%20%E3%82%88%E3%81%97%E7%94%B0%20%E5%88%9D%E5%8F%B0%E9%A7%85
すき焼割烹 日山,35.685732,139.78302,주오구,人形町駅,스키야키·샤브,2024,3.72,577,https://tabelog.com/tokyo/A1302/A130204/13003043/,https://www.google.com/maps/search/?api=1&query=%E3%81%99%E3%81%8D%E7%84%BC%E5%89%B2%E7%83%B9%20%E6%97%A5%E5%B1%B1%20%E4%BA%BA%E5%BD%A2%E7%94%BA%E9%A7%85
PRETTY PORK FACTORY &amp; KATSUプリポー,35.668425,139.704899,시부야구,明治神宮前駅,스키야키·샤브,2024,3.74,772,https://tabelog.com/tokyo/A1306/A130601/13295369/,https://www.google.com/maps/search/?api=1&query=PRETTY%20PORK%20FACTORY%20%26amp%3B%20KATSU%E3%83%97%E3%83%AA%E3%83%9D%E3%83%BC%20%E6%98%8E%E6%B2%BB%E7%A5%9E%E5%AE%AE%E5%89%8D%E9%A7%85
今福,35.64541,139.734151,미나토구,白金高輪駅,스키야키·샤브,2024,3.61,530,https://tabelog.com/tokyo/A1316/A131602/13136201/,https://www.google.com/maps/search/?api=1&query=%E4%BB%8A%E7%A6%8F%20%E7%99%BD%E9%87%91%E9%AB%98%E8%BC%AA%E9%A7%85
ざくろ 銀座店,35.671664,139.766197,주오구,銀座駅,스키야키·샤브,2024,3.69,793,https://tabelog.com/tokyo/A1301/A130101/13002261/,https://www.google.com/maps/search/?api=1&query=%E3%81%96%E3%81%8F%E3%82%8D%20%E9%8A%80%E5%BA%A7%E5%BA%97%20%E9%8A%80%E5%BA%A7%E9%A7%85
今半 別館,35.713146,139.796935,다이토구,浅草（東武・都営・メトロ）駅,스키야키·샤브,2024,3.63,495,https://tabelog.com/tokyo/A1311/A131102/13003656/,https://www.google.com/maps/search/?api=1&query=%E4%BB%8A%E5%8D%8A%20%E5%88%A5%E9%A4%A8%20%E6%B5%85%E8%8D%89%EF%BC%88%E6%9D%B1%E6%AD%A6%E3%83%BB%E9%83%BD%E5%96%B6%E3%83%BB%E3%83%A1%E3%83%88%E3%83%AD%EF%BC%89%E9%A7%85
松木家,35.657178,139.694713,시부야구,神泉駅,스키야키·샤브,2024,3.54,255,https://tabelog.com/tokyo/A1303/A130301/13007240/,https://www.google.com/maps/search/?api=1&query=%E6%9D%BE%E6%9C%A8%E5%AE%B6%20%E7%A5%9E%E6%B3%89%E9%A7%85
人形町今半 銀座店,35.670119,139.762818,주오구,銀座駅,스키야키·샤브,2024,3.67,279,https://tabelog.com/tokyo/A1301/A130101/13016566/,https://www.google.com/maps/search/?api=1&query=%E4%BA%BA%E5%BD%A2%E7%94%BA%E4%BB%8A%E5%8D%8A%20%E9%8A%80%E5%BA%A7%E5%BA%97%20%E9%8A%80%E5%BA%A7%E9%A7%85
人形町今半 上野広小路店,35.707483,139.772645,다이토구,上野広小路駅,스키야키·샤브,2024,3.61,419,https://tabelog.com/tokyo/A1311/A131101/13005082/,https://www.google.com/maps/search/?api=1&query=%E4%BA%BA%E5%BD%A2%E7%94%BA%E4%BB%8A%E5%8D%8A%20%E4%B8%8A%E9%87%8E%E5%BA%83%E5%B0%8F%E8%B7%AF%E5%BA%97%20%E4%B8%8A%E9%87%8E%E5%BA%83%E5%B0%8F%E8%B7%AF%E9%A7%85
三田ばさら 本店,35.650725,139.745204,미나토구,三田駅,스키야키·샤브,2024,3.6,836,https://tabelog.com/tokyo/A1314/A131402/13094054/,https://www.google.com/maps/search/?api=1&query=%E4%B8%89%E7%94%B0%E3%81%B0%E3%81%95%E3%82%89%20%E6%9C%AC%E5%BA%97%20%E4%B8%89%E7%94%B0%E9%A7%85
東京肉しゃぶ家 秀彬,35.668719,139.760519,주오구,銀座駅,스키야키·샤브,2024,4.16,157,https://tabelog.com/tokyo/A1301/A130101/13287203/,https://www.google.com/maps/search/?api=1&query=%E6%9D%B1%E4%BA%AC%E8%82%89%E3%81%97%E3%82%83%E3%81%B6%E5%AE%B6%20%E7%A7%80%E5%BD%AC%20%E9%8A%80%E5%BA%A7%E9%A7%85
代々木 今半,35.682276,139.698265,시부야구,南新宿駅,스키야키·샤브,2024,3.65,398,https://tabelog.com/tokyo/A1318/A131810/13001039/,https://www.google.com/maps/search/?api=1&query=%E4%BB%A3%E3%80%85%E6%9C%A8%20%E4%BB%8A%E5%8D%8A%20%E5%8D%97%E6%96%B0%E5%AE%BF%E9%A7%85
牛幸 本店,35.677177,139.782775,주오구,茅場町駅,스키야키·샤브,2024,3.59,485,https://tabelog.com/tokyo/A1302/A130203/13007682/,https://www.google.com/maps/search/?api=1&query=%E7%89%9B%E5%B9%B8%20%E6%9C%AC%E5%BA%97%20%E8%8C%85%E5%A0%B4%E7%94%BA%E9%A7%85
野方餃子,35.723051,139.652201,나카노구,野方駅,교자,2024,3.65,988,https://tabelog.com/tokyo/A1321/A132104/13154377/,https://www.google.com/maps/search/?api=1&query=%E9%87%8E%E6%96%B9%E9%A4%83%E5%AD%90%20%E9%87%8E%E6%96%B9%E9%A7%85
亀戸ぎょうざ 錦糸町店,35.694636,139.813181,스미다구,錦糸町駅,교자,2024,3.49,2203,https://tabelog.com/tokyo/A1312/A131201/13041091/,https://www.google.com/maps/search/?api=1&query=%E4%BA%80%E6%88%B8%E3%81%8E%E3%82%87%E3%81%86%E3%81%96%20%E9%8C%A6%E7%B3%B8%E7%94%BA%E5%BA%97%20%E9%8C%A6%E7%B3%B8%E7%94%BA%E9%A7%85
東京餃子楼 三軒茶屋店,35.64322,139.667639,세타가야구,西太子堂駅,교자,2024,3.49,1369,https://tabelog.com/tokyo/A1317/A131706/13004530/,https://www.google.com/maps/search/?api=1&query=%E6%9D%B1%E4%BA%AC%E9%A4%83%E5%AD%90%E6%A5%BC%20%E4%B8%89%E8%BB%92%E8%8C%B6%E5%B1%8B%E5%BA%97%20%E8%A5%BF%E5%A4%AA%E5%AD%90%E5%A0%82%E9%A7%85
鎮海楼,35.634586,139.716903,시나가와구,目黒駅,교자,2024,3.54,699,https://tabelog.com/tokyo/A1316/A131601/13020138/,https://www.google.com/maps/search/?api=1&query=%E9%8E%AE%E6%B5%B7%E6%A5%BC%20%E7%9B%AE%E9%BB%92%E9%A7%85
えびすの安兵衛,35.645614,139.714701,시부야구,恵比寿駅,교자,2024,3.65,2117,https://tabelog.com/tokyo/A1303/A130302/13117106/,https://www.google.com/maps/search/?api=1&query=%E3%81%88%E3%81%B3%E3%81%99%E3%81%AE%E5%AE%89%E5%85%B5%E8%A1%9B%20%E6%81%B5%E6%AF%94%E5%AF%BF%E9%A7%85
餃子の王さま,35.712141,139.795656,다이토구,浅草（東武・都営・メトロ）駅,교자,2024,3.49,2515,https://tabelog.com/tokyo/A1311/A131102/13016814/,https://www.google.com/maps/search/?api=1&query=%E9%A4%83%E5%AD%90%E3%81%AE%E7%8E%8B%E3%81%95%E3%81%BE%20%E6%B5%85%E8%8D%89%EF%BC%88%E6%9D%B1%E6%AD%A6%E3%83%BB%E9%83%BD%E5%96%B6%E3%83%BB%E3%83%A1%E3%83%88%E3%83%AD%EF%BC%89%E9%A7%85
永楽,35.740555,139.889282,에도가와구,京成小岩駅,교자,2024,3.5,310,https://tabelog.com/tokyo/A1312/A131204/13052293/,https://www.google.com/maps/search/?api=1&query=%E6%B0%B8%E6%A5%BD%20%E4%BA%AC%E6%88%90%E5%B0%8F%E5%B2%A9%E9%A7%85
亜細亜割烹 蓮月,35.666559,139.724786,미나토구,乃木坂駅,교자,2024,3.57,509,https://tabelog.com/tokyo/A1307/A130701/13182912/,https://www.google.com/maps/search/?api=1&query=%E4%BA%9C%E7%B4%B0%E4%BA%9C%E5%89%B2%E7%83%B9%20%E8%93%AE%E6%9C%88%20%E4%B9%83%E6%9C%A8%E5%9D%82%E9%A7%85
おけ以,35.698892,139.744499,지요다구,飯田橋駅,교자,2024,3.65,2877,https://tabelog.com/tokyo/A1309/A130905/13000410/,https://www.google.com/maps/search/?api=1&query=%E3%81%8A%E3%81%91%E4%BB%A5%20%E9%A3%AF%E7%94%B0%E6%A9%8B%E9%A7%85
亀戸餃子 本店,35.698548,139.826245,고토구,亀戸駅,교자,2024,3.51,3472,https://tabelog.com/tokyo/A1312/A131202/13003078/,https://www.google.com/maps/search/?api=1&query=%E4%BA%80%E6%88%B8%E9%A4%83%E5%AD%90%20%E6%9C%AC%E5%BA%97%20%E4%BA%80%E6%88%B8%E9%A7%85
您好,35.675243,139.678365,시부야구,幡ケ谷駅,교자,2024,3.67,1073,https://tabelog.com/tokyo/A1318/A131807/13001812/,https://www.google.com/maps/search/?api=1&query=%E6%82%A8%E5%A5%BD%20%E5%B9%A1%E3%82%B1%E8%B0%B7%E9%A7%85
餃子坊 豚八戒,35.704481,139.634946,스기나미구,阿佐ケ谷駅,교자,2024,3.66,1123,https://tabelog.com/tokyo/A1319/A131905/13090377/,https://www.google.com/maps/search/?api=1&query=%E9%A4%83%E5%AD%90%E5%9D%8A%20%E8%B1%9A%E5%85%AB%E6%88%92%20%E9%98%BF%E4%BD%90%E3%82%B1%E8%B0%B7%E9%A7%85
東亭,35.732513,139.719785,도시마구,向原駅,교자,2024,3.47,440,https://tabelog.com/tokyo/A1305/A130501/13008958/,https://www.google.com/maps/search/?api=1&query=%E6%9D%B1%E4%BA%AD%20%E5%90%91%E5%8E%9F%E9%A7%85
PAIRON 飯田橋本店,35.705846,139.741539,신주쿠구,飯田橋駅,교자,2024,3.49,1415,https://tabelog.com/tokyo/A1309/A130905/13127427/,https://www.google.com/maps/search/?api=1&query=PAIRON%20%E9%A3%AF%E7%94%B0%E6%A9%8B%E6%9C%AC%E5%BA%97%20%E9%A3%AF%E7%94%B0%E6%A9%8B%E9%A7%85
手作り餃子の店 吉春,35.64655,139.56192,調布구,国領駅,교자,2024,3.66,207,https://tabelog.com/tokyo/A1326/A132601/13254805/,https://www.google.com/maps/search/?api=1&query=%E6%89%8B%E4%BD%9C%E3%82%8A%E9%A4%83%E5%AD%90%E3%81%AE%E5%BA%97%20%E5%90%89%E6%98%A5%20%E5%9B%BD%E9%A0%98%E9%A7%85
龍門,35.554053,139.739139,오타구,大鳥居駅,교자,2024,3.67,515,https://tabelog.com/tokyo/A1315/A131504/13017770/,https://www.google.com/maps/search/?api=1&query=%E9%BE%8D%E9%96%80%20%E5%A4%A7%E9%B3%A5%E5%B1%85%E9%A7%85
餃子のハルピン,35.697754,139.560562,三鷹구,三鷹駅,교자,2024,3.49,738,https://tabelog.com/tokyo/A1320/A132002/13005875/,https://www.google.com/maps/search/?api=1&query=%E9%A4%83%E5%AD%90%E3%81%AE%E3%83%8F%E3%83%AB%E3%83%94%E3%83%B3%20%E4%B8%89%E9%B7%B9%E9%A7%85
按田餃子 代々木上原店,35.670602,139.681912,시부야구,代々木上原駅,교자,2024,3.52,1776,https://tabelog.com/tokyo/A1318/A131811/13140146/,https://www.google.com/maps/search/?api=1&query=%E6%8C%89%E7%94%B0%E9%A4%83%E5%AD%90%20%E4%BB%A3%E3%80%85%E6%9C%A8%E4%B8%8A%E5%8E%9F%E5%BA%97%20%E4%BB%A3%E3%80%85%E6%9C%A8%E4%B8%8A%E5%8E%9F%E9%A7%85
亀戸ぎょうざ 両国支店,35.694987,139.79727,스미다구,両国駅,교자,2024,3.51,1584,https://tabelog.com/tokyo/A1312/A131201/13039735/,https://www.google.com/maps/search/?api=1&query=%E4%BA%80%E6%88%B8%E3%81%8E%E3%82%87%E3%81%86%E3%81%96%20%E4%B8%A1%E5%9B%BD%E6%94%AF%E5%BA%97%20%E4%B8%A1%E5%9B%BD%E9%A7%85
來々軒,35.669137,139.811466,고토구,木場駅,교자,2024,3.59,1539,https://tabelog.com/tokyo/A1313/A131303/13098822/,https://www.google.com/maps/search/?api=1&query=%E4%BE%86%E3%80%85%E8%BB%92%20%E6%9C%A8%E5%A0%B4%E9%A7%85
餃子館,35.671103,139.618896,세타가야구,八幡山駅,교자,2024,3.66,366,https://tabelog.com/tokyo/A1318/A131809/13108385/,https://www.google.com/maps/search/?api=1&query=%E9%A4%83%E5%AD%90%E9%A4%A8%20%E5%85%AB%E5%B9%A1%E5%B1%B1%E9%A7%85
餃子マニア 品川本店,35.626876,139.737342,미나토구,品川駅,교자,2024,3.57,1088,https://tabelog.com/tokyo/A1314/A131403/13247755/,https://www.google.com/maps/search/?api=1&query=%E9%A4%83%E5%AD%90%E3%83%9E%E3%83%8B%E3%82%A2%20%E5%93%81%E5%B7%9D%E6%9C%AC%E5%BA%97%20%E5%93%81%E5%B7%9D%E9%A7%85
難波千日前 釜たけうどん 八重洲北口店,35.682478,139.768082,지요다구,東京駅,우동,2024,3.72,3154,https://tabelog.com/tokyo/A1302/A130201/13156494/,https://www.google.com/maps/search/?api=1&query=%E9%9B%A3%E6%B3%A2%E5%8D%83%E6%97%A5%E5%89%8D%20%E9%87%9C%E3%81%9F%E3%81%91%E3%81%86%E3%81%A9%E3%82%93%20%E5%85%AB%E9%87%8D%E6%B4%B2%E5%8C%97%E5%8F%A3%E5%BA%97%20%E6%9D%B1%E4%BA%AC%E9%A7%85
うどん 慎,35.686497,139.697009,시부야구,南新宿駅,우동,2024,3.68,2645,https://tabelog.com/tokyo/A1304/A130401/13125862/,https://www.google.com/maps/search/?api=1&query=%E3%81%86%E3%81%A9%E3%82%93%20%E6%85%8E%20%E5%8D%97%E6%96%B0%E5%AE%BF%E9%A7%85
自家製さぬきうどんと肉 甚三 大門店,35.654868,139.753618,미나토구,大門駅,우동,2024,3.68,2226,https://tabelog.com/tokyo/A1314/A131401/13188754/,https://www.google.com/maps/search/?api=1&query=%E8%87%AA%E5%AE%B6%E8%A3%BD%E3%81%95%E3%81%AC%E3%81%8D%E3%81%86%E3%81%A9%E3%82%93%E3%81%A8%E8%82%89%20%E7%94%9A%E4%B8%89%20%E5%A4%A7%E9%96%80%E5%BA%97%20%E5%A4%A7%E9%96%80%E9%A7%85
根津 釜竹,35.718091,139.766972,분쿄구,根津駅,우동,2024,3.66,1296,https://tabelog.com/tokyo/A1311/A131106/13020252/,https://www.google.com/maps/search/?api=1&query=%E6%A0%B9%E6%B4%A5%20%E9%87%9C%E7%AB%B9%20%E6%A0%B9%E6%B4%A5%E9%A7%85
手打うどん長谷川,35.750775,139.585172,네리마구,大泉学園駅,우동,2024,3.69,841,https://tabelog.com/tokyo/A1321/A132103/13105083/,https://www.google.com/maps/search/?api=1&query=%E6%89%8B%E6%89%93%E3%81%86%E3%81%A9%E3%82%93%E9%95%B7%E8%B0%B7%E5%B7%9D%20%E5%A4%A7%E6%B3%89%E5%AD%A6%E5%9C%92%E9%A7%85
うどん山長,35.6483,139.711124,시부야구,恵比寿駅,우동,2024,3.67,2553,https://tabelog.com/tokyo/A1303/A130302/13045327/,https://www.google.com/maps/search/?api=1&query=%E3%81%86%E3%81%A9%E3%82%93%E5%B1%B1%E9%95%B7%20%E6%81%B5%E6%AF%94%E5%AF%BF%E9%A7%85
おにやんま 五反田本店,35.625435,139.723961,시나가와구,五反田駅,우동,2024,3.74,5069,https://tabelog.com/tokyo/A1316/A131603/13111869/,https://www.google.com/maps/search/?api=1&query=%E3%81%8A%E3%81%AB%E3%82%84%E3%82%93%E3%81%BE%20%E4%BA%94%E5%8F%8D%E7%94%B0%E6%9C%AC%E5%BA%97%20%E4%BA%94%E5%8F%8D%E7%94%B0%E9%A7%85
おにやんま 新橋店,35.665833,139.756648,미나토구,新橋駅,우동,2024,3.71,3897,https://tabelog.com/tokyo/A1301/A130103/13162575/,https://www.google.com/maps/search/?api=1&query=%E3%81%8A%E3%81%AB%E3%82%84%E3%82%93%E3%81%BE%20%E6%96%B0%E6%A9%8B%E5%BA%97%20%E6%96%B0%E6%A9%8B%E9%A7%85
よしふじ,35.737073,139.498991,小平구,小平駅,우동,2024,3.65,473,https://tabelog.com/tokyo/A1328/A132804/13080472/,https://www.google.com/maps/search/?api=1&query=%E3%82%88%E3%81%97%E3%81%B5%E3%81%98%20%E5%B0%8F%E5%B9%B3%E9%A7%85
とこ井,35.703325,139.649137,스기나미구,高円寺駅,우동,2024,3.64,1044,https://tabelog.com/tokyo/A1319/A131904/13153065/,https://www.google.com/maps/search/?api=1&query=%E3%81%A8%E3%81%93%E4%BA%95%20%E9%AB%98%E5%86%86%E5%AF%BA%E9%A7%85
五代目 花山うどん 銀座店,35.669909,139.769146,주오구,東銀座駅,우동,2024,3.64,1456,https://tabelog.com/tokyo/A1301/A130101/13200630/,https://www.google.com/maps/search/?api=1&query=%E4%BA%94%E4%BB%A3%E7%9B%AE%20%E8%8A%B1%E5%B1%B1%E3%81%86%E3%81%A9%E3%82%93%20%E9%8A%80%E5%BA%A7%E5%BA%97%20%E6%9D%B1%E9%8A%80%E5%BA%A7%E9%A7%85
玉丁本店 八重洲店,35.679266,139.768256,주오구,東京駅,우동,2024,3.63,2177,https://tabelog.com/tokyo/A1302/A130201/13015841/,https://www.google.com/maps/search/?api=1&query=%E7%8E%89%E4%B8%81%E6%9C%AC%E5%BA%97%20%E5%85%AB%E9%87%8D%E6%B4%B2%E5%BA%97%20%E6%9D%B1%E4%BA%AC%E9%A7%85
本格手打 もり家 東京店,35.654419,139.755857,미나토구,浜松町駅,우동,2024,3.69,1617,https://tabelog.com/tokyo/A1314/A131401/13227953/,https://www.google.com/maps/search/?api=1&query=%E6%9C%AC%E6%A0%BC%E6%89%8B%E6%89%93%20%E3%82%82%E3%82%8A%E5%AE%B6%20%E6%9D%B1%E4%BA%AC%E5%BA%97%20%E6%B5%9C%E6%9D%BE%E7%94%BA%E9%A7%85
雅楽,35.70186,139.74682,지요다구,飯田橋駅,우동,2024,3.63,882,https://tabelog.com/tokyo/A1309/A130905/13032356/,https://www.google.com/maps/search/?api=1&query=%E9%9B%85%E6%A5%BD%20%E9%A3%AF%E7%94%B0%E6%A9%8B%E9%A7%85
手打うどん いわしや 青山店,35.672995,139.723142,미나토구,青山一丁目駅,우동,2024,3.66,1358,https://tabelog.com/tokyo/A1306/A130603/13224471/,https://www.google.com/maps/search/?api=1&query=%E6%89%8B%E6%89%93%E3%81%86%E3%81%A9%E3%82%93%20%E3%81%84%E3%82%8F%E3%81%97%E3%82%84%20%E9%9D%92%E5%B1%B1%E5%BA%97%20%E9%9D%92%E5%B1%B1%E4%B8%80%E4%B8%81%E7%9B%AE%E9%A7%85
酒と味噌煮込み 味噌煮込罠,35.706405,139.761444,분쿄구,本郷三丁目駅,우동,2024,3.68,1120,https://tabelog.com/tokyo/A1310/A131004/13036030/,https://www.google.com/maps/search/?api=1&query=%E9%85%92%E3%81%A8%E5%91%B3%E5%99%8C%E7%85%AE%E8%BE%BC%E3%81%BF%20%E5%91%B3%E5%99%8C%E7%85%AE%E8%BE%BC%E7%BD%A0%20%E6%9C%AC%E9%83%B7%E4%B8%89%E4%B8%81%E7%9B%AE%E9%A7%85
本格手打うどん あらた,35.66023,139.333543,八王子구,八王子駅,우동,2024,3.67,426,https://tabelog.com/tokyo/A1329/A132904/13025001/,https://www.google.com/maps/search/?api=1&query=%E6%9C%AC%E6%A0%BC%E6%89%8B%E6%89%93%E3%81%86%E3%81%A9%E3%82%93%20%E3%81%82%E3%82%89%E3%81%9F%20%E5%85%AB%E7%8E%8B%E5%AD%90%E9%A7%85
讃岐うどん いそや,35.661353,139.339734,八王子구,京王八王子駅,우동,2024,3.67,504,https://tabelog.com/tokyo/A1329/A132904/13022380/,https://www.google.com/maps/search/?api=1&query=%E8%AE%83%E5%B2%90%E3%81%86%E3%81%A9%E3%82%93%20%E3%81%84%E3%81%9D%E3%82%84%20%E4%BA%AC%E7%8E%8B%E5%85%AB%E7%8E%8B%E5%AD%90%E9%A7%85
ウドンスタンド五頭,35.70734,139.560721,武蔵野구,三鷹駅,우동,2024,3.63,515,https://tabelog.com/tokyo/A1320/A132002/13117283/,https://www.google.com/maps/search/?api=1&query=%E3%82%A6%E3%83%89%E3%83%B3%E3%82%B9%E3%82%BF%E3%83%B3%E3%83%89%E4%BA%94%E9%A0%AD%20%E4%B8%89%E9%B7%B9%E9%A7%85
賞讃,35.730343,139.845902,가쓰시카구,京成立石駅,우동,2024,3.64,491,https://tabelog.com/tokyo/A1324/A132403/13022111/,https://www.google.com/maps/search/?api=1&query=%E8%B3%9E%E8%AE%83%20%E4%BA%AC%E6%88%90%E7%AB%8B%E7%9F%B3%E9%A7%85
純手打ち讃岐うどん五郎,35.695826,139.810593,스미다구,錦糸町駅,우동,2024,3.68,889,https://tabelog.com/tokyo/A1312/A131201/13156107/,https://www.google.com/maps/search/?api=1&query=%E7%B4%94%E6%89%8B%E6%89%93%E3%81%A1%E8%AE%83%E5%B2%90%E3%81%86%E3%81%A9%E3%82%93%E4%BA%94%E9%83%8E%20%E9%8C%A6%E7%B3%B8%E7%94%BA%E9%A7%85
楢製麺,35.685299,139.699313,시부야구,南新宿駅,우동,2024,3.65,1643,https://tabelog.com/tokyo/A1304/A130401/13234984/,https://www.google.com/maps/search/?api=1&query=%E6%A5%A2%E8%A3%BD%E9%BA%BA%20%E5%8D%97%E6%96%B0%E5%AE%BF%E9%A7%85
麺匠 釜善,35.693696,139.768322,지요다구,淡路町駅,우동,2024,3.83,1264,https://tabelog.com/tokyo/A1310/A131002/13201863/,https://www.google.com/maps/search/?api=1&query=%E9%BA%BA%E5%8C%A0%20%E9%87%9C%E5%96%84%20%E6%B7%A1%E8%B7%AF%E7%94%BA%E9%A7%85
五島うどん びぜん家,35.699771,139.503707,小金井구,武蔵小金井駅,우동,2024,3.65,600,https://tabelog.com/tokyo/A1325/A132501/13126103/,https://www.google.com/maps/search/?api=1&query=%E4%BA%94%E5%B3%B6%E3%81%86%E3%81%A9%E3%82%93%20%E3%81%B3%E3%81%9C%E3%82%93%E5%AE%B6%20%E6%AD%A6%E8%94%B5%E5%B0%8F%E9%87%91%E4%BA%95%E9%A7%85
竹や,35.701827,139.766111,분쿄구,御茶ノ水駅,우동,2024,3.67,1587,https://tabelog.com/tokyo/A1310/A131002/13005072/,https://www.google.com/maps/search/?api=1&query=%E7%AB%B9%E3%82%84%20%E5%BE%A1%E8%8C%B6%E3%83%8E%E6%B0%B4%E9%A7%85
むさしの エン座,35.737539,139.599474,네리마구,石神井公園駅,우동,2024,3.65,411,https://tabelog.com/tokyo/A1321/A132103/13022818/,https://www.google.com/maps/search/?api=1&query=%E3%82%80%E3%81%95%E3%81%97%E3%81%AE%20%E3%82%A8%E3%83%B3%E5%BA%A7%20%E7%9F%B3%E7%A5%9E%E4%BA%95%E5%85%AC%E5%9C%92%E9%A7%85
正太郎うどん,35.729906,139.603506,네리마구,上井草駅,우동,2024,3.62,411,https://tabelog.com/tokyo/A1321/A132105/13095768/,https://www.google.com/maps/search/?api=1&query=%E6%AD%A3%E5%A4%AA%E9%83%8E%E3%81%86%E3%81%A9%E3%82%93%20%E4%B8%8A%E4%BA%95%E8%8D%89%E9%A7%85
手打うどん あかう,35.730773,139.770837,아라카와구,日暮里駅,우동,2024,3.66,1018,https://tabelog.com/tokyo/A1311/A131105/13018604/,https://www.google.com/maps/search/?api=1&query=%E6%89%8B%E6%89%93%E3%81%86%E3%81%A9%E3%82%93%20%E3%81%82%E3%81%8B%E3%81%86%20%E6%97%A5%E6%9A%AE%E9%87%8C%E9%A7%85
関西風手打うどん いらっしゃい,35.720371,139.781687,다이토구,入谷駅,우동,2024,3.65,487,https://tabelog.com/tokyo/A1311/A131104/13042758/,https://www.google.com/maps/search/?api=1&query=%E9%96%A2%E8%A5%BF%E9%A2%A8%E6%89%8B%E6%89%93%E3%81%86%E3%81%A9%E3%82%93%20%E3%81%84%E3%82%89%E3%81%A3%E3%81%97%E3%82%83%E3%81%84%20%E5%85%A5%E8%B0%B7%E9%A7%85
トウキョウライトブルー ホンゴウスリー,35.706479,139.760563,분쿄구,本郷三丁目駅,우동,2024,3.68,1514,https://tabelog.com/tokyo/A1310/A131004/13240246/,https://www.google.com/maps/search/?api=1&query=%E3%83%88%E3%82%A6%E3%82%AD%E3%83%A7%E3%82%A6%E3%83%A9%E3%82%A4%E3%83%88%E3%83%96%E3%83%AB%E3%83%BC%20%E3%83%9B%E3%83%B3%E3%82%B4%E3%82%A6%E3%82%B9%E3%83%AA%E3%83%BC%20%E6%9C%AC%E9%83%B7%E4%B8%89%E4%B8%81%E7%9B%AE%E9%A7%85
讃岐うどん 蔵之介,35.71451,139.707519,도시마구,高田馬場駅,우동,2024,3.66,1426,https://tabelog.com/tokyo/A1305/A130503/13049983/,https://www.google.com/maps/search/?api=1&query=%E8%AE%83%E5%B2%90%E3%81%86%E3%81%A9%E3%82%93%20%E8%94%B5%E4%B9%8B%E4%BB%8B%20%E9%AB%98%E7%94%B0%E9%A6%AC%E5%A0%B4%E9%A7%85
讃岐のおうどん 花は咲く 新中野本店,35.699192,139.667749,나카노구,新中野駅,우동,2024,3.65,1303,https://tabelog.com/tokyo/A1319/A131902/13156851/,https://www.google.com/maps/search/?api=1&query=%E8%AE%83%E5%B2%90%E3%81%AE%E3%81%8A%E3%81%86%E3%81%A9%E3%82%93%20%E8%8A%B1%E3%81%AF%E5%92%B2%E3%81%8F%20%E6%96%B0%E4%B8%AD%E9%87%8E%E6%9C%AC%E5%BA%97%20%E6%96%B0%E4%B8%AD%E9%87%8E%E9%A7%85
手打ちうどん こげら,35.742184,139.450984,東村山구,東村山市,우동,2024,3.69,379,https://tabelog.com/tokyo/A1328/A132805/13163619/,https://www.google.com/maps/search/?api=1&query=%E6%89%8B%E6%89%93%E3%81%A1%E3%81%86%E3%81%A9%E3%82%93%20%E3%81%93%E3%81%92%E3%82%89%20%E6%9D%B1%E6%9D%91%E5%B1%B1%E5%B8%82
慶屋,35.673747,139.761713,지요다구,日比谷駅,우동,2024,3.67,1113,https://tabelog.com/tokyo/A1301/A130102/13044658/,https://www.google.com/maps/search/?api=1&query=%E6%85%B6%E5%B1%8B%20%E6%97%A5%E6%AF%94%E8%B0%B7%E9%A7%85
切麦や 甚六,35.689167,139.71187,신주쿠구,新宿御苑前駅,우동,2024,3.64,2162,https://tabelog.com/tokyo/A1304/A130402/13182646/,https://www.google.com/maps/search/?api=1&query=%E5%88%87%E9%BA%A6%E3%82%84%20%E7%94%9A%E5%85%AD%20%E6%96%B0%E5%AE%BF%E5%BE%A1%E8%8B%91%E5%89%8D%E9%A7%85
稲庭うどんとめし 金子半之助 コレド室町店,35.686969,139.774512,주오구,三越前駅,우동,2024,3.63,2399,https://tabelog.com/tokyo/A1302/A130202/13193074/,https://www.google.com/maps/search/?api=1&query=%E7%A8%B2%E5%BA%AD%E3%81%86%E3%81%A9%E3%82%93%E3%81%A8%E3%82%81%E3%81%97%20%E9%87%91%E5%AD%90%E5%8D%8A%E4%B9%8B%E5%8A%A9%20%E3%82%B3%E3%83%AC%E3%83%89%E5%AE%A4%E7%94%BA%E5%BA%97%20%E4%B8%89%E8%B6%8A%E5%89%8D%E9%A7%85
手打 しまだ,35.665868,139.713899,미나토구,表参道駅,우동,2024,3.63,1192,https://tabelog.com/tokyo/A1306/A130602/13006991/,https://www.google.com/maps/search/?api=1&query=%E6%89%8B%E6%89%93%20%E3%81%97%E3%81%BE%E3%81%A0%20%E8%A1%A8%E5%8F%82%E9%81%93%E9%A7%85
一滴八銭屋 新宿本店,35.689049,139.697174,신주쿠구,新宿駅,우동,2024,3.62,2073,https://tabelog.com/tokyo/A1304/A130401/13000760/,https://www.google.com/maps/search/?api=1&query=%E4%B8%80%E6%BB%B4%E5%85%AB%E9%8A%AD%E5%B1%8B%20%E6%96%B0%E5%AE%BF%E6%9C%AC%E5%BA%97%20%E6%96%B0%E5%AE%BF%E9%A7%85
豚や,35.710961,139.607607,스기나미구,杉並区,우동,2024,3.64,541,https://tabelog.com/tokyo/A1319/A131907/13018776/,https://www.google.com/maps/search/?api=1&query=%E8%B1%9A%E3%82%84%20%E6%9D%89%E4%B8%A6%E5%8C%BA
天茶屋 七蔵,35.666162,139.759539,미나토구,新橋駅,우동,2024,3.7,2607,https://tabelog.com/tokyo/A1301/A130103/13002602/,https://www.google.com/maps/search/?api=1&query=%E5%A4%A9%E8%8C%B6%E5%B1%8B%20%E4%B8%83%E8%94%B5%20%E6%96%B0%E6%A9%8B%E9%A7%85
村山 満月うどん,35.757731,139.379357,武蔵村山구,武蔵村山市,우동,2024,3.84,621,https://tabelog.com/tokyo/A1329/A132901/13026307/,https://www.google.com/maps/search/?api=1&query=%E6%9D%91%E5%B1%B1%20%E6%BA%80%E6%9C%88%E3%81%86%E3%81%A9%E3%82%93%20%E6%AD%A6%E8%94%B5%E6%9D%91%E5%B1%B1%E5%B8%82
谷や,35.684637,139.785716,주오구,水天宮前駅,우동,2024,3.66,2901,https://tabelog.com/tokyo/A1302/A130204/13114085/,https://www.google.com/maps/search/?api=1&query=%E8%B0%B7%E3%82%84%20%E6%B0%B4%E5%A4%A9%E5%AE%AE%E5%89%8D%E9%A7%85
あんぷく 池袋店,35.732501,139.70906,도시마구,池袋駅,우동,2024,3.6,1862,https://tabelog.com/tokyo/A1305/A130501/13097934/,https://www.google.com/maps/search/?api=1&query=%E3%81%82%E3%82%93%E3%81%B7%E3%81%8F%20%E6%B1%A0%E8%A2%8B%E5%BA%97%20%E6%B1%A0%E8%A2%8B%E9%A7%85
釜あげうどん はつとみ,35.70952,139.730375,분쿄구,江戸川橋駅,우동,2024,3.68,729,https://tabelog.com/tokyo/A1309/A130905/13095976/,https://www.google.com/maps/search/?api=1&query=%E9%87%9C%E3%81%82%E3%81%92%E3%81%86%E3%81%A9%E3%82%93%20%E3%81%AF%E3%81%A4%E3%81%A8%E3%81%BF%20%E6%B1%9F%E6%88%B8%E5%B7%9D%E6%A9%8B%E9%A7%85
こんぴら茶屋,35.633826,139.717627,시나가와구,目黒駅,우동,2024,3.65,2282,https://tabelog.com/tokyo/A1316/A131601/13013189/,https://www.google.com/maps/search/?api=1&query=%E3%81%93%E3%82%93%E3%81%B4%E3%82%89%E8%8C%B6%E5%B1%8B%20%E7%9B%AE%E9%BB%92%E9%A7%85
小平うどん 小平本店,35.716954,139.496761,小平구,小平市,우동,2024,3.63,1027,https://tabelog.com/tokyo/A1328/A132804/13087964/,https://www.google.com/maps/search/?api=1&query=%E5%B0%8F%E5%B9%B3%E3%81%86%E3%81%A9%E3%82%93%20%E5%B0%8F%E5%B9%B3%E6%9C%AC%E5%BA%97%20%E5%B0%8F%E5%B9%B3%E5%B8%82
うどん 丸香,35.696707,139.760132,지요다구,神保町駅,우동,2024,3.81,6933,https://tabelog.com/tokyo/A1310/A131003/13000629/,https://www.google.com/maps/search/?api=1&query=%E3%81%86%E3%81%A9%E3%82%93%20%E4%B8%B8%E9%A6%99%20%E7%A5%9E%E4%BF%9D%E7%94%BA%E9%A7%85
太常うどん 銀座本店,35.667337,139.765283,주오구,東銀座駅,우동,2024,3.65,1184,https://tabelog.com/tokyo/A1301/A130101/13104580/,https://www.google.com/maps/search/?api=1&query=%E5%A4%AA%E5%B8%B8%E3%81%86%E3%81%A9%E3%82%93%20%E9%8A%80%E5%BA%A7%E6%9C%AC%E5%BA%97%20%E6%9D%B1%E9%8A%80%E5%BA%A7%E9%A7%85
cuud,35.548096,139.785042,오타구,羽田空港第１ターミナル（東京モノレール）駅,우동,2024,3.62,2778,https://tabelog.com/tokyo/A1315/A131504/13193378/,https://www.google.com/maps/search/?api=1&query=cuud%20%E7%BE%BD%E7%94%B0%E7%A9%BA%E6%B8%AF%E7%AC%AC%EF%BC%91%E3%82%BF%E3%83%BC%E3%83%9F%E3%83%8A%E3%83%AB%EF%BC%88%E6%9D%B1%E4%BA%AC%E3%83%A2%E3%83%8E%E3%83%AC%E3%83%BC%E3%83%AB%EF%BC%89%E9%A7%85
うちたて家,35.726157,139.712664,도시마구,池袋駅,우동,2024,3.69,3252,https://tabelog.com/tokyo/A1305/A130501/13003889/,https://www.google.com/maps/search/?api=1&query=%E3%81%86%E3%81%A1%E3%81%9F%E3%81%A6%E5%AE%B6%20%E6%B1%A0%E8%A2%8B%E9%A7%85
おにやんま 人形町店,35.686007,139.782777,주오구,人形町駅,우동,2024,3.67,1479,https://tabelog.com/tokyo/A1302/A130204/13216456/,https://www.google.com/maps/search/?api=1&query=%E3%81%8A%E3%81%AB%E3%82%84%E3%82%93%E3%81%BE%20%E4%BA%BA%E5%BD%A2%E7%94%BA%E5%BA%97%20%E4%BA%BA%E5%BD%A2%E7%94%BA%E9%A7%85
手打うどん すみた,35.780508,139.726632,기타구,赤羽岩淵駅,우동,2024,3.71,1570,https://tabelog.com/tokyo/A1323/A132305/13003783/,https://www.google.com/maps/search/?api=1&query=%E6%89%8B%E6%89%93%E3%81%86%E3%81%A9%E3%82%93%20%E3%81%99%E3%81%BF%E3%81%9F%20%E8%B5%A4%E7%BE%BD%E5%B2%A9%E6%B7%B5%E9%A7%85
おにやんま 中目黒店,35.644642,139.698496,메구로구,中目黒駅,우동,2024,3.62,1885,https://tabelog.com/tokyo/A1317/A131701/13199054/,https://www.google.com/maps/search/?api=1&query=%E3%81%8A%E3%81%AB%E3%82%84%E3%82%93%E3%81%BE%20%E4%B8%AD%E7%9B%AE%E9%BB%92%E5%BA%97%20%E4%B8%AD%E7%9B%AE%E9%BB%92%E9%A7%85
香川 一福 神田店,35.691914,139.767174,지요다구,小川町駅,우동,2024,3.61,3433,https://tabelog.com/tokyo/A1310/A131002/13185500/,https://www.google.com/maps/search/?api=1&query=%E9%A6%99%E5%B7%9D%20%E4%B8%80%E7%A6%8F%20%E7%A5%9E%E7%94%B0%E5%BA%97%20%E5%B0%8F%E5%B7%9D%E7%94%BA%E9%A7%85
きつね庵,35.671665,139.767391,주오구,東銀座駅,우동,2024,3.66,1002,https://tabelog.com/tokyo/A1301/A130101/13181414/,https://www.google.com/maps/search/?api=1&query=%E3%81%8D%E3%81%A4%E3%81%AD%E5%BA%B5%20%E6%9D%B1%E9%8A%80%E5%BA%A7%E9%A7%85
手打うどん 福助,35.727428,139.474961,小平구,青梅街道駅,우동,2024,3.63,341,https://tabelog.com/tokyo/A1328/A132804/13149268/,https://www.google.com/maps/search/?api=1&query=%E6%89%8B%E6%89%93%E3%81%86%E3%81%A9%E3%82%93%20%E7%A6%8F%E5%8A%A9%20%E9%9D%92%E6%A2%85%E8%A1%97%E9%81%93%E9%A7%85
葉隠,35.676423,139.736526,미나토구,赤坂見附駅,우동,2024,3.65,849,https://tabelog.com/tokyo/A1308/A130801/13024229/,https://www.google.com/maps/search/?api=1&query=%E8%91%89%E9%9A%A0%20%E8%B5%A4%E5%9D%82%E8%A6%8B%E9%99%84%E9%A7%85
讃岐うどん いわい,35.76154,139.718877,기타구,十条駅,우동,2024,3.8,1367,https://tabelog.com/tokyo/A1323/A132304/13141130/,https://www.google.com/maps/search/?api=1&query=%E8%AE%83%E5%B2%90%E3%81%86%E3%81%A9%E3%82%93%20%E3%81%84%E3%82%8F%E3%81%84%20%E5%8D%81%E6%9D%A1%E9%A7%85
おにやんま 東品川店,35.610859,139.745344,시나가와구,青物横丁駅,우동,2024,3.66,1321,https://tabelog.com/tokyo/A1315/A131501/13142095/,https://www.google.com/maps/search/?api=1&query=%E3%81%8A%E3%81%AB%E3%82%84%E3%82%93%E3%81%BE%20%E6%9D%B1%E5%93%81%E5%B7%9D%E5%BA%97%20%E9%9D%92%E7%89%A9%E6%A8%AA%E4%B8%81%E9%A7%85
うさぎや 本店,35.683549,139.772796,주오구,日本橋駅,화과자,2023,3.79,1634,https://tabelog.com/tokyo/A1302/A130202/13003250/,https://www.google.com/maps/search/?api=1&query=%E3%81%86%E3%81%95%E3%81%8E%E3%82%84%20%E6%9C%AC%E5%BA%97%20%E6%97%A5%E6%9C%AC%E6%A9%8B%E9%A7%85
菊丸,35.712271,139.789274,다이토구,田原町駅,화과자,2023,3.72,706,https://tabelog.com/tokyo/A1311/A131102/13092157/,https://www.google.com/maps/search/?api=1&query=%E8%8F%8A%E4%B8%B8%20%E7%94%B0%E5%8E%9F%E7%94%BA%E9%A7%85
ちもと,35.618201,139.674874,메구로구,都立大学駅,화과자,2023,3.77,1024,https://tabelog.com/tokyo/A1317/A131702/13003218/,https://www.google.com/maps/search/?api=1&query=%E3%81%A1%E3%82%82%E3%81%A8%20%E9%83%BD%E7%AB%8B%E5%A4%A7%E5%AD%A6%E9%A7%85
一元屋,35.684707,139.741663,지요다구,半蔵門駅,화과자,2023,3.71,297,https://tabelog.com/tokyo/A1308/A130803/13006404/,https://www.google.com/maps/search/?api=1&query=%E4%B8%80%E5%85%83%E5%B1%8B%20%E5%8D%8A%E8%94%B5%E9%96%80%E9%A7%85
石田屋,35.762925,139.675377,이타바시구,上板橋駅,화과자,2023,3.7,634,https://tabelog.com/tokyo/A1322/A132203/13003807/,https://www.google.com/maps/search/?api=1&query=%E7%9F%B3%E7%94%B0%E5%B1%8B%20%E4%B8%8A%E6%9D%BF%E6%A9%8B%E9%A7%85
越後屋若狭,35.691463,139.792029,스미다구,浜町駅,화과자,2023,3.7,244,https://tabelog.com/tokyo/A1312/A131201/13046248/,https://www.google.com/maps/search/?api=1&query=%E8%B6%8A%E5%BE%8C%E5%B1%8B%E8%8B%A5%E7%8B%AD%20%E6%B5%9C%E7%94%BA%E9%A7%85
中里,35.736878,139.7496,기타구,駒込駅,화과자,2023,3.68,546,https://tabelog.com/tokyo/A1323/A132301/13022864/,https://www.google.com/maps/search/?api=1&query=%E4%B8%AD%E9%87%8C%20%E9%A7%92%E8%BE%BC%E9%A7%85
時屋 新宿小田急ハルク店,35.692529,139.698284,신주쿠구,新宿西口駅,화과자,2023,3.71,1378,https://tabelog.com/tokyo/A1304/A130401/13006696/,https://www.google.com/maps/search/?api=1&query=%E6%99%82%E5%B1%8B%20%E6%96%B0%E5%AE%BF%E5%B0%8F%E7%94%B0%E6%80%A5%E3%83%8F%E3%83%AB%E3%82%AF%E5%BA%97%20%E6%96%B0%E5%AE%BF%E8%A5%BF%E5%8F%A3%E9%A7%85
五十鈴,35.701742,139.739006,신주쿠구,牛込神楽坂駅,화과자,2023,3.73,822,https://tabelog.com/tokyo/A1309/A130905/13023132/,https://www.google.com/maps/search/?api=1&query=%E4%BA%94%E5%8D%81%E9%88%B4%20%E7%89%9B%E8%BE%BC%E7%A5%9E%E6%A5%BD%E5%9D%82%E9%A7%85
鳴門金時本舗 栗尾商店 グランスタ店,35.681483,139.765806,지요다구,東京駅,화과자,2023,3.73,687,https://tabelog.com/tokyo/A1302/A130201/13143553/,https://www.google.com/maps/search/?api=1&query=%E9%B3%B4%E9%96%80%E9%87%91%E6%99%82%E6%9C%AC%E8%88%97%20%E6%A0%97%E5%B0%BE%E5%95%86%E5%BA%97%20%E3%82%B0%E3%83%A9%E3%83%B3%E3%82%B9%E3%82%BF%E5%BA%97%20%E6%9D%B1%E4%BA%AC%E9%A7%85
甘味処 みつばち 本店,35.708078,139.771099,분쿄구,湯島駅,화과자,2023,3.73,1293,https://tabelog.com/tokyo/A1311/A131101/13003590/,https://www.google.com/maps/search/?api=1&query=%E7%94%98%E5%91%B3%E5%87%A6%20%E3%81%BF%E3%81%A4%E3%81%B0%E3%81%A1%20%E6%9C%AC%E5%BA%97%20%E6%B9%AF%E5%B3%B6%E9%A7%85
天まめ,35.66949,139.772444,주오구,築地駅,화과자,2023,3.75,529,https://tabelog.com/tokyo/A1313/A131301/13168055/,https://www.google.com/maps/search/?api=1&query=%E5%A4%A9%E3%81%BE%E3%82%81%20%E7%AF%89%E5%9C%B0%E9%A7%85
桃太郎,35.712399,139.791987,다이토구,浅草（つくばＥＸＰ）駅,화과자,2023,3.7,617,https://tabelog.com/tokyo/A1311/A131102/13008578/,https://www.google.com/maps/search/?api=1&query=%E6%A1%83%E5%A4%AA%E9%83%8E%20%E6%B5%85%E8%8D%89%EF%BC%88%E3%81%A4%E3%81%8F%E3%81%B0%EF%BC%A5%EF%BC%B8%EF%BC%B0%EF%BC%89%E9%A7%85
黒松本舗 草月,35.763302,139.729157,기타구,東十条駅,화과자,2023,3.79,1988,https://tabelog.com/tokyo/A1323/A132304/13003793/,https://www.google.com/maps/search/?api=1&query=%E9%BB%92%E6%9D%BE%E6%9C%AC%E8%88%97%20%E8%8D%89%E6%9C%88%20%E6%9D%B1%E5%8D%81%E6%9D%A1%E9%A7%85
目白 志むら,35.722341,139.705626,도시마구,目白駅,화과자,2023,3.77,1921,https://tabelog.com/tokyo/A1305/A130502/13003855/,https://www.google.com/maps/search/?api=1&query=%E7%9B%AE%E7%99%BD%20%E5%BF%97%E3%82%80%E3%82%89%20%E7%9B%AE%E7%99%BD%E9%A7%85
今川焼　かしわや,35.643775,139.669258,세타가야구,三軒茶屋駅,화과자,2023,3.71,761,https://tabelog.com/tokyo/A1317/A131706/13114710/,https://www.google.com/maps/search/?api=1&query=%E4%BB%8A%E5%B7%9D%E7%84%BC%E3%80%80%E3%81%8B%E3%81%97%E3%82%8F%E3%82%84%20%E4%B8%89%E8%BB%92%E8%8C%B6%E5%B1%8B%E9%A7%85
松島屋,35.640557,139.737421,미나토구,泉岳寺駅,화과자,2023,3.78,1393,https://tabelog.com/tokyo/A1314/A131403/13007137/,https://www.google.com/maps/search/?api=1&query=%E6%9D%BE%E5%B3%B6%E5%B1%8B%20%E6%B3%89%E5%B2%B3%E5%AF%BA%E9%A7%85
瑞穂,35.666987,139.705608,시부야구,明治神宮前駅,화과자,2023,3.79,1362,https://tabelog.com/tokyo/A1306/A130601/13001154/,https://www.google.com/maps/search/?api=1&query=%E7%91%9E%E7%A9%82%20%E6%98%8E%E6%B2%BB%E7%A5%9E%E5%AE%AE%E5%89%8D%E9%A7%85
千葉屋,35.716863,139.794895,다이토구,浅草（つくばＥＸＰ）駅,화과자,2023,3.79,1559,https://tabelog.com/tokyo/A1311/A131102/13008691/,https://www.google.com/maps/search/?api=1&query=%E5%8D%83%E8%91%89%E5%B1%8B%20%E6%B5%85%E8%8D%89%EF%BC%88%E3%81%A4%E3%81%8F%E3%81%B0%EF%BC%A5%EF%BC%B8%EF%BC%B0%EF%BC%89%E9%A7%85
甘味おかめ 交通会館店,35.674664,139.764371,지요다구,有楽町駅,화과자,2023,3.73,1006,https://tabelog.com/tokyo/A1301/A130102/13042986/,https://www.google.com/maps/search/?api=1&query=%E7%94%98%E5%91%B3%E3%81%8A%E3%81%8B%E3%82%81%20%E4%BA%A4%E9%80%9A%E4%BC%9A%E9%A4%A8%E5%BA%97%20%E6%9C%89%E6%A5%BD%E7%94%BA%E9%A7%85
虎ノ門 岡埜榮泉,35.666095,139.747378,미나토구,虎ノ門ヒルズ駅,화과자,2023,3.74,1107,https://tabelog.com/tokyo/A1308/A130802/13001513/,https://www.google.com/maps/search/?api=1&query=%E8%99%8E%E3%83%8E%E9%96%80%20%E5%B2%A1%E5%9F%9C%E6%A6%AE%E6%B3%89%20%E8%99%8E%E3%83%8E%E9%96%80%E3%83%92%E3%83%AB%E3%82%BA%E9%A7%85
塩野,35.672954,139.738368,미나토구,赤坂駅,화과자,2023,3.76,873,https://tabelog.com/tokyo/A1308/A130801/13002747/,https://www.google.com/maps/search/?api=1&query=%E5%A1%A9%E9%87%8E%20%E8%B5%A4%E5%9D%82%E9%A7%85
宝来屋本店,35.69368,139.744871,지요다구,九段下駅,화과자,2023,3.7,433,https://tabelog.com/tokyo/A1309/A130906/13006396/,https://www.google.com/maps/search/?api=1&query=%E5%AE%9D%E6%9D%A5%E5%B1%8B%E6%9C%AC%E5%BA%97%20%E4%B9%9D%E6%AE%B5%E4%B8%8B%E9%A7%85
つ久し,35.622486,139.673448,메구로구,都立大学駅,화과자,2023,3.68,383,https://tabelog.com/tokyo/A1317/A131702/13035752/,https://www.google.com/maps/search/?api=1&query=%E3%81%A4%E4%B9%85%E3%81%97%20%E9%83%BD%E7%AB%8B%E5%A4%A7%E5%AD%A6%E9%A7%85
玉英堂 彦九郎,35.685107,139.783593,주오구,人形町駅,화과자,2023,3.73,1024,https://tabelog.com/tokyo/A1302/A130204/13006478/,https://www.google.com/maps/search/?api=1&query=%E7%8E%89%E8%8B%B1%E5%A0%82%20%E5%BD%A6%E4%B9%9D%E9%83%8E%20%E4%BA%BA%E5%BD%A2%E7%94%BA%E9%A7%85
柳屋,35.685396,139.784024,주오구,人形町駅,화과자,2023,3.78,2615,https://tabelog.com/tokyo/A1302/A130204/13003065/,https://www.google.com/maps/search/?api=1&query=%E6%9F%B3%E5%B1%8B%20%E4%BA%BA%E5%BD%A2%E7%94%BA%E9%A7%85
うさぎや,35.706159,139.771832,다이토구,上野広小路駅,화과자,2023,3.84,3919,https://tabelog.com/tokyo/A1311/A131101/13003599/,https://www.google.com/maps/search/?api=1&query=%E3%81%86%E3%81%95%E3%81%8E%E3%82%84%20%E4%B8%8A%E9%87%8E%E5%BA%83%E5%B0%8F%E8%B7%AF%E9%A7%85
小ざさ,35.703986,139.579113,武蔵野구,吉祥寺駅,화과자,2023,3.76,1439,https://tabelog.com/tokyo/A1320/A132001/13005817/,https://www.google.com/maps/search/?api=1&query=%E5%B0%8F%E3%81%96%E3%81%95%20%E5%90%89%E7%A5%A5%E5%AF%BA%E9%A7%85
初音,35.684324,139.783863,주오구,水天宮前駅,화과자,2023,3.7,1114,https://tabelog.com/tokyo/A1302/A130204/13003045/,https://www.google.com/maps/search/?api=1&query=%E5%88%9D%E9%9F%B3%20%E6%B0%B4%E5%A4%A9%E5%AE%AE%E5%89%8D%E9%A7%85
浪花家総本店,35.656199,139.735118,미나토구,麻布十番駅,화과자,2023,3.78,2772,https://tabelog.com/tokyo/A1307/A130702/13002775/,https://www.google.com/maps/search/?api=1&query=%E6%B5%AA%E8%8A%B1%E5%AE%B6%E7%B7%8F%E6%9C%AC%E5%BA%97%20%E9%BA%BB%E5%B8%83%E5%8D%81%E7%95%AA%E9%A7%85
甘味おかめ 有楽町店,35.674178,139.763387,지요다구,有楽町駅,화과자,2023,3.73,1374,https://tabelog.com/tokyo/A1301/A130102/13011479/,https://www.google.com/maps/search/?api=1&query=%E7%94%98%E5%91%B3%E3%81%8A%E3%81%8B%E3%82%81%20%E6%9C%89%E6%A5%BD%E7%94%BA%E5%BA%97%20%E6%9C%89%E6%A5%BD%E7%94%BA%E9%A7%85
和菓子処 大角玉屋 銀座店,35.673776,139.764132,지요다구,有楽町駅,화과자,2023,3.74,1144,https://tabelog.com/tokyo/A1301/A130102/13060712/,https://www.google.com/maps/search/?api=1&query=%E5%92%8C%E8%8F%93%E5%AD%90%E5%87%A6%20%E5%A4%A7%E8%A7%92%E7%8E%89%E5%B1%8B%20%E9%8A%80%E5%BA%A7%E5%BA%97%20%E6%9C%89%E6%A5%BD%E7%94%BA%E9%A7%85
目黒ひいらぎ 碑文谷公園通り店,35.628967,139.683385,메구로구,学芸大学駅,화과자,2023,3.72,631,https://tabelog.com/tokyo/A1317/A131702/13135121/,https://www.google.com/maps/search/?api=1&query=%E7%9B%AE%E9%BB%92%E3%81%B2%E3%81%84%E3%82%89%E3%81%8E%20%E7%A2%91%E6%96%87%E8%B0%B7%E5%85%AC%E5%9C%92%E9%80%9A%E3%82%8A%E5%BA%97%20%E5%AD%A6%E8%8A%B8%E5%A4%A7%E5%AD%A6%E9%A7%85
いり江,35.672746,139.795956,고토구,門前仲町駅,화과자,2023,3.72,804,https://tabelog.com/tokyo/A1313/A131303/13008019/,https://www.google.com/maps/search/?api=1&query=%E3%81%84%E3%82%8A%E6%B1%9F%20%E9%96%80%E5%89%8D%E4%BB%B2%E7%94%BA%E9%A7%85
志”満ん草餅,35.723195,139.812327,스미다구,東向島駅,화과자,2023,3.82,1133,https://tabelog.com/tokyo/A1312/A131203/13002934/,https://www.google.com/maps/search/?api=1&query=%E5%BF%97%E2%80%9D%E6%BA%80%E3%82%93%E8%8D%89%E9%A4%85%20%E6%9D%B1%E5%90%91%E5%B3%B6%E9%A7%85
甘いっ子,35.701024,139.599069,스기나미구,西荻窪駅,화과자,2023,3.72,620,https://tabelog.com/tokyo/A1319/A131907/13006646/,https://www.google.com/maps/search/?api=1&query=%E7%94%98%E3%81%84%E3%81%A3%E5%AD%90%20%E8%A5%BF%E8%8D%BB%E7%AA%AA%E9%A7%85
浪花家 江戸川橋,35.708142,139.73247,분쿄구,江戸川橋駅,화과자,2023,3.69,607,https://tabelog.com/tokyo/A1309/A130905/13006453/,https://www.google.com/maps/search/?api=1&query=%E6%B5%AA%E8%8A%B1%E5%AE%B6%20%E6%B1%9F%E6%88%B8%E5%B7%9D%E6%A9%8B%20%E6%B1%9F%E6%88%B8%E5%B7%9D%E6%A9%8B%E9%A7%85
喜田屋,35.705568,139.600778,스기나미구,西荻窪駅,화과자,2023,3.72,611,https://tabelog.com/tokyo/A1319/A131907/13044291/,https://www.google.com/maps/search/?api=1&query=%E5%96%9C%E7%94%B0%E5%B1%8B%20%E8%A5%BF%E8%8D%BB%E7%AA%AA%E9%A7%85
あんや,35.640228,139.59824,세타가야구,成城学園前駅,화과자,2023,3.73,781,https://tabelog.com/tokyo/A1318/A131814/13007428/,https://www.google.com/maps/search/?api=1&query=%E3%81%82%E3%82%93%E3%82%84%20%E6%88%90%E5%9F%8E%E5%AD%A6%E5%9C%92%E5%89%8D%E9%A7%85
越後鶴屋,35.702487,139.599586,스기나미구,西荻窪駅,화과자,2023,3.74,859,https://tabelog.com/tokyo/A1319/A131907/13006656/,https://www.google.com/maps/search/?api=1&query=%E8%B6%8A%E5%BE%8C%E9%B6%B4%E5%B1%8B%20%E8%A5%BF%E8%8D%BB%E7%AA%AA%E9%A7%85
高尾山スミカ,35.63108,139.256174,八王子구,八王子市,화과자,2023,3.68,856,https://tabelog.com/tokyo/A1329/A132905/13042628/,https://www.google.com/maps/search/?api=1&query=%E9%AB%98%E5%B0%BE%E5%B1%B1%E3%82%B9%E3%83%9F%E3%82%AB%20%E5%85%AB%E7%8E%8B%E5%AD%90%E5%B8%82
言問団子,35.718494,139.809098,스미다구,曳舟駅,화과자,2023,3.74,753,https://tabelog.com/tokyo/A1312/A131203/13002945/,https://www.google.com/maps/search/?api=1&query=%E8%A8%80%E5%95%8F%E5%9B%A3%E5%AD%90%20%E6%9B%B3%E8%88%9F%E9%A7%85
亀十,35.710733,139.796782,다이토구,浅草（東武・都営・メトロ）駅,화과자,2023,3.79,4383,https://tabelog.com/tokyo/A1311/A131102/13003655/,https://www.google.com/maps/search/?api=1&query=%E4%BA%80%E5%8D%81%20%E6%B5%85%E8%8D%89%EF%BC%88%E6%9D%B1%E6%AD%A6%E3%83%BB%E9%83%BD%E5%96%B6%E3%83%BB%E3%83%A1%E3%83%88%E3%83%AD%EF%BC%89%E9%A7%85
根津のたいやき,35.720292,139.762654,분쿄구,根津駅,화과자,2023,3.71,770,https://tabelog.com/tokyo/A1311/A131106/13003570/,https://www.google.com/maps/search/?api=1&query=%E6%A0%B9%E6%B4%A5%E3%81%AE%E3%81%9F%E3%81%84%E3%82%84%E3%81%8D%20%E6%A0%B9%E6%B4%A5%E9%A7%85
長命寺 桜もち,35.718058,139.808705,스미다구,曳舟駅,화과자,2023,3.74,994,https://tabelog.com/tokyo/A1312/A131203/13002949/,https://www.google.com/maps/search/?api=1&query=%E9%95%B7%E5%91%BD%E5%AF%BA%20%E6%A1%9C%E3%82%82%E3%81%A1%20%E6%9B%B3%E8%88%9F%E9%A7%85
天野屋,35.701148,139.767087,분쿄구,御茶ノ水駅,화과자,2023,3.71,769,https://tabelog.com/tokyo/A1310/A131002/13006339/,https://www.google.com/maps/search/?api=1&query=%E5%A4%A9%E9%87%8E%E5%B1%8B%20%E5%BE%A1%E8%8C%B6%E3%83%8E%E6%B0%B4%E9%A7%85
いちょうの木,35.620054,139.741105,시나가와구,北品川駅,화과자,2023,3.67,466,https://tabelog.com/tokyo/A1314/A131405/13087366/,https://www.google.com/maps/search/?api=1&query=%E3%81%84%E3%81%A1%E3%82%87%E3%81%86%E3%81%AE%E6%9C%A8%20%E5%8C%97%E5%93%81%E5%B7%9D%E9%A7%85
かりんとう ゆしま花月,35.707715,139.771676,분쿄구,上野広小路駅,화과자,2023,3.77,1101,https://tabelog.com/tokyo/A1311/A131101/13008524/,https://www.google.com/maps/search/?api=1&query=%E3%81%8B%E3%82%8A%E3%82%93%E3%81%A8%E3%81%86%20%E3%82%86%E3%81%97%E3%81%BE%E8%8A%B1%E6%9C%88%20%E4%B8%8A%E9%87%8E%E5%BA%83%E5%B0%8F%E8%B7%AF%E9%A7%85
ナニワヤ・カフェ,35.656167,139.73519,미나토구,麻布十番駅,화과자,2023,3.71,494,https://tabelog.com/tokyo/A1307/A130702/13021127/,https://www.google.com/maps/search/?api=1&query=%E3%83%8A%E3%83%8B%E3%83%AF%E3%83%A4%E3%83%BB%E3%82%AB%E3%83%95%E3%82%A7%20%E9%BA%BB%E5%B8%83%E5%8D%81%E7%95%AA%E9%A7%85
和菓子処 菊家,35.661286,139.713899,미나토구,表参道駅,화과자,2023,3.81,357,https://tabelog.com/tokyo/A1306/A130602/13006970/,https://www.google.com/maps/search/?api=1&query=%E5%92%8C%E8%8F%93%E5%AD%90%E5%87%A6%20%E8%8F%8A%E5%AE%B6%20%E8%A1%A8%E5%8F%82%E9%81%93%E9%A7%85
しろいくろ,35.655801,139.734041,미나토구,麻布十番駅,화과자,2023,3.7,720,https://tabelog.com/tokyo/A1307/A130702/13151089/,https://www.google.com/maps/search/?api=1&query=%E3%81%97%E3%82%8D%E3%81%84%E3%81%8F%E3%82%8D%20%E9%BA%BB%E5%B8%83%E5%8D%81%E7%95%AA%E9%A7%85
浅田家,35.670684,139.741878,미나토구,溜池山王駅,화과자,2023,3.81,684,https://tabelog.com/tokyo/A1308/A130802/13024135/,https://www.google.com/maps/search/?api=1&query=%E6%B5%85%E7%94%B0%E5%AE%B6%20%E6%BA%9C%E6%B1%A0%E5%B1%B1%E7%8E%8B%E9%A7%85
たい焼 写楽,35.716961,139.794934,다이토구,浅草（つくばＥＸＰ）駅,화과자,2023,3.71,687,https://tabelog.com/tokyo/A1311/A131102/13045299/,https://www.google.com/maps/search/?api=1&query=%E3%81%9F%E3%81%84%E7%84%BC%20%E5%86%99%E6%A5%BD%20%E6%B5%85%E8%8D%89%EF%BC%88%E3%81%A4%E3%81%8F%E3%81%B0%EF%BC%A5%EF%BC%B8%EF%BC%B0%EF%BC%89%E9%A7%85
京菓子 岬屋,35.663543,139.684995,시부야구,駒場東大前駅,화과자,2023,3.68,224,https://tabelog.com/tokyo/A1318/A131801/13007329/,https://www.google.com/maps/search/?api=1&query=%E4%BA%AC%E8%8F%93%E5%AD%90%20%E5%B2%AC%E5%B1%8B%20%E9%A7%92%E5%A0%B4%E6%9D%B1%E5%A4%A7%E5%89%8D%E9%A7%85
高木屋老舗,35.757759,139.876541,가쓰시카구,柴又駅,화과자,2023,3.72,1195,https://tabelog.com/tokyo/A1324/A132403/13018079/,https://www.google.com/maps/search/?api=1&query=%E9%AB%98%E6%9C%A8%E5%B1%8B%E8%80%81%E8%88%97%20%E6%9F%B4%E5%8F%88%E9%A7%85
喫茶去,35.713788,139.772737,다이토구,京成上野駅,화과자,2023,3.72,471,https://tabelog.com/tokyo/A1311/A131101/13049802/,https://www.google.com/maps/search/?api=1&query=%E5%96%AB%E8%8C%B6%E5%8E%BB%20%E4%BA%AC%E6%88%90%E4%B8%8A%E9%87%8E%E9%A7%85
日本橋 錦豊琳 かりんとう専門店,35.681325,139.767364,지요다구,東京駅,화과자,2023,3.74,985,https://tabelog.com/tokyo/A1302/A130201/13045125/,https://www.google.com/maps/search/?api=1&query=%E6%97%A5%E6%9C%AC%E6%A9%8B%20%E9%8C%A6%E8%B1%8A%E7%90%B3%20%E3%81%8B%E3%82%8A%E3%82%93%E3%81%A8%E3%81%86%E5%B0%82%E9%96%80%E5%BA%97%20%E6%9D%B1%E4%BA%AC%E9%A7%85
菊見せんべい総本店,35.724788,139.763977,분쿄구,千駄木駅,화과자,2023,3.71,543,https://tabelog.com/tokyo/A1311/A131106/13018372/,https://www.google.com/maps/search/?api=1&query=%E8%8F%8A%E8%A6%8B%E3%81%9B%E3%82%93%E3%81%B9%E3%81%84%E7%B7%8F%E6%9C%AC%E5%BA%97%20%E5%8D%83%E9%A7%84%E6%9C%A8%E9%A7%85
赤坂青野 本店,35.669088,139.732091,미나토구,赤坂駅,화과자,2023,3.72,994,https://tabelog.com/tokyo/A1308/A130801/13002803/,https://www.google.com/maps/search/?api=1&query=%E8%B5%A4%E5%9D%82%E9%9D%92%E9%87%8E%20%E6%9C%AC%E5%BA%97%20%E8%B5%A4%E5%9D%82%E9%A7%85
御菓子処 さゝま,35.695052,139.761124,지요다구,神保町駅,화과자,2023,3.8,1247,https://tabelog.com/tokyo/A1310/A131003/13000627/,https://www.google.com/maps/search/?api=1&query=%E5%BE%A1%E8%8F%93%E5%AD%90%E5%87%A6%20%E3%81%95%E3%82%9D%E3%81%BE%20%E7%A5%9E%E4%BF%9D%E7%94%BA%E9%A7%85
麻布 昇月堂,35.65759,139.718505,미나토구,広尾駅,화과자,2023,3.7,356,https://tabelog.com/tokyo/A1307/A130703/13036997/,https://www.google.com/maps/search/?api=1&query=%E9%BA%BB%E5%B8%83%20%E6%98%87%E6%9C%88%E5%A0%82%20%E5%BA%83%E5%B0%BE%E9%A7%85
HIGASHIYA man,35.664537,139.713869,미나토구,表参道駅,화과자,2023,3.7,828,https://tabelog.com/tokyo/A1306/A130602/13050885/,https://www.google.com/maps/search/?api=1&query=HIGASHIYA%20man%20%E8%A1%A8%E5%8F%82%E9%81%93%E9%A7%85
吉野家,35.757959,139.876907,가쓰시카구,柴又駅,화과자,2023,3.69,509,https://tabelog.com/tokyo/A1324/A132403/13047535/,https://www.google.com/maps/search/?api=1&query=%E5%90%89%E9%87%8E%E5%AE%B6%20%E6%9F%B4%E5%8F%88%E9%A7%85
羽二重団子 本店,35.726736,139.773765,아라카와구,日暮里駅,화과자,2023,3.72,1020,https://tabelog.com/tokyo/A1311/A131105/13003775/,https://www.google.com/maps/search/?api=1&query=%E7%BE%BD%E4%BA%8C%E9%87%8D%E5%9B%A3%E5%AD%90%20%E6%9C%AC%E5%BA%97%20%E6%97%A5%E6%9A%AE%E9%87%8C%E9%A7%85
うさぎや 中央通り店,35.682962,139.773721,주오구,日本橋駅,화과자,2023,3.78,1276,https://tabelog.com/tokyo/A1302/A130202/13041161/,https://www.google.com/maps/search/?api=1&query=%E3%81%86%E3%81%95%E3%81%8E%E3%82%84%20%E4%B8%AD%E5%A4%AE%E9%80%9A%E3%82%8A%E5%BA%97%20%E6%97%A5%E6%9C%AC%E6%A9%8B%E9%A7%85
虎ノ門 岡埜榮泉 新宿タカシマヤ店,35.687849,139.702084,시부야구,新宿駅,화과자,2023,3.75,654,https://tabelog.com/tokyo/A1304/A130401/13056538/,https://www.google.com/maps/search/?api=1&query=%E8%99%8E%E3%83%8E%E9%96%80%20%E5%B2%A1%E5%9F%9C%E6%A6%AE%E6%B3%89%20%E6%96%B0%E5%AE%BF%E3%82%BF%E3%82%AB%E3%82%B7%E3%83%9E%E3%83%A4%E5%BA%97%20%E6%96%B0%E5%AE%BF%E9%A7%85
元祖塩大福 みずの,35.735149,139.736112,도시마구,巣鴨駅,화과자,2023,3.72,1503,https://tabelog.com/tokyo/A1323/A132301/13044660/,https://www.google.com/maps/search/?api=1&query=%E5%85%83%E7%A5%96%E5%A1%A9%E5%A4%A7%E7%A6%8F%20%E3%81%BF%E3%81%9A%E3%81%AE%20%E5%B7%A3%E9%B4%A8%E9%A7%85
梅むら,35.716727,139.796715,다이토구,浅草（つくばＥＸＰ）駅,화과자,2023,3.77,894,https://tabelog.com/tokyo/A1311/A131102/13008698/,https://www.google.com/maps/search/?api=1&query=%E6%A2%85%E3%82%80%E3%82%89%20%E6%B5%85%E8%8D%89%EF%BC%88%E3%81%A4%E3%81%8F%E3%81%B0%EF%BC%A5%EF%BC%B8%EF%BC%B0%EF%BC%89%E9%A7%85
高橋の酒まんじゅう,35.705744,139.622768,스기나미구,荻窪駅,화과자,2023,3.72,435,https://tabelog.com/tokyo/A1319/A131906/13044820/,https://www.google.com/maps/search/?api=1&query=%E9%AB%98%E6%A9%8B%E3%81%AE%E9%85%92%E3%81%BE%E3%82%93%E3%81%98%E3%82%85%E3%81%86%20%E8%8D%BB%E7%AA%AA%E9%A7%85
翠江堂 本店,35.675,139.782003,주오구,八丁堀駅,화과자,2023,3.63,836,https://tabelog.com/tokyo/A1302/A130203/13007680/,https://www.google.com/maps/search/?api=1&query=%E7%BF%A0%E6%B1%9F%E5%A0%82%20%E6%9C%AC%E5%BA%97%20%E5%85%AB%E4%B8%81%E5%A0%80%E9%A7%85
雅庵,35.647571,139.692127,메구로구,中目黒駅,화과자,2023,3.81,761,https://tabelog.com/tokyo/A1317/A131701/13073813/,https://www.google.com/maps/search/?api=1&query=%E9%9B%85%E5%BA%B5%20%E4%B8%AD%E7%9B%AE%E9%BB%92%E9%A7%85
銀座甘楽 銀座本店,35.671522,139.760255,주오구,日比谷駅,화과자,2023,3.71,918,https://tabelog.com/tokyo/A1301/A130101/13051031/,https://www.google.com/maps/search/?api=1&query=%E9%8A%80%E5%BA%A7%E7%94%98%E6%A5%BD%20%E9%8A%80%E5%BA%A7%E6%9C%AC%E5%BA%97%20%E6%97%A5%E6%AF%94%E8%B0%B7%E9%A7%85
うさぎや,35.705293,139.637723,스기나미구,阿佐ケ谷駅,화과자,2023,3.77,841,https://tabelog.com/tokyo/A1319/A131905/13000731/,https://www.google.com/maps/search/?api=1&query=%E3%81%86%E3%81%95%E3%81%8E%E3%82%84%20%E9%98%BF%E4%BD%90%E3%82%B1%E8%B0%B7%E9%A7%85
茶寮都路里 大丸東京店,35.681431,139.769252,지요다구,東京駅,화과자,2023,3.62,1336,https://tabelog.com/tokyo/A1302/A130201/13044461/,https://www.google.com/maps/search/?api=1&query=%E8%8C%B6%E5%AF%AE%E9%83%BD%E8%B7%AF%E9%87%8C%20%E5%A4%A7%E4%B8%B8%E6%9D%B1%E4%BA%AC%E5%BA%97%20%E6%9D%B1%E4%BA%AC%E9%A7%85
竹むら,35.696684,139.769067,지요다구,淡路町駅,화과자,2023,3.76,1634,https://tabelog.com/tokyo/A1310/A131002/13000342/,https://www.google.com/maps/search/?api=1&query=%E7%AB%B9%E3%82%80%E3%82%89%20%E6%B7%A1%E8%B7%AF%E7%94%BA%E9%A7%85
つる瀬 湯島本店,35.708108,139.770152,분쿄구,湯島駅,화과자,2023,3.74,1616,https://tabelog.com/tokyo/A1311/A131101/13003616/,https://www.google.com/maps/search/?api=1&query=%E3%81%A4%E3%82%8B%E7%80%AC%20%E6%B9%AF%E5%B3%B6%E6%9C%AC%E5%BA%97%20%E6%B9%AF%E5%B3%B6%E9%A7%85
天音,35.703849,139.579251,武蔵野구,吉祥寺駅,화과자,2023,3.72,1531,https://tabelog.com/tokyo/A1320/A132001/13019467/,https://www.google.com/maps/search/?api=1&query=%E5%A4%A9%E9%9F%B3%20%E5%90%89%E7%A5%A5%E5%AF%BA%E9%A7%85
清寿軒,35.688013,139.77944,주오구,小伝馬町駅,화과자,2023,3.77,1362,https://tabelog.com/tokyo/A1302/A130204/13213772/,https://www.google.com/maps/search/?api=1&query=%E6%B8%85%E5%AF%BF%E8%BB%92%20%E5%B0%8F%E4%BC%9D%E9%A6%AC%E7%94%BA%E9%A7%85
梅花亭 神楽坂本店,35.703031,139.73698,신주쿠구,神楽坂駅,화과자,2023,3.75,934,https://tabelog.com/tokyo/A1309/A130905/13040265/,https://www.google.com/maps/search/?api=1&query=%E6%A2%85%E8%8A%B1%E4%BA%AD%20%E7%A5%9E%E6%A5%BD%E5%9D%82%E6%9C%AC%E5%BA%97%20%E7%A5%9E%E6%A5%BD%E5%9D%82%E9%A7%85
日本橋 長門,35.681073,139.771632,주오구,日本橋駅,화과자,2023,3.85,1585,https://tabelog.com/tokyo/A1302/A130202/13011481/,https://www.google.com/maps/search/?api=1&query=%E6%97%A5%E6%9C%AC%E6%A9%8B%20%E9%95%B7%E9%96%80%20%E6%97%A5%E6%9C%AC%E6%A9%8B%E9%A7%85
茶庭 然花抄院 渋谷ヒカリエ ShinQs店,35.658791,139.703152,시부야구,渋谷駅,화과자,2023,3.69,1037,https://tabelog.com/tokyo/A1303/A130301/13140148/,https://www.google.com/maps/search/?api=1&query=%E8%8C%B6%E5%BA%AD%20%E7%84%B6%E8%8A%B1%E6%8A%84%E9%99%A2%20%E6%B8%8B%E8%B0%B7%E3%83%92%E3%82%AB%E3%83%AA%E3%82%A8%20ShinQs%E5%BA%97%20%E6%B8%8B%E8%B0%B7%E9%A7%85
かどや,35.75412,139.804257,아다치구,北千住駅,화과자,2023,3.74,796,https://tabelog.com/tokyo/A1324/A132402/13008735/,https://www.google.com/maps/search/?api=1&query=%E3%81%8B%E3%81%A9%E3%82%84%20%E5%8C%97%E5%8D%83%E4%BD%8F%E9%A7%85
北斎茶房,35.69737,139.80742,스미다구,錦糸町駅,화과자,2023,3.75,1410,https://tabelog.com/tokyo/A1312/A131201/13009563/,https://www.google.com/maps/search/?api=1&query=%E5%8C%97%E6%96%8E%E8%8C%B6%E6%88%BF%20%E9%8C%A6%E7%B3%B8%E7%94%BA%E9%A7%85
かりんとう 小桜,35.718458,139.796436,다이토구,浅草（つくばＥＸＰ）駅,화과자,2023,3.7,507,https://tabelog.com/tokyo/A1311/A131102/13009553/,https://www.google.com/maps/search/?api=1&query=%E3%81%8B%E3%82%8A%E3%82%93%E3%81%A8%E3%81%86%20%E5%B0%8F%E6%A1%9C%20%E6%B5%85%E8%8D%89%EF%BC%88%E3%81%A4%E3%81%8F%E3%81%B0%EF%BC%A5%EF%BC%B8%EF%BC%B0%EF%BC%89%E9%A7%85
たいやき ひいらぎ,35.647692,139.711654,시부야구,恵比寿駅,화과자,2023,3.79,2401,https://tabelog.com/tokyo/A1303/A130302/13026096/,https://www.google.com/maps/search/?api=1&query=%E3%81%9F%E3%81%84%E3%82%84%E3%81%8D%20%E3%81%B2%E3%81%84%E3%82%89%E3%81%8E%20%E6%81%B5%E6%AF%94%E5%AF%BF%E9%A7%85
追分だんご本舗 新宿本店,35.690498,139.705365,신주쿠구,新宿三丁目駅,화과자,2023,3.76,2208,https://tabelog.com/tokyo/A1304/A130401/13000836/,https://www.google.com/maps/search/?api=1&query=%E8%BF%BD%E5%88%86%E3%81%A0%E3%82%93%E3%81%94%E6%9C%AC%E8%88%97%20%E6%96%B0%E5%AE%BF%E6%9C%AC%E5%BA%97%20%E6%96%B0%E5%AE%BF%E4%B8%89%E4%B8%81%E7%9B%AE%E9%A7%85
だるまや餅菓子店,35.762237,139.721398,기타구,十条駅,화과자,2023,3.76,887,https://tabelog.com/tokyo/A1323/A132304/13008769/,https://www.google.com/maps/search/?api=1&query=%E3%81%A0%E3%82%8B%E3%81%BE%E3%82%84%E9%A4%85%E8%8F%93%E5%AD%90%E5%BA%97%20%E5%8D%81%E6%9D%A1%E9%A7%85
亀澤堂,35.696302,139.75824,지요다구,神保町駅,화과자,2023,3.7,844,https://tabelog.com/tokyo/A1310/A131003/13021812/,https://www.google.com/maps/search/?api=1&query=%E4%BA%80%E6%BE%A4%E5%A0%82%20%E7%A5%9E%E4%BF%9D%E7%94%BA%E9%A7%85
たいやき わかば,35.685995,139.72688,신주쿠구,四ツ谷駅,화과자,2023,3.79,2933,https://tabelog.com/tokyo/A1309/A130902/13000848/,https://www.google.com/maps/search/?api=1&query=%E3%81%9F%E3%81%84%E3%82%84%E3%81%8D%20%E3%82%8F%E3%81%8B%E3%81%B0%20%E5%9B%9B%E3%83%84%E8%B0%B7%E9%A7%85
廚 くろぎ,35.706817,139.772927,다이토구,上野広小路駅,화과자,2023,3.81,1645,https://tabelog.com/tokyo/A1311/A131101/13214654/,https://www.google.com/maps/search/?api=1&query=%E5%BB%9A%20%E3%81%8F%E3%82%8D%E3%81%8E%20%E4%B8%8A%E9%87%8E%E5%BA%83%E5%B0%8F%E8%B7%AF%E9%A7%85
たちばな,35.668561,139.760976,주오구,新橋駅,화과자,2023,3.78,1246,https://tabelog.com/tokyo/A1301/A130103/13022189/,https://www.google.com/maps/search/?api=1&query=%E3%81%9F%E3%81%A1%E3%81%B0%E3%81%AA%20%E6%96%B0%E6%A9%8B%E9%A7%85
すずめや,35.726711,139.713452,도시마구,池袋駅,화과자,2023,3.79,1886,https://tabelog.com/tokyo/A1305/A130501/13009255/,https://www.google.com/maps/search/?api=1&query=%E3%81%99%E3%81%9A%E3%82%81%E3%82%84%20%E6%B1%A0%E8%A2%8B%E9%A7%85
坂本屋,35.686489,139.727101,신주쿠구,四ツ谷駅,화과자,2023,3.69,443,https://tabelog.com/tokyo/A1309/A130902/13006759/,https://www.google.com/maps/search/?api=1&query=%E5%9D%82%E6%9C%AC%E5%B1%8B%20%E5%9B%9B%E3%83%84%E8%B0%B7%E9%A7%85
徳太樓,35.717562,139.795322,다이토구,浅草（つくばＥＸＰ）駅,화과자,2023,3.72,532,https://tabelog.com/tokyo/A1311/A131102/13008704/,https://www.google.com/maps/search/?api=1&query=%E5%BE%B3%E5%A4%AA%E6%A8%93%20%E6%B5%85%E8%8D%89%EF%BC%88%E3%81%A4%E3%81%8F%E3%81%B0%EF%BC%A5%EF%BC%B8%EF%BC%B0%EF%BC%89%E9%A7%85
芋甚,35.720244,139.763616,분쿄구,根津駅,화과자,2023,3.71,755,https://tabelog.com/tokyo/A1311/A131106/13003559/,https://www.google.com/maps/search/?api=1&query=%E8%8A%8B%E7%94%9A%20%E6%A0%B9%E6%B4%A5%E9%A7%85
福尾商店,35.694167,139.769874,지요다구,淡路町駅,화과자,2023,3.7,476,https://tabelog.com/tokyo/A1310/A131002/13044318/,https://www.google.com/maps/search/?api=1&query=%E7%A6%8F%E5%B0%BE%E5%95%86%E5%BA%97%20%E6%B7%A1%E8%B7%AF%E7%94%BA%E9%A7%85
浅草浪花家,35.714818,139.792748,다이토구,浅草（つくばＥＸＰ）駅,화과자,2023,3.76,1660,https://tabelog.com/tokyo/A1311/A131102/13120735/,https://www.google.com/maps/search/?api=1&query=%E6%B5%85%E8%8D%89%E6%B5%AA%E8%8A%B1%E5%AE%B6%20%E6%B5%85%E8%8D%89%EF%BC%88%E3%81%A4%E3%81%8F%E3%81%B0%EF%BC%A5%EF%BC%B8%EF%BC%B0%EF%BC%89%E9%A7%85
空也,35.67086,139.762778,주오구,銀座駅,화과자,2023,3.8,2239,https://tabelog.com/tokyo/A1301/A130101/13002591/,https://www.google.com/maps/search/?api=1&query=%E7%A9%BA%E4%B9%9F%20%E9%8A%80%E5%BA%A7%E9%A7%85
い志い,35.757853,139.876686,가쓰시카구,柴又駅,화과자,2023,3.73,755,https://tabelog.com/tokyo/A1324/A132403/13098265/,https://www.google.com/maps/search/?api=1&query=%E3%81%84%E5%BF%97%E3%81%84%20%E6%9F%B4%E5%8F%88%E9%A7%85
果実園リーベル 東京店,35.682241,139.767982,지요다구,東京駅,스위츠,2023,3.75,1971,https://tabelog.com/tokyo/A1302/A130201/13131338/,https://www.google.com/maps/search/?api=1&query=%E6%9E%9C%E5%AE%9F%E5%9C%92%E3%83%AA%E3%83%BC%E3%83%99%E3%83%AB%20%E6%9D%B1%E4%BA%AC%E5%BA%97%20%E6%9D%B1%E4%BA%AC%E9%A7%85
クラブハリエ 日本橋三越店,35.685167,139.773967,주오구,三越前駅,스위츠,2023,3.76,994,https://tabelog.com/tokyo/A1302/A130202/13004023/,https://www.google.com/maps/search/?api=1&query=%E3%82%AF%E3%83%A9%E3%83%96%E3%83%8F%E3%83%AA%E3%82%A8%20%E6%97%A5%E6%9C%AC%E6%A9%8B%E4%B8%89%E8%B6%8A%E5%BA%97%20%E4%B8%89%E8%B6%8A%E5%89%8D%E9%A7%85
パティスリー プレジール,35.650687,139.665981,세타가야구,西太子堂駅,스위츠,2023,3.82,697,https://tabelog.com/tokyo/A1317/A131706/13045491/,https://www.google.com/maps/search/?api=1&query=%E3%83%91%E3%83%86%E3%82%A3%E3%82%B9%E3%83%AA%E3%83%BC%20%E3%83%97%E3%83%AC%E3%82%B8%E3%83%BC%E3%83%AB%20%E8%A5%BF%E5%A4%AA%E5%AD%90%E5%A0%82%E9%A7%85
パティスリー ラ・グリシーヌ,35.650597,139.691058,메구로구,池尻大橋駅,스위츠,2023,3.81,581,https://tabelog.com/tokyo/A1317/A131705/13150993/,https://www.google.com/maps/search/?api=1&query=%E3%83%91%E3%83%86%E3%82%A3%E3%82%B9%E3%83%AA%E3%83%BC%20%E3%83%A9%E3%83%BB%E3%82%B0%E3%83%AA%E3%82%B7%E3%83%BC%E3%83%8C%20%E6%B1%A0%E5%B0%BB%E5%A4%A7%E6%A9%8B%E9%A7%85
パティスリートレカルム,35.72861,139.7424,분쿄구,千石駅,스위츠,2023,3.83,791,https://tabelog.com/tokyo/A1323/A132301/13175122/,https://www.google.com/maps/search/?api=1&query=%E3%83%91%E3%83%86%E3%82%A3%E3%82%B9%E3%83%AA%E3%83%BC%E3%83%88%E3%83%AC%E3%82%AB%E3%83%AB%E3%83%A0%20%E5%8D%83%E7%9F%B3%E9%A7%85
リベルターブル 赤坂店,35.673188,139.738643,미나토구,赤坂駅,스위츠,2023,3.67,1463,https://tabelog.com/tokyo/A1308/A130801/13160987/,https://www.google.com/maps/search/?api=1&query=%E3%83%AA%E3%83%99%E3%83%AB%E3%82%BF%E3%83%BC%E3%83%96%E3%83%AB%20%E8%B5%A4%E5%9D%82%E5%BA%97%20%E8%B5%A4%E5%9D%82%E9%A7%85
アトリエコータ 神楽坂店,35.703631,139.73637,신주쿠구,神楽坂駅,스위츠,2023,3.79,1807,https://tabelog.com/tokyo/A1309/A130905/13136823/,https://www.google.com/maps/search/?api=1&query=%E3%82%A2%E3%83%88%E3%83%AA%E3%82%A8%E3%82%B3%E3%83%BC%E3%82%BF%20%E7%A5%9E%E6%A5%BD%E5%9D%82%E5%BA%97%20%E7%A5%9E%E6%A5%BD%E5%9D%82%E9%A7%85
ひみつ堂,35.727345,139.766606,다이토구,千駄木駅,스위츠,2023,3.77,2985,https://tabelog.com/tokyo/A1311/A131106/13126796/,https://www.google.com/maps/search/?api=1&query=%E3%81%B2%E3%81%BF%E3%81%A4%E5%A0%82%20%E5%8D%83%E9%A7%84%E6%9C%A8%E9%A7%85
パティシエ・ヒロ ヤマモト,35.708617,139.904082,에도가와구,篠崎駅,스위츠,2023,3.81,464,https://tabelog.com/tokyo/A1312/A131205/13121679/,https://www.google.com/maps/search/?api=1&query=%E3%83%91%E3%83%86%E3%82%A3%E3%82%B7%E3%82%A8%E3%83%BB%E3%83%92%E3%83%AD%20%E3%83%A4%E3%83%9E%E3%83%A2%E3%83%88%20%E7%AF%A0%E5%B4%8E%E9%A7%85
フレデリック カッセル 銀座三越店,35.671281,139.765948,주오구,銀座駅,스위츠,2023,3.88,1899,https://tabelog.com/tokyo/A1301/A130101/13116839/,https://www.google.com/maps/search/?api=1&query=%E3%83%95%E3%83%AC%E3%83%87%E3%83%AA%E3%83%83%E3%82%AF%20%E3%82%AB%E3%83%83%E3%82%BB%E3%83%AB%20%E9%8A%80%E5%BA%A7%E4%B8%89%E8%B6%8A%E5%BA%97%20%E9%8A%80%E5%BA%A7%E9%A7%85
リュードパッシー,35.627559,139.683238,메구로구,学芸大学駅,스위츠,2023,3.9,675,https://tabelog.com/tokyo/A1317/A131702/13005155/,https://www.google.com/maps/search/?api=1&query=%E3%83%AA%E3%83%A5%E3%83%BC%E3%83%89%E3%83%91%E3%83%83%E3%82%B7%E3%83%BC%20%E5%AD%A6%E8%8A%B8%E5%A4%A7%E5%AD%A6%E9%A7%85
パティスリー・パリセヴェイユ,35.606972,139.666582,메구로구,自由が丘駅,스위츠,2023,3.87,3183,https://tabelog.com/tokyo/A1317/A131703/13005198/,https://www.google.com/maps/search/?api=1&query=%E3%83%91%E3%83%86%E3%82%A3%E3%82%B9%E3%83%AA%E3%83%BC%E3%83%BB%E3%83%91%E3%83%AA%E3%82%BB%E3%83%B4%E3%82%A7%E3%82%A4%E3%83%A6%20%E8%87%AA%E7%94%B1%E3%81%8C%E4%B8%98%E9%A7%85
ショコラティエ パレ ド オール 東京,35.682741,139.764008,지요다구,大手町駅,스위츠,2023,3.87,2083,https://tabelog.com/tokyo/A1302/A130201/13038473/,https://www.google.com/maps/search/?api=1&query=%E3%82%B7%E3%83%A7%E3%82%B3%E3%83%A9%E3%83%86%E3%82%A3%E3%82%A8%20%E3%83%91%E3%83%AC%20%E3%83%89%20%E3%82%AA%E3%83%BC%E3%83%AB%20%E6%9D%B1%E4%BA%AC%20%E5%A4%A7%E6%89%8B%E7%94%BA%E9%A7%85
オーボンヴュータン 日本橋高島屋店,35.681125,139.773376,주오구,日本橋駅,스위츠,2023,3.78,748,https://tabelog.com/tokyo/A1302/A130202/13023670/,https://www.google.com/maps/search/?api=1&query=%E3%82%AA%E3%83%BC%E3%83%9C%E3%83%B3%E3%83%B4%E3%83%A5%E3%83%BC%E3%82%BF%E3%83%B3%20%E6%97%A5%E6%9C%AC%E6%A9%8B%E9%AB%98%E5%B3%B6%E5%B1%8B%E5%BA%97%20%E6%97%A5%E6%9C%AC%E6%A9%8B%E9%A7%85
成城アルプス,35.640362,139.598062,세타가야구,成城学園前駅,스위츠,2023,3.74,1007,https://tabelog.com/tokyo/A1318/A131814/13002002/,https://www.google.com/maps/search/?api=1&query=%E6%88%90%E5%9F%8E%E3%82%A2%E3%83%AB%E3%83%97%E3%82%B9%20%E6%88%90%E5%9F%8E%E5%AD%A6%E5%9C%92%E5%89%8D%E9%A7%85
ホットケーキパーラー フルフル 赤坂店,35.67036,139.738827,미나토구,赤坂駅,스위츠,2023,3.78,1217,https://tabelog.com/tokyo/A1308/A130801/13155288/,https://www.google.com/maps/search/?api=1&query=%E3%83%9B%E3%83%83%E3%83%88%E3%82%B1%E3%83%BC%E3%82%AD%E3%83%91%E3%83%BC%E3%83%A9%E3%83%BC%20%E3%83%95%E3%83%AB%E3%83%95%E3%83%AB%20%E8%B5%A4%E5%9D%82%E5%BA%97%20%E8%B5%A4%E5%9D%82%E9%A7%85
フジウ,35.661598,139.412601,日野구,高幡不動駅,스위츠,2023,3.75,653,https://tabelog.com/tokyo/A1329/A132903/13006009/,https://www.google.com/maps/search/?api=1&query=%E3%83%95%E3%82%B8%E3%82%A6%20%E9%AB%98%E5%B9%A1%E4%B8%8D%E5%8B%95%E9%A7%85
ツッカベッカライ カヤヌマ,35.670294,139.743928,미나토구,溜池山王駅,스위츠,2023,3.82,1279,https://tabelog.com/tokyo/A1308/A130802/13002756/,https://www.google.com/maps/search/?api=1&query=%E3%83%84%E3%83%83%E3%82%AB%E3%83%99%E3%83%83%E3%82%AB%E3%83%A9%E3%82%A4%20%E3%82%AB%E3%83%A4%E3%83%8C%E3%83%9E%20%E6%BA%9C%E6%B1%A0%E5%B1%B1%E7%8E%8B%E9%A7%85
ブロンディール,35.7502,139.601309,네리마구,石神井公園駅,스위츠,2023,3.83,407,https://tabelog.com/tokyo/A1321/A132103/13184127/,https://www.google.com/maps/search/?api=1&query=%E3%83%96%E3%83%AD%E3%83%B3%E3%83%87%E3%82%A3%E3%83%BC%E3%83%AB%20%E7%9F%B3%E7%A5%9E%E4%BA%95%E5%85%AC%E5%9C%92%E9%A7%85
パティスリー ユウ ササゲ,35.6699,139.598958,세타가야구,千歳烏山駅,스위츠,2023,3.83,874,https://tabelog.com/tokyo/A1318/A131809/13155662/,https://www.google.com/maps/search/?api=1&query=%E3%83%91%E3%83%86%E3%82%A3%E3%82%B9%E3%83%AA%E3%83%BC%20%E3%83%A6%E3%82%A6%20%E3%82%B5%E3%82%B5%E3%82%B2%20%E5%8D%83%E6%AD%B3%E7%83%8F%E5%B1%B1%E9%A7%85
ビヤンネートル,35.668241,139.68253,시부야구,代々木上原駅,스위츠,2023,3.75,942,https://tabelog.com/tokyo/A1318/A131811/13113676/,https://www.google.com/maps/search/?api=1&query=%E3%83%93%E3%83%A4%E3%83%B3%E3%83%8D%E3%83%BC%E3%83%88%E3%83%AB%20%E4%BB%A3%E3%80%85%E6%9C%A8%E4%B8%8A%E5%8E%9F%E9%A7%85
パティスリーサロン・ドゥ・テ アミティエ,35.706375,139.735693,신주쿠구,神楽坂駅,스위츠,2023,3.74,885,https://tabelog.com/tokyo/A1309/A130905/13047005/,https://www.google.com/maps/search/?api=1&query=%E3%83%91%E3%83%86%E3%82%A3%E3%82%B9%E3%83%AA%E3%83%BC%E3%82%B5%E3%83%AD%E3%83%B3%E3%83%BB%E3%83%89%E3%82%A5%E3%83%BB%E3%83%86%20%E3%82%A2%E3%83%9F%E3%83%86%E3%82%A3%E3%82%A8%20%E7%A5%9E%E6%A5%BD%E5%9D%82%E9%A7%85
アヴランシュ・ゲネー,35.709454,139.753586,분쿄구,春日駅,스위츠,2023,3.86,1449,https://tabelog.com/tokyo/A1310/A131004/13186450/,https://www.google.com/maps/search/?api=1&query=%E3%82%A2%E3%83%B4%E3%83%A9%E3%83%B3%E3%82%B7%E3%83%A5%E3%83%BB%E3%82%B2%E3%83%8D%E3%83%BC%20%E6%98%A5%E6%97%A5%E9%A7%85
パティスリー ラブリコチエ,35.70936,139.651316,나카노구,高円寺駅,스위츠,2023,3.78,909,https://tabelog.com/tokyo/A1319/A131904/13100828/,https://www.google.com/maps/search/?api=1&query=%E3%83%91%E3%83%86%E3%82%A3%E3%82%B9%E3%83%AA%E3%83%BC%20%E3%83%A9%E3%83%96%E3%83%AA%E3%82%B3%E3%83%81%E3%82%A8%20%E9%AB%98%E5%86%86%E5%AF%BA%E9%A7%85
フルーフ・デゥ・セゾン,35.70236,139.772919,지요다구,末広町駅,스위츠,2023,3.72,1092,https://tabelog.com/tokyo/A1311/A131101/13009142/,https://www.google.com/maps/search/?api=1&query=%E3%83%95%E3%83%AB%E3%83%BC%E3%83%95%E3%83%BB%E3%83%87%E3%82%A5%E3%83%BB%E3%82%BB%E3%82%BE%E3%83%B3%20%E6%9C%AB%E5%BA%83%E7%94%BA%E9%A7%85
GAZTA,35.645274,139.733483,미나토구,白金高輪駅,스위츠,2023,3.86,1422,https://tabelog.com/tokyo/A1316/A131602/13223261/,https://www.google.com/maps/search/?api=1&query=GAZTA%20%E7%99%BD%E9%87%91%E9%AB%98%E8%BC%AA%E9%A7%85
レ・カカオ 本店,35.625274,139.729217,시나가와구,五反田駅,스위츠,2023,3.8,1341,https://tabelog.com/tokyo/A1316/A131603/13203619/,https://www.google.com/maps/search/?api=1&query=%E3%83%AC%E3%83%BB%E3%82%AB%E3%82%AB%E3%82%AA%20%E6%9C%AC%E5%BA%97%20%E4%BA%94%E5%8F%8D%E7%94%B0%E9%A7%85
パーラー ローレル,35.606635,139.658587,세타가야구,九品仏駅,스위츠,2023,3.77,681,https://tabelog.com/tokyo/A1317/A131715/13003097/,https://www.google.com/maps/search/?api=1&query=%E3%83%91%E3%83%BC%E3%83%A9%E3%83%BC%20%E3%83%AD%E3%83%BC%E3%83%AC%E3%83%AB%20%E4%B9%9D%E5%93%81%E4%BB%8F%E9%A7%85
ラトリエ モトゾー,35.650765,139.686338,메구로구,池尻大橋駅,스위츠,2023,3.76,657,https://tabelog.com/tokyo/A1317/A131705/13199223/,https://www.google.com/maps/search/?api=1&query=%E3%83%A9%E3%83%88%E3%83%AA%E3%82%A8%20%E3%83%A2%E3%83%88%E3%82%BE%E3%83%BC%20%E6%B1%A0%E5%B0%BB%E5%A4%A7%E6%A9%8B%E9%A7%85
パティスリィ ドゥ・ボン・クーフゥ 武蔵小山本店,35.619928,139.706345,시나가와구,武蔵小山駅,스위츠,2023,3.75,961,https://tabelog.com/tokyo/A1317/A131710/13032289/,https://www.google.com/maps/search/?api=1&query=%E3%83%91%E3%83%86%E3%82%A3%E3%82%B9%E3%83%AA%E3%82%A3%20%E3%83%89%E3%82%A5%E3%83%BB%E3%83%9C%E3%83%B3%E3%83%BB%E3%82%AF%E3%83%BC%E3%83%95%E3%82%A5%20%E6%AD%A6%E8%94%B5%E5%B0%8F%E5%B1%B1%E6%9C%AC%E5%BA%97%20%E6%AD%A6%E8%94%B5%E5%B0%8F%E5%B1%B1%E9%A7%85
PATISSERIE ASAKO IWAYANAGI,35.608061,139.650158,세타가야구,等々力駅,스위츠,2023,3.83,1488,https://tabelog.com/tokyo/A1317/A131715/13189509/,https://www.google.com/maps/search/?api=1&query=PATISSERIE%20ASAKO%20IWAYANAGI%20%E7%AD%89%E3%80%85%E5%8A%9B%E9%A7%85
クリオロ 東京本店,35.744461,139.682453,이타바시구,小竹向原駅,스위츠,2023,3.77,1270,https://tabelog.com/tokyo/A1322/A132202/13194959/,https://www.google.com/maps/search/?api=1&query=%E3%82%AF%E3%83%AA%E3%82%AA%E3%83%AD%20%E6%9D%B1%E4%BA%AC%E6%9C%AC%E5%BA%97%20%E5%B0%8F%E7%AB%B9%E5%90%91%E5%8E%9F%E9%A7%85
エシレ・メゾン デュ ブール,35.678579,139.762541,지요다구,二重橋前駅,스위츠,2023,3.79,2545,https://tabelog.com/tokyo/A1302/A130201/13096439/,https://www.google.com/maps/search/?api=1&query=%E3%82%A8%E3%82%B7%E3%83%AC%E3%83%BB%E3%83%A1%E3%82%BE%E3%83%B3%20%E3%83%87%E3%83%A5%20%E3%83%96%E3%83%BC%E3%83%AB%20%E4%BA%8C%E9%87%8D%E6%A9%8B%E5%89%8D%E9%A7%85
アルカション 本店,35.748981,139.569677,네리마구,保谷駅,스위츠,2023,3.76,718,https://tabelog.com/tokyo/A1321/A132103/13023168/,https://www.google.com/maps/search/?api=1&query=%E3%82%A2%E3%83%AB%E3%82%AB%E3%82%B7%E3%83%A7%E3%83%B3%20%E6%9C%AC%E5%BA%97%20%E4%BF%9D%E8%B0%B7%E9%A7%85
エーグルドゥース,35.722476,139.70064,신주쿠구,目白駅,스위츠,2023,3.88,2496,https://tabelog.com/tokyo/A1305/A130502/13005641/,https://www.google.com/maps/search/?api=1&query=%E3%82%A8%E3%83%BC%E3%82%B0%E3%83%AB%E3%83%89%E3%82%A5%E3%83%BC%E3%82%B9%20%E7%9B%AE%E7%99%BD%E9%A7%85
ラ・ヴィエイユ・フランス 本店,35.662983,139.603209,세타가야구,千歳烏山駅,스위츠,2023,3.76,714,https://tabelog.com/tokyo/A1318/A131809/13043939/,https://www.google.com/maps/search/?api=1&query=%E3%83%A9%E3%83%BB%E3%83%B4%E3%82%A3%E3%82%A8%E3%82%A4%E3%83%A6%E3%83%BB%E3%83%95%E3%83%A9%E3%83%B3%E3%82%B9%20%E6%9C%AC%E5%BA%97%20%E5%8D%83%E6%AD%B3%E7%83%8F%E5%B1%B1%E9%A7%85
巴裡 小川軒 新橋店,35.66627,139.759755,미나토구,新橋駅,스위츠,2023,3.76,1423,https://tabelog.com/tokyo/A1301/A130103/13024996/,https://www.google.com/maps/search/?api=1&query=%E5%B7%B4%E8%A3%A1%20%E5%B0%8F%E5%B7%9D%E8%BB%92%20%E6%96%B0%E6%A9%8B%E5%BA%97%20%E6%96%B0%E6%A9%8B%E9%A7%85
レピキュリアン,35.701978,139.578316,武蔵野구,吉祥寺駅,스위츠,2023,3.75,1064,https://tabelog.com/tokyo/A1320/A132001/13005891/,https://www.google.com/maps/search/?api=1&query=%E3%83%AC%E3%83%94%E3%82%AD%E3%83%A5%E3%83%AA%E3%82%A2%E3%83%B3%20%E5%90%89%E7%A5%A5%E5%AF%BA%E9%A7%85
ラ・プレシューズ 紀尾井町店,35.679692,139.737337,지요다구,永田町駅,스위츠,2023,3.75,1070,https://tabelog.com/tokyo/A1308/A130801/13198490/,https://www.google.com/maps/search/?api=1&query=%E3%83%A9%E3%83%BB%E3%83%97%E3%83%AC%E3%82%B7%E3%83%A5%E3%83%BC%E3%82%BA%20%E7%B4%80%E5%B0%BE%E4%BA%95%E7%94%BA%E5%BA%97%20%E6%B0%B8%E7%94%B0%E7%94%BA%E9%A7%85
オーボンヴュータン 尾山台店,35.604074,139.651767,세타가야구,尾山台駅,스위츠,2023,3.85,1408,https://tabelog.com/tokyo/A1317/A131715/13181654/,https://www.google.com/maps/search/?api=1&query=%E3%82%AA%E3%83%BC%E3%83%9C%E3%83%B3%E3%83%B4%E3%83%A5%E3%83%BC%E3%82%BF%E3%83%B3%20%E5%B0%BE%E5%B1%B1%E5%8F%B0%E5%BA%97%20%E5%B0%BE%E5%B1%B1%E5%8F%B0%E9%A7%85
パティスリー リョーコ,35.635023,139.732803,미나토구,高輪台駅,스위츠,2023,3.89,1346,https://tabelog.com/tokyo/A1316/A131603/13137010/,https://www.google.com/maps/search/?api=1&query=%E3%83%91%E3%83%86%E3%82%A3%E3%82%B9%E3%83%AA%E3%83%BC%20%E3%83%AA%E3%83%A7%E3%83%BC%E3%82%B3%20%E9%AB%98%E8%BC%AA%E5%8F%B0%E9%A7%85
パティシェリア,35.687745,139.702109,시부야구,新宿駅,스위츠,2023,3.75,779,https://tabelog.com/tokyo/A1304/A130401/13039063/,https://www.google.com/maps/search/?api=1&query=%E3%83%91%E3%83%86%E3%82%A3%E3%82%B7%E3%82%A7%E3%83%AA%E3%82%A2%20%E6%96%B0%E5%AE%BF%E9%A7%85
西洋菓子 しろたえ,35.676665,139.735418,미나토구,赤坂見附駅,스위츠,2023,3.79,3161,https://tabelog.com/tokyo/A1308/A130801/13002850/,https://www.google.com/maps/search/?api=1&query=%E8%A5%BF%E6%B4%8B%E8%8F%93%E5%AD%90%20%E3%81%97%E3%82%8D%E3%81%9F%E3%81%88%20%E8%B5%A4%E5%9D%82%E8%A6%8B%E9%99%84%E9%A7%85
Patisserie JUN UJITA,35.619827,139.686314,메구로구,都立大学駅,스위츠,2023,3.8,674,https://tabelog.com/tokyo/A1317/A131702/13133033/,https://www.google.com/maps/search/?api=1&query=Patisserie%20JUN%20UJITA%20%E9%83%BD%E7%AB%8B%E5%A4%A7%E5%AD%A6%E9%A7%85
パティスリー カカオエット・パリ,35.647004,139.69426,메구로구,中目黒駅,스위츠,2023,3.77,913,https://tabelog.com/tokyo/A1317/A131701/13039525/,https://www.google.com/maps/search/?api=1&query=%E3%83%91%E3%83%86%E3%82%A3%E3%82%B9%E3%83%AA%E3%83%BC%20%E3%82%AB%E3%82%AB%E3%82%AA%E3%82%A8%E3%83%83%E3%83%88%E3%83%BB%E3%83%91%E3%83%AA%20%E4%B8%AD%E7%9B%AE%E9%BB%92%E9%A7%85
ロートンヌ 中野店,35.732252,139.670695,나카노구,新江古田駅,스위츠,2023,3.85,667,https://tabelog.com/tokyo/A1321/A132101/13118933/,https://www.google.com/maps/search/?api=1&query=%E3%83%AD%E3%83%BC%E3%83%88%E3%83%B3%E3%83%8C%20%E4%B8%AD%E9%87%8E%E5%BA%97%20%E6%96%B0%E6%B1%9F%E5%8F%A4%E7%94%B0%E9%A7%85
ハリッツ 上原店,35.669339,139.682024,시부야구,代々木上原駅,스위츠,2023,3.79,1710,https://tabelog.com/tokyo/A1318/A131811/13023466/,https://www.google.com/maps/search/?api=1&query=%E3%83%8F%E3%83%AA%E3%83%83%E3%83%84%20%E4%B8%8A%E5%8E%9F%E5%BA%97%20%E4%BB%A3%E3%80%85%E6%9C%A8%E4%B8%8A%E5%8E%9F%E9%A7%85
ノワ・ドゥ・ブール 新宿伊勢丹店,35.691748,139.704555,신주쿠구,新宿三丁目駅,스위츠,2023,3.79,1885,https://tabelog.com/tokyo/A1304/A130401/13124571/,https://www.google.com/maps/search/?api=1&query=%E3%83%8E%E3%83%AF%E3%83%BB%E3%83%89%E3%82%A5%E3%83%BB%E3%83%96%E3%83%BC%E3%83%AB%20%E6%96%B0%E5%AE%BF%E4%BC%8A%E5%8B%A2%E4%B8%B9%E5%BA%97%20%E6%96%B0%E5%AE%BF%E4%B8%89%E4%B8%81%E7%9B%AE%E9%A7%85
フランス菓子 パティシエ ショコラティエ イナムラショウゾウ,35.7274,139.769375,다이토구,日暮里駅,스위츠,2023,3.84,1521,https://tabelog.com/tokyo/A1311/A131105/13047298/,https://www.google.com/maps/search/?api=1&query=%E3%83%95%E3%83%A9%E3%83%B3%E3%82%B9%E8%8F%93%E5%AD%90%20%E3%83%91%E3%83%86%E3%82%A3%E3%82%B7%E3%82%A8%20%E3%82%B7%E3%83%A7%E3%82%B3%E3%83%A9%E3%83%86%E3%82%A3%E3%82%A8%20%E3%82%A4%E3%83%8A%E3%83%A0%E3%83%A9%E3%82%B7%E3%83%A7%E3%82%A6%E3%82%BE%E3%82%A6%20%E6%97%A5%E6%9A%AE%E9%87%8C%E9%A7%85
フィオレンティーナ ペストリーブティック,35.659642,139.728372,미나토구,六本木駅,스위츠,2023,3.77,922,https://tabelog.com/tokyo/A1307/A130701/13060521/,https://www.google.com/maps/search/?api=1&query=%E3%83%95%E3%82%A3%E3%82%AA%E3%83%AC%E3%83%B3%E3%83%86%E3%82%A3%E3%83%BC%E3%83%8A%20%E3%83%9A%E3%82%B9%E3%83%88%E3%83%AA%E3%83%BC%E3%83%96%E3%83%86%E3%82%A3%E3%83%83%E3%82%AF%20%E5%85%AD%E6%9C%AC%E6%9C%A8%E9%A7%85
パティスリー SATSUKI,35.680919,139.734049,지요다구,麹町駅,스위츠,2023,3.8,1856,https://tabelog.com/tokyo/A1308/A130803/13000178/,https://www.google.com/maps/search/?api=1&query=%E3%83%91%E3%83%86%E3%82%A3%E3%82%B9%E3%83%AA%E3%83%BC%20SATSUKI%20%E9%BA%B9%E7%94%BA%E9%A7%85
ラ･メゾン･デュ･ショコラ 丸の内店,35.676116,139.76195,지요다구,有楽町駅,스위츠,2023,3.84,1337,https://tabelog.com/tokyo/A1301/A130102/13000036/,https://www.google.com/maps/search/?api=1&query=%E3%83%A9%EF%BD%A5%E3%83%A1%E3%82%BE%E3%83%B3%EF%BD%A5%E3%83%87%E3%83%A5%EF%BD%A5%E3%82%B7%E3%83%A7%E3%82%B3%E3%83%A9%20%E4%B8%B8%E3%81%AE%E5%86%85%E5%BA%97%20%E6%9C%89%E6%A5%BD%E7%94%BA%E9%A7%85
ラデュレ サロン・ド・テ 銀座三越店,35.671295,139.76541,주오구,銀座駅,스위츠,2023,3.77,1499,https://tabelog.com/tokyo/A1301/A130101/13053865/,https://www.google.com/maps/search/?api=1&query=%E3%83%A9%E3%83%87%E3%83%A5%E3%83%AC%20%E3%82%B5%E3%83%AD%E3%83%B3%E3%83%BB%E3%83%89%E3%83%BB%E3%83%86%20%E9%8A%80%E5%BA%A7%E4%B8%89%E8%B6%8A%E5%BA%97%20%E9%8A%80%E5%BA%A7%E9%A7%85
和kitchen かんな,35.643414,139.679607,세타가야구,三軒茶屋駅,스위츠,2023,3.76,1559,https://tabelog.com/tokyo/A1317/A131706/13156812/,https://www.google.com/maps/search/?api=1&query=%E5%92%8Ckitchen%20%E3%81%8B%E3%82%93%E3%81%AA%20%E4%B8%89%E8%BB%92%E8%8C%B6%E5%B1%8B%E9%A7%85
ダンデライオン・チョコレート ファクトリー&amp;カフェ蔵前,35.703669,139.789633,다이토구,蔵前駅,스위츠,2023,3.74,2334,https://tabelog.com/tokyo/A1311/A131103/13191976/,https://www.google.com/maps/search/?api=1&query=%E3%83%80%E3%83%B3%E3%83%87%E3%83%A9%E3%82%A4%E3%82%AA%E3%83%B3%E3%83%BB%E3%83%81%E3%83%A7%E3%82%B3%E3%83%AC%E3%83%BC%E3%83%88%20%E3%83%95%E3%82%A1%E3%82%AF%E3%83%88%E3%83%AA%E3%83%BC%26amp%3B%E3%82%AB%E3%83%95%E3%82%A7%E8%94%B5%E5%89%8D%20%E8%94%B5%E5%89%8D%E9%A7%85
クレープリー チロル,35.641193,139.608194,세타가야구,祖師ケ谷大蔵駅,스위츠,2023,3.84,733,https://tabelog.com/tokyo/A1318/A131814/13205650/,https://www.google.com/maps/search/?api=1&query=%E3%82%AF%E3%83%AC%E3%83%BC%E3%83%97%E3%83%AA%E3%83%BC%20%E3%83%81%E3%83%AD%E3%83%AB%20%E7%A5%96%E5%B8%AB%E3%82%B1%E8%B0%B7%E5%A4%A7%E8%94%B5%E9%A7%85
クリオロ 中目黒店,35.644373,139.699641,메구로구,中目黒駅,스위츠,2023,3.78,1314,https://tabelog.com/tokyo/A1317/A131701/13077927/,https://www.google.com/maps/search/?api=1&query=%E3%82%AF%E3%83%AA%E3%82%AA%E3%83%AD%20%E4%B8%AD%E7%9B%AE%E9%BB%92%E5%BA%97%20%E4%B8%AD%E7%9B%AE%E9%BB%92%E9%A7%85
ザ マンダリン オリエンタル グルメショップ,35.686804,139.77299,주오구,三越前駅,스위츠,2023,3.78,1484,https://tabelog.com/tokyo/A1302/A130202/13022977/,https://www.google.com/maps/search/?api=1&query=%E3%82%B6%20%E3%83%9E%E3%83%B3%E3%83%80%E3%83%AA%E3%83%B3%20%E3%82%AA%E3%83%AA%E3%82%A8%E3%83%B3%E3%82%BF%E3%83%AB%20%E3%82%B0%E3%83%AB%E3%83%A1%E3%82%B7%E3%83%A7%E3%83%83%E3%83%97%20%E4%B8%89%E8%B6%8A%E5%89%8D%E9%A7%85
モンサンクレール,35.612728,139.666484,메구로구,自由が丘駅,스위츠,2023,3.79,1977,https://tabelog.com/tokyo/A1317/A131703/13003221/,https://www.google.com/maps/search/?api=1&query=%E3%83%A2%E3%83%B3%E3%82%B5%E3%83%B3%E3%82%AF%E3%83%AC%E3%83%BC%E3%83%AB%20%E8%87%AA%E7%94%B1%E3%81%8C%E4%B8%98%E9%A7%85
ヨハン 本店,35.645782,139.698572,메구로구,中目黒駅,스위츠,2023,3.76,1056,https://tabelog.com/tokyo/A1317/A131701/13003450/,https://www.google.com/maps/search/?api=1&query=%E3%83%A8%E3%83%8F%E3%83%B3%20%E6%9C%AC%E5%BA%97%20%E4%B8%AD%E7%9B%AE%E9%BB%92%E9%A7%85
ミニマル 富ヶ谷本店,35.666805,139.687645,시부야구,代々木公園駅,스위츠,2023,3.85,856,https://tabelog.com/tokyo/A1303/A130301/13175834/,https://www.google.com/maps/search/?api=1&query=%E3%83%9F%E3%83%8B%E3%83%9E%E3%83%AB%20%E5%AF%8C%E3%83%B6%E8%B0%B7%E6%9C%AC%E5%BA%97%20%E4%BB%A3%E3%80%85%E6%9C%A8%E5%85%AC%E5%9C%92%E9%A7%85
ピエール・エルメ・パリ Aoyama,35.662792,139.709685,시부야구,表参道駅,스위츠,2023,3.62,1843,https://tabelog.com/tokyo/A1306/A130602/13014316/,https://www.google.com/maps/search/?api=1&query=%E3%83%94%E3%82%A8%E3%83%BC%E3%83%AB%E3%83%BB%E3%82%A8%E3%83%AB%E3%83%A1%E3%83%BB%E3%83%91%E3%83%AA%20Aoyama%20%E8%A1%A8%E5%8F%82%E9%81%93%E9%A7%85
LESS,35.642008,139.712134,메구로구,恵比寿駅,스위츠,2023,3.93,593,https://tabelog.com/tokyo/A1303/A130302/13239458/,https://www.google.com/maps/search/?api=1&query=LESS%20%E6%81%B5%E6%AF%94%E5%AF%BF%E9%A7%85
アルノー・ラエール 広尾本店,35.648839,139.720421,시부야구,広尾駅,스위츠,2023,3.8,603,https://tabelog.com/tokyo/A1307/A130703/13217253/,https://www.google.com/maps/search/?api=1&query=%E3%82%A2%E3%83%AB%E3%83%8E%E3%83%BC%E3%83%BB%E3%83%A9%E3%82%A8%E3%83%BC%E3%83%AB%20%E5%BA%83%E5%B0%BE%E6%9C%AC%E5%BA%97%20%E5%BA%83%E5%B0%BE%E9%A7%85
和栗や 谷中店,35.727588,139.765301,다이토구,千駄木駅,스위츠,2023,3.78,1796,https://tabelog.com/tokyo/A1311/A131106/13130539/,https://www.google.com/maps/search/?api=1&query=%E5%92%8C%E6%A0%97%E3%82%84%20%E8%B0%B7%E4%B8%AD%E5%BA%97%20%E5%8D%83%E9%A7%84%E6%9C%A8%E9%A7%85
マッターホーン,35.628113,139.684734,메구로구,学芸大学駅,스위츠,2023,3.74,1575,https://tabelog.com/tokyo/A1317/A131702/13003197/,https://www.google.com/maps/search/?api=1&query=%E3%83%9E%E3%83%83%E3%82%BF%E3%83%BC%E3%83%9B%E3%83%BC%E3%83%B3%20%E5%AD%A6%E8%8A%B8%E5%A4%A7%E5%AD%A6%E9%A7%85
メゾン・ダーニ,35.645521,139.733254,미나토구,白金高輪駅,스위츠,2023,3.8,1179,https://tabelog.com/tokyo/A1316/A131602/13183428/,https://www.google.com/maps/search/?api=1&query=%E3%83%A1%E3%82%BE%E3%83%B3%E3%83%BB%E3%83%80%E3%83%BC%E3%83%8B%20%E7%99%BD%E9%87%91%E9%AB%98%E8%BC%AA%E9%A7%85
ナタ・デ・クリスチアノ,35.667262,139.691297,시부야구,代々木公園駅,스위츠,2023,3.82,1796,https://tabelog.com/tokyo/A1318/A131810/13153384/,https://www.google.com/maps/search/?api=1&query=%E3%83%8A%E3%82%BF%E3%83%BB%E3%83%87%E3%83%BB%E3%82%AF%E3%83%AA%E3%82%B9%E3%83%81%E3%82%A2%E3%83%8E%20%E4%BB%A3%E3%80%85%E6%9C%A8%E5%85%AC%E5%9C%92%E9%A7%85
パンケーキママカフェ VoiVoi,35.643063,139.672065,세타가야구,三軒茶屋駅,스위츠,2023,3.72,973,https://tabelog.com/tokyo/A1317/A131706/13038342/,https://www.google.com/maps/search/?api=1&query=%E3%83%91%E3%83%B3%E3%82%B1%E3%83%BC%E3%82%AD%E3%83%9E%E3%83%9E%E3%82%AB%E3%83%95%E3%82%A7%20VoiVoi%20%E4%B8%89%E8%BB%92%E8%8C%B6%E5%B1%8B%E9%A7%85
パティスリー タダシ ヤナギ 八雲店,35.615823,139.671166,메구로구,都立大学駅,스위츠,2023,3.73,463,https://tabelog.com/tokyo/A1317/A131702/13019733/,https://www.google.com/maps/search/?api=1&query=%E3%83%91%E3%83%86%E3%82%A3%E3%82%B9%E3%83%AA%E3%83%BC%20%E3%82%BF%E3%83%80%E3%82%B7%20%E3%83%A4%E3%83%8A%E3%82%AE%20%E5%85%AB%E9%9B%B2%E5%BA%97%20%E9%83%BD%E7%AB%8B%E5%A4%A7%E5%AD%A6%E9%A7%85
パティスリー イル・プルー・シュル・ラ・セーヌ,35.649544,139.698765,시부야구,代官山駅,스위츠,2023,3.77,737,https://tabelog.com/tokyo/A1303/A130303/13001912/,https://www.google.com/maps/search/?api=1&query=%E3%83%91%E3%83%86%E3%82%A3%E3%82%B9%E3%83%AA%E3%83%BC%20%E3%82%A4%E3%83%AB%E3%83%BB%E3%83%97%E3%83%AB%E3%83%BC%E3%83%BB%E3%82%B7%E3%83%A5%E3%83%AB%E3%83%BB%E3%83%A9%E3%83%BB%E3%82%BB%E3%83%BC%E3%83%8C%20%E4%BB%A3%E5%AE%98%E5%B1%B1%E9%A7%85
テオブロマ 渋谷本店,35.666535,139.691776,시부야구,代々木公園駅,스위츠,2023,3.8,853,https://tabelog.com/tokyo/A1318/A131810/13005471/,https://www.google.com/maps/search/?api=1&query=%E3%83%86%E3%82%AA%E3%83%96%E3%83%AD%E3%83%9E%20%E6%B8%8B%E8%B0%B7%E6%9C%AC%E5%BA%97%20%E4%BB%A3%E3%80%85%E6%9C%A8%E5%85%AC%E5%9C%92%E9%A7%85
カカオ サンパカ 丸の内本店,35.678644,139.762525,지요다구,二重橋前駅,스위츠,2023,3.77,1327,https://tabelog.com/tokyo/A1302/A130201/13096438/,https://www.google.com/maps/search/?api=1&query=%E3%82%AB%E3%82%AB%E3%82%AA%20%E3%82%B5%E3%83%B3%E3%83%91%E3%82%AB%20%E4%B8%B8%E3%81%AE%E5%86%85%E6%9C%AC%E5%BA%97%20%E4%BA%8C%E9%87%8D%E6%A9%8B%E5%89%8D%E9%A7%85
ロートンヌ 秋津本店,35.778174,139.494441,東村山구,新秋津駅,스위츠,2023,3.8,817,https://tabelog.com/tokyo/A1328/A132806/13005967/,https://www.google.com/maps/search/?api=1&query=%E3%83%AD%E3%83%BC%E3%83%88%E3%83%B3%E3%83%8C%20%E7%A7%8B%E6%B4%A5%E6%9C%AC%E5%BA%97%20%E6%96%B0%E7%A7%8B%E6%B4%A5%E9%A7%85
ラ・プレシューズ 四谷店,35.686179,139.730385,지요다구,四ツ谷駅,스위츠,2023,3.74,502,https://tabelog.com/tokyo/A1309/A130902/13138331/,https://www.google.com/maps/search/?api=1&query=%E3%83%A9%E3%83%BB%E3%83%97%E3%83%AC%E3%82%B7%E3%83%A5%E3%83%BC%E3%82%BA%20%E5%9B%9B%E8%B0%B7%E5%BA%97%20%E5%9B%9B%E3%83%84%E8%B0%B7%E9%A7%85
パティスリー レザネフォール 恵比寿本店,35.646455,139.70629,시부야구,代官山駅,스위츠,2023,3.78,1388,https://tabelog.com/tokyo/A1303/A130302/13149501/,https://www.google.com/maps/search/?api=1&query=%E3%83%91%E3%83%86%E3%82%A3%E3%82%B9%E3%83%AA%E3%83%BC%20%E3%83%AC%E3%82%B6%E3%83%8D%E3%83%95%E3%82%A9%E3%83%BC%E3%83%AB%20%E6%81%B5%E6%AF%94%E5%AF%BF%E6%9C%AC%E5%BA%97%20%E4%BB%A3%E5%AE%98%E5%B1%B1%E9%A7%85
Toshi Yoroizuka Mid Town,35.665441,139.731392,미나토구,六本木駅,스위츠,2023,3.79,2173,https://tabelog.com/tokyo/A1307/A130701/13037382/,https://www.google.com/maps/search/?api=1&query=Toshi%20Yoroizuka%20Mid%20Town%20%E5%85%AD%E6%9C%AC%E6%9C%A8%E9%A7%85
トシ・ヨロイヅカ 東京,35.677009,139.769973,주오구,京橋駅,스위츠,2023,3.75,1939,https://tabelog.com/tokyo/A1302/A130202/13202758/,https://www.google.com/maps/search/?api=1&query=%E3%83%88%E3%82%B7%E3%83%BB%E3%83%A8%E3%83%AD%E3%82%A4%E3%83%85%E3%82%AB%20%E6%9D%B1%E4%BA%AC%20%E4%BA%AC%E6%A9%8B%E9%A7%85
ザ・ペニンシュラ ブティック＆カフェ,35.674848,139.760315,지요다구,日比谷駅,스위츠,2023,3.8,1326,https://tabelog.com/tokyo/A1301/A130102/13043019/,https://www.google.com/maps/search/?api=1&query=%E3%82%B6%E3%83%BB%E3%83%9A%E3%83%8B%E3%83%B3%E3%82%B7%E3%83%A5%E3%83%A9%20%E3%83%96%E3%83%86%E3%82%A3%E3%83%83%E3%82%AF%EF%BC%86%E3%82%AB%E3%83%95%E3%82%A7%20%E6%97%A5%E6%AF%94%E8%B0%B7%E9%A7%85
フレンチ パウンド ハウス 大和郷本店,35.732967,139.741915,도시마구,巣鴨駅,스위츠,2023,3.77,1644,https://tabelog.com/tokyo/A1323/A132301/13003828/,https://www.google.com/maps/search/?api=1&query=%E3%83%95%E3%83%AC%E3%83%B3%E3%83%81%20%E3%83%91%E3%82%A6%E3%83%B3%E3%83%89%20%E3%83%8F%E3%82%A6%E3%82%B9%20%E5%A4%A7%E5%92%8C%E9%83%B7%E6%9C%AC%E5%BA%97%20%E5%B7%A3%E9%B4%A8%E9%A7%85
フルーツパーラーゴトー,35.715761,139.793815,다이토구,浅草（つくばＥＸＰ）駅,스위츠,2023,3.77,1675,https://tabelog.com/tokyo/A1311/A131102/13095672/,https://www.google.com/maps/search/?api=1&query=%E3%83%95%E3%83%AB%E3%83%BC%E3%83%84%E3%83%91%E3%83%BC%E3%83%A9%E3%83%BC%E3%82%B4%E3%83%88%E3%83%BC%20%E6%B5%85%E8%8D%89%EF%BC%88%E3%81%A4%E3%81%8F%E3%81%B0%EF%BC%A5%EF%BC%B8%EF%BC%B0%EF%BC%89%E9%A7%85
ル・コワンヴェール パトリック・ルメル,35.699923,139.740646,신주쿠구,飯田橋駅,스위츠,2023,3.74,961,https://tabelog.com/tokyo/A1309/A130905/13058480/,https://www.google.com/maps/search/?api=1&query=%E3%83%AB%E3%83%BB%E3%82%B3%E3%83%AF%E3%83%B3%E3%83%B4%E3%82%A7%E3%83%BC%E3%83%AB%20%E3%83%91%E3%83%88%E3%83%AA%E3%83%83%E3%82%AF%E3%83%BB%E3%83%AB%E3%83%A1%E3%83%AB%20%E9%A3%AF%E7%94%B0%E6%A9%8B%E9%A7%85
パティスリー・スリール,35.634711,139.686598,메구로구,祐天寺駅,스위츠,2023,3.74,587,https://tabelog.com/tokyo/A1317/A131701/13018799/,https://www.google.com/maps/search/?api=1&query=%E3%83%91%E3%83%86%E3%82%A3%E3%82%B9%E3%83%AA%E3%83%BC%E3%83%BB%E3%82%B9%E3%83%AA%E3%83%BC%E3%83%AB%20%E7%A5%90%E5%A4%A9%E5%AF%BA%E9%A7%85
ラトリエ ア マ ファソン,35.612604,139.638812,세타가야구,上野毛駅,스위츠,2023,3.76,629,https://tabelog.com/tokyo/A1317/A131715/13242556/,https://www.google.com/maps/search/?api=1&query=%E3%83%A9%E3%83%88%E3%83%AA%E3%82%A8%20%E3%82%A2%20%E3%83%9E%20%E3%83%95%E3%82%A1%E3%82%BD%E3%83%B3%20%E4%B8%8A%E9%87%8E%E6%AF%9B%E9%A7%85
アステリスク,35.668281,139.681381,시부야구,代々木上原駅,스위츠,2023,3.85,1823,https://tabelog.com/tokyo/A1318/A131811/13140735/,https://www.google.com/maps/search/?api=1&query=%E3%82%A2%E3%82%B9%E3%83%86%E3%83%AA%E3%82%B9%E3%82%AF%20%E4%BB%A3%E3%80%85%E6%9C%A8%E4%B8%8A%E5%8E%9F%E9%A7%85
スタイルズケイクス＆カンパニー,35.696743,139.760483,지요다구,神保町駅,스위츠,2023,3.78,962,https://tabelog.com/tokyo/A1310/A131003/13125138/,https://www.google.com/maps/search/?api=1&query=%E3%82%B9%E3%82%BF%E3%82%A4%E3%83%AB%E3%82%BA%E3%82%B1%E3%82%A4%E3%82%AF%E3%82%B9%EF%BC%86%E3%82%AB%E3%83%B3%E3%83%91%E3%83%8B%E3%83%BC%20%E7%A5%9E%E4%BF%9D%E7%94%BA%E9%A7%85
ケンズカフェ東京 総本店,35.688722,139.713885,신주쿠구,新宿御苑前駅,스위츠,2023,3.84,1687,https://tabelog.com/tokyo/A1304/A130402/13024643/,https://www.google.com/maps/search/?api=1&query=%E3%82%B1%E3%83%B3%E3%82%BA%E3%82%AB%E3%83%95%E3%82%A7%E6%9D%B1%E4%BA%AC%20%E7%B7%8F%E6%9C%AC%E5%BA%97%20%E6%96%B0%E5%AE%BF%E5%BE%A1%E8%8B%91%E5%89%8D%E9%A7%85
ア コテ パティスリー,35.636004,139.729285,미나토구,白金台駅,스위츠,2023,3.76,619,https://tabelog.com/tokyo/A1316/A131602/13051424/,https://www.google.com/maps/search/?api=1&query=%E3%82%A2%20%E3%82%B3%E3%83%86%20%E3%83%91%E3%83%86%E3%82%A3%E3%82%B9%E3%83%AA%E3%83%BC%20%E7%99%BD%E9%87%91%E5%8F%B0%E9%A7%85
アディクト オ シュクル,35.618549,139.672481,메구로구,都立大学駅,스위츠,2023,3.76,783,https://tabelog.com/tokyo/A1317/A131702/13171753/,https://www.google.com/maps/search/?api=1&query=%E3%82%A2%E3%83%87%E3%82%A3%E3%82%AF%E3%83%88%20%E3%82%AA%20%E3%82%B7%E3%83%A5%E3%82%AF%E3%83%AB%20%E9%83%BD%E7%AB%8B%E5%A4%A7%E5%AD%A6%E9%A7%85
オクシタニアル 東京本店,35.683471,139.784572,주오구,水天宮前駅,스위츠,2023,3.75,1029,https://tabelog.com/tokyo/A1302/A130204/13164246/,https://www.google.com/maps/search/?api=1&query=%E3%82%AA%E3%82%AF%E3%82%B7%E3%82%BF%E3%83%8B%E3%82%A2%E3%83%AB%20%E6%9D%B1%E4%BA%AC%E6%9C%AC%E5%BA%97%20%E6%B0%B4%E5%A4%A9%E5%AE%AE%E5%89%8D%E9%A7%85
パティスリー カーヴァンソン,35.703891,139.741191,신주쿠구,飯田橋駅,스위츠,2023,3.86,810,https://tabelog.com/tokyo/A1309/A130905/13035194/,https://www.google.com/maps/search/?api=1&query=%E3%83%91%E3%83%86%E3%82%A3%E3%82%B9%E3%83%AA%E3%83%BC%20%E3%82%AB%E3%83%BC%E3%83%B4%E3%82%A1%E3%83%B3%E3%82%BD%E3%83%B3%20%E9%A3%AF%E7%94%B0%E6%A9%8B%E9%A7%85
松之助 N.Y. 東京・代官山店,35.648218,139.700287,시부야구,代官山駅,스위츠,2023,3.76,1290,https://tabelog.com/tokyo/A1303/A130303/13005179/,https://www.google.com/maps/search/?api=1&query=%E6%9D%BE%E4%B9%8B%E5%8A%A9%20N.Y.%20%E6%9D%B1%E4%BA%AC%E3%83%BB%E4%BB%A3%E5%AE%98%E5%B1%B1%E5%BA%97%20%E4%BB%A3%E5%AE%98%E5%B1%B1%E9%A7%85
アテスウェイ,35.709044,139.59073,武蔵野구,西荻窪駅,스위츠,2023,3.88,2642,https://tabelog.com/tokyo/A1320/A132001/13005853/,https://www.google.com/maps/search/?api=1&query=%E3%82%A2%E3%83%86%E3%82%B9%E3%82%A6%E3%82%A7%E3%82%A4%20%E8%A5%BF%E8%8D%BB%E7%AA%AA%E9%A7%85
マテリエル,35.748273,139.698776,이타바시구,大山駅,스위츠,2023,3.81,986,https://tabelog.com/tokyo/A1322/A132203/13110008/,https://www.google.com/maps/search/?api=1&query=%E3%83%9E%E3%83%86%E3%83%AA%E3%82%A8%E3%83%AB%20%E5%A4%A7%E5%B1%B1%E9%A7%85
リョウラ,35.628941,139.633119,세타가야구,用賀駅,스위츠,2023,3.86,974,https://tabelog.com/tokyo/A1317/A131707/13188208/,https://www.google.com/maps/search/?api=1&query=%E3%83%AA%E3%83%A7%E3%82%A6%E3%83%A9%20%E7%94%A8%E8%B3%80%E9%A7%85
シュークリー,35.685284,139.78156,주오구,人形町駅,스위츠,2023,3.78,1741,https://tabelog.com/tokyo/A1302/A130204/13050996/,https://www.google.com/maps/search/?api=1&query=%E3%82%B7%E3%83%A5%E3%83%BC%E3%82%AF%E3%83%AA%E3%83%BC%20%E4%BA%BA%E5%BD%A2%E7%94%BA%E9%A7%85
近江屋洋菓子店,35.69648,139.767778,지요다구,淡路町駅,스위츠,2023,3.74,2273,https://tabelog.com/tokyo/A1310/A131002/13000337/,https://www.google.com/maps/search/?api=1&query=%E8%BF%91%E6%B1%9F%E5%B1%8B%E6%B4%8B%E8%8F%93%E5%AD%90%E5%BA%97%20%E6%B7%A1%E8%B7%AF%E7%94%BA%E9%A7%85
ノリエット,35.665651,139.63879,세타가야구,下高井戸駅,스위츠,2023,3.73,566,https://tabelog.com/tokyo/A1318/A131809/13000687/,https://www.google.com/maps/search/?api=1&query=%E3%83%8E%E3%83%AA%E3%82%A8%E3%83%83%E3%83%88%20%E4%B8%8B%E9%AB%98%E4%BA%95%E6%88%B8%E9%A7%85
おかしやうっちー,35.677445,139.708107,시부야구,北参道駅,스위츠,2023,4.16,720,https://tabelog.com/tokyo/A1309/A130901/13238644/,https://www.google.com/maps/search/?api=1&query=%E3%81%8A%E3%81%8B%E3%81%97%E3%82%84%E3%81%86%E3%81%A3%E3%81%A1%E3%83%BC%20%E5%8C%97%E5%8F%82%E9%81%93%E9%A7%85
チリムーロ,35.653672,139.705169,시부야구,渋谷駅,스위츠,2023,3.82,662,https://tabelog.com/tokyo/A1303/A130301/13164533/,https://www.google.com/maps/search/?api=1&query=%E3%83%81%E3%83%AA%E3%83%A0%E3%83%BC%E3%83%AD%20%E6%B8%8B%E8%B0%B7%E9%A7%85
バー キサラ,35.673655,139.737141,미나토구,赤坂駅,바,2022,3.81,253,https://tabelog.com/tokyo/A1308/A130801/13116198/,https://www.google.com/maps/search/?api=1&query=%E3%83%90%E3%83%BC%20%E3%82%AD%E3%82%B5%E3%83%A9%20%E8%B5%A4%E5%9D%82%E9%A7%85
EST!,35.708649,139.770229,분쿄구,湯島駅,바,2022,3.83,377,https://tabelog.com/tokyo/A1311/A131101/13003582/,https://www.google.com/maps/search/?api=1&query=EST!%20%E6%B9%AF%E5%B3%B6%E9%A7%85
BAR オーパ 門前仲町店,35.670283,139.798937,고토구,門前仲町駅,바,2022,3.74,293,https://tabelog.com/tokyo/A1313/A131303/13004091/,https://www.google.com/maps/search/?api=1&query=BAR%20%E3%82%AA%E3%83%BC%E3%83%91%20%E9%96%80%E5%89%8D%E4%BB%B2%E7%94%BA%E5%BA%97%20%E9%96%80%E5%89%8D%E4%BB%B2%E7%94%BA%E9%A7%85
イーグル,35.692855,139.701565,신주쿠구,新宿西口駅,바,2022,3.74,1032,https://tabelog.com/tokyo/A1304/A130401/13000922/,https://www.google.com/maps/search/?api=1&query=%E3%82%A4%E3%83%BC%E3%82%B0%E3%83%AB%20%E6%96%B0%E5%AE%BF%E8%A5%BF%E5%8F%A3%E9%A7%85
サンルーカルバー,35.703604,139.73531,신주쿠구,神楽坂駅,바,2022,4.03,464,https://tabelog.com/tokyo/A1309/A130905/13112228/,https://www.google.com/maps/search/?api=1&query=%E3%82%B5%E3%83%B3%E3%83%AB%E3%83%BC%E3%82%AB%E3%83%AB%E3%83%90%E3%83%BC%20%E7%A5%9E%E6%A5%BD%E5%9D%82%E9%A7%85
ル・パラン,35.691133,139.705835,신주쿠구,新宿三丁目駅,바,2022,3.76,256,https://tabelog.com/tokyo/A1304/A130401/13000988/,https://www.google.com/maps/search/?api=1&query=%E3%83%AB%E3%83%BB%E3%83%91%E3%83%A9%E3%83%B3%20%E6%96%B0%E5%AE%BF%E4%B8%89%E4%B8%81%E7%9B%AE%E9%A7%85
BAR五,35.647828,139.708112,시부야구,恵比寿駅,바,2022,3.69,249,https://tabelog.com/tokyo/A1303/A130302/13093230/,https://www.google.com/maps/search/?api=1&query=BAR%E4%BA%94%20%E6%81%B5%E6%AF%94%E5%AF%BF%E9%A7%85
オードヴィー,35.69104,139.691017,신주쿠구,都庁前駅,바,2022,3.68,163,https://tabelog.com/tokyo/A1304/A130401/13012013/,https://www.google.com/maps/search/?api=1&query=%E3%82%AA%E3%83%BC%E3%83%89%E3%83%B4%E3%82%A3%E3%83%BC%20%E9%83%BD%E5%BA%81%E5%89%8D%E9%A7%85
数寄屋橋サンボア,35.670572,139.760625,주오구,銀座駅,바,2022,3.75,270,https://tabelog.com/tokyo/A1301/A130101/13120361/,https://www.google.com/maps/search/?api=1&query=%E6%95%B0%E5%AF%84%E5%B1%8B%E6%A9%8B%E3%82%B5%E3%83%B3%E3%83%9C%E3%82%A2%20%E9%8A%80%E5%BA%A7%E9%A7%85
バー オーディン,35.647927,139.709918,시부야구,恵比寿駅,바,2022,3.71,463,https://tabelog.com/tokyo/A1303/A130302/13077494/,https://www.google.com/maps/search/?api=1&query=%E3%83%90%E3%83%BC%20%E3%82%AA%E3%83%BC%E3%83%87%E3%82%A3%E3%83%B3%20%E6%81%B5%E6%AF%94%E5%AF%BF%E9%A7%85
BAR 保志,35.671357,139.761124,주오구,銀座駅,바,2022,3.8,513,https://tabelog.com/tokyo/A1301/A130101/13007819/,https://www.google.com/maps/search/?api=1&query=BAR%20%E4%BF%9D%E5%BF%97%20%E9%8A%80%E5%BA%A7%E9%A7%85
MORI BAR,35.670087,139.761703,주오구,銀座駅,바,2022,3.69,192,https://tabelog.com/tokyo/A1301/A130101/13283340/,https://www.google.com/maps/search/?api=1&query=MORI%20BAR%20%E9%8A%80%E5%BA%A7%E9%A7%85
BAR オーパ 銀座,35.674781,139.766628,주오구,銀座一丁目駅,바,2022,3.79,338,https://tabelog.com/tokyo/A1301/A130101/13002248/,https://www.google.com/maps/search/?api=1&query=BAR%20%E3%82%AA%E3%83%BC%E3%83%91%20%E9%8A%80%E5%BA%A7%20%E9%8A%80%E5%BA%A7%E4%B8%80%E4%B8%81%E7%9B%AE%E9%A7%85
オールドインペリアル バー,35.672371,139.75877,지요다구,日比谷駅,바,2022,3.8,477,https://tabelog.com/tokyo/A1301/A130102/13002169/,https://www.google.com/maps/search/?api=1&query=%E3%82%AA%E3%83%BC%E3%83%AB%E3%83%89%E3%82%A4%E3%83%B3%E3%83%9A%E3%83%AA%E3%82%A2%E3%83%AB%20%E3%83%90%E3%83%BC%20%E6%97%A5%E6%AF%94%E8%B0%B7%E9%A7%85
Bar P.M.9,35.666542,139.756415,미나토구,新橋駅,바,2022,3.77,226,https://tabelog.com/tokyo/A1301/A130103/13122052/,https://www.google.com/maps/search/?api=1&query=Bar%20P.M.9%20%E6%96%B0%E6%A9%8B%E9%A7%85
バー・ラ・ユロット,35.655943,139.730783,미나토구,麻布十番駅,바,2022,3.69,165,https://tabelog.com/tokyo/A1307/A130702/13030834/,https://www.google.com/maps/search/?api=1&query=%E3%83%90%E3%83%BC%E3%83%BB%E3%83%A9%E3%83%BB%E3%83%A6%E3%83%AD%E3%83%83%E3%83%88%20%E9%BA%BB%E5%B8%83%E5%8D%81%E7%95%AA%E9%A7%85
Bar 内藤,35.686369,139.783148,주오구,人形町駅,바,2022,3.74,238,https://tabelog.com/tokyo/A1302/A130204/13165260/,https://www.google.com/maps/search/?api=1&query=Bar%20%E5%86%85%E8%97%A4%20%E4%BA%BA%E5%BD%A2%E7%94%BA%E9%A7%85
リトル スミス,35.670983,139.761095,주오구,銀座駅,바,2022,3.74,358,https://tabelog.com/tokyo/A1301/A130101/13004998/,https://www.google.com/maps/search/?api=1&query=%E3%83%AA%E3%83%88%E3%83%AB%20%E3%82%B9%E3%83%9F%E3%82%B9%20%E9%8A%80%E5%BA%A7%E9%A7%85
Bar Tiare,35.676125,139.735699,미나토구,赤坂見附駅,바,2022,3.77,391,https://tabelog.com/tokyo/A1308/A130801/13100967/,https://www.google.com/maps/search/?api=1&query=Bar%20Tiare%20%E8%B5%A4%E5%9D%82%E8%A6%8B%E9%99%84%E9%A7%85
石の華,35.657989,139.705003,시부야구,渋谷駅,바,2022,3.73,392,https://tabelog.com/tokyo/A1303/A130301/13004802/,https://www.google.com/maps/search/?api=1&query=%E7%9F%B3%E3%81%AE%E8%8F%AF%20%E6%B8%8B%E8%B0%B7%E9%A7%85
カルーソー,35.690872,139.706768,신주쿠구,新宿三丁目駅,바,2022,3.71,187,https://tabelog.com/tokyo/A1304/A130401/13111408/,https://www.google.com/maps/search/?api=1&query=%E3%82%AB%E3%83%AB%E3%83%BC%E3%82%BD%E3%83%BC%20%E6%96%B0%E5%AE%BF%E4%B8%89%E4%B8%81%E7%9B%AE%E9%A7%85
スタア・バー・ギンザ,35.674763,139.766914,주오구,銀座一丁目駅,바,2022,3.78,420,https://tabelog.com/tokyo/A1301/A130101/13002270/,https://www.google.com/maps/search/?api=1&query=%E3%82%B9%E3%82%BF%E3%82%A2%E3%83%BB%E3%83%90%E3%83%BC%E3%83%BB%E3%82%AE%E3%83%B3%E3%82%B6%20%E9%8A%80%E5%BA%A7%E4%B8%80%E4%B8%81%E7%9B%AE%E9%A7%85
Oak,35.680776,139.765757,지요다구,東京駅,바,2022,3.73,230,https://tabelog.com/tokyo/A1302/A130201/13147497/,https://www.google.com/maps/search/?api=1&query=Oak%20%E6%9D%B1%E4%BA%AC%E9%A7%85
歯車,35.700192,139.739827,신주쿠구,飯田橋駅,바,2022,3.76,370,https://tabelog.com/tokyo/A1309/A130905/13045080/,https://www.google.com/maps/search/?api=1&query=%E6%AD%AF%E8%BB%8A%20%E9%A3%AF%E7%94%B0%E6%A9%8B%E9%A7%85
ベンフィディック,35.689491,139.69662,신주쿠구,新宿駅,바,2022,3.67,189,https://tabelog.com/tokyo/A1304/A130401/13159249/,https://www.google.com/maps/search/?api=1&query=%E3%83%99%E3%83%B3%E3%83%95%E3%82%A3%E3%83%87%E3%82%A3%E3%83%83%E3%82%AF%20%E6%96%B0%E5%AE%BF%E9%A7%85
BAR 酒仙堂,35.669477,139.764959,주오구,東銀座駅,바,2022,3.75,143,https://tabelog.com/tokyo/A1301/A130101/13014392/,https://www.google.com/maps/search/?api=1&query=BAR%20%E9%85%92%E4%BB%99%E5%A0%82%20%E6%9D%B1%E9%8A%80%E5%BA%A7%E9%A7%85
Radio,35.665886,139.714642,미나토구,表参道駅,바,2022,3.85,323,https://tabelog.com/tokyo/A1306/A130602/13001207/,https://www.google.com/maps/search/?api=1&query=Radio%20%E8%A1%A8%E5%8F%82%E9%81%93%E9%A7%85
浅草サンボア,35.711901,139.794474,다이토구,浅草（つくばＥＸＰ）駅,바,2022,3.77,393,https://tabelog.com/tokyo/A1311/A131102/13123270/,https://www.google.com/maps/search/?api=1&query=%E6%B5%85%E8%8D%89%E3%82%B5%E3%83%B3%E3%83%9C%E3%82%A2%20%E6%B5%85%E8%8D%89%EF%BC%88%E3%81%A4%E3%81%8F%E3%81%B0%EF%BC%A5%EF%BC%B8%EF%BC%B0%EF%BC%89%E9%A7%85
フォーシーズンズ,35.672269,139.764345,주오구,銀座駅,바,2022,3.78,251,https://tabelog.com/tokyo/A1301/A130101/13037276/,https://www.google.com/maps/search/?api=1&query=%E3%83%95%E3%82%A9%E3%83%BC%E3%82%B7%E3%83%BC%E3%82%BA%E3%83%B3%E3%82%BA%20%E9%8A%80%E5%BA%A7%E9%A7%85
ロイヤル バー,35.684558,139.761465,지요다구,大手町駅,바,2022,3.75,222,https://tabelog.com/tokyo/A1302/A130201/13141138/,https://www.google.com/maps/search/?api=1&query=%E3%83%AD%E3%82%A4%E3%83%A4%E3%83%AB%20%E3%83%90%E3%83%BC%20%E5%A4%A7%E6%89%8B%E7%94%BA%E9%A7%85
BAR Too,35.724835,139.714979,도시마구,都電雑司ケ谷駅,바,2022,3.72,247,https://tabelog.com/tokyo/A1305/A130501/13015798/,https://www.google.com/maps/search/?api=1&query=BAR%20Too%20%E9%83%BD%E9%9B%BB%E9%9B%91%E5%8F%B8%E3%82%B1%E8%B0%B7%E9%A7%85
スクリュードライバー,35.705116,139.581898,武蔵野구,吉祥寺駅,바,2022,3.7,232,https://tabelog.com/tokyo/A1320/A132001/13015885/,https://www.google.com/maps/search/?api=1&query=%E3%82%B9%E3%82%AF%E3%83%AA%E3%83%A5%E3%83%BC%E3%83%89%E3%83%A9%E3%82%A4%E3%83%90%E3%83%BC%20%E5%90%89%E7%A5%A5%E5%AF%BA%E9%A7%85
サンボア 銀座店,35.671677,139.763033,주오구,銀座駅,바,2022,3.79,494,https://tabelog.com/tokyo/A1301/A130101/13005012/,https://www.google.com/maps/search/?api=1&query=%E3%82%B5%E3%83%B3%E3%83%9C%E3%82%A2%20%E9%8A%80%E5%BA%A7%E5%BA%97%20%E9%8A%80%E5%BA%A7%E9%A7%85
バー・カプリ,35.6808,139.734317,지요다구,麹町駅,바,2022,3.72,200,https://tabelog.com/tokyo/A1308/A130803/13019043/,https://www.google.com/maps/search/?api=1&query=%E3%83%90%E3%83%BC%E3%83%BB%E3%82%AB%E3%83%97%E3%83%AA%20%E9%BA%B9%E7%94%BA%E9%A7%85
BAR 鶴亀,35.683502,139.783325,주오구,水天宮前駅,바,2022,3.68,233,https://tabelog.com/tokyo/A1302/A130204/13118284/,https://www.google.com/maps/search/?api=1&query=BAR%20%E9%B6%B4%E4%BA%80%20%E6%B0%B4%E5%A4%A9%E5%AE%AE%E5%89%8D%E9%A7%85